0.641908 0.187296 0.104049
0.246348 0.488281 0.548253
0.213895 0.840461 0.381489
0.572447 0.324951 0.239311
0.149050 0.283960 0.605602
0.701856 0.340824 0.662431
0.884521 0.764217 0.778217
0.807053 0.385420 0.372772
0.122982 0.976369 0.648392
0.530106 0.588842 0.165215
0.073463 0.705729 0.689425
0.595650 0.216213 0.305056
0.544343 0.283589 0.641404
0.601548 0.009042 0.850781
0.429711 0.946290 0.316036
0.278217 0.245046 0.422508
0.259193 0.109634 0.223098
0.319219 0.551247 0.790743
0.699070 0.850805 0.905538
0.479754 0.350492 0.456389
0.164045 0.565828 0.719125
0.175326 0.742240 0.723671
0.675098 0.361331 0.020402
0.901131 0.710031 0.043647
0.510564 0.951358 0.342792
0.212399 0.156966 0.596960
0.220570 0.009223 0.077186
0.633591 0.108225 0.206731
0.809222 0.222404 0.527101
0.914488 0.765914 0.237009
0.272175 0.850913 0.144272
0.567677 0.500194 0.226822
0.276826 0.225878 0.774533
0.237094 0.198963 0.899689
0.487471 0.352522 0.061449
0.416422 0.248702 0.701323
0.534047 0.949510 0.846731
0.598417 0.470905 0.966104
0.653035 0.043120 0.306491
0.925816 0.129050 0.614404
0.207364 0.271990 0.286607
0.518089 0.416258 0.278542
0.678019 0.634603 0.444774
0.912367 0.781292 0.431714
0.790854 0.812758 0.466213
0.006964 0.606278 0.732071
0.390224 0.021864 0.222793
0.702837 0.046356 0.760125
0.665746 0.386878 0.083797
0.180829 0.473879 0.106274
0.728356 0.154677 0.217597
0.400701 0.142708 0.907894
0.647065 0.014565 0.595413
0.582239 0.768320 0.202147
0.575086 0.234098 0.346164
0.064131 0.359250 0.600097
0.477634 0.934811 0.789523
0.827950 0.826429 0.359285
0.901800 0.655964 0.237866
0.965414 0.690585 0.934759
0.964773 0.316515 0.183661
0.614311 0.295702 0.168213
0.770631 0.429559 0.308443
0.316409 0.200720 0.523424
0.467637 0.258201 0.020989
0.391488 0.927469 0.520974
0.311363 0.889019 0.438666
0.530312 0.892429 0.149930
0.055143 0.530971 0.060725
0.960670 0.251717 0.302625
0.975282 0.691616 0.292364
0.757072 0.114625 0.952785
0.642277 0.580082 0.571587
0.075734 0.849167 0.130382
0.007811 0.489614 0.812104
0.399685 0.394962 0.861827
0.111277 0.580023 0.827360
0.065395 0.932156 0.680501
0.472302 0.060085 0.532324
0.046990 0.434349 0.707087
0.205354 0.863379 0.619903
0.570800 0.795022 0.393412
0.137420 0.527705 0.273562
0.750969 0.344921 0.421358
0.994895 0.281276 0.191332
0.796669 0.742650 0.912303
0.142502 0.791803 0.399477
0.005225 0.152401 0.457465
0.862377 0.534340 0.345222
0.986698 0.708850 0.223223
0.616170 0.819727 0.153412
0.613740 0.185798 0.651995
0.218383 0.161562 0.359343
0.852243 0.063698 0.297073
0.192126 0.167546 0.709135
0.294537 0.840652 0.312647
0.415113 0.066404 0.801159
0.774072 0.341182 0.475435
0.537053 0.324989 0.731618
0.885903 0.453541 0.219177
0.641908 0.187296 0.104049
0.246348 0.488281 0.548253
0.213895 0.840461 0.381489
0.572447 0.324951 0.239311
0.149050 0.283960 0.605602
0.701856 0.340824 0.662431
0.884521 0.764217 0.778217
0.807053 0.385420 0.372772
0.122982 0.976369 0.648392
0.530106 0.588842 0.165215
0.073463 0.705729 0.689425
0.595650 0.216213 0.305056
0.544343 0.283589 0.641404
0.601548 0.009042 0.850781
0.429711 0.946290 0.316036
0.278217 0.245046 0.422508
0.259193 0.109634 0.223098
0.319219 0.551247 0.790743
0.699070 0.850805 0.905538
0.479754 0.350492 0.456389
0.164045 0.565828 0.719125
0.175326 0.742240 0.723671
0.675098 0.361331 0.020402
0.901131 0.710031 0.043647
0.510564 0.951358 0.342792
0.212399 0.156966 0.596960
0.220570 0.009223 0.077186
0.633591 0.108225 0.206731
0.809222 0.222404 0.527101
0.914488 0.765914 0.237009
0.272175 0.850913 0.144272
0.567677 0.500194 0.226822
0.276826 0.225878 0.774533
0.237094 0.198963 0.899689
0.487471 0.352522 0.061449
0.416422 0.248702 0.701323
0.534047 0.949510 0.846731
0.598417 0.470905 0.966104
0.653035 0.043120 0.306491
0.925816 0.129050 0.614404
0.207364 0.271990 0.286607
0.518089 0.416258 0.278542
0.678019 0.634603 0.444774
0.912367 0.781292 0.431714
0.790854 0.812758 0.466213
0.006964 0.606278 0.732071
0.390224 0.021864 0.222793
0.702837 0.046356 0.760125
0.665746 0.386878 0.083797
0.180829 0.473879 0.106274
0.728356 0.154677 0.217597
0.400701 0.142708 0.907894
0.647065 0.014565 0.595413
0.582239 0.768320 0.202147
0.575086 0.234098 0.346164
0.064131 0.359250 0.600097
0.477634 0.934811 0.789523
0.827950 0.826429 0.359285
0.901800 0.655964 0.237866
0.965414 0.690585 0.934759
0.964773 0.316515 0.183661
0.614311 0.295702 0.168213
0.770631 0.429559 0.308443
0.316409 0.200720 0.523424
0.467637 0.258201 0.020989
0.391488 0.927469 0.520974
0.311363 0.889019 0.438666
0.530312 0.892429 0.149930
0.055143 0.530971 0.060725
0.960670 0.251717 0.302625
0.975282 0.691616 0.292364
0.757072 0.114625 0.952785
0.642277 0.580082 0.571587
0.075734 0.849167 0.130382
0.007811 0.489614 0.812104
0.399685 0.394962 0.861827
0.111277 0.580023 0.827360
0.065395 0.932156 0.680501
0.472302 0.060085 0.532324
0.046990 0.434349 0.707087
0.205354 0.863379 0.619903
0.570800 0.795022 0.393412
0.137420 0.527705 0.273562
0.750969 0.344921 0.421358
0.994895 0.281276 0.191332
0.796669 0.742650 0.912303
0.142502 0.791803 0.399477
0.005225 0.152401 0.457465
0.862377 0.534340 0.345222
0.986698 0.708850 0.223223
0.616170 0.819727 0.153412
0.613740 0.185798 0.651995
0.218383 0.161562 0.359343
0.852243 0.063698 0.297073
0.192126 0.167546 0.709135
0.294537 0.840652 0.312647
0.415113 0.066404 0.801159
0.774072 0.341182 0.475435
0.537053 0.324989 0.731618
0.885903 0.453541 0.219177
0.726630 0.780886 0.629548
0.969958 0.621820 0.211409
0.450120 0.560030 0.030684
0.575481 0.279466 0.755778
0.932196 0.439166 0.377095
0.330353 0.410283 0.033998
0.912478 0.268947 0.996398
0.276835 0.770719 0.815040
0.713617 0.806666 0.179472
0.752670 0.975160 0.425173
0.915102 0.655031 0.813989
0.535374 0.284179 0.061452
0.410348 0.081205 0.367075
0.899381 0.259582 0.545923
0.940146 0.860692 0.038371
0.535922 0.620925 0.344150
0.792870 0.034313 0.241281
0.235058 0.819076 0.052795
0.289182 0.620053 0.963453
0.665057 0.962444 0.285129
0.613427 0.407957 0.918209
0.772211 0.796468 0.799551
0.150584 0.157203 0.201830
0.726630 0.780886 0.629548
0.969958 0.621820 0.211409
0.450120 0.560030 0.030684
0.575481 0.279466 0.755778
0.932196 0.439166 0.377095
0.330353 0.410283 0.033998
0.912478 0.268947 0.996398
0.276835 0.770719 0.815040
0.713617 0.806666 0.179472
0.752670 0.975160 0.425173
0.915102 0.655031 0.813989
0.535374 0.284179 0.061452
0.410348 0.081205 0.367075
0.899381 0.259582 0.545923
0.940146 0.860692 0.038371
0.535922 0.620925 0.344150
0.792870 0.034313 0.241281
0.235058 0.819076 0.052795
0.289182 0.620053 0.963453
0.665057 0.962444 0.285129
0.613427 0.407957 0.918209
0.772211 0.796468 0.799551
0.150584 0.157203 0.201830
0.981496 0.677312 0.011580
0.171971 0.176571 0.905210
0.861288 0.468586 0.066420
0.952530 0.142011 0.397836
0.230074 0.758815 0.451937
0.190092 0.865936 0.696460
0.393781 0.406546 0.468566
0.410643 0.007242 0.742863
0.231469 0.150438 0.401045
0.908696 0.999080 0.829093
0.548488 0.655430 0.332036
0.697092 0.238976 0.473635
0.113026 0.135009 0.862918
0.486933 0.879952 0.332845
0.345483 0.769404 0.448937
0.357982 0.235082 0.813418
0.286188 0.633606 0.660869
0.855453 0.309543 0.062286
0.560721 0.803526 0.642336
0.293536 0.026312 0.810928
0.074098 0.558570 0.259933
0.205999 0.657744 0.080182
0.050950 0.558946 0.210554
0.128606 0.805785 0.027855
0.792534 0.375437 0.234463
0.110251 0.120334 0.526520
0.661436 0.149536 0.275159
0.473321 0.802946 0.754428
0.140562 0.711846 0.909398
0.313094 0.669608 0.780591
0.934728 0.830150 0.189240
0.886308 0.100509 0.191196
0.711173 0.879733 0.423554
0.505899 0.407343 0.535831
0.304854 0.629812 0.323629
0.626577 0.476678 0.904708
0.626046 0.665575 0.237339
0.789769 0.164337 0.727027
0.549130 0.704198 0.981690
0.007544 0.396152 0.130894
0.573083 0.335862 0.176143
0.210571 0.945842 0.896819
0.256490 0.310883 0.033574
0.507738 0.840729 0.762164
0.709094 0.820204 0.517776
0.600006 0.355692 0.070640
0.792394 0.728104 0.089923
0.405284 0.819149 0.898833
0.330804 0.046044 0.148376
0.866666 0.296035 0.355149
0.287166 0.068908 0.334292
0.221624 0.738837 0.588223
0.546201 0.144960 0.405044
0.455082 0.003592 0.091373
0.210618 0.093984 0.423507
0.695020 0.646775 0.099125
0.780193 0.946740 0.802474
0.462387 0.302857 0.880301
0.092209 0.702899 0.945827
0.922669 0.310781 0.318687
0.044639 0.957987 0.655260
0.154631 0.431440 0.672724
0.065309 0.693588 0.686793
0.816195 0.583729 0.598895
0.831648 0.869066 0.165181
0.986614 0.984779 0.434992
0.380254 0.383799 0.137662
0.287728 0.814455 0.898057
0.284624 0.271719 0.505158
0.516821 0.112420 0.638986
0.741884 0.838317 0.127303
0.628694 0.852338 0.457314
0.302142 0.628993 0.128653
0.919270 0.007602 0.256258
0.827981 0.146817 0.908966
0.632176 0.391191 0.776251
0.892495 0.972964 0.760441
0.924121 0.129260 0.004586
0.209520 0.561776 0.556033
0.713619 0.932241 0.274711
0.772957 0.506643 0.619267
0.392941 0.853403 0.542311
0.093297 0.281216 0.959199
0.497624 0.031032 0.456784
0.069774 0.568254 0.821661
0.964039 0.554525 0.607017
0.944361 0.853027 0.363810
0.435709 0.807381 0.518514
0.292482 0.279454 0.571785
0.964428 0.438641 0.062831
0.534095 0.486676 0.342265
0.438790 0.434431 0.191770
0.549000 0.339054 0.225858
0.620021 0.057467 0.179692
0.464079 0.256797 0.467701
0.506503 0.697268 0.453336
0.164867 0.973059 0.450280
0.622113 0.994358 0.634476
0.630999 0.593904 0.656611
0.445012 0.780517 0.113676
0.375428 0.096432 0.542259
0.701266 0.515941 0.132576
0.168524 0.582743 0.427430
0.562415 0.786551 0.470421
0.543488 0.199848 0.845786
0.026411 0.962867 0.409904
0.337162 0.836596 0.112120
0.749419 0.133369 0.616083
0.439484 0.454438 0.807662
0.083433 0.057271 0.686017
0.318678 0.488282 0.031870
0.436856 0.826626 0.611631
0.151048 0.214836 0.614402
0.973572 0.431236 0.444039
0.967038 0.982023 0.215581
0.913831 0.817156 0.964532
0.034129 0.613338 0.907609
0.395666 0.114612 0.598949
0.286488 0.456651 0.468637
0.673213 0.953361 0.053308
0.361364 0.150558 0.197569
0.585522 0.622943 0.255877
0.722507 0.176675 0.317180
0.286299 0.103918 0.339844
0.012973 0.538300 0.927955
0.343407 0.688402 0.057153
0.956712 0.898155 0.839235
0.491652 0.757344 0.224549
0.718889 0.524013 0.569602
0.216437 0.304492 0.553156
0.372279 0.746442 0.891805
0.576849 0.346601 0.957963
0.550574 0.357827 0.844071
0.061079 0.375715 0.643626
0.529610 0.246625 0.395523
0.192729 0.723710 0.706627
0.438896 0.946799 0.822461
0.103881 0.593806 0.162134
0.578244 0.001871 0.263649
0.637068 0.757096 0.421126
0.688689 0.215957 0.203461
0.281595 0.353945 0.224879
0.417829 0.164590 0.057278
0.111961 0.448204 0.807505
0.698842 0.255144 0.777546
0.980211 0.028739 0.684487
0.380337 0.715415 0.889240
0.154338 0.910746 0.368459
0.327807 0.513311 0.189339
0.568576 0.128605 0.052014
0.460087 0.350418 0.989325
0.870928 0.086771 0.264950
0.634925 0.898697 0.863289
0.402042 0.219639 0.400811
0.869428 0.710967 0.067571
0.145194 0.933769 0.045412
0.176357 0.079995 0.198652
0.939246 0.831376 0.341987
0.262401 0.129152 0.748719
0.954011 0.122227 0.876903
0.810274 0.352701 0.956628
0.853390 0.757572 0.573774
0.059250 0.562470 0.736315
0.947307 0.110185 0.437292
0.689306 0.139245 0.568291
0.295136 0.345569 0.153112
0.561195 0.001872 0.579886
0.396503 0.589598 0.849617
0.879058 0.626289 0.516084
0.705472 0.257464 0.430823
0.911933 0.941313 0.201246
0.004547 0.733639 0.781896
0.903225 0.051335 0.573622
0.027283 0.624923 0.350705
0.539459 0.559126 0.746182
0.699801 0.701023 0.268261
0.348079 0.884666 0.948292
0.650898 0.158994 0.344713
0.551036 0.646824 0.199237
0.093196 0.425744 0.842517
0.510975 0.702947 0.831488
0.494435 0.934295 0.680002
0.506169 0.740906 0.004875
0.629024 0.340458 0.678565
0.331918 0.103300 0.853195
0.690218 0.401387 0.908408
0.943090 0.416760 0.455178
0.662930 0.893333 0.556443
0.932556 0.514580 0.902290
0.359087 0.516246 0.867679
0.886072 0.370351 0.301448
0.728273 0.257763 0.928236
0.387999 0.643185 0.901109
0.793081 0.164794 0.775814
0.604609 0.287386 0.844919
0.668274 0.933202 0.589260
0.803091 0.208558 0.023715
0.269241 0.154869 0.835388
0.316696 0.797598 0.753493
0.446737 0.886897 0.292596
0.181529 0.778986 0.005547
0.479933 0.081488 0.593351
0.110915 0.920254 0.366841
0.520098 0.220071 0.661691
0.294276 0.774959 0.277894
0.116364 0.742276 0.749375
0.622648 0.440298 0.837189
0.830735 0.560180 0.241090
0.959836 0.309649 0.993440
0.925807 0.798662 0.282318
0.816300 0.115627 0.619564
0.959825 0.632119 0.034287
0.629598 0.403478 0.254931
0.198994 0.246562 0.113114
0.917647 0.088253 0.216022
0.423846 0.156037 0.685672
0.074510 0.955750 0.234490
0.326206 0.350378 0.402351
0.870232 0.467115 0.185699
0.088435 0.583733 0.850085
0.235479 0.111234 0.198519
0.577489 0.384536 0.675557
0.239861 0.355258 0.743788
0.783763 0.254103 0.183168
0.417202 0.872872 0.564307
0.744043 0.936900 0.191105
0.067969 0.319614 0.747188
0.467780 0.978380 0.029530
0.255293 0.827212 0.790738
0.056640 0.266252 0.401399
0.854226 0.694924 0.212249
0.080342 0.282951 0.842988
0.003669 0.787657 0.214465
0.433283 0.313091 0.351994
0.261322 0.564195 0.245386
0.189276 0.961335 0.839384
0.757831 0.533688 0.788215
0.333411 0.121242 0.115993
0.921050 0.452856 0.691010
0.767254 0.310148 0.780039
0.558345 0.824498 0.037775
0.056716 0.798155 0.994718
0.216065 0.252746 0.992974
0.232882 0.687478 0.829226
0.100231 0.811669 0.186703
0.768575 0.600264 0.044625
0.376889 0.590582 0.542952
0.287419 0.597088 0.909110
0.272919 0.331634 0.554486
0.733005 0.328354 0.246325
0.278685 0.955718 0.655377
0.640811 0.242577 0.828511
0.073550 0.513498 0.472263
0.087389 0.992196 0.424271
0.446540 0.581081 0.039285
0.936277 0.391123 0.174610
0.587583 0.634998 0.096652
0.130148 0.229090 0.593821
0.426807 0.499681 0.555217
0.265564 0.254396 0.374643
0.076985 0.966788 0.338468
0.596123 0.536340 0.938594
0.471240 0.999897 0.274361
0.376845 0.298927 0.244868
0.643171 0.772737 0.558920
0.002832 0.647692 0.685949
0.361324 0.596259 0.461563
0.127684 0.350434 0.096091
0.220340 0.103586 0.098650
0.097925 0.155745 0.189250
0.207998 0.617296 0.342583
0.385221 0.674198 0.522339
0.941025 0.255583 0.736920
0.097985 0.678725 0.636908
0.730200 0.310756 0.202230
0.069948 0.470183 0.229512
0.210051 0.010776 0.437977
0.811681 0.202905 0.470502
0.406019 0.401521 0.048802
0.434065 0.933354 0.883948
0.170124 0.690893 0.675941
0.811421 0.214180 0.783232
0.170157 0.730572 0.992537
0.240913 0.813175 0.783113
0.086425 0.997384 0.243502
0.211089 0.842002 0.870907
0.730859 0.364741 0.626324
0.758494 0.009149 0.155132
0.878570 0.563100 0.716193
0.134078 0.971363 0.327616
0.608290 0.449875 0.141473
0.804146 0.467279 0.953974
0.123247 0.484296 0.878454
0.176741 0.876798 0.674069
0.472778 0.080651 0.101618
0.485222 0.414840 0.320656
0.802037 0.163805 0.879466
0.194528 0.595299 0.326027
0.025587 0.763783 0.647058
0.456956 0.061550 0.899812
0.111548 0.957663 0.097996
0.686489 0.624158 0.559089
0.861273 0.533469 0.535667
0.037216 0.994404 0.467348
0.752172 0.138622 0.633030
0.384337 0.135601 0.590847
0.941325 0.089459 0.450987
0.480646 0.842988 0.931669
0.486345 0.084338 0.916953
0.484579 0.637743 0.699937
0.486336 0.654087 0.128241
0.024492 0.376128 0.047207
0.771531 0.924003 0.416334
0.609727 0.806425 0.053966
0.753853 0.320758 0.018461
0.220187 0.710792 0.226478
0.670140 0.187042 0.153518
0.628055 0.296409 0.164079
0.335640 0.203913 0.571346
0.451893 0.815568 0.715586
0.523800 0.201124 0.686034
0.167747 0.254784 0.618954
0.354863 0.485155 0.479061
0.664270 0.486993 0.271659
0.297036 0.406591 0.218258
0.473395 0.244584 0.603736
0.075814 0.811476 0.164982
0.863612 0.154384 0.408428
0.582580 0.194112 0.264271
0.554652 0.563065 0.340306
0.432774 0.541322 0.803771
0.238912 0.683762 0.156966
0.332198 0.151998 0.259444
0.003355 0.904677 0.735693
0.501939 0.662045 0.594098
0.394207 0.027714 0.491403
0.254978 0.457269 0.997261
0.699482 0.739460 0.944473
0.635682 0.994734 0.575874
0.139074 0.348507 0.372248
0.516669 0.976049 0.828089
0.515412 0.944144 0.842133
0.958968 0.999927 0.725283
0.729215 0.810096 0.033303
0.458905 0.542459 0.439518
0.647578 0.584795 0.376363
0.380437 0.861495 0.827769
0.568946 0.735109 0.978927
0.205352 0.608788 0.256633
0.970668 0.842508 0.043281
0.079388 0.748040 0.804414
0.206410 0.865948 0.162115
0.541829 0.979475 0.551407
0.222959 0.212724 0.606803
0.459581 0.685242 0.524729
0.713650 0.875471 0.084289
0.635132 0.618737 0.826262
0.352712 0.139800 0.344473
0.339225 0.242004 0.813052
0.423576 0.048705 0.777041
0.623267 0.281334 0.449478
0.103503 0.084477 0.042663
0.330264 0.439701 0.123244
0.551360 0.822019 0.982467
0.076739 0.777786 0.596605
0.309925 0.915531 0.467069
0.941111 0.188360 0.418030
0.142576 0.147521 0.805987
0.632005 0.486981 0.371069
0.568219 0.154613 0.258057
0.037890 0.238991 0.021871
0.146550 0.559754 0.817043
0.886993 0.067549 0.483933
0.086846 0.033009 0.405632
0.962368 0.756249 0.145751
0.775202 0.741858 0.987007
0.553623 0.859094 0.453119
0.879747 0.802486 0.673567
0.894420 0.309788 0.975009
0.496819 0.459183 0.152544
0.029745 0.783779 0.853822
0.537837 0.815754 0.348408
0.110282 0.264982 0.313634
0.147932 0.832499 0.240231
0.608709 0.317112 0.158438
0.550544 0.989517 0.666748
0.794836 0.488013 0.423056
0.947506 0.800822 0.504181
0.872417 0.685623 0.254067
0.718014 0.198812 0.465677
0.383317 0.050621 0.709502
0.530958 0.654259 0.547425
0.811704 0.739957 0.704203
0.123409 0.259370 0.622073
0.266279 0.258133 0.156050
0.080143 0.756469 0.937715
0.713076 0.722619 0.336407
0.032418 0.620938 0.264864
0.437372 0.158195 0.921788
0.870584 0.413474 0.304665
0.896653 0.531105 0.216822
0.948023 0.845823 0.426854
0.262220 0.733053 0.942906
0.177503 0.326423 0.486841
0.618146 0.085039 0.310753
0.803504 0.842859 0.198975
0.685894 0.598780 0.640643
0.911182 0.460541 0.013333
0.170066 0.765430 0.915001
0.208037 0.098691 0.194548
0.871497 0.639451 0.892149
0.979311 0.574821 0.439198
0.337359 0.595656 0.269322
0.303882 0.956709 0.465594
0.466300 0.188170 0.782343
0.107002 0.887102 0.981480
0.848167 0.314267 0.925548
0.610721 0.690304 0.203107
0.377881 0.873815 0.501610
0.605879 0.703013 0.879229
0.314260 0.916613 0.082179
0.912155 0.564682 0.551144
0.075018 0.288184 0.182485
0.681550 0.863423 0.615729
0.610067 0.094798 0.214608
0.820573 0.403384 0.481327
0.744571 0.572023 0.478585
0.222808 0.426442 0.136778
0.455153 0.580539 0.776560
0.257431 0.519688 0.542696
0.591974 0.806276 0.094109
0.861254 0.813667 0.732683
0.985128 0.869673 0.569541
0.228542 0.199953 0.738974
0.268229 0.971314 0.690388
0.458894 0.458887 0.536622
0.760381 0.359545 0.730052
0.678213 0.146311 0.627793
0.761454 0.882976 0.429267
0.250819 0.613427 0.621888
0.463405 0.578843 0.656404
0.456316 0.323871 0.369084
0.388432 0.391222 0.060271
0.974948 0.391173 0.349894
0.549243 0.726820 0.612298
0.115132 0.318790 0.584264
0.748891 0.661073 0.984570
0.697621 0.386680 0.949395
0.947054 0.469451 0.555425
0.109138 0.057661 0.908082
0.931497 0.372548 0.290302
0.573168 0.706371 0.708262
0.178473 0.541719 0.042216
0.729850 0.342565 0.462806
0.107747 0.561275 0.956146
0.857011 0.065900 0.350098
0.559520 0.057049 0.575135
0.640566 0.222357 0.849672
0.730377 0.465410 0.064901
0.163704 0.650250 0.496260
0.399426 0.128516 0.200261
0.103561 0.215613 0.631775
0.747248 0.458273 0.925295
0.094078 0.697964 0.969275
0.748296 0.859112 0.701461
0.444545 0.639303 0.924121
0.736171 0.691485 0.858569
0.415001 0.774368 0.297841
0.010384 0.647414 0.509166
0.451698 0.720912 0.145092
0.197355 0.078885 0.051931
0.838377 0.841305 0.291101
0.728306 0.222950 0.970893
0.620803 0.432687 0.766447
0.802519 0.979895 0.255740
0.852432 0.328933 0.237895
0.813269 0.189564 0.872240
0.799838 0.755056 0.448008
0.049636 0.125115 0.254120
0.955715 0.528033 0.895503
0.101017 0.305210 0.030684
0.877945 0.285023 0.481014
0.283226 0.951678 0.870787
0.332125 0.387467 0.614703
0.985698 0.870624 0.915975
0.224766 0.599183 0.970011
0.874016 0.542064 0.572925
0.757845 0.060509 0.872225
0.656151 0.319782 0.775339
0.414458 0.806156 0.854787
0.311715 0.196740 0.885624
0.438254 0.987697 0.074175
0.288789 0.404375 0.209630
0.168010 0.364266 0.907569
0.367226 0.090565 0.106941
0.812153 0.675461 0.413590
0.168099 0.516964 0.597286
0.744915 0.783184 0.037221
0.744489 0.372772 0.322867
0.685468 0.809229 0.510716
0.774121 0.566558 0.382926
0.346968 0.250144 0.066736
0.461977 0.565725 0.173919
0.869899 0.294006 0.367114
0.984780 0.463668 0.499634
0.383978 0.817315 0.332553
0.161836 0.486331 0.168895
0.020075 0.069740 0.341938
0.420653 0.939341 0.422116
0.008110 0.376862 0.491993
0.373244 0.319115 0.338743
0.081306 0.012197 0.331871
0.294599 0.906898 0.269002
0.991653 0.080683 0.087466
0.367572 0.046279 0.755171
0.980867 0.754749 0.737624
0.760593 0.794922 0.983756
0.002323 0.290591 0.841769
0.530261 0.746410 0.409509
0.355335 0.929072 0.249890
0.387883 0.241166 0.067812
0.420714 0.989472 0.828389
0.973509 0.667674 0.994378
0.802073 0.613729 0.203764
0.583043 0.688428 0.830496
0.064861 0.229444 0.581029
0.263465 0.123972 0.389461
0.571125 0.241011 0.787712
0.890586 0.969180 0.248270
0.083210 0.529241 0.517802
0.623493 0.927504 0.332747
0.694502 0.173502 0.021940
0.657521 0.975074 0.488245
0.786470 0.816706 0.422278
0.341065 0.879047 0.723993
0.334025 0.035295 0.767721
0.378380 0.168848 0.922720
0.010738 0.752286 0.819081
0.244634 0.843605 0.989723
0.120503 0.614106 0.313893
0.745830 0.822405 0.172565
0.675792 0.152441 0.375443
0.927130 0.594594 0.555397
0.034691 0.919558 0.975755
0.868667 0.976591 0.479647
0.053507 0.037377 0.872137
0.185450 0.935547 0.348274
0.493221 0.081123 0.749074
0.911661 0.376711 0.950349
0.415676 0.354191 0.584505
0.746673 0.073004 0.741109
0.583840 0.274528 0.172816
0.446093 0.797085 0.059372
0.096828 0.006102 0.739827
0.270110 0.593990 0.955128
0.388066 0.058876 0.441566
0.656992 0.953226 0.003830
0.466892 0.792109 0.056962
0.877355 0.943506 0.121970
0.577970 0.133928 0.801259
0.914622 0.733098 0.009839
0.228062 0.494443 0.089263
0.018269 0.802315 0.349313
0.649688 0.280236 0.212620
0.094230 0.862929 0.823141
0.962183 0.629946 0.424242
0.290696 0.903171 0.621991
0.253749 0.703783 0.359110
0.175035 0.676395 0.494664
0.611702 0.207244 0.132059
0.133539 0.739898 0.157343
0.431556 0.676962 0.772323
0.422646 0.698178 0.354602
0.652192 0.640809 0.738264
0.725695 0.869956 0.150344
0.107774 0.103434 0.478846
0.371795 0.370853 0.135273
0.094140 0.666218 0.796664
0.416688 0.576913 0.062978
0.373959 0.040760 0.599676
0.336374 0.973293 0.181645
0.011784 0.867168 0.102620
0.173630 0.078182 0.591945
0.951026 0.182651 0.860270
0.755983 0.533658 0.254959
0.679765 0.598753 0.726910
0.589688 0.910835 0.536169
0.760059 0.208232 0.146311
0.933905 0.891030 0.968553
0.828215 0.980768 0.102123
0.188809 0.331911 0.946507
0.784302 0.853681 0.203846
0.030832 0.338861 0.656266
0.439960 0.056636 0.218012
0.017888 0.694855 0.302005
0.779333 0.034595 0.464089
0.801323 0.759576 0.089363
0.353772 0.338651 0.172862
0.847620 0.356547 0.549375
0.151406 0.795167 0.679862
0.469069 0.608377 0.786139
0.111626 0.453703 0.397451
0.807889 0.203483 0.217308
0.949999 0.039573 0.710829
0.337444 0.927129 0.238671
0.407520 0.548941 0.847226
0.354899 0.251631 0.657950
0.281181 0.644234 0.116683
0.404482 0.239398 0.669471
0.291654 0.205660 0.169685
0.820803 0.131725 0.595283
0.422817 0.944268 0.993214
0.635858 0.880148 0.642952
0.286925 0.535117 0.679279
0.629807 0.620067 0.948726
0.096312 0.418442 0.301496
0.893685 0.275015 0.982024
0.696354 0.785477 0.265761
0.488735 0.154016 0.954105
0.345461 0.815491 0.339511
0.764080 0.691828 0.565098
0.001814 0.036469 0.543201
0.195491 0.719673 0.720221
0.446522 0.390398 0.540840
0.545386 0.251073 0.418576
0.200813 0.434126 0.700498
0.931323 0.919513 0.029430
0.750086 0.620826 0.904499
0.798768 0.302135 0.583244
0.214101 0.300065 0.524234
0.560193 0.855087 0.814773
0.987587 0.000960 0.531605
0.363825 0.374896 0.907474
0.817982 0.188669 0.159463
0.009553 0.120183 0.479111
0.088362 0.186677 0.508100
0.377576 0.733347 0.405696
0.289936 0.183536 0.768273
0.746613 0.039016 0.717052
0.476959 0.778883 0.971347
0.589513 0.075265 0.723553
0.756560 0.123411 0.009588
0.503612 0.159564 0.296021
0.515255 0.633960 0.850903
0.558130 0.886213 0.635087
0.527155 0.600326 0.754980
0.658058 0.841406 0.399021
0.425708 0.349638 0.869833
0.801672 0.850904 0.033491
0.979483 0.246788 0.456267
0.120531 0.811751 0.503333
0.510945 0.753263 0.186078
0.377535 0.878859 0.871707
0.643580 0.700217 0.710409
0.087136 0.673708 0.913201
0.519668 0.334517 0.501456
0.246836 0.165573 0.934036
0.298740 0.002449 0.911710
0.244340 0.213648 0.530493
0.073720 0.474565 0.873088
0.987756 0.190443 0.080471
0.925140 0.875744 0.290428
0.825066 0.963039 0.091846
0.151764 0.991745 0.758638
0.269620 0.178380 0.656136
0.089707 0.228131 0.853994
0.549196 0.394273 0.620955
0.425968 0.623887 0.736593
0.840011 0.367036 0.393923
0.597086 0.757316 0.017695
0.866688 0.799479 0.712374
0.943424 0.006995 0.674531
0.955723 0.766814 0.783521
0.146198 0.985464 0.860628
0.053542 0.403693 0.509182
0.760830 0.577875 0.515258
0.578187 0.770400 0.674290
0.495829 0.596095 0.970116
0.233363 0.840262 0.855375
0.614816 0.019198 0.573315
0.087025 0.050968 0.819410
0.690677 0.002851 0.811939
0.633318 0.283317 0.276685
0.778531 0.950736 0.213177
0.652504 0.859546 0.416240
0.585720 0.535770 0.875079
0.618698 0.273425 0.295453
0.660059 0.334189 0.270811
0.816923 0.253677 0.779518
0.099001 0.257411 0.061955
0.920546 0.463396 0.373844
0.228120 0.669267 0.967840
0.492099 0.540784 0.634340
0.271508 0.065243 0.638911
0.195890 0.871639 0.665198
0.746425 0.852194 0.139587
0.053772 0.670614 0.106704
0.463351 0.386477 0.811704
0.907131 0.361705 0.507270
0.969784 0.629232 0.268314
0.391940 0.251481 0.026493
0.736213 0.272746 0.142846
0.735905 0.403899 0.395231
0.418910 0.331231 0.360584
0.821449 0.529219 0.694928
0.413993 0.215204 0.251673
0.505844 0.121216 0.750708
0.317920 0.989472 0.828259
0.385733 0.261892 0.275363
0.789934 0.452167 0.788713
0.707185 0.988418 0.893156
0.085124 0.883001 0.420552
0.497143 0.331590 0.795557
0.662773 0.161364 0.544928
0.781151 0.811286 0.043549
0.426636 0.743889 0.957616
0.100159 0.835400 0.646109
0.172229 0.133590 0.954629
0.438549 0.727833 0.768856
0.435354 0.044983 0.601600
0.601226 0.480319 0.681270
0.850840 0.408968 0.390825
0.680206 0.067867 0.403442
0.026500 0.002155 0.185672
0.243862 0.383227 0.002261
0.596695 0.945829 0.661760
0.883583 0.766565 0.034506
0.549959 0.364679 0.124756
0.286963 0.983196 0.865455
0.753142 0.965945 0.371419
0.887814 0.616530 0.105379
0.750150 0.964293 0.069758
0.254476 0.744330 0.409277
0.350848 0.335195 0.920259
0.295613 0.179646 0.522774
0.962849 0.876792 0.928831
0.101448 0.065172 0.685868
0.373183 0.395453 0.787750
0.212531 0.003385 0.828297
0.907717 0.667269 0.208651
0.549119 0.080896 0.972550
0.690373 0.094399 0.380601
0.960109 0.021054 0.471877
0.206776 0.060050 0.874409
0.086987 0.423315 0.097966
0.191610 0.385996 0.349257
0.740236 0.353761 0.201928
0.817036 0.618813 0.162447
0.606091 0.191832 0.658653
0.315204 0.711482 0.775359
0.890096 0.430630 0.959565
0.733190 0.307390 0.138975
0.804072 0.084739 0.594538
0.158095 0.840165 0.272961
0.654286 0.953734 0.866559
0.556507 0.268408 0.293962
0.605662 0.487472 0.973996
0.616126 0.958068 0.742086
0.805023 0.735562 0.005830
0.236971 0.710444 0.525775
0.836661 0.645219 0.060007
0.497729 0.220054 0.281889
0.157519 0.890481 0.636889
0.163754 0.169762 0.837154
0.116827 0.646827 0.985689
0.486136 0.608130 0.074138
0.428388 0.467862 0.748810
0.868293 0.727714 0.587667
0.043286 0.638211 0.703527
0.279908 0.846828 0.858444
0.074428 0.854965 0.618909
0.232100 0.505858 0.288590
0.016193 0.026869 0.745881
0.774658 0.803990 0.401088
0.178159 0.781160 0.663298
0.204584 0.668676 0.444123
0.813434 0.528417 0.181513
0.247505 0.045350 0.153661
0.291497 0.414293 0.048335
0.787503 0.456507 0.938960
0.100002 0.517692 0.631307
0.812016 0.072213 0.229101
0.677443 0.582100 0.262485
0.636315 0.688120 0.403016
0.962857 0.387264 0.609288
0.346520 0.798657 0.319115
0.538935 0.075665 0.147449
0.397335 0.516761 0.264124
0.021578 0.379966 0.212030
0.323757 0.392767 0.131593
0.200626 0.082915 0.440598
0.091982 0.318234 0.321528
0.954834 0.146726 0.644746
0.666400 0.182150 0.108370
0.337349 0.157762 0.056755
0.323137 0.083602 0.899988
0.590585 0.795362 0.941035
0.998034 0.803278 0.792771
0.358585 0.572687 0.442783
0.617803 0.532790 0.848752
0.463311 0.026283 0.448352
0.490518 0.081440 0.800001
0.514291 0.787483 0.349223
0.124433 0.258662 0.506411
0.436579 0.265445 0.133866
0.832381 0.315887 0.308896
0.457517 0.324036 0.053390
0.982191 0.888737 0.970070
0.532405 0.160363 0.863064
0.949493 0.839325 0.082001
0.465583 0.426998 0.083076
0.098007 0.467728 0.002119
0.542872 0.657806 0.773591
0.099105 0.310675 0.325383
0.751138 0.537934 0.512899
0.237324 0.248943 0.807607
0.794321 0.497213 0.394056
0.576134 0.590667 0.474525
0.776548 0.530101 0.974070
0.958059 0.040772 0.340656
0.035344 0.425735 0.553619
0.642878 0.775826 0.662640
0.824195 0.857284 0.982925
0.933516 0.144526 0.420439
0.384934 0.894511 0.693316
0.395624 0.603750 0.444103
0.877490 0.657960 0.491252
0.619574 0.142589 0.895398
0.885167 0.226119 0.102761
0.371863 0.593507 0.606892
0.057910 0.817963 0.898385
0.765128 0.438647 0.242811
0.284050 0.945581 0.612154
0.312635 0.324567 0.961663
0.941896 0.856523 0.205620
0.256246 0.943692 0.533341
0.717477 0.901332 0.794474
0.459937 0.375865 0.895850
0.056724 0.185457 0.420545
0.024745 0.876041 0.892257
0.041933 0.603275 0.387209
0.777283 0.222408 0.793849
0.938774 0.438330 0.317124
0.926022 0.296681 0.161416
0.883250 0.772179 0.201204
0.255755 0.547824 0.911666
0.514648 0.941913 0.935635
0.896271 0.567473 0.252677
0.418501 0.550986 0.919833
0.171808 0.795218 0.747458
0.956868 0.653733 0.773962
0.961182 0.660186 0.743846
0.231878 0.772669 0.917087
0.452139 0.589766 0.236386
0.866754 0.293374 0.656970
0.906410 0.676168 0.585442
0.904896 0.868772 0.794996
0.733441 0.109434 0.927155
0.006716 0.592806 0.732373
0.037188 0.220091 0.462097
0.993432 0.176819 0.422478
0.863232 0.752857 0.779833
0.772670 0.939667 0.868931
0.233423 0.320530 0.087844
0.622665 0.652242 0.194067
0.715652 0.487276 0.670476
0.061098 0.110412 0.764991
0.276713 0.753040 0.162116
0.105641 0.323063 0.276408
0.352608 0.103555 0.983415
0.984529 0.400568 0.122749
0.728192 0.885993 0.906413
0.358311 0.180882 0.026078
0.916053 0.871842 0.350837
0.493641 0.311305 0.134761
0.713323 0.647665 0.023325
0.812723 0.345420 0.786634
0.873802 0.596066 0.454818
0.683905 0.886884 0.982654
0.286341 0.459709 0.036272
0.070322 0.154280 0.800331
0.474802 0.551549 0.871990
0.909889 0.863450 0.648358
0.456716 0.553226 0.784461
0.639841 0.889598 0.201297
0.407321 0.944079 0.869392
0.864256 0.716324 0.612016
0.952880 0.307107 0.978601
0.563406 0.171280 0.650181
0.770059 0.079741 0.129951
0.447136 0.365182 0.474061
0.886447 0.296098 0.104321
0.671722 0.567416 0.475407
0.053897 0.044449 0.830031
0.387082 0.457792 0.295997
0.231939 0.070470 0.449504
0.002254 0.540241 0.416480
0.846064 0.087212 0.094632
0.867362 0.601244 0.465134
0.761256 0.127046 0.389157
0.875484 0.114641 0.692574
0.445961 0.971079 0.209134
0.643294 0.614990 0.390512
0.224197 0.671168 0.073996
0.056384 0.097415 0.573239
0.233922 0.516700 0.059655
0.705850 0.836311 0.182988
0.300009 0.125940 0.585158
0.697092 0.337849 0.239173
0.133647 0.889842 0.338105
0.942463 0.857290 0.471220
0.513208 0.072496 0.534676
0.903974 0.129574 0.252905
0.947624 0.400592 0.373717
0.808595 0.486423 0.944937
0.304350 0.675362 0.755335
0.519129 0.576447 0.110489
0.738732 0.144805 0.000095
0.518354 0.320753 0.119588
0.246800 0.346764 0.799246
0.045292 0.964248 0.837395
0.660432 0.481294 0.186417
0.207549 0.414603 0.433015
0.816317 0.162804 0.939933
0.326335 0.983064 0.328653
0.838908 0.340407 0.024834
0.266640 0.825072 0.752053
0.691754 0.302001 0.583755
0.404105 0.288117 0.992290
0.372000 0.500390 0.608501
0.016773 0.306350 0.665080
0.333596 0.203884 0.310794
0.116680 0.085464 0.769702
0.680938 0.176541 0.274126
0.483070 0.488246 0.963662
0.169000 0.921465 0.095030
0.875820 0.002228 0.361834
0.245669 0.033542 0.817945
0.430475 0.685864 0.230550
0.852099 0.819399 0.165050
0.330369 0.624919 0.553309
0.657168 0.479079 0.749505
0.573240 0.044421 0.214517
0.950915 0.839228 0.403869
0.663553 0.728655 0.954408
0.746749 0.922947 0.180988
0.482109 0.719032 0.324205
0.643537 0.516745 0.194189
0.239147 0.115961 0.478977
0.149017 0.030789 0.241389
0.476323 0.765959 0.463049
0.177636 0.919233 0.112789
0.134410 0.857951 0.746028
0.045829 0.913700 0.052328
0.210683 0.210032 0.246252
0.831266 0.007486 0.473245
0.342065 0.128224 0.037219
0.598738 0.642920 0.238801
0.584979 0.635157 0.474142
0.338558 0.528627 0.943810
0.900204 0.718291 0.105758
0.970502 0.077720 0.721225
0.719170 0.905939 0.093843
0.010043 0.115757 0.845206
0.617527 0.639338 0.350247
0.475265 0.244508 0.063567
0.074999 0.768170 0.714522
0.929713 0.611769 0.435473
0.094710 0.081110 0.469674
0.958048 0.504723 0.377587
0.005649 0.652925 0.058341
0.657923 0.282438 0.433920
0.413518 0.498657 0.619779
0.337751 0.153949 0.126404
0.603943 0.786307 0.000188
0.329492 0.980067 0.679358
0.162652 0.621247 0.058989
0.852696 0.597896 0.837368
0.579318 0.002537 0.742488
0.760426 0.355909 0.477824
0.128776 0.014231 0.018041
0.238146 0.431599 0.483730
0.738901 0.516085 0.638870
0.160082 0.931921 0.704140
0.809801 0.115716 0.177923
0.306485 0.127300 0.746457
0.007472 0.505911 0.674561
0.557637 0.696967 0.344328
0.616507 0.783969 0.050683
0.448397 0.379625 0.919831
0.292566 0.061335 0.054985
0.004235 0.451074 0.989773
0.596201 0.865330 0.205821
0.834870 0.757359 0.095161
0.060101 0.313306 0.063156
0.648185 0.877012 0.342244
0.453564 0.035216 0.586448
0.103941 0.546527 0.026756
0.169062 0.176369 0.149465
0.111337 0.719532 0.786331
0.019055 0.114544 0.164177
0.221580 0.683678 0.072287
0.317035 0.019946 0.284499
0.047248 0.024606 0.886261
0.756914 0.091537 0.213137
0.106086 0.135363 0.650112
0.968357 0.329667 0.455942
0.990519 0.369141 0.327039
0.146147 0.425506 0.637283
0.626641 0.866726 0.457205
0.893552 0.319085 0.903573
0.096173 0.617721 0.448911
0.121776 0.107565 0.970264
0.022247 0.585763 0.121062
0.019299 0.333131 0.194373
0.602614 0.640529 0.765153
0.566049 0.379110 0.785720
0.059275 0.885336 0.674526
0.835013 0.632683 0.372715
0.152476 0.247476 0.484155
0.209083 0.724861 0.788936
0.639357 0.149165 0.360218
0.748780 0.597756 0.349106
0.751897 0.412688 0.801838
0.236145 0.254902 0.282375
0.454531 0.088009 0.408153
0.105493 0.757295 0.997443
0.669726 0.423079 0.841844
0.547367 0.030769 0.152166
0.224222 0.890038 0.272886
0.411152 0.796871 0.709474
0.730139 0.877841 0.266915
0.736992 0.262076 0.948768
0.112877 0.385747 0.026941
0.652352 0.236548 0.933371
0.135969 0.093617 0.378521
0.206239 0.371165 0.440814
0.804066 0.872879 0.588897
0.395184 0.983912 0.595603
0.368796 0.369100 0.824288
0.868049 0.875999 0.034466
0.406594 0.360258 0.036772
0.727015 0.362361 0.719979
0.769118 0.300460 0.840244
0.487328 0.262636 0.593488
0.269619 0.492065 0.196339
0.321729 0.149500 0.979791
0.052719 0.917129 0.399287
0.807204 0.963124 0.773012
0.884941 0.066933 0.707929
0.376803 0.660213 0.884059
0.608412 0.672973 0.196864
0.974159 0.813677 0.507526
0.764377 0.635509 0.205742
0.290694 0.353293 0.371742
0.863268 0.686300 0.936033
0.868138 0.360197 0.815054
0.235994 0.701157 0.332028
0.026904 0.381302 0.001418
0.247629 0.086188 0.707295
0.318876 0.851093 0.379374
0.310028 0.681985 0.806372
0.680079 0.304470 0.160122
0.546745 0.096553 0.533526
0.992800 0.069357 0.325579
0.653999 0.821813 0.358627
0.313221 0.523169 0.560127
0.135110 0.530839 0.310481
0.424293 0.139370 0.795030
0.936379 0.295466 0.232100
0.562539 0.326586 0.028851
0.544542 0.321298 0.992781
0.483183 0.622435 0.580187
0.769247 0.527100 0.264853
0.383939 0.475382 0.104704
0.180334 0.875177 0.401680
0.202406 0.346302 0.851878
0.068674 0.013210 0.339414
0.514929 0.012016 0.328516
0.549507 0.120464 0.706888
0.832902 0.963882 0.904611
0.182841 0.700916 0.966405
0.262714 0.472425 0.940590
0.541554 0.212570 0.844304
0.271048 0.781458 0.363625
0.080734 0.573851 0.153272
0.109009 0.112959 0.518356
0.586732 0.327176 0.825183
0.219199 0.529987 0.868354
0.086442 0.100158 0.178128
0.810031 0.857381 0.011156
0.103721 0.307085 0.857790
0.343013 0.505645 0.900560
0.269906 0.554385 0.819604
0.946573 0.994966 0.759481
0.699485 0.572541 0.446775
0.649879 0.514491 0.810060
0.141246 0.032355 0.181729
0.463386 0.468236 0.206301
0.724486 0.881413 0.444441
0.617374 0.538621 0.760163
0.444293 0.811803 0.046546
0.698832 0.335523 0.372546
0.391557 0.030687 0.525123
0.396842 0.380100 0.213844
0.324774 0.598376 0.520719
0.247110 0.095976 0.588043
0.232811 0.559140 0.897052
0.289550 0.020205 0.995246
0.483204 0.055951 0.548869
0.520327 0.117345 0.083576
0.531980 0.926375 0.634519
0.931125 0.971748 0.709373
0.476608 0.778249 0.418024
0.009813 0.445532 0.618700
0.676833 0.048211 0.508089
0.003461 0.788602 0.431019
0.521258 0.481360 0.856500
0.814875 0.454685 0.591823
0.243590 0.849066 0.101404
0.558395 0.512977 0.520282
0.592264 0.677869 0.966770
0.513585 0.715665 0.651825
0.345981 0.456685 0.425130
0.992922 0.231515 0.228639
0.933107 0.017283 0.964567
0.008650 0.839883 0.922444
0.965386 0.635068 0.437617
0.661558 0.582827 0.957845
0.650695 0.425484 0.705052
0.223136 0.884416 0.987642
0.501516 0.283650 0.253743
0.906943 0.511259 0.795248
0.440789 0.819452 0.525556
0.404151 0.050645 0.668897
0.090112 0.311550 0.557463
0.821526 0.261218 0.199731
0.309650 0.351962 0.916273
0.822094 0.889710 0.976405
0.728679 0.655067 0.238947
0.450410 0.209502 0.614692
0.119967 0.453370 0.854433
0.437037 0.169611 0.881026
0.095051 0.913401 0.856145
0.028962 0.604610 0.925238
0.856280 0.830624 0.920200
0.306520 0.742559 0.044168
0.977626 0.915219 0.725778
0.939333 0.322112 0.827849
0.197770 0.697251 0.369946
0.989460 0.843859 0.547697
0.435866 0.265437 0.780082
0.199752 0.152234 0.868979
0.806588 0.051389 0.236546
0.420265 0.725579 0.110185
0.945678 0.469139 0.697038
0.061363 0.730383 0.028989
0.869290 0.033912 0.965439
0.084266 0.767991 0.287117
0.405748 0.243632 0.231002
0.470917 0.103985 0.092983
0.192000 0.213560 0.185901
0.237844 0.733005 0.194922
0.801613 0.458459 0.945314
0.297429 0.880019 0.470346
0.735889 0.197134 0.872157
0.029136 0.643627 0.196307
0.909219 0.593737 0.084721
0.963015 0.532965 0.069687
0.181416 0.710440 0.477933
0.165741 0.795882 0.697014
0.437790 0.550149 0.021508
0.351196 0.373879 0.575465
0.220189 0.119598 0.882339
0.870393 0.569520 0.176936
0.737922 0.625552 0.902344
0.020507 0.204252 0.435129
0.733603 0.595010 0.007554
0.461537 0.655191 0.411446
0.592465 0.039149 0.791358
0.020349 0.702333 0.977163
0.823832 0.292806 0.218218
0.238674 0.873244 0.330117
0.220932 0.990997 0.257139
0.312662 0.609043 0.923693
0.672405 0.654759 0.422725
0.205860 0.371521 0.648695
0.246523 0.565567 0.271224
0.141399 0.612831 0.875172
0.361521 0.012255 0.094280
0.337877 0.517578 0.302034
0.435024 0.178415 0.948547
0.017970 0.668612 0.416281
0.702647 0.362463 0.892085
0.180176 0.456148 0.250880
0.154340 0.394702 0.409108
0.631286 0.007836 0.556952
0.851463 0.335331 0.156084
0.226174 0.794355 0.136612
0.634046 0.340983 0.221014
0.144152 0.614679 0.322930
0.886027 0.533841 0.211919
0.576339 0.658467 0.679816
0.603699 0.499075 0.086181
0.702717 0.983107 0.355534
0.146048 0.912281 0.715543
0.176475 0.877228 0.207972
0.421907 0.089892 0.174170
0.293086 0.512541 0.491156
0.131575 0.297572 0.826931
0.830919 0.935268 0.511086
0.472715 0.188785 0.260790
0.667298 0.962237 0.050272
0.647939 0.405982 0.710951
0.884166 0.323051 0.708436
0.993157 0.388524 0.322662
0.074004 0.431473 0.914608
0.259307 0.788758 0.787503
0.989511 0.908519 0.946397
0.727270 0.750394 0.262700
0.416434 0.986343 0.956996
0.171760 0.706079 0.798303
0.243428 0.726701 0.418111
0.979709 0.646470 0.895079
0.656376 0.340294 0.758382
0.773372 0.540146 0.872436
0.303726 0.360887 0.232613
0.490814 0.275268 0.036181
0.049121 0.082613 0.036430
0.851634 0.429991 0.266193
0.511476 0.518157 0.835310
0.038500 0.746901 0.438002
0.017733 0.837728 0.852387
0.226484 0.009360 0.231176
0.979641 0.651445 0.333747
0.460923 0.829140 0.606750
0.890180 0.746214 0.986299
0.392976 0.739471 0.922262
0.862033 0.203147 0.605224
0.557893 0.815728 0.725183
0.209056 0.063434 0.583261
0.169492 0.491389 0.369390
0.582720 0.473959 0.691582
0.382299 0.511321 0.581095
0.643047 0.637680 0.375570
0.557032 0.572668 0.686847
0.774660 0.370046 0.474112
0.119795 0.439938 0.281616
0.137741 0.858825 0.144481
0.210015 0.937557 0.382568
0.240329 0.599678 0.727220
0.140986 0.592282 0.474999
0.542676 0.676383 0.490071
0.798013 0.276857 0.028161
0.556717 0.176880 0.852521
0.052376 0.877637 0.166147
0.922022 0.639541 0.144915
0.447784 0.121765 0.543219
0.322960 0.278739 0.734705
0.562565 0.254846 0.818462
0.894236 0.274701 0.176005
0.483750 0.856512 0.173120
0.941518 0.781879 0.694341
0.167144 0.916569 0.745098
0.267311 0.285698 0.272465
0.021464 0.521938 0.752428
0.677770 0.163403 0.165718
0.309674 0.216005 0.789675
0.928419 0.214897 0.727938
0.059494 0.004806 0.994329
0.105357 0.327157 0.069296
0.761497 0.753890 0.331496
0.024577 0.319952 0.079540
0.498934 0.888844 0.691467
0.793460 0.720980 0.254305
0.102145 0.667571 0.933794
0.224467 0.233420 0.732052
0.385561 0.598512 0.423535
0.355609 0.843085 0.359692
0.048919 0.526145 0.613790
0.248792 0.817190 0.378762
0.636315 0.038544 0.030259
0.098760 0.774552 0.474190
0.147886 0.242759 0.324993
0.031897 0.891564 0.324247
0.449935 0.565097 0.276071
0.100728 0.073803 0.930828
0.439776 0.421499 0.791099
0.749621 0.089312 0.326119
0.197760 0.797573 0.646208
0.302668 0.405752 0.427732
0.433836 0.694327 0.812285
0.664123 0.302059 0.949539
0.068114 0.514985 0.509009
0.084378 0.019241 0.738085
0.244616 0.999073 0.890346
0.389040 0.711246 0.469059
0.423278 0.942807 0.291005
0.362429 0.680038 0.915550
0.855891 0.321653 0.479476
0.739200 0.171276 0.709602
0.629097 0.992923 0.227958
0.835492 0.526335 0.006519
0.265420 0.964429 0.774219
0.276068 0.388994 0.912628
0.700334 0.922381 0.714151
0.410383 0.933221 0.080054
0.967663 0.988601 0.535020
0.314720 0.629779 0.972603
0.865001 0.965098 0.974980
0.474057 0.799859 0.904769
0.036652 0.397974 0.123968
0.696443 0.548944 0.668921
0.026170 0.135323 0.164136
0.154030 0.065781 0.596603
0.103113 0.302647 0.965058
0.104741 0.178382 0.511725
0.273346 0.581742 0.577994
0.019116 0.777659 0.589636
0.586286 0.546530 0.879995
0.628871 0.542671 0.640373
0.625337 0.755801 0.559833
0.579652 0.491523 0.813361
0.680521 0.275890 0.299584
0.246488 0.103170 0.046060
0.589132 0.965332 0.888151
0.957436 0.828573 0.644487
0.514065 0.748315 0.447350
0.882729 0.895736 0.906387
0.147536 0.967600 0.120142
0.982590 0.066606 0.745597
0.119487 0.203612 0.620591
0.470576 0.601485 0.589938
0.691801 0.309371 0.663088
0.331344 0.774903 0.847750
0.457431 0.278304 0.230219
0.697740 0.346816 0.994750
0.097722 0.816933 0.714693
0.547930 0.802276 0.367799
0.595064 0.032028 0.461069
0.631455 0.859365 0.567983
0.228914 0.634867 0.879618
0.147719 0.852308 0.947575
0.677245 0.543331 0.871505
0.487987 0.598564 0.301658
0.532593 0.816659 0.194557
0.832648 0.477505 0.819194
0.723420 0.736750 0.687952
0.950128 0.929346 0.352108
0.765373 0.175608 0.706077
0.302274 0.498634 0.538940
0.443349 0.249994 0.842800
0.803326 0.160401 0.961744
0.190515 0.328188 0.644437
0.560012 0.955638 0.847148
0.034655 0.227614 0.810784
0.903081 0.070440 0.610291
0.594866 0.877232 0.317379
0.236299 0.966874 0.730307
0.769851 0.565189 0.926963
0.322922 0.623974 0.384337
0.434001 0.041219 0.086329
0.253103 0.796361 0.444440
0.479015 0.851098 0.939192
0.725196 0.736042 0.866700
0.859639 0.714243 0.784547
0.512892 0.370328 0.963437
0.667166 0.527551 0.903822
0.469388 0.706186 0.007803
0.896940 0.864690 0.876487
0.776605 0.800080 0.910055
0.205715 0.171469 0.181545
0.134700 0.408109 0.437029
0.589475 0.071107 0.801952
0.184921 0.510808 0.777162
0.523321 0.859028 0.055784
0.900892 0.049043 0.340050
0.942264 0.886039 0.020806
0.655191 0.891759 0.491092
0.864425 0.339439 0.403833
0.398040 0.296257 0.198575
0.684695 0.880678 0.109829
0.728635 0.508058 0.758455
0.474908 0.982014 0.335395
0.655855 0.537001 0.696358
0.220431 0.908046 0.952972
0.469920 0.668778 0.662590
0.065130 0.365559 0.675788
0.372329 0.580821 0.729204
0.318180 0.485644 0.409909
0.440290 0.013037 0.476043
0.575934 0.020169 0.289716
0.600803 0.946836 0.787423
0.223699 0.087991 0.969524
0.538901 0.665124 0.864518
0.132220 0.516249 0.322270
0.921220 0.677671 0.523071
0.842673 0.499284 0.115173
0.088919 0.979006 0.621657
0.006830 0.877238 0.761086
0.623977 0.377940 0.348073
0.287603 0.326144 0.898872
0.216510 0.533546 0.129052
0.069734 0.255936 0.122961
0.270847 0.949805 0.682898
0.808130 0.582169 0.004884
0.102961 0.809546 0.379121
0.454041 0.822619 0.916659
0.864758 0.751459 0.289237
0.709779 0.692054 0.640128
0.026021 0.509273 0.480362
0.201586 0.945943 0.264752
0.458668 0.826556 0.288319
0.073505 0.280453 0.974643
0.114085 0.832147 0.601838
0.763254 0.521349 0.019988
0.733748 0.911348 0.582106
0.068007 0.742575 0.573477
0.849072 0.410172 0.807742
0.603633 0.275100 0.315406
0.588949 0.655150 0.479034
0.814560 0.500124 0.355337
0.981308 0.425989 0.535555
0.174056 0.762924 0.111461
0.365979 0.790750 0.328497
0.779536 0.641429 0.751835
0.044474 0.499221 0.174547
0.606953 0.629841 0.827854
0.784623 0.276365 0.937873
0.710190 0.348869 0.862248
0.781215 0.842987 0.001376
0.264790 0.694784 0.950928
0.900757 0.889680 0.827504
0.417444 0.157577 0.536419
0.062518 0.130950 0.557432
0.597096 0.826634 0.220366
0.362973 0.257534 0.625845
0.218776 0.581402 0.462332
0.133354 0.451997 0.545862
0.091241 0.632333 0.461458
0.906117 0.696729 0.070754
0.498533 0.303945 0.842927
0.682194 0.351413 0.732843
0.243603 0.346395 0.590505
0.569037 0.924878 0.844221
0.903544 0.945732 0.405463
0.150890 0.834442 0.924080
0.865977 0.599053 0.676176
0.857306 0.150018 0.849131
0.437144 0.529318 0.781652
0.546699 0.747503 0.857859
0.256345 0.072507 0.341669
0.891638 0.483604 0.130915
0.519455 0.687123 0.153921
0.640905 0.392252 0.685591
0.292479 0.727708 0.788286
0.885621 0.931904 0.949561
0.568976 0.253342 0.017172
0.845262 0.217663 0.822066
0.741113 0.274134 0.076613
0.981932 0.998797 0.122412
0.242320 0.297859 0.536276
0.890549 0.288779 0.417493
0.726443 0.156415 0.812385
0.354115 0.296296 0.071368
0.152343 0.704119 0.849177
0.933214 0.962465 0.535396
0.018810 0.377259 0.925537
0.604152 0.238531 0.155840
0.689422 0.355881 0.332409
0.118936 0.951462 0.082935
0.828980 0.966569 0.018307
0.228402 0.252352 0.841004
0.460646 0.026328 0.856113
0.302274 0.963409 0.578977
0.064620 0.991075 0.890260
0.627086 0.305628 0.155266
0.789676 0.907480 0.721932
0.619501 0.395170 0.603352
0.030275 0.435054 0.598270
0.574481 0.323173 0.497535
0.217567 0.885090 0.916026
0.294066 0.257535 0.558725
0.455299 0.463307 0.684901
0.059834 0.129651 0.796380
0.053734 0.785178 0.179891
0.339589 0.255832 0.476937
0.652138 0.151234 0.828914
0.108740 0.951708 0.142070
0.448904 0.649646 0.278425
0.645306 0.881543 0.417646
0.130089 0.763266 0.937700
0.871660 0.456741 0.917939
0.689072 0.651066 0.550441
0.828875 0.297405 0.585943
0.176594 0.958808 0.878916
0.691804 0.114791 0.792289
0.836675 0.925975 0.546722
0.003417 0.127973 0.502168
0.321142 0.040441 0.037585
0.741534 0.986669 0.905246
0.822573 0.263798 0.719857
0.867284 0.516307 0.078810
0.701413 0.268498 0.359897
0.418248 0.542555 0.786561
0.099995 0.604434 0.628825
0.240697 0.081072 0.916209
0.183947 0.095393 0.296005
0.694429 0.871917 0.641622
0.260154 0.721533 0.162896
0.552733 0.127543 0.912709
0.679558 0.447987 0.081790
0.189223 0.679600 0.387851
0.628445 0.407355 0.117683
0.394500 0.046508 0.236947
0.544873 0.387731 0.153197
0.782852 0.729545 0.046902
0.856485 0.287905 0.896527
0.146108 0.574312 0.681162
0.975668 0.699995 0.211414
0.300210 0.950236 0.165981
0.732678 0.784977 0.116907
0.106707 0.258529 0.011012
0.327052 0.468795 0.389062
0.576299 0.032841 0.760974
0.775402 0.382043 0.529029
0.242401 0.284512 0.051610
0.983330 0.989781 0.595173
0.060016 0.701286 0.779961
0.192069 0.158428 0.241647
0.353300 0.605607 0.767250
0.544863 0.974792 0.946105
0.519599 0.137799 0.341704
0.640674 0.877120 0.001600
0.547214 0.161864 0.055254
0.975366 0.236706 0.862878
0.472805 0.463829 0.344662
0.075822 0.418863 0.747511
0.170399 0.901550 0.240808
0.771836 0.754751 0.827491
0.867377 0.385865 0.012491
0.526066 0.876877 0.162616
0.022942 0.475175 0.716222
0.823985 0.363429 0.113373
0.048790 0.013946 0.890238
0.329034 0.053971 0.746795
0.730983 0.884142 0.546870
0.315640 0.653718 0.044802
0.603250 0.021304 0.414247
0.781438 0.241202 0.187197
0.123577 0.620635 0.150982
0.981967 0.641854 0.209064
0.034117 0.267334 0.105227
0.416288 0.145441 0.312974
0.407144 0.133228 0.376990
0.501903 0.567957 0.187347
0.598607 0.151332 0.238424
0.481413 0.509160 0.795547
0.445821 0.142041 0.427997
0.540683 0.799932 0.478174
0.434003 0.516917 0.295660
0.218110 0.076659 0.886881
0.864042 0.182656 0.439299
0.904632 0.607458 0.320293
0.384519 0.561244 0.798643
0.777435 0.690136 0.262782
0.175589 0.231898 0.277371
0.208885 0.887195 0.531137
0.206979 0.147249 0.741277
0.007156 0.520050 0.427225
0.768999 0.021084 0.012848
0.626689 0.353686 0.338935
0.503338 0.902266 0.250336
0.394166 0.354078 0.676487
0.123700 0.734722 0.446028
0.381119 0.485697 0.779029
0.950219 0.098103 0.057419
0.846467 0.569795 0.786676
0.309323 0.109534 0.055169
0.518848 0.347463 0.120669
0.383854 0.583234 0.217053
0.321309 0.005829 0.441648
0.477204 0.589950 0.431099
0.495456 0.258429 0.861544
0.267620 0.242082 0.475962
0.984878 0.233087 0.035484
0.017518 0.672794 0.867529
0.136737 0.450007 0.175270
0.402442 0.308288 0.094611
0.982255 0.326978 0.462725
0.235197 0.861182 0.998986
0.893034 0.761620 0.494140
0.552346 0.304849 0.579387
0.281258 0.899020 0.794495
0.785346 0.389773 0.813727
0.396962 0.278096 0.065863
0.879019 0.777017 0.724249
0.923494 0.515016 0.442975
0.445997 0.652254 0.777212
0.097302 0.121261 0.620098
0.009346 0.386360 0.008003
0.166894 0.150493 0.746082
0.743473 0.278240 0.802130
0.207527 0.983718 0.241295
0.929201 0.054917 0.294144
0.407413 0.783448 0.329708
0.186450 0.688978 0.956736
0.496007 0.958905 0.346236
0.279058 0.817766 0.535099
0.724405 0.267438 0.456116
0.269407 0.587352 0.667367
0.184256 0.515516 0.951126
0.159098 0.118097 0.653809
0.934802 0.670981 0.660877
0.081195 0.199140 0.425091
0.821150 0.425377 0.815641
0.640655 0.913324 0.968612
0.249748 0.157568 0.150368
0.664971 0.682387 0.149693
0.909687 0.556996 0.737036
0.174521 0.132025 0.115774
0.111270 0.148355 0.738696
0.921043 0.669190 0.659762
0.610074 0.172373 0.507305
0.722716 0.413075 0.718424
0.851900 0.267175 0.697774
0.104209 0.097626 0.280584
0.003477 0.276855 0.186421
0.346290 0.625935 0.658219
0.961076 0.142339 0.868596
0.058674 0.098354 0.438793
0.812309 0.282578 0.508386
0.953879 0.913804 0.416575
0.776717 0.804335 0.870750
0.519309 0.212710 0.696265
0.071091 0.705877 0.837117
0.650699 0.356664 0.214584
0.200169 0.441202 0.866535
0.896805 0.739776 0.344475
0.441841 0.605764 0.067101
0.266978 0.697888 0.977171
0.135450 0.670981 0.958609
0.424175 0.846865 0.440187
0.144555 0.602229 0.694643
0.811575 0.058142 0.734489
0.556259 0.980075 0.335109
0.921911 0.485041 0.602005
0.956973 0.212713 0.088042
0.952899 0.610356 0.678545
0.584455 0.477241 0.326297
0.899603 0.818786 0.542230
0.983455 0.994349 0.758049
0.913777 0.788611 0.630812
0.612237 0.419826 0.125133
0.344920 0.797411 0.433185
0.106217 0.200432 0.565428
0.885055 0.587894 0.869006
0.918587 0.736940 0.756098
0.480286 0.199570 0.033413
0.681269 0.976351 0.732392
0.562521 0.794674 0.538016
0.156328 0.606791 0.533226
0.107355 0.043454 0.980335
0.444915 0.007572 0.278393
0.408464 0.931302 0.754453
0.473206 0.497484 0.890737
0.803455 0.670775 0.497328
0.084599 0.041708 0.790705
0.029938 0.295909 0.460488
0.444213 0.528834 0.853525
0.302484 0.699207 0.839390
0.327795 0.658774 0.242628
0.845153 0.336518 0.808702
0.537251 0.635283 0.609957
0.671429 0.599316 0.655693
0.061994 0.866683 0.257175
0.627635 0.338085 0.540944
0.361936 0.485482 0.435397
0.705833 0.509514 0.731728
0.163468 0.127053 0.676826
0.934607 0.450396 0.136048
0.672321 0.937995 0.137571
0.980313 0.315132 0.285821
0.705371 0.357713 0.328131
0.588219 0.045851 0.671704
0.522691 0.458071 0.495009
0.590142 0.153313 0.966496
0.290036 0.024922 0.583364
0.388021 0.970388 0.656959
0.251699 0.676879 0.136302
0.613666 0.900950 0.335445
0.844426 0.058239 0.912238
0.843334 0.347312 0.198821
0.119155 0.789007 0.179659
0.228344 0.937295 0.187976
0.520683 0.002274 0.131396
0.958500 0.734778 0.628955
0.556097 0.093467 0.980700
0.112110 0.950790 0.880293
0.482693 0.583793 0.472822
0.848463 0.440374 0.952833
0.715263 0.722405 0.660039
0.020316 0.668496 0.926849
0.276378 0.976824 0.938153
0.670319 0.926292 0.515668
0.656276 0.937207 0.884035
0.515913 0.200160 0.468181
0.255310 0.570180 0.435800
0.634677 0.626533 0.756671
0.488074 0.305519 0.160770
0.085729 0.615027 0.585333
0.762222 0.780717 0.953337
0.674230 0.519346 0.670147
0.266630 0.545843 0.746529
0.927126 0.366873 0.722288
0.750051 0.212449 0.796392
0.862284 0.426108 0.054779
0.589977 0.941391 0.578489
0.861484 0.647176 0.278719
0.359374 0.065882 0.976820
0.706237 0.139889 0.920908
0.206214 0.449666 0.898186
0.287808 0.844069 0.922165
0.289163 0.675911 0.990359
0.702503 0.120339 0.584990
0.397058 0.189067 0.331786
0.027479 0.749612 0.623053
0.374809 0.816399 0.045652
0.439193 0.178284 0.804798
0.883569 0.836185 0.418132
0.570983 0.890310 0.332638
0.026988 0.203215 0.340703
0.871560 0.405317 0.985166
0.148405 0.319200 0.350229
0.730815 0.323800 0.332475
0.071177 0.128144 0.101942
0.895609 0.301400 0.700862
0.834905 0.894442 0.227811
0.125798 0.222708 0.321772
0.781898 0.327919 0.087598
0.166073 0.313831 0.719232
0.728028 0.800063 0.054167
0.850947 0.229213 0.332578
0.335470 0.315289 0.016276
0.221438 0.510013 0.727971
0.278228 0.877567 0.158897
0.271755 0.716320 0.700632
0.202831 0.683664 0.794200
0.875126 0.571963 0.273906
0.744615 0.638685 0.911615
0.349506 0.504754 0.637418
0.935394 0.761752 0.018734
0.831493 0.018100 0.791591
0.369350 0.090929 0.284759
0.847139 0.618548 0.415630
0.365913 0.796111 0.902760
0.180977 0.443882 0.533695
0.920394 0.958076 0.478459
0.076335 0.856362 0.263647
0.155159 0.383886 0.337852
0.898818 0.082934 0.064273
0.191730 0.074231 0.474063
0.155462 0.702638 0.528663
0.563892 0.690665 0.480878
0.538825 0.077967 0.680641
0.259255 0.023676 0.995250
0.926109 0.700233 0.492263
0.304389 0.155415 0.423408
0.014600 0.716295 0.130144
0.173705 0.413915 0.478073
0.908954 0.773076 0.093916
0.899380 0.809388 0.083195
0.022342 0.066406 0.853257
0.926137 0.564979 0.336885
0.190336 0.028060 0.070150
0.390665 0.353424 0.893204
0.006650 0.412140 0.374824
0.292841 0.718681 0.444503
0.690029 0.427741 0.236759
0.180799 0.268566 0.607175
0.032176 0.230375 0.972160
0.517801 0.599844 0.292044
0.967709 0.564251 0.763398
0.564095 0.064864 0.052692
0.115307 0.073845 0.483361
0.567811 0.661929 0.214877
0.782710 0.995359 0.262066
0.672434 0.817096 0.274077
0.829375 0.501139 0.919872
0.124126 0.436932 0.999180
0.872667 0.376173 0.810602
0.562216 0.607947 0.088063
0.259932 0.711510 0.814390
0.467565 0.256426 0.583935
0.248994 0.477240 0.604558
0.885695 0.761884 0.616787
0.641388 0.927581 0.310930
0.981533 0.241650 0.476652
0.172960 0.853778 0.792843
0.203407 0.179166 0.483217
0.834333 0.791438 0.527228
0.994429 0.522138 0.315576
0.066008 0.041382 0.112107
0.514794 0.927648 0.353790
0.623578 0.499778 0.640662
0.021969 0.442889 0.944407
0.755710 0.647594 0.325340
0.744931 0.721345 0.231316
0.024839 0.411753 0.571195
0.351636 0.767749 0.235140
0.746677 0.148512 0.418221
0.844635 0.600551 0.777256
0.137146 0.027543 0.278151
0.106079 0.458307 0.658454
0.295406 0.224843 0.834003
0.336986 0.640964 0.203710
0.108245 0.724902 0.699938
0.940766 0.216354 0.242207
0.823777 0.834371 0.030302
0.709492 0.758724 0.847254
0.757392 0.177371 0.587430
0.953370 0.515559 0.878425
0.048001 0.867860 0.325868
0.395308 0.760502 0.765541
0.333558 0.278292 0.619451
0.197665 0.651370 0.493465
0.024007 0.492779 0.578399
0.804651 0.895076 0.547956
0.060797 0.644951 0.019924
0.005715 0.888114 0.429614
0.507358 0.856418 0.892785
0.500076 0.272142 0.506565
0.641189 0.187912 0.447154
0.754978 0.851701 0.766089
0.691086 0.119940 0.596442
0.795985 0.101598 0.774827
0.696128 0.639471 0.661719
0.238012 0.049967 0.061236
0.242207 0.955085 0.499452
0.158924 0.099809 0.019565
0.585536 0.356738 0.301748
0.221402 0.239644 0.915852
0.916764 0.300696 0.267198
0.212150 0.107954 0.732351
0.531019 0.889128 0.082897
0.654559 0.920560 0.590910
0.185046 0.418124 0.533793
0.540791 0.091239 0.757315
0.873277 0.185679 0.513049
0.551451 0.718808 0.856450
0.557477 0.775499 0.202235
0.672701 0.117648 0.449328
0.103018 0.675513 0.251402
0.729641 0.663626 0.640639
0.144567 0.193369 0.607186
0.639745 0.401558 0.463185
0.552803 0.650352 0.089587
0.107671 0.397228 0.881114
0.974127 0.254245 0.986508
0.654920 0.060113 0.284155
0.120226 0.382766 0.307013
0.641086 0.791291 0.456749
0.907932 0.178045 0.089258
0.300270 0.756388 0.545968
0.075122 0.387290 0.712602
0.189151 0.576363 0.653471
0.895993 0.165573 0.015386
0.181977 0.021766 0.672754
0.409427 0.061871 0.376753
0.594557 0.995236 0.001627
0.384771 0.276243 0.386648
0.272027 0.589220 0.665800
0.538558 0.201540 0.337362
0.260774 0.675780 0.437202
0.899306 0.579631 0.839708
0.642167 0.324321 0.217931
0.814926 0.476178 0.055662
0.819037 0.051536 0.180425
0.208047 0.943577 0.513863
0.861678 0.233240 0.096577
0.542535 0.984559 0.513762
0.640495 0.761124 0.001210
0.669546 0.508995 0.475842
0.622605 0.468039 0.329085
0.919648 0.460191 0.424758
0.286266 0.349542 0.495622
0.834431 0.983554 0.546695
0.183643 0.470338 0.475844
0.364172 0.221505 0.613211
0.160382 0.689432 0.936171
0.975761 0.514699 0.098783
0.995148 0.396437 0.731696
0.674168 0.423049 0.968606
0.879802 0.346028 0.245824
0.080510 0.071571 0.780785
0.733186 0.796773 0.548900
0.707532 0.452126 0.447886
0.921964 0.249529 0.651153
0.185659 0.183871 0.329985
0.879350 0.232914 0.940713
0.814054 0.874996 0.413651
0.095826 0.598938 0.782184
0.136576 0.668363 0.369184
0.499986 0.575874 0.614633
0.147944 0.906338 0.451760
0.991333 0.295973 0.316433
0.572224 0.477710 0.380902
0.011774 0.981761 0.880516
0.437413 0.867552 0.220145
0.879010 0.341118 0.357260
0.441162 0.265032 0.111885
0.405435 0.427859 0.250206
0.282889 0.219661 0.200641
0.549592 0.254862 0.366615
0.939938 0.639068 0.541257
0.166045 0.756190 0.937064
0.766265 0.064816 0.883837
0.695887 0.975806 0.800514
0.094634 0.042155 0.673853
0.760756 0.199455 0.612804
0.679540 0.563100 0.062581
0.319398 0.964046 0.000468
0.258375 0.280575 0.758189
0.972292 0.971594 0.870555
0.729689 0.629538 0.270178
0.813885 0.723965 0.142954
0.834942 0.255334 0.696523
0.181407 0.760181 0.631075
0.733500 0.218034 0.844101
0.344241 0.273240 0.741670
0.375350 0.734455 0.635647
0.798207 0.244509 0.691758
0.619017 0.041063 0.095189
0.732912 0.298751 0.018735
0.234909 0.807276 0.088928
0.549636 0.537322 0.283359
0.649097 0.369733 0.246543
0.858992 0.555228 0.397760
0.599792 0.965141 0.070612
0.012527 0.810662 0.118153
0.509856 0.837550 0.285345
0.354296 0.059104 0.368976
0.979685 0.437944 0.685347
0.849751 0.148239 0.601220
0.140158 0.941182 0.885148
0.576433 0.241358 0.591202
0.569741 0.772480 0.027579
0.787997 0.107641 0.972378
0.578367 0.525014 0.396561
0.603931 0.932190 0.444829
0.197750 0.803664 0.599960
0.325455 0.319896 0.024874
0.959251 0.876183 0.478314
0.061569 0.654882 0.728561
0.906905 0.334887 0.416132
0.928928 0.013949 0.985227
0.924387 0.534512 0.469139
0.213116 0.548593 0.238562
0.731861 0.886460 0.261431
0.716349 0.724077 0.095230
0.411126 0.006608 0.037107
0.333455 0.553015 0.458778
0.133412 0.593995 0.675718
0.533623 0.426782 0.843558
0.346754 0.468219 0.529753
0.108247 0.658604 0.929875
0.518489 0.701344 0.623679
0.483548 0.876585 0.697134
0.570984 0.389525 0.078446
0.042606 0.158769 0.294247
0.383422 0.108638 0.030585
0.231366 0.052047 0.453294
0.234477 0.985584 0.272576
0.219256 0.012577 0.006764
0.771249 0.944590 0.420289
0.804688 0.157123 0.260839
0.154513 0.488260 0.997609
0.093080 0.814884 0.582504
0.224511 0.742856 0.583672
0.658415 0.570609 0.780347
0.473605 0.914814 0.994929
0.020850 0.924037 0.452822
0.916130 0.313033 0.856905
0.827482 0.468136 0.569541
0.337941 0.077721 0.291869
0.029698 0.514145 0.450368
0.193245 0.195743 0.232889
0.647001 0.154224 0.152137
0.748214 0.283147 0.908611
0.299550 0.631911 0.058655
0.413464 0.411743 0.580896
0.913292 0.239901 0.577260
0.238100 0.178336 0.696712
0.573835 0.067972 0.829396
0.602751 0.769148 0.902672
0.897898 0.090267 0.889664
0.548373 0.139520 0.336165
0.073220 0.408896 0.514470
0.399528 0.922024 0.531370
0.033340 0.948203 0.613532
0.240187 0.682279 0.506794
0.486526 0.665898 0.166548
0.531245 0.223182 0.783520
0.679452 0.122643 0.980020
0.392757 0.682356 0.599150
0.892063 0.634851 0.645954
0.314989 0.798633 0.774247
0.812790 0.672771 0.338628
0.394822 0.461712 0.808339
0.250660 0.285157 0.249932
0.391151 0.024482 0.853788
0.143776 0.482263 0.920917
0.006330 0.764136 0.941839
0.536265 0.045547 0.820411
0.972272 0.943601 0.480472
0.121506 0.238769 0.968209
0.480908 0.828668 0.411414
0.432701 0.821284 0.964565
0.509603 0.541558 0.928422
0.032366 0.328132 0.878171
0.635780 0.652611 0.083130
0.134118 0.422441 0.638492
0.219211 0.418320 0.939525
0.983330 0.428642 0.065048
0.119918 0.262607 0.365176
0.883983 0.148771 0.126403
0.072897 0.609995 0.111506
0.924750 0.946130 0.412156
0.054288 0.186145 0.021601
0.733484 0.035073 0.576544
0.869609 0.051329 0.580448
0.848972 0.642672 0.280574
0.016361 0.093446 0.524196
0.024588 0.748530 0.058698
0.353343 0.429921 0.359981
0.684816 0.932172 0.268638
0.950016 0.317403 0.605764
0.908035 0.476139 0.299924
0.408113 0.090954 0.848756
0.700580 0.231765 0.439634
0.031745 0.093753 0.506630
0.251973 0.926858 0.720737
0.088561 0.871960 0.469862
0.291911 0.468062 0.777820
0.231248 0.130632 0.094988
0.144016 0.343944 0.874637
0.638374 0.367915 0.342638
0.188551 0.478629 0.579088
0.368758 0.572121 0.867791
0.025007 0.816783 0.063339
0.047813 0.532058 0.586666
0.404622 0.724594 0.979851
0.258117 0.371487 0.588799
0.338269 0.761304 0.818711
0.140526 0.573699 0.196500
0.847100 0.992917 0.883098
0.700281 0.552606 0.870510
0.164204 0.441758 0.988790
0.415907 0.123925 0.812025
0.715860 0.126197 0.502788
0.274761 0.639541 0.753997
0.110125 0.194337 0.958095
0.276335 0.870065 0.773009
0.778420 0.976136 0.246755
0.411631 0.771186 0.362224
0.398251 0.124570 0.169773
0.064959 0.989052 0.484163
0.432177 0.340598 0.459839
0.979633 0.866444 0.629422
0.592138 0.374666 0.871151
0.205434 0.866508 0.590671
0.382419 0.628704 0.502911
0.253512 0.557447 0.839510
0.261054 0.266710 0.734968
0.651345 0.323322 0.217172
0.303804 0.810051 0.327331
0.743044 0.432518 0.127785
0.738753 0.150592 0.749063
0.937165 0.469951 0.346465
0.347492 0.026597 0.313144
0.437775 0.329131 0.923784
0.686552 0.846785 0.737567
0.667485 0.172943 0.017256
0.711939 0.229840 0.585986
0.176034 0.079310 0.554387
0.770742 0.995025 0.979679
0.248784 0.154116 0.955386
0.737055 0.515059 0.166707
0.764754 0.161906 0.420013
0.377523 0.997886 0.068482
0.872139 0.342750 0.412004
0.363349 0.595762 0.585740
0.734916 0.189165 0.296189
0.156291 0.399178 0.947927
0.615079 0.016482 0.566785
0.783012 0.157907 0.364946
0.993643 0.679546 0.207607
0.236346 0.019186 0.281400
0.649155 0.962033 0.757024
0.975390 0.541112 0.665899
0.382604 0.084242 0.121745
0.473772 0.206705 0.174580
0.451536 0.170719 0.559616
0.009136 0.259973 0.060167
0.972060 0.206522 0.558799
0.224677 0.454685 0.256623
0.513994 0.435696 0.441902
0.591924 0.395788 0.058611
0.308232 0.652800 0.406532
0.260495 0.624785 0.954841
0.247925 0.725155 0.665944
0.296844 0.022685 0.927964
0.854856 0.158676 0.148510
0.968014 0.304367 0.113709
0.186564 0.668191 0.077077
0.083267 0.157525 0.672401
0.071334 0.539925 0.913463
0.243587 0.527958 0.511232
0.765075 0.810026 0.413034
0.745779 0.153597 0.781359
0.985567 0.239349 0.770837
0.747141 0.708077 0.705967
0.624046 0.279253 0.734129
0.849235 0.700679 0.123702
0.588785 0.062838 0.198417
0.815859 0.807510 0.532021
0.453034 0.176099 0.142105
0.486066 0.911806 0.534866
0.643798 0.529241 0.682020
0.284040 0.449550 0.283092
0.264453 0.148501 0.570193
0.770690 0.656777 0.674599
0.389014 0.795210 0.964678
0.976089 0.687148 0.505914
0.455197 0.305171 0.456683
0.443130 0.495462 0.658713
0.513136 0.139105 0.058337
0.104996 0.128403 0.890348
0.826205 0.233248 0.451766
0.843875 0.102437 0.107253
0.916774 0.240349 0.634036
0.796594 0.479214 0.446376
0.878471 0.689504 0.857978
0.140448 0.170776 0.619619
0.744719 0.879852 0.710169
0.776485 0.245675 0.155135
0.728135 0.729544 0.984905
0.830210 0.658114 0.012441
0.335488 0.602762 0.590504
0.949477 0.098775 0.808795
0.198570 0.698518 0.301940
0.530406 0.549192 0.332392
0.673656 0.130562 0.626263
0.000451 0.320729 0.455983
0.510164 0.184198 0.146916
0.340554 0.196791 0.295341
0.128148 0.901640 0.177853
0.660541 0.229786 0.309210
0.523611 0.737270 0.636128
0.109289 0.439840 0.180051
0.976370 0.934380 0.013036
0.562273 0.555396 0.437320
0.978438 0.807107 0.241494
0.719561 0.455585 0.934862
0.800723 0.530807 0.145954
0.748154 0.859236 0.107657
0.559768 0.992068 0.175146
0.071854 0.307937 0.706414
0.339581 0.361687 0.995048
0.855602 0.025219 0.680475
0.613194 0.722177 0.945658
0.418501 0.174213 0.345829
0.258079 0.351142 0.658198
0.142137 0.660588 0.462446
0.348414 0.650021 0.187024
0.272127 0.805270 0.710868
0.811248 0.951457 0.849171
0.448856 0.374049 0.922629
0.462272 0.603757 0.088339
0.339187 0.461440 0.071656
0.735933 0.171871 0.198720
0.264413 0.471187 0.041347
0.362488 0.978732 0.520675
0.109591 0.076389 0.132189
0.289857 0.601818 0.109414
0.530805 0.270428 0.138839
0.847731 0.710717 0.470789
0.592226 0.108096 0.712018
0.885799 0.681239 0.965182
0.283337 0.277281 0.510060
0.531924 0.930367 0.696308
0.536033 0.949612 0.321444
0.428495 0.613375 0.390419
0.466786 0.537890 0.297676
0.041985 0.294657 0.417219
0.545835 0.601974 0.303753
0.545390 0.212499 0.694642
0.226839 0.022914 0.437441
0.788518 0.415265 0.491342
0.305583 0.054515 0.118871
0.913112 0.196931 0.261048
0.462113 0.764327 0.385825
0.537022 0.344047 0.687167
0.931589 0.937979 0.006258
0.726378 0.570301 0.002622
0.828803 0.405252 0.999008
0.568750 0.624899 0.021641
0.078028 0.202114 0.014310
0.015235 0.946582 0.223670
0.377889 0.865221 0.060318
0.969095 0.601995 0.884582
0.586031 0.457211 0.879089
0.681935 0.855030 0.646312
0.902059 0.414542 0.748787
0.106565 0.108254 0.443503
0.114877 0.684496 0.794214
0.532359 0.649234 0.697224
0.658438 0.804955 0.530349
0.137087 0.805714 0.298438
0.644663 0.548713 0.191846
0.941500 0.059628 0.129297
0.180078 0.754087 0.614596
0.089685 0.285928 0.148926
0.103996 0.978899 0.119076
0.705193 0.792273 0.377427
0.055651 0.586552 0.474742
0.192426 0.559390 0.336425
0.595125 0.179625 0.116807
0.651796 0.911430 0.472689
0.870981 0.686175 0.206043
0.239792 0.843937 0.577241
0.898197 0.473595 0.095754
0.030844 0.186590 0.936229
0.110094 0.371756 0.817146
0.642478 0.232620 0.579752
0.754458 0.948257 0.675289
0.848711 0.568954 0.565984
0.932674 0.249905 0.927594
0.331806 0.042227 0.739131
0.218452 0.625811 0.905182
0.872545 0.884896 0.353395
0.638100 0.463192 0.522125
0.632945 0.128618 0.632863
0.629724 0.930586 0.819158
0.625075 0.087242 0.590927
0.543861 0.517130 0.214718
0.416228 0.096038 0.914801
0.310848 0.571544 0.890060
0.722305 0.468651 0.766642
0.614277 0.296934 0.710693
0.507794 0.990455 0.379029
0.892778 0.345897 0.133335
0.292119 0.232935 0.973779
0.967095 0.874178 0.686537
0.208383 0.483374 0.834500
0.269454 0.878724 0.352612
0.671462 0.990727 0.903887
0.638538 0.131311 0.458251
0.778257 0.541509 0.737709
0.298239 0.494365 0.801301
0.836939 0.896399 0.988735
0.458884 0.478025 0.234945
0.405561 0.344664 0.631051
0.026361 0.406603 0.873634
0.109891 0.919442 0.196302
0.504998 0.224689 0.462829
0.185725 0.103683 0.699058
0.537986 0.133833 0.430145
0.781135 0.221291 0.998703
0.982541 0.509580 0.446847
0.293777 0.401852 0.988271
0.617180 0.009205 0.843743
0.810664 0.464553 0.719383
0.166489 0.264873 0.938994
0.876416 0.258612 0.363083
0.593900 0.437128 0.145353
0.171154 0.470045 0.763073
0.174347 0.651841 0.456954
0.977247 0.799024 0.691357
0.340982 0.149046 0.989285
0.632533 0.786267 0.952197
0.378643 0.261920 0.041159
0.365656 0.852348 0.868680
0.171444 0.225664 0.121506
0.579582 0.903273 0.692324
0.995392 0.453393 0.111479
0.353309 0.802797 0.979727
0.362823 0.381696 0.397706
0.658141 0.145638 0.022880
0.518691 0.452884 0.857483
0.029001 0.881648 0.936018
0.833795 0.635681 0.035707
0.797250 0.891190 0.948614
0.837390 0.966518 0.014095
0.276382 0.433584 0.424350
0.258313 0.189083 0.409760
0.167560 0.920411 0.595701
0.381961 0.549542 0.199973
0.242133 0.923797 0.068057
0.641652 0.278182 0.288404
0.861711 0.654067 0.299697
0.930236 0.819935 0.387307
0.029794 0.441005 0.783932
0.178042 0.156005 0.017342
0.540432 0.371104 0.922470
0.809884 0.233986 0.615438
0.255105 0.634999 0.691152
0.629275 0.860357 0.551743
0.843901 0.350768 0.223038
0.305569 0.265098 0.135389
0.007642 0.253843 0.952540
0.332484 0.175391 0.271183
0.471778 0.791202 0.447910
0.883878 0.490626 0.686704
0.708655 0.814321 0.758991
0.862173 0.174826 0.409667
0.636628 0.074744 0.163758
0.069955 0.064228 0.710194
0.528431 0.442005 0.167927
0.939388 0.890572 0.615859
0.178310 0.030840 0.964241
0.721503 0.949334 0.809635
0.847988 0.661927 0.042100
0.953028 0.057961 0.481945
0.535439 0.673529 0.372318
0.582945 0.160469 0.387073
0.808751 0.279720 0.304877
0.875590 0.018781 0.410731
0.734366 0.833672 0.172424
0.866529 0.525090 0.574700
0.743938 0.996612 0.215651
0.904691 0.532016 0.084031
0.194889 0.011486 0.274152
0.313671 0.800492 0.673323
0.629072 0.368905 0.234463
0.321671 0.169328 0.430202
0.612963 0.586956 0.646223
0.254706 0.779422 0.176386
0.447382 0.340008 0.417581
0.351103 0.499996 0.559083
0.747919 0.783560 0.805730
0.817303 0.214119 0.170563
0.990605 0.708170 0.784527
0.208361 0.963396 0.679384
0.371832 0.233775 0.010018
0.973172 0.808839 0.564715
0.705736 0.210002 0.447020
0.191141 0.342390 0.142810
0.987770 0.350572 0.909269
0.989514 0.608758 0.134430
0.406843 0.389864 0.797766
0.328584 0.525538 0.129932
0.160591 0.467678 0.223928
0.092364 0.466871 0.068606
0.226651 0.868331 0.182318
0.200863 0.550199 0.004308
0.175440 0.492051 0.230594
0.014502 0.501798 0.024084
0.781704 0.931596 0.237778
0.892232 0.330432 0.438727
0.773261 0.569734 0.987154
0.122867 0.384329 0.785186
0.636063 0.685230 0.249242
0.460941 0.561322 0.585519
0.785164 0.304267 0.175456
0.771994 0.217840 0.018366
0.168049 0.410357 0.099800
0.526586 0.859957 0.847376
0.406558 0.806987 0.199152
0.258717 0.619786 0.617910
0.136876 0.243616 0.605594
0.847727 0.689814 0.439573
0.555770 0.183784 0.750046
0.669440 0.909367 0.432475
0.269076 0.103035 0.916473
0.727173 0.174126 0.795175
0.243335 0.746500 0.634336
0.567148 0.158126 0.977105
0.825485 0.589842 0.955374
0.791814 0.248629 0.566936
0.365337 0.809692 0.444603
0.998729 0.186347 0.536512
0.074788 0.623199 0.021121
0.738794 0.510706 0.877386
0.544860 0.429030 0.560483
0.444374 0.329820 0.346458
0.489321 0.347623 0.877705
0.952410 0.130913 0.387732
0.759299 0.226555 0.428597
0.826675 0.486389 0.764797
0.847106 0.648753 0.219338
0.194140 0.032033 0.739786
0.320166 0.746598 0.602755
0.450056 0.952145 0.289617
0.354937 0.307838 0.659789
0.365042 0.466071 0.204892
0.453303 0.720192 0.137756
0.830299 0.619251 0.360189
0.405472 0.919086 0.828054
0.806991 0.934545 0.343165
0.064984 0.652081 0.988244
0.615582 0.335984 0.946116
0.897942 0.109434 0.115491
0.211034 0.887650 0.854264
0.713699 0.542314 0.206613
0.947900 0.938373 0.265933
0.026981 0.355491 0.133157
0.108713 0.387657 0.913859
0.498857 0.575221 0.842217
0.130216 0.498115 0.512663
0.132422 0.325139 0.042483
0.235699 0.925816 0.634012
0.886971 0.637392 0.748218
0.522408 0.349954 0.621027
0.735641 0.758970 0.919155
0.582454 0.268270 0.746519
0.247768 0.256776 0.840034
0.172746 0.599147 0.996784
0.083721 0.947599 0.327944
0.249152 0.758267 0.382786
0.709521 0.294071 0.946790
0.483099 0.446528 0.708793
0.921170 0.950433 0.204871
0.199450 0.816928 0.527863
0.409306 0.738017 0.447159
0.586928 0.846243 0.579478
0.089487 0.581054 0.314968
0.924297 0.506096 0.922019
0.716785 0.121705 0.495251
0.323607 0.368027 0.999943
0.278516 0.113939 0.428626
0.839497 0.233043 0.561035
0.783516 0.779554 0.317043
0.112775 0.080843 0.079029
0.123250 0.449882 0.086882
0.935317 0.194003 0.034923
0.025408 0.331146 0.670216
0.071464 0.877123 0.460412
0.567221 0.496379 0.214404
0.113384 0.762351 0.561248
0.910615 0.842619 0.352002
0.820718 0.028945 0.250956
0.080821 0.028415 0.788972
0.175431 0.888179 0.131957
0.778107 0.028821 0.477004
0.544923 0.587018 0.131632
0.752938 0.826922 0.919570
0.999081 0.045805 0.512404
0.139703 0.278092 0.356436
0.249100 0.401522 0.455169
0.836269 0.421361 0.922869
0.913209 0.924295 0.518807
0.721217 0.137043 0.512337
0.412786 0.784272 0.943897
0.667228 0.092955 0.069371
0.661664 0.891851 0.957718
0.327900 0.159705 0.295217
0.983623 0.999573 0.367250
0.620034 0.876770 0.642398
0.087129 0.053080 0.716888
0.117384 0.059599 0.664106
0.444905 0.675910 0.969487
0.924065 0.657670 0.948823
0.765449 0.797238 0.312665
0.182811 0.832275 0.429061
0.773188 0.426978 0.643005
0.663539 0.873501 0.074954
0.083547 0.184329 0.819319
0.309081 0.821512 0.559359
0.913418 0.331977 0.709711
0.157810 0.688124 0.358547
0.714175 0.367183 0.043581
0.492210 0.376225 0.515193
0.362759 0.277676 0.420199
0.257710 0.908635 0.781054
0.003486 0.970638 0.201648
0.142747 0.789028 0.201453
0.226410 0.121793 0.035956
0.138465 0.436395 0.861774
0.263986 0.429389 0.380685
0.232068 0.702269 0.852146
0.286011 0.957917 0.520634
0.811744 0.056043 0.056922
0.616509 0.171993 0.450310
0.141567 0.939824 0.716071
0.943205 0.451944 0.270733
0.806320 0.394854 0.767156
0.890619 0.133831 0.574606
0.316094 0.428460 0.241130
0.315049 0.694471 0.538258
0.125172 0.128619 0.303791
0.431248 0.389138 0.706215
0.972452 0.303201 0.025436
0.375880 0.729063 0.418353
0.156183 0.035996 0.688461
0.448964 0.534746 0.321867
0.196844 0.275626 0.623036
0.430193 0.380301 0.402301
0.342526 0.930892 0.175098
0.515986 0.393843 0.900319
0.016521 0.249763 0.981012
0.241607 0.423138 0.927915
0.359238 0.875308 0.820564
0.729986 0.508264 0.632755
0.161805 0.833935 0.395198
0.280033 0.388217 0.410057
0.132126 0.419111 0.065620
0.573100 0.019468 0.684181
0.783500 0.475617 0.235538
0.340224 0.723659 0.389451
0.999711 0.098230 0.639022
0.345093 0.146548 0.908039
0.822738 0.366659 0.011532
0.067683 0.235938 0.173661
0.892171 0.879724 0.299648
0.790407 0.552108 0.622579
0.279089 0.224670 0.675994
0.980794 0.593539 0.865344
0.641828 0.877895 0.866290
0.849014 0.238600 0.933091
0.945281 0.364558 0.187029
0.616773 0.300596 0.875966
0.710168 0.501914 0.168706
0.278063 0.828863 0.927679
0.879507 0.760422 0.090072
0.220680 0.582922 0.006203
0.195204 0.543561 0.293575
0.869248 0.330780 0.430123
0.639902 0.867414 0.066593
0.483335 0.265022 0.919603
0.464648 0.907601 0.678394
0.334530 0.865274 0.896836
0.933254 0.445199 0.881389
0.634644 0.098019 0.955479
0.962635 0.227043 0.071337
0.626205 0.291105 0.436082
0.508658 0.425071 0.425998
0.914066 0.237188 0.135195
0.776171 0.629849 0.533089
0.642798 0.144832 0.679547
0.236848 0.235931 0.557683
0.307448 0.205051 0.988564
0.047861 0.641924 0.486210
0.455029 0.617853 0.351839
0.095698 0.835483 0.000490
0.206468 0.942306 0.671547
0.377465 0.609890 0.167780
0.722863 0.756380 0.702035
0.467777 0.767256 0.001599
0.767598 0.683993 0.044372
0.455771 0.102120 0.939297
0.474495 0.285908 0.618242
0.011751 0.064327 0.907101
0.311396 0.361006 0.699279
0.408464 0.449266 0.009113
0.102227 0.724386 0.159401
0.559156 0.990006 0.800168
0.247102 0.337895 0.188130
0.314346 0.569020 0.455827
0.723930 0.719481 0.643191
0.558408 0.267841 0.975074
0.065440 0.738386 0.982023
0.890647 0.973676 0.996127
0.886355 0.210568 0.764714
0.166806 0.428165 0.945823
0.831287 0.311148 0.963803
0.908407 0.445235 0.428754
0.321175 0.347133 0.213832
0.181598 0.329611 0.630305
0.653236 0.112947 0.017668
0.383477 0.062301 0.251792
0.757265 0.923452 0.505821
0.000778 0.871402 0.967857
0.249832 0.195537 0.655056
0.775163 0.142396 0.995916
0.554363 0.507095 0.055582
0.186529 0.601604 0.822261
0.563854 0.018252 0.923696
0.353820 0.559771 0.091182
0.815234 0.996428 0.890879
0.769225 0.453639 0.222761
0.788267 0.629580 0.681696
0.107949 0.048524 0.352637
0.685763 0.160551 0.222688
0.503558 0.693748 0.634963
0.180377 0.435405 0.385665
0.821552 0.575664 0.290597
0.341746 0.805095 0.246826
0.372145 0.658541 0.356534
0.165423 0.218704 0.640164
0.537493 0.602920 0.778692
0.519524 0.604625 0.188611
0.599770 0.453364 0.815102
0.655735 0.216541 0.373035
0.933336 0.205576 0.623097
0.394561 0.468497 0.530215
0.424162 0.088058 0.455263
0.123526 0.833039 0.587419
0.802482 0.779106 0.234657
0.577650 0.035856 0.695262
0.338956 0.069431 0.022562
0.687875 0.491273 0.871427
0.499594 0.975683 0.831498
0.764549 0.441969 0.612244
0.707902 0.396151 0.859490
0.176082 0.660130 0.077466
0.883178 0.104653 0.618312
0.556305 0.723812 0.892132
0.167841 0.137517 0.845729
0.870183 0.506806 0.800281
0.419388 0.060858 0.846159
0.084031 0.841527 0.613777
0.519212 0.371790 0.438204
0.657981 0.208030 0.948327
0.886669 0.512634 0.555127
0.239403 0.871929 0.580099
0.924831 0.926068 0.187587
0.516528 0.806158 0.751115
0.813622 0.454777 0.408585
0.712207 0.564274 0.524516
0.792251 0.143635 0.780594
0.040965 0.259273 0.967139
0.270033 0.355509 0.160449
0.605233 0.690335 0.626711
0.745464 0.470920 0.153058
0.832335 0.276940 0.866650
0.156433 0.095911 0.551546
0.981277 0.249799 0.516642
0.936908 0.548787 0.979195
0.946210 0.745192 0.595934
0.373107 0.714313 0.039726
0.279332 0.447608 0.308426
0.709676 0.674682 0.219273
0.261969 0.963397 0.291290
0.252928 0.090630 0.081978
0.764090 0.147873 0.369582
0.207511 0.819666 0.472140
0.890744 0.449552 0.265131
0.854216 0.504114 0.674000
0.896607 0.689902 0.108814
0.185788 0.227038 0.288343
0.849382 0.335665 0.930895
0.183141 0.688467 0.897813
0.936474 0.462776 0.447487
0.352596 0.033616 0.704856
0.911964 0.792076 0.241778
0.201418 0.236392 0.756406
0.537150 0.379705 0.584785
0.382032 0.251129 0.902156
0.291548 0.997545 0.408466
0.231807 0.883152 0.818453
0.534245 0.472800 0.996505
0.464298 0.012180 0.236038
0.590718 0.646288 0.709366
0.560309 0.112405 0.610616
0.602765 0.749636 0.843929
0.056472 0.797561 0.615438
0.506828 0.485400 0.351174
0.666433 0.869600 0.017566
0.340853 0.315939 0.292614
0.487197 0.357639 0.181785
0.136390 0.614846 0.860027
0.222848 0.420745 0.485323
0.062674 0.733905 0.044828
0.569625 0.298453 0.949170
0.466716 0.552664 0.208417
0.983854 0.383279 0.955747
0.270066 0.103057 0.232142
0.087156 0.873307 0.158398
0.245898 0.647766 0.160117
0.845968 0.101430 0.622910
0.944530 0.946529 0.033322
0.512003 0.470422 0.393161
0.457474 0.037017 0.045262
0.573614 0.043631 0.837556
0.412954 0.105216 0.804052
0.086520 0.806504 0.414404
0.230971 0.038912 0.844119
0.615768 0.154386 0.281867
0.912865 0.433452 0.216242
0.141077 0.084488 0.768627
0.941130 0.516481 0.160078
0.516399 0.151613 0.879977
0.009121 0.936154 0.963134
0.242753 0.910499 0.158364
0.649664 0.522510 0.125193
0.073395 0.492307 0.666786
0.814723 0.216097 0.861143
0.994391 0.086200 0.154299
0.400488 0.965076 0.151551
0.031400 0.442358 0.583851
0.216382 0.937897 0.867883
0.467685 0.307542 0.425366
0.022053 0.942093 0.879808
0.566283 0.981211 0.746934
0.452924 0.848774 0.375173
0.063498 0.655762 0.865451
0.093691 0.238550 0.655414
0.515809 0.602578 0.007155
0.983433 0.303496 0.663054
0.186718 0.652127 0.757123
0.229021 0.455864 0.090415
0.247036 0.001823 0.792583
0.752455 0.782847 0.534260
0.244384 0.266684 0.579761
0.639342 0.722681 0.437869
0.876545 0.556009 0.534105
0.731231 0.087834 0.508934
0.051722 0.364088 0.867626
0.557338 0.341089 0.760252
0.218202 0.338847 0.861362
0.525860 0.145909 0.904430
0.522034 0.438358 0.045553
0.698358 0.210716 0.361656
0.732778 0.789929 0.996319
0.139952 0.087798 0.608808
0.917435 0.437864 0.615694
0.963329 0.108950 0.277539
0.806961 0.981754 0.202101
0.284998 0.775956 0.782786
0.350838 0.770484 0.444361
0.320612 0.696881 0.270342
0.805647 0.902699 0.452773
0.081281 0.543489 0.469962
0.007142 0.483523 0.626686
0.923556 0.398129 0.018946
0.598734 0.565846 0.008726
0.593740 0.474850 0.436666
0.679200 0.712465 0.374831
0.044160 0.877061 0.605049
0.692459 0.259852 0.310622
0.843261 0.471972 0.628675
0.674361 0.257931 0.797394
0.362975 0.515373 0.027497
0.520093 0.533896 0.242007
0.445443 0.861280 0.133742
0.615747 0.968461 0.183657
0.996144 0.034127 0.008228
0.598034 0.154146 0.630294
0.406814 0.468515 0.976888
0.797496 0.310623 0.527998
0.861307 0.940740 0.636024
0.054994 0.366448 0.846235
0.122881 0.185342 0.160265
0.811750 0.726017 0.103009
0.612688 0.423197 0.093021
0.058464 0.203298 0.880083
0.571004 0.945145 0.161856
0.035653 0.551596 0.892582
0.843782 0.817638 0.514174
0.283951 0.752453 0.581807
0.042300 0.896926 0.794989
0.758676 0.645404 0.658537
0.946845 0.205431 0.611909
0.286383 0.178688 0.030518
0.490795 0.252824 0.754539
0.285390 0.162249 0.264418
0.047996 0.705241 0.478666
0.344159 0.007218 0.129276
0.429787 0.218910 0.821971
0.218925 0.256634 0.551285
0.926555 0.265112 0.749029
0.679004 0.459983 0.545503
0.112091 0.299396 0.508279
0.696277 0.772703 0.768015
0.073465 0.101680 0.519789
0.664287 0.356816 0.477683
0.699491 0.061153 0.626090
0.233863 0.383288 0.973866
0.733202 0.633759 0.474170
0.897331 0.077517 0.849399
0.253798 0.345015 0.138974
0.821756 0.847691 0.684193
0.460310 0.040353 0.844107
0.163824 0.509193 0.218273
0.358943 0.233218 0.296050
0.867398 0.911894 0.975821
0.881081 0.551978 0.344904
0.748645 0.292593 0.562282
0.734463 0.023727 0.351335
0.727810 0.495613 0.282718
0.716128 0.119462 0.221875
0.543164 0.424347 0.911481
0.320655 0.524843 0.324895
0.754657 0.766716 0.444321
0.551021 0.241411 0.513525
0.610621 0.889764 0.272332
0.244777 0.991679 0.451638
0.857653 0.518150 0.282761
0.918593 0.137668 0.363731
0.787560 0.277913 0.550336
0.641737 0.727900 0.907638
0.800841 0.077893 0.724562
0.533193 0.772161 0.398747
0.803055 0.445806 0.264980
0.178032 0.341626 0.551835
0.716493 0.817308 0.983055
0.667304 0.059468 0.555221
0.263113 0.682559 0.109496
0.283447 0.648101 0.476234
0.382667 0.037986 0.569472
0.127882 0.371903 0.387408
0.437524 0.821243 0.879555
0.616366 0.197517 0.618872
0.575578 0.772262 0.354179
0.801989 0.866840 0.750915
0.059321 0.815678 0.132929
0.091854 0.652177 0.100625
0.121048 0.390035 0.944217
0.207278 0.587317 0.102417
0.336519 0.997187 0.141692
0.749376 0.728190 0.381510
0.702793 0.555522 0.951705
0.397955 0.020582 0.960880
0.327293 0.828294 0.108308
0.624168 0.784333 0.722908
0.974566 0.557236 0.038883
0.077364 0.535927 0.260500
0.609050 0.864669 0.189146
0.518849 0.724413 0.775467
0.900258 0.797217 0.049160
0.830019 0.589324 0.672789
0.791082 0.443152 0.868985
0.848689 0.505886 0.622373
0.939188 0.750049 0.937187
0.409182 0.749454 0.884938
0.052547 0.160576 0.712071
0.484676 0.999442 0.336589
0.043217 0.630868 0.337322
0.566186 0.791439 0.566353
0.893148 0.866416 0.424164
0.815112 0.059161 0.131831
0.499128 0.834516 0.492833
0.364501 0.295209 0.382439
0.633684 0.783930 0.330042
0.763519 0.559521 0.290391
0.204894 0.921027 0.225532
0.992300 0.793341 0.415908
0.110128 0.200120 0.576812
0.338998 0.647704 0.289846
0.912228 0.481459 0.658627
0.083024 0.280478 0.698309
0.321742 0.927816 0.361293
0.517677 0.631585 0.468406
0.891035 0.713191 0.100273
0.102503 0.302835 0.489163
0.190253 0.213722 0.644249
0.838105 0.897987 0.970406
0.030435 0.455308 0.248408
0.093275 0.048750 0.157773
0.870497 0.512003 0.813518
0.589506 0.183261 0.951066
0.303272 0.924095 0.677433
0.315561 0.256534 0.841702
0.459827 0.177950 0.654428
0.309423 0.922678 0.834035
0.501949 0.936528 0.053174
0.265838 0.242717 0.865822
0.803834 0.015319 0.215914
0.889606 0.610176 0.741463
0.059969 0.128398 0.931337
0.477422 0.854117 0.893695
0.818709 0.637243 0.374401
0.467701 0.857652 0.786092
0.012487 0.148378 0.499521
0.586786 0.723796 0.259655
0.660107 0.840915 0.203422
0.608921 0.775580 0.163071
0.245314 0.274304 0.804641
0.417215 0.932636 0.674799
0.345146 0.891501 0.506205
0.603569 0.095366 0.276482
0.312621 0.938387 0.425817
0.170276 0.788470 0.378113
0.795997 0.588220 0.832207
0.267981 0.585755 0.490468
0.084979 0.143022 0.774467
0.332679 0.067885 0.974336
0.672150 0.797314 0.588450
0.208234 0.709688 0.112087
0.621899 0.884086 0.486305
0.634192 0.040284 0.839661
0.334337 0.690527 0.266429
0.234439 0.258017 0.895358
0.348019 0.380084 0.859651
0.121699 0.993118 0.689715
0.216479 0.512105 0.261798
0.089958 0.149941 0.062722
0.301577 0.978758 0.465587
0.719495 0.639031 0.093747
0.608787 0.009284 0.754083
0.779640 0.043018 0.516942
0.151441 0.775419 0.975774
0.488627 0.055758 0.461385
0.418354 0.691615 0.503828
0.212045 0.565186 0.883609
0.827492 0.246966 0.350079
0.901444 0.158969 0.983893
0.201624 0.448815 0.000745
0.047852 0.712187 0.746306
0.403498 0.237066 0.700412
0.930805 0.574749 0.033273
0.004160 0.836138 0.515640
0.429635 0.733684 0.572864
0.635814 0.673785 0.272191
0.180440 0.339005 0.185180
0.477377 0.088830 0.919275
0.903695 0.435319 0.600895
0.718100 0.554590 0.413391
0.277171 0.989466 0.106386
0.056649 0.759971 0.458158
0.320465 0.955005 0.609850
0.476889 0.625973 0.964857
0.626130 0.826991 0.598368
0.214524 0.127136 0.802485
0.160967 0.487334 0.716267
0.184546 0.226366 0.453468
0.152373 0.646189 0.133684
0.755256 0.327664 0.641038
0.364652 0.222245 0.160246
0.510003 0.066120 0.895081
0.689613 0.587166 0.906517
0.771803 0.493997 0.599270
0.958076 0.446813 0.615621
0.658650 0.750660 0.366321
0.011936 0.645692 0.637933
0.758424 0.107597 0.721418
0.149389 0.662801 0.611080
0.508088 0.401433 0.565402
0.299617 0.592704 0.643662
0.949530 0.989509 0.980806
0.220945 0.635626 0.020601
0.489937 0.391188 0.392026
0.433686 0.681527 0.521167
0.836987 0.098988 0.255305
0.960066 0.614123 0.818132
0.214165 0.601418 0.177976
0.644446 0.187735 0.386888
0.471056 0.914973 0.725063
0.399990 0.123004 0.257137
0.294866 0.091059 0.984926
0.844809 0.738883 0.286110
0.799316 0.673472 0.625412
0.340241 0.210922 0.581551
0.518015 0.813746 0.433245
0.417920 0.192283 0.507077
0.190353 0.752199 0.104502
0.852835 0.846997 0.326909
0.782814 0.374307 0.711347
0.173988 0.641509 0.371954
0.238310 0.587704 0.914875
0.271238 0.169328 0.296107
0.200270 0.851235 0.379219
0.667399 0.632297 0.264952
0.151220 0.636607 0.413633
0.831976 0.571392 0.587423
0.596678 0.715782 0.385508
0.382713 0.065789 0.698926
0.030399 0.695589 0.974809
0.248815 0.595399 0.967456
0.184460 0.914318 0.138147
0.216855 0.614889 0.884498
0.772850 0.477492 0.546150
0.882011 0.509283 0.944818
0.687749 0.938525 0.627669
0.674953 0.182727 0.307250
0.664804 0.427060 0.585927
0.381692 0.177475 0.899466
0.857324 0.965528 0.378318
0.746272 0.303885 0.517918
0.933877 0.619491 0.814265
0.435881 0.732934 0.831118
0.878733 0.080017 0.878502
0.082595 0.064137 0.035131
0.334834 0.875926 0.806033
0.291286 0.959582 0.602618
0.104002 0.911080 0.947238
0.689114 0.515247 0.639841
0.051341 0.999828 0.196534
0.127952 0.205899 0.933773
0.290104 0.207626 0.433784
0.789653 0.477926 0.972280
0.620691 0.209871 0.110071
0.112025 0.518786 0.195370
0.615939 0.271110 0.128226
0.888991 0.176472 0.505408
0.924030 0.891024 0.504422
0.505845 0.061243 0.660122
0.575256 0.284019 0.660487
0.910723 0.581870 0.671754
0.794701 0.672129 0.609817
0.711246 0.183147 0.127682
0.454178 0.373590 0.120088
0.075155 0.557078 0.070332
0.013377 0.080926 0.458085
0.871635 0.006403 0.029315
0.711347 0.969730 0.697889
0.716972 0.337069 0.804410
0.866823 0.533009 0.767917
0.803479 0.073235 0.536116
0.496469 0.266048 0.714804
0.612512 0.293990 0.826024
0.621657 0.701894 0.212021
0.171899 0.345017 0.025598
0.999106 0.569510 0.718740
0.779509 0.676169 0.861517
0.373989 0.565660 0.991162
0.643434 0.051272 0.990895
0.017005 0.190836 0.027916
0.723312 0.820157 0.170542
0.958670 0.087888 0.685878
0.403043 0.444791 0.017157
0.724027 0.815729 0.954888
0.928900 0.452659 0.987812
0.294681 0.204651 0.022747
0.286074 0.561812 0.433963
0.484836 0.211507 0.884320
0.057388 0.671537 0.365066
0.210345 0.304938 0.580371
0.109002 0.587237 0.658089
0.157640 0.912810 0.342916
0.626344 0.684482 0.052218
0.621777 0.565876 0.660812
0.864055 0.591349 0.698965
0.549323 0.313669 0.305582
0.111589 0.822204 0.707547
0.722232 0.908950 0.407233
0.580520 0.622259 0.045443
0.334707 0.334628 0.059341
0.128235 0.864730 0.688968
0.645689 0.022667 0.121482
0.394662 0.710488 0.977789
0.087919 0.814031 0.912492
0.543918 0.804646 0.160744
0.385757 0.297979 0.375700
0.419229 0.000286 0.237927
0.316955 0.447991 0.230019
0.469457 0.655188 0.455921
0.926580 0.436719 0.698481
0.938694 0.271732 0.759012
0.319947 0.137148 0.286967
0.043141 0.806435 0.071877
0.624151 0.661055 0.437739
0.004543 0.669943 0.439517
0.438986 0.292493 0.661967
0.705692 0.567152 0.617811
0.138458 0.355168 0.489985
0.169153 0.786146 0.000665
0.435082 0.266395 0.837608
0.252936 0.339857 0.865280
0.562559 0.262009 0.318139
0.958863 0.765494 0.897178
0.860740 0.420352 0.961677
0.920941 0.722081 0.843135
0.954277 0.808305 0.525240
0.030194 0.782382 0.377084
0.786419 0.622329 0.232973
0.821345 0.592493 0.911190
0.051163 0.072565 0.692024
0.985606 0.493581 0.755750
0.888284 0.018587 0.319232
0.320605 0.804924 0.112630
0.852208 0.449317 0.592469
0.083630 0.436315 0.249131
0.454726 0.280201 0.138460
0.083480 0.709420 0.337692
0.783669 0.369678 0.028164
0.796678 0.265835 0.310293
0.223256 0.217307 0.605027
0.111608 0.545067 0.374294
0.346007 0.444333 0.797331
0.138925 0.488071 0.147739
0.401298 0.376844 0.323375
0.539679 0.658628 0.816346
0.635833 0.443320 0.001428
0.099842 0.501269 0.071245
0.067251 0.508526 0.633970
0.545176 0.835764 0.850033
0.609283 0.876109 0.969584
0.017108 0.714455 0.433716
0.878592 0.828537 0.754911
0.148201 0.146853 0.462600
0.536827 0.586908 0.078772
0.348680 0.404522 0.488302
0.153603 0.223348 0.017457
0.354751 0.704476 0.560103
0.441275 0.967203 0.530079
0.957999 0.907668 0.365024
0.391584 0.475919 0.995718
0.939251 0.823299 0.202514
0.133976 0.918499 0.234050
0.689964 0.394491 0.901020
0.969160 0.902066 0.413625
0.987948 0.917674 0.116300
0.760723 0.147210 0.376193
0.693750 0.076124 0.566153
0.286174 0.888485 0.008460
0.615352 0.214064 0.935380
0.067443 0.176927 0.593953
0.704757 0.528164 0.564052
0.594134 0.439918 0.119483
0.738820 0.101446 0.811364
0.076823 0.651852 0.927978
0.769829 0.302927 0.609889
0.922155 0.927485 0.816003
0.036029 0.414226 0.221342
0.174437 0.472381 0.416333
0.516332 0.945774 0.007143
0.333215 0.107982 0.320051
0.740674 0.292775 0.419854
0.312953 0.498192 0.361827
0.064651 0.025902 0.594264
0.280130 0.765704 0.001031
0.849469 0.243143 0.130509
0.603212 0.429995 0.740713
0.422204 0.177380 0.252008
0.314429 0.247453 0.242302
0.929967 0.767797 0.651364
0.276595 0.023208 0.959905
0.231560 0.857365 0.892217
0.797907 0.857598 0.796598
0.078244 0.956143 0.562509
0.771139 0.251343 0.159304
0.948589 0.186156 0.076932
0.476889 0.521005 0.133283
0.743905 0.149153 0.954421
0.343504 0.458045 0.444017
0.889387 0.602215 0.735993
0.855790 0.176464 0.841252
0.396331 0.160714 0.975066
0.176182 0.494988 0.089290
0.425362 0.725828 0.083256
0.955424 0.091817 0.278819
0.455295 0.976859 0.175716
0.023665 0.472321 0.417616
0.477205 0.649958 0.498702
0.029860 0.617535 0.225158
0.897072 0.983256 0.782114
0.718164 0.172997 0.407947
0.239498 0.636210 0.233904
0.490894 0.649614 0.201319
0.863262 0.759135 0.378973
0.534344 0.648956 0.545381
0.507073 0.131552 0.339892
0.636299 0.992679 0.099928
0.551624 0.988593 0.550235
0.047289 0.524413 0.393487
0.440778 0.653984 0.262192
0.391831 0.546576 0.868722
0.898083 0.368495 0.819798
0.851605 0.904651 0.707424
0.077880 0.128500 0.674770
0.082072 0.043803 0.200164
0.375437 0.790982 0.778570
0.275571 0.061035 0.311327
0.395561 0.307675 0.459631
0.584660 0.923695 0.593035
0.581108 0.324839 0.381565
0.764608 0.805833 0.007526
0.782258 0.667570 0.786322
0.872840 0.057407 0.999083
0.899382 0.348173 0.195678
0.706723 0.288866 0.095517
0.802957 0.491655 0.958550
0.844341 0.014265 0.236966
0.818489 0.990232 0.061831
0.248460 0.218065 0.825666
0.301850 0.871751 0.066487
0.916529 0.279046 0.955017
0.882316 0.015773 0.426426
0.629158 0.430914 0.916286
0.126268 0.139321 0.281028
0.187592 0.120425 0.558990
0.736208 0.170855 0.670987
0.866127 0.340907 0.733542
0.958332 0.722058 0.640755
0.018548 0.383888 0.076552
0.988875 0.941247 0.677891
0.026752 0.371244 0.905656
0.553593 0.056549 0.737687
0.470680 0.271788 0.232720
0.930553 0.182417 0.360049
0.198264 0.122729 0.078411
0.719329 0.140016 0.731241
0.660565 0.655498 0.692281
0.079873 0.641458 0.431941
0.141832 0.156896 0.511048
0.247476 0.803315 0.991412
0.695337 0.140549 0.785570
0.719425 0.839481 0.086407
0.767498 0.574098 0.752978
0.580890 0.694101 0.909274
0.684272 0.005174 0.833610
0.552676 0.293023 0.071288
0.013893 0.993274 0.356558
0.447613 0.857758 0.797034
0.786902 0.753984 0.796914
0.942506 0.493232 0.921197
0.310073 0.005691 0.929808
0.094774 0.451726 0.367496
0.708611 0.512781 0.567922
0.919497 0.451628 0.716809
0.565276 0.208998 0.289473
0.625765 0.520492 0.786002
0.980670 0.472232 0.483099
0.641975 0.532016 0.302213
0.091517 0.765674 0.224235
0.232133 0.657425 0.601962
0.221374 0.876316 0.363517
0.266200 0.553855 0.375480
0.093340 0.858128 0.110816
0.795390 0.713116 0.864102
0.367961 0.464858 0.206852
0.734522 0.713171 0.695348
0.622104 0.489567 0.383036
0.938264 0.691557 0.278661
0.028694 0.019982 0.820342
0.827951 0.357295 0.188373
0.793275 0.996190 0.195164
0.753256 0.566948 0.966909
0.435588 0.112556 0.996628
0.972090 0.048765 0.500975
0.215246 0.466630 0.505659
0.853481 0.259746 0.230119
0.837616 0.094020 0.018834
0.135039 0.294597 0.214846
0.067900 0.169910 0.501313
0.378090 0.233294 0.536527
0.745010 0.227733 0.877171
0.463939 0.744889 0.746846
0.535555 0.300895 0.529875
0.744451 0.615979 0.210651
0.875669 0.346565 0.461532
0.960434 0.955478 0.266468
0.353585 0.580825 0.738206
0.929894 0.218357 0.015388
0.460836 0.886173 0.999426
0.731697 0.529067 0.728835
0.354995 0.563717 0.321972
0.847944 0.775047 0.061062
0.116551 0.522995 0.139574
0.243032 0.103151 0.223400
0.383455 0.782933 0.276809
0.096527 0.598525 0.736398
0.982843 0.684518 0.524790
0.806582 0.242502 0.411024
0.660252 0.855133 0.210986
0.798693 0.894112 0.237897
0.151526 0.824431 0.157697
0.416404 0.334236 0.257470
0.064638 0.171666 0.232912
0.918434 0.644203 0.229027
0.323514 0.641007 0.886850
0.352867 0.270280 0.490356
0.218564 0.149744 0.589637
0.969492 0.233720 0.891464
0.151464 0.419016 0.523986
0.269000 0.183700 0.989491
0.597574 0.580785 0.766799
0.247437 0.879413 0.743411
0.400653 0.333803 0.139667
0.680707 0.571957 0.671069
0.268510 0.432201 0.424480
0.390632 0.991428 0.028636
0.135072 0.902771 0.095719
0.392435 0.103945 0.392689
0.537921 0.415605 0.567461
0.734188 0.562052 0.214544
0.346940 0.415826 0.030977
0.687026 0.732237 0.339750
0.765869 0.610905 0.239357
0.348373 0.717985 0.671739
0.479108 0.100784 0.114924
0.528897 0.735506 0.685469
0.900164 0.233045 0.372776
0.660822 0.595924 0.478880
0.013336 0.147518 0.653133
0.712799 0.454280 0.493069
0.044648 0.937472 0.281710
0.070576 0.130452 0.658708
0.622667 0.929669 0.261317
0.584721 0.309809 0.994148
0.829520 0.505708 0.437726
0.669388 0.628127 0.483210
0.756915 0.740630 0.957216
0.944559 0.836488 0.201757
0.456493 0.022652 0.157999
0.560832 0.035175 0.912412
0.697128 0.010448 0.283860
0.643240 0.573353 0.284789
0.018700 0.022859 0.849589
0.396653 0.068871 0.528062
0.606442 0.621458 0.210815
0.795138 0.766311 0.120841
0.366114 0.540393 0.824576
0.071615 0.118534 0.644342
0.048645 0.865514 0.491732
0.429770 0.532485 0.019302
0.925769 0.114153 0.475078
0.894053 0.367230 0.093417
0.376796 0.538918 0.268732
0.861721 0.114762 0.286732
0.094326 0.975874 0.140825
0.057773 0.713472 0.449992
0.223087 0.461660 0.384274
0.545663 0.310144 0.835563
0.605204 0.653657 0.857417
0.104402 0.077509 0.737423
0.034000 0.053121 0.238748
0.161938 0.477378 0.477166
0.083679 0.330746 0.466634
0.066961 0.723486 0.281150
0.255052 0.189026 0.396626
0.154952 0.026369 0.929591
0.681817 0.791891 0.969577
0.306810 0.408826 0.294421
0.802681 0.090840 0.862306
0.657655 0.017585 0.284009
0.577760 0.871765 0.749262
0.623487 0.794114 0.703428
0.857060 0.470018 0.650698
0.928859 0.372546 0.046786
0.856251 0.030708 0.589646
0.250118 0.001108 0.623549
0.635892 0.677090 0.744865
0.728058 0.795815 0.489522
0.926207 0.284709 0.366046
0.220663 0.719622 0.590251
0.665324 0.925088 0.403262
0.172451 0.478803 0.037589
0.587816 0.215736 0.777254
0.368251 0.767915 0.389293
0.343797 0.435424 0.417044
0.644207 0.220015 0.567526
0.250924 0.171847 0.020148
0.165907 0.233364 0.495355
0.879286 0.459232 0.986837
0.125665 0.832068 0.050079
0.274660 0.065239 0.041450
0.444010 0.822031 0.623647
0.886485 0.770199 0.689790
0.613869 0.282167 0.793442
0.666759 0.593870 0.822312
0.528845 0.221306 0.870693
0.746695 0.635675 0.479098
0.158349 0.235089 0.797344
0.876808 0.902438 0.220332
0.832215 0.957089 0.922786
0.598422 0.491185 0.274122
0.918332 0.374483 0.647509
0.636404 0.434992 0.262054
0.043830 0.548539 0.010795
0.937243 0.241963 0.794591
0.123869 0.117039 0.221360
0.545023 0.795071 0.985936
0.394405 0.452709 0.158985
0.205915 0.911306 0.093321
0.739774 0.128601 0.079462
0.722227 0.284969 0.306797
0.579072 0.823201 0.762570
0.276205 0.155657 0.181094
0.374906 0.737152 0.948864
0.381800 0.610072 0.297957
0.745344 0.920556 0.297858
0.595605 0.677838 0.364750
0.279777 0.543557 0.516148
0.078496 0.956131 0.527145
0.766077 0.901288 0.022671
0.369276 0.941605 0.589515
0.341541 0.679318 0.834919
0.842864 0.767577 0.679106
0.987555 0.737634 0.907763
0.332019 0.443245 0.914041
0.117794 0.291737 0.008951
0.122201 0.546251 0.875559
0.110085 0.214139 0.295454
0.611330 0.781901 0.818001
0.707038 0.504386 0.482703
0.490865 0.503135 0.139493
0.504499 0.389657 0.810005
0.778435 0.472594 0.005366
0.147597 0.913112 0.189413
0.350911 0.648544 0.573749
0.940690 0.987702 0.820759
0.368595 0.146296 0.300409
0.315470 0.610053 0.943436
0.515845 0.868161 0.919544
0.221220 0.561543 0.924056
0.728023 0.876990 0.448803
0.512718 0.549917 0.676650
0.124479 0.787244 0.774572
0.164004 0.590500 0.272346
0.652428 0.301179 0.004083
0.185029 0.702833 0.856649
0.958447 0.654884 0.177994
0.882736 0.289229 0.504404
0.707501 0.220753 0.267609
0.974853 0.977184 0.404537
0.487922 0.048865 0.827808
0.350798 0.604756 0.569085
0.651881 0.003865 0.638656
0.552895 0.954044 0.954554
0.933668 0.468827 0.067184
0.344812 0.354813 0.390747
0.817074 0.011280 0.457667
0.554599 0.030998 0.922122
0.149418 0.786713 0.711511
0.581778 0.883409 0.333658
0.042711 0.846001 0.039428
0.090624 0.580052 0.758946
0.046801 0.030736 0.299287
0.468075 0.652792 0.460775
0.993665 0.217741 0.782226
0.962526 0.114253 0.150412
0.826269 0.141045 0.694828
0.090673 0.689382 0.942434
0.594117 0.748265 0.957566
0.217147 0.999582 0.898328
0.922745 0.707631 0.858366
0.624528 0.210039 0.691632
0.189791 0.419906 0.809200
0.038597 0.087087 0.900249
0.395438 0.598321 0.378011
0.701090 0.264604 0.438066
0.901106 0.167024 0.273937
0.376573 0.481428 0.257160
0.858378 0.202931 0.484279
0.144486 0.396346 0.424171
0.387121 0.839162 0.519473
0.274448 0.440668 0.306722
0.641230 0.620667 0.263904
0.815778 0.488164 0.645938
0.404600 0.569864 0.861329
0.514299 0.325689 0.845232
0.597355 0.230331 0.974612
0.426985 0.816753 0.762001
0.608573 0.874488 0.920950
0.553147 0.993488 0.718761
0.842356 0.151128 0.640824
0.509494 0.859728 0.211553
0.691047 0.441118 0.338632
0.101556 0.841339 0.254446
0.889582 0.826380 0.057795
0.934737 0.319910 0.224039
0.768568 0.636579 0.626940
0.419500 0.669470 0.241655
0.933401 0.379420 0.783505
0.733803 0.812219 0.039634
0.176079 0.256672 0.779033
0.759953 0.637732 0.122870
0.653693 0.093972 0.641020
0.311040 0.110129 0.015029
0.887896 0.967030 0.194119
0.001852 0.922219 0.751781
0.138669 0.503775 0.503722
0.838240 0.972726 0.506170
0.498729 0.719776 0.342026
0.228715 0.841253 0.574517
0.620513 0.581553 0.401565
0.539355 0.834172 0.063206
0.815162 0.284023 0.457384
0.784325 0.521634 0.481929
0.320911 0.824145 0.841307
0.058800 0.516004 0.545486
0.457105 0.055860 0.832658
0.241823 0.622018 0.055159
0.506166 0.084551 0.073232
0.933551 0.800043 0.895405
0.679900 0.391236 0.259878
0.085064 0.609442 0.582245
0.629319 0.247651 0.012861
0.435018 0.842159 0.500960
0.040663 0.786867 0.852516
0.206872 0.433006 0.728526
0.752459 0.466351 0.695290
0.273774 0.541080 0.443797
0.289911 0.742712 0.072761
0.482388 0.244160 0.201467
0.619756 0.751027 0.784097
0.922033 0.285676 0.755162
0.974633 0.640300 0.586066
0.183645 0.637604 0.355960
0.790503 0.042861 0.723454
0.720719 0.154604 0.090654
0.296310 0.130525 0.950690
0.625269 0.065294 0.516685
0.636804 0.628645 0.334551
0.869544 0.047506 0.025410
0.060930 0.399395 0.827179
0.901995 0.422557 0.205295
0.216594 0.844342 0.878018
0.018469 0.490137 0.418577
0.430007 0.316101 0.409085
0.567571 0.263967 0.123189
0.137838 0.479269 0.849924
0.951624 0.098302 0.781938
0.608621 0.786799 0.236522
0.962244 0.368747 0.335088
0.928408 0.594692 0.075550
0.043311 0.073688 0.597084
0.410073 0.411816 0.235785
0.777492 0.586525 0.056355
0.668251 0.386377 0.968751
0.683262 0.658530 0.201490
0.426014 0.916458 0.992470
0.186531 0.655544 0.602509
0.874436 0.994419 0.704157
0.975190 0.696223 0.554449
0.646291 0.835024 0.724785
0.759195 0.697137 0.886552
0.594337 0.103007 0.537882
0.704942 0.870036 0.759861
0.084525 0.325816 0.076573
0.963172 0.143926 0.271969
0.679078 0.384258 0.302186
0.988113 0.145460 0.036649
0.799941 0.953372 0.734131
0.656637 0.982834 0.123254
0.391854 0.870743 0.920371
0.172207 0.602528 0.147932
0.045164 0.757319 0.823207
0.554870 0.471089 0.523722
0.090747 0.288106 0.025297
0.700036 0.147000 0.725329
0.375200 0.026915 0.586998
0.811576 0.686932 0.040557
0.715272 0.916222 0.600665
0.384961 0.915357 0.342281
0.569344 0.577997 0.110035
0.237646 0.975711 0.605903
0.081492 0.775441 0.969448
0.258909 0.909118 0.803055
0.904422 0.594175 0.210139
0.992022 0.026085 0.822259
0.417128 0.617448 0.537105
0.420812 0.271190 0.245271
0.760239 0.178644 0.102779
0.164420 0.016927 0.861289
0.276407 0.352287 0.622751
0.822233 0.673903 0.171207
0.696930 0.936398 0.321692
0.252573 0.097957 0.457967
0.776169 0.397055 0.646537
0.817754 0.835557 0.973192
0.400650 0.073457 0.317037
0.090125 0.891099 0.098845
0.215165 0.385719 0.896024
0.105360 0.609331 0.855063
0.648310 0.321824 0.681007
0.051655 0.645442 0.551695
0.362094 0.412059 0.684998
0.044292 0.371828 0.771668
0.017983 0.791987 0.994910
0.404477 0.588260 0.619469
0.105421 0.516262 0.319306
0.460538 0.108274 0.731088
0.564962 0.571817 0.829562
0.142205 0.969465 0.421297
0.582495 0.813152 0.372870
0.239558 0.529836 0.955212
0.510431 0.681905 0.284348
0.313608 0.251126 0.080955
0.564034 0.636050 0.272933
0.963204 0.838030 0.397860
0.613124 0.439666 0.347953
0.079125 0.663139 0.824359
0.074081 0.974405 0.371854
0.461394 0.168356 0.769168
0.795533 0.647175 0.167969
0.249238 0.528887 0.209461
0.106902 0.019475 0.370576
0.807240 0.273483 0.608396
0.918071 0.889348 0.840432
0.431771 0.024839 0.642676
0.724746 0.190897 0.315852
0.294757 0.103825 0.325202
0.495600 0.762607 0.213634
0.248137 0.231447 0.038395
0.440546 0.712669 0.141162
0.935466 0.993910 0.066340
0.002118 0.016876 0.045654
0.811895 0.711943 0.438272
0.862773 0.393754 0.574824
0.395523 0.357047 0.161444
0.958992 0.065491 0.688661
0.041871 0.878831 0.619196
0.377074 0.481602 0.499918
0.586356 0.733454 0.158528
0.384650 0.667290 0.933853
0.772237 0.577838 0.488172
0.811179 0.036934 0.795095
0.576948 0.091033 0.066416
0.370651 0.380946 0.977044
0.153008 0.610020 0.235188
0.680587 0.587839 0.605869
0.101960 0.842475 0.422821
0.509119 0.644690 0.972211
0.202378 0.649789 0.372874
0.514024 0.924532 0.005784
0.109210 0.965691 0.049360
0.411609 0.177079 0.624560
0.211632 0.466355 0.248666
0.404401 0.546431 0.781686
0.277393 0.912622 0.544675
0.162898 0.592644 0.160050
0.565537 0.501732 0.142449
0.715096 0.822422 0.549374
0.518757 0.159206 0.892028
0.170861 0.047139 0.375896
0.246390 0.332581 0.140765
0.408029 0.480338 0.592960
0.697169 0.580004 0.539945
0.084898 0.592761 0.249900
0.482935 0.776682 0.596062
0.381755 0.388323 0.222457
0.580350 0.944516 0.829316
0.497783 0.921008 0.736625
0.241126 0.605680 0.706782
0.843922 0.406503 0.518189
0.496825 0.366059 0.736564
0.525413 0.963657 0.245492
0.863588 0.087166 0.522205
0.407871 0.715924 0.641543
0.731894 0.015979 0.889528
0.138369 0.861294 0.308806
0.916567 0.020075 0.524182
0.932124 0.784531 0.042880
0.419681 0.963138 0.813872
0.748694 0.253197 0.610262
0.925134 0.339526 0.912439
0.451515 0.915949 0.078285
0.123500 0.874936 0.106961
0.919995 0.985508 0.443628
0.400098 0.981423 0.033859
0.001163 0.526513 0.095621
0.712437 0.214116 0.514117
0.316217 0.295706 0.117349
0.461847 0.983115 0.505468
0.088561 0.234930 0.264514
0.725422 0.964587 0.029929
0.578815 0.074586 0.180449
0.771116 0.092239 0.681887
0.473043 0.336064 0.383117
0.848775 0.961551 0.163576
0.754961 0.650254 0.711136
0.852923 0.443220 0.667121
0.969189 0.496570 0.626558
0.003075 0.278119 0.967403
0.880850 0.963801 0.186499
0.350820 0.818226 0.770545
0.138260 0.477393 0.377627
0.090816 0.100995 0.553804
0.558124 0.472597 0.941076
0.628368 0.268349 0.362334
0.776248 0.834774 0.888114
0.206937 0.670302 0.912281
0.437699 0.752554 0.480659
0.328726 0.295758 0.738432
0.845518 0.575940 0.254694
0.296117 0.886672 0.511181
0.043525 0.719824 0.358285
0.239836 0.874730 0.806590
0.201182 0.118930 0.386401
0.807211 0.528142 0.569538
0.227420 0.473361 0.693968
0.737119 0.257919 0.891914
0.017704 0.390307 0.227994
0.105829 0.522371 0.435732
0.910829 0.874974 0.660599
0.964950 0.308241 0.376552
0.678741 0.946235 0.970297
0.803687 0.286787 0.164129
0.991412 0.948678 0.772584
0.114976 0.429604 0.303249
0.907294 0.800233 0.904877
0.866398 0.664980 0.907331
0.957686 0.741154 0.679459
0.283729 0.844458 0.446647
0.473504 0.152204 0.934881
0.791104 0.238863 0.722670
0.301426 0.916205 0.222028
0.035214 0.686461 0.476170
0.805516 0.372622 0.390257
0.866834 0.412993 0.099275
0.556667 0.212353 0.085242
0.866909 0.395824 0.833643
0.772115 0.087906 0.844929
0.238433 0.862273 0.695489
0.604591 0.895312 0.785542
0.170080 0.282771 0.170386
0.553801 0.173993 0.810484
0.351696 0.504547 0.400807
0.969931 0.941404 0.029857
0.989628 0.046349 0.506277
0.780489 0.802488 0.016093
0.370361 0.310178 0.051432
0.743539 0.593956 0.776501
0.378756 0.262590 0.889879
0.608375 0.033815 0.316418
0.780672 0.223941 0.607477
0.202490 0.204212 0.248225
0.796959 0.957043 0.450403
0.620146 0.114854 0.560456
0.282252 0.975190 0.234812
0.821303 0.610696 0.226931
0.116129 0.471720 0.767860
0.816728 0.122352 0.507984
0.648025 0.921298 0.163072
0.054900 0.174493 0.005869
0.192803 0.347693 0.750657
0.876943 0.250851 0.540511
0.004155 0.709062 0.269594
0.160337 0.626901 0.816805
0.465501 0.488491 0.573366
0.644612 0.514509 0.460420
0.498047 0.543177 0.294434
0.178406 0.113951 0.419715
0.337711 0.425246 0.159736
0.390723 0.762689 0.367140
0.766822 0.060719 0.992340
0.314867 0.145046 0.678923
0.960259 0.925237 0.959663
0.556907 0.827539 0.077257
0.359914 0.979326 0.040656
0.453821 0.944620 0.509190
0.697576 0.998468 0.508323
0.923811 0.883320 0.503259
0.265891 0.756428 0.603964
0.852592 0.475376 0.784115
0.304273 0.475582 0.598769
0.275755 0.326728 0.274278
0.123734 0.806662 0.326777
0.135389 0.334696 0.888716
0.941027 0.008405 0.585420
0.946132 0.550053 0.159310
0.277790 0.787163 0.666377
0.020865 0.592365 0.473659
0.347357 0.538925 0.060920
0.761772 0.813501 0.416840
0.835480 0.516192 0.106367
0.668155 0.608813 0.251626
0.506504 0.792998 0.629198
0.237911 0.555284 0.273980
0.386069 0.146877 0.519782
0.626058 0.995951 0.727946
0.026402 0.240292 0.804108
0.399445 0.212800 0.757400
0.298231 0.629394 0.930848
0.046709 0.287466 0.568060
0.703734 0.991408 0.491116
0.653989 0.341836 0.081956
0.735286 0.434763 0.577614
0.673531 0.702530 0.844631
0.487466 0.439523 0.248374
0.858173 0.463421 0.283767
0.553846 0.237008 0.403190
0.033357 0.174454 0.096882
0.976375 0.100736 0.309216
0.179853 0.486435 0.034609
0.983669 0.166916 0.336760
0.826795 0.294020 0.451124
0.840587 0.773183 0.247854
0.320013 0.442346 0.756107
0.763251 0.157070 0.235825
0.998832 0.445228 0.892268
0.356465 0.267186 0.303811
0.073210 0.300896 0.245755
0.984787 0.742657 0.605086
0.736114 0.051570 0.381485
0.351541 0.060351 0.951273
0.354696 0.961277 0.063999
0.272901 0.155062 0.152996
0.928664 0.806090 0.965487
0.326600 0.317048 0.991374
0.765337 0.543652 0.450411
0.636113 0.312569 0.421091
0.868728 0.614375 0.264133
0.931088 0.369966 0.685124
0.133637 0.539507 0.096886
0.102095 0.929236 0.696186
0.777391 0.147306 0.314312
0.082735 0.366136 0.860007
0.062716 0.582392 0.309523
0.886449 0.510041 0.929824
0.200492 0.625748 0.632515
0.268766 0.499076 0.153975
0.386796 0.526860 0.272118
0.746693 0.306650 0.501224
0.356996 0.627964 0.267465
0.215640 0.259072 0.511952
0.259983 0.857310 0.465071
0.810341 0.808794 0.829966
0.539750 0.654439 0.294647
0.511204 0.179052 0.380139
0.819434 0.632934 0.250203
0.154902 0.729533 0.088036
0.442535 0.666609 0.863638
0.367432 0.552738 0.172401
0.513483 0.077503 0.144395
0.754306 0.058985 0.079880
0.295722 0.301010 0.934192
0.174724 0.915424 0.308249
0.835357 0.781700 0.836924
0.123102 0.926403 0.094522
0.030717 0.350869 0.165087
0.917780 0.238216 0.146603
0.404279 0.827754 0.691856
0.394098 0.979727 0.336970
0.202543 0.389094 0.032919
0.883286 0.771943 0.687245
0.626223 0.528919 0.970377
0.976889 0.247494 0.738304
0.530657 0.919825 0.386005
0.250441 0.472185 0.490709
0.339762 0.045288 0.326042
0.209795 0.777924 0.081500
0.717153 0.727644 0.195294
0.966007 0.845656 0.954235
0.008203 0.613076 0.836329
0.813637 0.835262 0.828217
0.878241 0.809407 0.535602
0.976613 0.627070 0.328491
0.660057 0.395317 0.953460
0.249416 0.726007 0.391205
0.941331 0.068952 0.956683
0.134516 0.750854 0.547402
0.084152 0.735442 0.345980
0.853977 0.898054 0.595399
0.422150 0.855599 0.927523
0.423916 0.866230 0.422779
0.622298 0.425917 0.667775
0.002018 0.531390 0.697805
0.194714 0.274158 0.023598
0.760849 0.034854 0.107177
0.481154 0.649660 0.692978
0.818147 0.468371 0.757097
0.171069 0.482364 0.259271
0.704466 0.930996 0.722361
0.920324 0.197932 0.094640
0.626081 0.787637 0.855487
0.748477 0.031323 0.951892
0.530991 0.362132 0.896905
0.954613 0.415841 0.111164
0.187278 0.950002 0.843434
0.368020 0.980118 0.830557
0.551104 0.305361 0.073589
0.488550 0.658593 0.533811
0.682417 0.326350 0.631758
0.454475 0.028587 0.416593
0.405274 0.665251 0.772693
0.851236 0.871764 0.072981
0.370961 0.832730 0.030174
0.560325 0.540317 0.930112
0.347129 0.878106 0.136500
0.776662 0.414173 0.094334
0.524913 0.863325 0.760356
0.870332 0.066841 0.348574
0.024749 0.203348 0.429299
0.331394 0.296636 0.009775
0.969407 0.895729 0.899916
0.826176 0.243449 0.614403
0.075642 0.240025 0.816139
0.177076 0.019631 0.850897
0.055318 0.107431 0.538098
0.845797 0.791302 0.056000
0.457929 0.359561 0.315150
0.034843 0.290670 0.184993
0.380581 0.609175 0.539670
0.669873 0.534754 0.942211
0.431542 0.363845 0.365594
0.768099 0.769141 0.963804
0.596742 0.121772 0.319898
0.785603 0.358376 0.926181
0.508082 0.116926 0.171489
0.660252 0.097373 0.721482
0.251099 0.162914 0.528450
0.293752 0.860836 0.194605
0.856109 0.918412 0.466655
0.616078 0.875559 0.507309
0.986128 0.711810 0.846223
0.607943 0.351681 0.140513
0.181921 0.991068 0.749735
0.479251 0.373553 0.332519
0.619820 0.678893 0.899091
0.050185 0.720940 0.814105
0.054456 0.384473 0.774253
0.873829 0.068677 0.418011
0.404494 0.796385 0.295206
0.341622 0.389455 0.294297
0.675896 0.537454 0.831108
0.405353 0.924472 0.380715
0.812789 0.779308 0.474696
0.977885 0.252235 0.021867
0.343971 0.552940 0.391844
0.541495 0.271417 0.192472
0.445705 0.075500 0.027769
0.166588 0.494066 0.285856
0.062637 0.115370 0.350007
0.243824 0.039939 0.425330
0.860746 0.036762 0.516434
0.994666 0.339020 0.611031
0.375992 0.273091 0.098604
0.152471 0.768395 0.818258
0.264915 0.675371 0.737231
0.666125 0.280812 0.751237
0.952475 0.438423 0.660960
0.031522 0.981320 0.582214
0.040775 0.752502 0.040124
0.121941 0.665675 0.120468
0.653304 0.158824 0.134781
0.059335 0.316013 0.497417
0.465552 0.603458 0.855767
0.106753 0.327082 0.796432
0.513644 0.260799 0.650901
0.363632 0.255435 0.411206
0.875545 0.430379 0.899795
0.948924 0.320500 0.690897
0.672061 0.245669 0.882826
0.992834 0.389843 0.220346
0.686519 0.167446 0.109303
0.587843 0.760221 0.218281
0.466518 0.364194 0.860115
0.322931 0.875315 0.962661
0.695634 0.733018 0.937964
0.271380 0.890760 0.988669
0.751316 0.050839 0.172171
0.224037 0.264035 0.723742
0.624146 0.031007 0.163481
0.583515 0.011025 0.974975
0.247109 0.701923 0.457031
0.986690 0.201372 0.575611
0.526148 0.887025 0.536915
0.463324 0.187085 0.959876
0.486588 0.910084 0.323211
0.297327 0.397635 0.893574
0.857505 0.421537 0.838340
0.798720 0.426608 0.757570
0.441003 0.769602 0.157778
0.461370 0.333268 0.489352
0.564440 0.427800 0.882839
0.759242 0.168615 0.511647
0.754974 0.088982 0.385169
0.564647 0.693018 0.724448
0.832279 0.017308 0.363511
0.208126 0.885644 0.498866
0.663951 0.821180 0.139596
0.162913 0.235386 0.336128
0.861768 0.709226 0.031496
0.607514 0.160400 0.297411
0.748544 0.633383 0.285287
0.173886 0.485074 0.933111
0.754164 0.825195 0.335942
0.507052 0.374733 0.843707
0.697066 0.050863 0.572719
0.748676 0.306816 0.782660
0.234885 0.715537 0.693210
0.175656 0.734629 0.992580
0.476790 0.779104 0.035681
0.251534 0.838854 0.910762
0.127667 0.325460 0.945931
0.744576 0.458568 0.305973
0.332490 0.735076 0.657755
0.508199 0.770738 0.758516
0.469516 0.130310 0.378754
0.669910 0.974184 0.476838
0.235734 0.256625 0.655641
0.326546 0.162958 0.849242
0.652613 0.776504 0.038701
0.851049 0.450152 0.097322
0.152685 0.787206 0.721172
0.153767 0.274919 0.046654
0.002620 0.526739 0.517376
0.531669 0.267672 0.278899
0.454816 0.231763 0.214729
0.279738 0.124573 0.093520
0.697933 0.978492 0.765146
0.789559 0.566398 0.977473
0.639382 0.706994 0.783673
0.524827 0.802776 0.460511
0.241262 0.338650 0.616333
0.676297 0.328852 0.065895
0.192773 0.343309 0.501332
0.989636 0.037435 0.885299
0.067243 0.887177 0.138569
0.491284 0.231604 0.491679
0.409573 0.736692 0.059196
0.939183 0.686645 0.360153
0.954503 0.985211 0.892102
0.856589 0.706390 0.304402
0.933125 0.219451 0.088995
0.555156 0.124461 0.158996
0.471376 0.811761 0.034324
0.415641 0.448581 0.309831
0.854048 0.737053 0.631843
0.875478 0.246593 0.683082
0.294748 0.613324 0.728932
0.590459 0.102466 0.758005
0.806516 0.098207 0.522239
0.894619 0.961926 0.500227
0.132910 0.325906 0.512069
0.006712 0.121321 0.173688
0.424441 0.903004 0.273116
0.010338 0.095124 0.903082
0.433648 0.386183 0.438128
0.072219 0.572797 0.318339
0.419635 0.254780 0.988124
0.625764 0.040024 0.927916
0.163393 0.289100 0.340584
0.217902 0.324110 0.936244
0.389980 0.989022 0.748158
0.875407 0.591912 0.023091
0.027381 0.434458 0.174240
0.436810 0.968830 0.694976
0.661093 0.680767 0.972007
0.671441 0.022950 0.064439
0.907554 0.991206 0.014654
0.875369 0.234637 0.802824
0.904248 0.787193 0.692567
0.719493 0.035946 0.386644
0.256132 0.113993 0.852075
0.975839 0.788258 0.589918
0.376723 0.767832 0.461109
0.056279 0.735339 0.030005
0.269950 0.089690 0.320939
0.454069 0.695914 0.182952
0.095499 0.296927 0.316206
0.417638 0.615055 0.962624
0.333327 0.160907 0.364941
0.880995 0.653067 0.984794
0.139558 0.669930 0.071506
0.121526 0.392108 0.117487
0.517976 0.916066 0.844936
0.852674 0.455340 0.484544
0.813383 0.133059 0.003679
0.644043 0.641125 0.769743
0.311542 0.290418 0.110116
0.397088 0.299241 0.190668
0.737329 0.725085 0.916017
0.459108 0.521794 0.924129
0.243152 0.609313 0.483081
0.477198 0.820178 0.749416
0.981569 0.869739 0.418026
0.982482 0.824989 0.334302
0.712371 0.247703 0.714537
0.127485 0.619717 0.992674
0.355976 0.472980 0.446325
0.769760 0.335844 0.881559
0.473941 0.612727 0.428998
0.971431 0.277098 0.199892
0.434297 0.499141 0.974169
0.336307 0.403606 0.686326
0.912362 0.033369 0.952158
0.399658 0.839980 0.570136
0.552919 0.247977 0.628649
0.451805 0.488066 0.909821
0.528077 0.399060 0.225348
0.059522 0.500455 0.648930
0.905263 0.948635 0.535683
0.380270 0.039668 0.525296
0.440858 0.851603 0.671654
0.285279 0.479007 0.576653
0.544962 0.029175 0.800388
0.708868 0.662069 0.256815
0.300295 0.251449 0.137957
0.779141 0.256741 0.835122
0.585934 0.196561 0.845218
0.724507 0.057653 0.743161
0.744434 0.070022 0.541128
0.148731 0.127529 0.719775
0.222501 0.979718 0.792595
0.376832 0.643089 0.136224
0.943427 0.132582 0.109188
0.861891 0.383507 0.529482
0.102124 0.272325 0.026625
0.267165 0.946669 0.184345
0.374848 0.861300 0.897512
0.082765 0.619591 0.983171
0.937042 0.035331 0.878814
0.957398 0.158483 0.907533
0.404314 0.612317 0.113323
0.666134 0.007316 0.502670
0.708646 0.361959 0.560524
0.106150 0.193470 0.203532
0.607405 0.095314 0.912191
0.731463 0.258542 0.535654
0.121822 0.354646 0.835519
0.052561 0.918537 0.677783
0.856139 0.312417 0.538879
0.028290 0.191522 0.178792
0.978196 0.612793 0.905101
0.771532 0.475699 0.891642
0.306752 0.050530 0.290286
0.144643 0.133733 0.071329
0.557505 0.436779 0.801191
0.587058 0.170147 0.148577
0.034095 0.069038 0.181643
0.365786 0.933164 0.746409
0.132568 0.858940 0.223246
0.049233 0.173908 0.952481
0.326464 0.647611 0.035873
0.906732 0.868077 0.364596
0.210233 0.322208 0.800131
0.672610 0.249890 0.937997
0.385976 0.093587 0.318183
0.768832 0.456247 0.322689
0.046831 0.702882 0.037714
0.561653 0.172530 0.234378
0.973489 0.015155 0.647623
0.424008 0.800564 0.885584
0.008588 0.570739 0.047043
0.892067 0.226198 0.407523
0.551668 0.660223 0.878575
0.697475 0.355800 0.699656
0.131156 0.660764 0.311402
0.422399 0.389969 0.977454
0.713884 0.462289 0.152842
0.725725 0.851572 0.299207
0.944344 0.818149 0.535321
0.254287 0.919829 0.327423
0.254081 0.777079 0.318598
0.931756 0.027725 0.426625
0.422506 0.408705 0.254818
0.248794 0.950016 0.381578
0.354021 0.441785 0.956442
0.787904 0.321094 0.112097
0.985698 0.847124 0.991629
0.752143 0.168378 0.645517
0.077297 0.150101 0.419940
0.926712 0.686148 0.092009
0.655034 0.405465 0.915004
0.936579 0.871827 0.602490
0.484167 0.392057 0.681334
0.199855 0.522242 0.396692
0.713680 0.376598 0.830370
0.955689 0.245789 0.222821
0.125047 0.536795 0.689211
0.970666 0.129417 0.683228
0.111208 0.189603 0.814210
0.101669 0.212908 0.559367
0.235324 0.391003 0.018583
0.561516 0.981235 0.898396
0.440990 0.140914 0.149647
0.745370 0.142756 0.482233
0.944382 0.004986 0.184606
0.294550 0.104287 0.848242
0.052905 0.352465 0.969719
0.580391 0.815404 0.737055
0.909716 0.247453 0.759065
0.697543 0.877486 0.031967
0.805997 0.745074 0.477184
0.636018 0.808816 0.724494
0.022126 0.547439 0.956087
0.331059 0.170482 0.067790
0.999826 0.572565 0.573233
0.956461 0.686407 0.448761
0.810149 0.286380 0.748564
0.234875 0.086504 0.167749
0.794932 0.234596 0.129750
0.633088 0.855249 0.190262
0.969449 0.533375 0.803828
0.798025 0.583069 0.571967
0.578357 0.495499 0.426519
0.474202 0.852277 0.646239
0.305085 0.515800 0.911720
0.700247 0.029822 0.758472
0.169492 0.954650 0.820265
0.590936 0.622345 0.398201
0.380583 0.340574 0.201506
0.210100 0.740050 0.474916
0.677884 0.266798 0.334594
0.421517 0.709668 0.896251
0.035895 0.523560 0.474339
0.998448 0.011493 0.789026
0.546167 0.026507 0.965843
0.833803 0.870265 0.889458
0.663337 0.461086 0.637180
0.901672 0.069704 0.435634
0.824045 0.859916 0.481049
0.081081 0.179039 0.354682
0.725708 0.785574 0.138848
0.273990 0.358251 0.050092
0.414013 0.027770 0.886977
0.236518 0.390488 0.396343
0.811613 0.010391 0.265682
0.415358 0.539782 0.191252
0.754977 0.860794 0.634271
0.251450 0.834411 0.216212
0.075835 0.290826 0.016069
0.084292 0.824176 0.229483
0.273986 0.334312 0.589452
0.690605 0.425985 0.144222
0.051575 0.667445 0.193030
0.163456 0.149043 0.283731
0.534992 0.416446 0.810091
0.143192 0.061826 0.151827
0.918108 0.242331 0.143247
0.765116 0.673896 0.153126
0.996058 0.701220 0.123174
0.971541 0.236324 0.726406
0.400659 0.358111 0.909720
0.924739 0.662342 0.300788
0.145670 0.669466 0.740684
0.240178 0.269909 0.421212
0.619196 0.034743 0.137392
0.838003 0.841390 0.462000
0.754111 0.068494 0.912703
0.183799 0.932611 0.538041
0.017446 0.088689 0.332181
0.815173 0.154333 0.484794
0.613143 0.915397 0.919060
0.054825 0.692896 0.479727
0.962320 0.285605 0.826276
0.689054 0.684543 0.574182
0.457124 0.870151 0.490854
0.426997 0.229604 0.304658
0.406651 0.453622 0.453727
0.908346 0.056814 0.175181
0.358932 0.713716 0.221957
0.691869 0.098503 0.152656
0.346027 0.621044 0.594863
0.666589 0.721270 0.933651
0.301613 0.871763 0.206709
0.535780 0.685371 0.578846
0.891697 0.378396 0.200147
0.675209 0.194361 0.365917
0.152197 0.959368 0.589292
0.674996 0.363264 0.166964
0.231353 0.402828 0.592382
0.584507 0.971181 0.582200
0.302591 0.904333 0.003357
0.277392 0.878617 0.790852
0.830978 0.645624 0.393292
0.910116 0.357469 0.263848
0.914423 0.143491 0.878616
0.301711 0.181238 0.406101
0.539332 0.329922 0.186682
0.069554 0.458246 0.196765
0.942485 0.077202 0.760185
0.543090 0.977663 0.625935
0.702743 0.201931 0.072752
0.581802 0.424289 0.926078
0.705760 0.285997 0.469769
0.404422 0.897588 0.691669
0.340564 0.890809 0.010859
0.421072 0.899746 0.721193
0.398367 0.956397 0.493152
0.713735 0.751533 0.190292
0.873166 0.435087 0.860991
0.430971 0.961855 0.946786
0.690336 0.896352 0.080267
0.550790 0.537953 0.733586
0.323383 0.333248 0.667432
0.175780 0.684171 0.343605
0.735179 0.817959 0.701178
0.282502 0.030920 0.016325
0.323517 0.936003 0.380492
0.312792 0.109358 0.454729
0.620796 0.630647 0.000447
0.677988 0.907536 0.883967
0.009680 0.539971 0.598399
0.308835 0.588611 0.868387
0.123894 0.895177 0.500469
0.249892 0.125567 0.727310
0.156134 0.417727 0.250788
0.388082 0.150306 0.824448
0.072332 0.978959 0.235209
0.404866 0.227978 0.260758
0.157042 0.226838 0.548004
0.372597 0.586321 0.960413
0.864195 0.290872 0.418314
0.838043 0.605865 0.579426
0.146844 0.716093 0.240682
0.554128 0.470483 0.296644
0.645632 0.652129 0.458132
0.268559 0.418165 0.348728
0.107152 0.128610 0.114768
0.043127 0.272703 0.760176
0.461949 0.842214 0.672289
0.247758 0.932072 0.965441
0.659378 0.723946 0.202919
0.170465 0.065885 0.151674
0.228629 0.713497 0.990757
0.448073 0.399855 0.347916
0.349352 0.116506 0.616449
0.651539 0.946213 0.076300
0.262107 0.426278 0.359558
0.185071 0.630433 0.723396
0.523639 0.841327 0.527573
0.515548 0.177609 0.408819
0.838801 0.871684 0.568454
0.471310 0.165706 0.290622
0.302720 0.558798 0.666972
0.970653 0.782406 0.140832
0.304522 0.641661 0.440207
0.503603 0.756088 0.958651
0.888988 0.247593 0.168607
0.674908 0.431035 0.706246
0.647318 0.517385 0.852159
0.904042 0.208577 0.372263
0.607686 0.928096 0.370366
0.237949 0.548948 0.640845
0.200918 0.832847 0.584567
0.291827 0.631183 0.414323
0.097200 0.387105 0.528330
0.106164 0.673593 0.841282
0.499928 0.192632 0.079419
0.672109 0.596162 0.179968
0.887501 0.625296 0.517802
0.144694 0.695410 0.369891
0.293824 0.952334 0.997261
0.401559 0.485418 0.805573
0.609540 0.759177 0.381344
0.857215 0.707659 0.673699
0.733795 0.523731 0.061917
0.827927 0.011747 0.373479
0.517007 0.432886 0.197168
0.305900 0.481187 0.797635
0.585713 0.856610 0.472574
0.470736 0.315708 0.930040
0.801691 0.229192 0.195194
0.693907 0.895988 0.321103
0.686447 0.944673 0.545005
0.239999 0.444612 0.636928
0.552635 0.651711 0.057851
0.619018 0.999508 0.590965
0.936267 0.173403 0.277073
0.857186 0.390229 0.012279
0.412883 0.164349 0.844998
0.576110 0.752858 0.938085
0.599767 0.831093 0.012013
0.963000 0.224802 0.637220
0.971589 0.526788 0.833097
0.936920 0.414090 0.664668
0.669044 0.468127 0.716740
0.560121 0.119138 0.710586
0.379647 0.678738 0.250778
0.642816 0.501659 0.400653
0.892862 0.557998 0.658594
0.705067 0.438419 0.166054
0.993271 0.161441 0.222565
0.637564 0.660664 0.125952
0.726689 0.413287 0.117194
0.581690 0.651926 0.680057
0.743246 0.442226 0.730782
0.642876 0.058060 0.029663
0.479030 0.921577 0.912167
0.435340 0.709818 0.561932
0.658608 0.271743 0.029769
0.532984 0.921102 0.712754
0.567514 0.865248 0.579869
0.170274 0.396442 0.658837
0.206857 0.529387 0.190705
0.343596 0.196431 0.832986
0.832901 0.474046 0.341952
0.971711 0.129034 0.928498
0.445906 0.245464 0.907434
0.033460 0.760344 0.522943
0.282790 0.539029 0.015461
0.598939 0.554481 0.491376
0.033355 0.260138 0.831422
0.556082 0.962825 0.623350
0.875986 0.789005 0.241257
0.623896 0.454267 0.683614
0.231332 0.917557 0.052643
0.048643 0.033337 0.972414
0.437964 0.556015 0.748160
0.550602 0.751377 0.637699
0.654653 0.160338 0.066916
0.120890 0.000552 0.098919
0.308308 0.142988 0.829097
0.565398 0.175813 0.267115
0.023009 0.976731 0.049545
0.685703 0.941174 0.541443
0.084339 0.140422 0.717308
0.953604 0.482817 0.436799
0.163084 0.901939 0.054921
0.516778 0.634511 0.981532
0.315686 0.661817 0.477148
0.624430 0.473308 0.652887
0.194788 0.944257 0.779896
0.558530 0.104684 0.588893
0.612833 0.277456 0.053834
0.505145 0.799665 0.582376
0.780342 0.697642 0.145809
0.519898 0.824840 0.819262
0.278318 0.779032 0.719560
0.545204 0.648396 0.920311
0.818585 0.253805 0.176232
0.622202 0.450826 0.802185
0.274602 0.265221 0.069280
0.444961 0.987129 0.342862
0.733177 0.673529 0.167186
0.029836 0.198471 0.903764
0.333397 0.968156 0.094344
0.252374 0.275498 0.198047
0.815541 0.249648 0.442506
0.699548 0.009845 0.349676
0.850315 0.640258 0.910382
0.926984 0.452279 0.858732
0.841226 0.255155 0.024594
0.475107 0.862550 0.389265
0.681034 0.653252 0.321065
0.214451 0.550783 0.165821
0.236008 0.165750 0.093662
0.099213 0.478779 0.274211
0.019928 0.284793 0.542971
0.717580 0.049247 0.020412
0.373780 0.680056 0.680657
0.828002 0.141502 0.653922
0.741656 0.154343 0.612046
0.171114 0.612196 0.193445
0.427871 0.862557 0.620500
0.533884 0.919307 0.409636
0.231983 0.927408 0.586757
0.733139 0.296234 0.398569
0.898126 0.584359 0.637476
0.336363 0.260347 0.645627
0.036025 0.612886 0.197963
0.251486 0.966099 0.545322
0.859267 0.676090 0.110503
0.222127 0.243332 0.099030
0.381730 0.694086 0.979866
0.423808 0.300608 0.634213
0.775686 0.059082 0.300845
0.801398 0.871414 0.924179
0.524787 0.276192 0.412207
0.586605 0.397375 0.231164
0.346569 0.371025 0.406547
0.414926 0.279190 0.446167
0.010417 0.613191 0.925036
0.110574 0.661993 0.145884
0.175339 0.073141 0.108303
0.774331 0.432224 0.374990
0.082161 0.791534 0.213271
0.445570 0.369432 0.870968
0.022435 0.551001 0.906670
0.574415 0.631477 0.772035
0.097815 0.731146 0.893159
0.569620 0.084531 0.420633
0.596004 0.141793 0.214303
0.440883 0.215218 0.564600
0.479528 0.127163 0.824486
0.198235 0.478079 0.551040
0.849540 0.086635 0.475701
0.369645 0.746249 0.718016
0.335606 0.269856 0.497882
0.661715 0.588145 0.132420
0.421319 0.440693 0.625436
0.230699 0.872530 0.452198
0.355744 0.991405 0.248092
0.151830 0.402618 0.209687
0.273352 0.916515 0.062472
0.611826 0.312303 0.160998
0.340567 0.650166 0.855922
0.639979 0.655362 0.720595
0.331389 0.435010 0.868310
0.073582 0.769087 0.202334
0.727000 0.287004 0.271155
0.852231 0.072793 0.984090
0.524685 0.180188 0.320644
0.765332 0.952684 0.763870
0.168883 0.811001 0.370809
0.464653 0.733869 0.244896
0.564400 0.241074 0.136805
0.357666 0.961428 0.387804
0.340873 0.993249 0.279635
0.250880 0.387482 0.000470
0.637119 0.086408 0.121980
0.067053 0.443584 0.063803
0.843307 0.899572 0.575090
0.593188 0.113047 0.743502
0.562590 0.766171 0.779332
0.749302 0.874483 0.560886
0.593643 0.478015 0.460950
0.972016 0.412637 0.339069
0.021188 0.349104 0.477495
0.517011 0.202801 0.882355
0.391504 0.573330 0.731932
0.339032 0.742669 0.860599
0.872545 0.225537 0.124025
0.312487 0.283599 0.153764
0.599590 0.306259 0.487429
0.251801 0.879999 0.931884
0.913684 0.632133 0.679597
0.528986 0.067322 0.595882
0.314373 0.679623 0.204673
0.195550 0.387457 0.937352
0.010309 0.543722 0.516107
0.981419 0.354464 0.815741
0.477232 0.872960 0.120341
0.526441 0.819616 0.818753
0.455916 0.004065 0.837527
0.987152 0.023735 0.643986
0.325456 0.813014 0.040738
0.275496 0.106193 0.722044
0.306226 0.401594 0.263775
0.588682 0.897682 0.735086
0.162195 0.719845 0.772553
0.469635 0.361194 0.725785
0.759019 0.680530 0.771675
0.397639 0.698716 0.084184
0.462648 0.593291 0.707356
0.728809 0.258865 0.680827
0.887253 0.335826 0.794894
0.931771 0.697413 0.443906
0.387942 0.567628 0.003157
0.071456 0.690411 0.582571
0.621340 0.394925 0.001379
0.142494 0.989922 0.060297
0.983338 0.826635 0.265161
0.708435 0.826150 0.571884
0.600979 0.697412 0.663401
0.737656 0.606808 0.876009
0.664820 0.663994 0.721323
0.425777 0.444167 0.252441
0.250379 0.465634 0.295998
0.274819 0.233542 0.852334
0.794402 0.324364 0.369713
0.673211 0.644064 0.971163
0.030049 0.424652 0.205027
0.009438 0.105752 0.158772
0.334934 0.846364 0.170015
0.824288 0.916145 0.224213
0.012773 0.670483 0.826646
0.311326 0.706502 0.286089
0.764945 0.846489 0.205527
0.304120 0.500850 0.589718
0.171673 0.849109 0.070436
0.856168 0.880938 0.783264
0.968030 0.396879 0.653938
0.538280 0.581178 0.359756
0.861085 0.865110 0.482213
0.722429 0.004184 0.880417
0.044733 0.282915 0.273807
0.867104 0.293257 0.376621
0.892159 0.017039 0.828549
0.833747 0.301124 0.122701
0.041300 0.699440 0.938042
0.277692 0.520862 0.262408
0.053337 0.893482 0.809172
0.480399 0.777249 0.380286
0.847994 0.217456 0.058787
0.503487 0.649449 0.321739
0.694598 0.618575 0.153342
0.360655 0.070205 0.791726
0.191961 0.886385 0.362935
0.446453 0.975952 0.103389
0.783360 0.396543 0.886930
0.916300 0.895786 0.082086
0.789950 0.720481 0.693451
0.987766 0.644775 0.922864
0.376929 0.549301 0.617993
0.298351 0.489501 0.418468
0.431987 0.023866 0.337210
0.119507 0.342415 0.041630
0.963979 0.979372 0.974356
0.344991 0.858665 0.058632
0.449865 0.624934 0.487547
0.796273 0.087464 0.019285
0.062549 0.539717 0.957000
0.045672 0.614705 0.305456
0.756042 0.663661 0.135494
0.949032 0.024561 0.521340
0.759481 0.050554 0.273929
0.208098 0.683058 0.508833
0.458991 0.347554 0.689059
0.894715 0.584648 0.642686
0.416387 0.508595 0.644982
0.014407 0.116177 0.092845
0.613789 0.616996 0.171931
0.522849 0.522053 0.763426
0.739383 0.147147 0.853959
0.748586 0.149777 0.573979
0.717625 0.987973 0.371352
0.229749 0.915140 0.736974
0.484846 0.272655 0.939470
0.045034 0.225327 0.961214
0.534680 0.411808 0.419586
0.031805 0.165824 0.752243
0.821851 0.280100 0.583858
0.078077 0.046084 0.275617
0.559065 0.657842 0.709035
0.218462 0.639949 0.323534
0.146235 0.058224 0.375598
0.417410 0.393330 0.634281
0.254438 0.126928 0.911439
0.779208 0.968495 0.823768
0.020318 0.658865 0.819657
0.849644 0.629086 0.567730
0.309735 0.991071 0.562925
0.517377 0.732684 0.558875
0.022058 0.993443 0.303957
0.429297 0.599182 0.077933
0.427289 0.968159 0.875816
0.684045 0.879349 0.845667
0.279703 0.287429 0.030421
0.410573 0.143510 0.883699
0.157419 0.144102 0.412535
0.142360 0.642201 0.344012
0.494214 0.960505 0.415139
0.429412 0.479519 0.457175
0.723908 0.622488 0.528689
0.307258 0.890576 0.712879
0.491023 0.333451 0.103296
0.634559 0.260853 0.690155
0.281986 0.365184 0.596256
0.270716 0.449817 0.551564
0.861095 0.187606 0.746530
0.787671 0.114595 0.952344
0.706119 0.343505 0.818558
0.300813 0.482112 0.125297
0.603009 0.234201 0.143825
0.146958 0.442885 0.884242
0.908544 0.507246 0.667525
0.551968 0.523971 0.139934
0.448562 0.258881 0.530194
0.714900 0.843849 0.966087
0.395921 0.813594 0.463021
0.066484 0.627693 0.615869
0.994826 0.356843 0.269179
0.653729 0.535799 0.493412
0.230881 0.765803 0.372695
0.290965 0.745960 0.864038
0.103904 0.736716 0.114090
0.015417 0.070630 0.972096
0.681759 0.196174 0.992466
0.436157 0.746153 0.477488
0.493204 0.466202 0.854731
0.175741 0.574930 0.653202
0.722054 0.094392 0.922307
0.831886 0.734454 0.412814
0.810695 0.310666 0.406931
0.331814 0.519078 0.676972
0.554500 0.339833 0.349107
0.030264 0.336215 0.603328
0.745955 0.033339 0.512359
0.068593 0.041656 0.136772
0.389370 0.451221 0.153720
0.649191 0.346819 0.659027
0.897148 0.301072 0.821529
0.531016 0.841972 0.454062
0.674074 0.037213 0.271843
0.399109 0.974660 0.573009
0.088459 0.381665 0.194012
0.569107 0.769184 0.010930
0.718938 0.952742 0.687132
0.586632 0.712343 0.059459
0.227854 0.906586 0.002254
0.175015 0.955380 0.686154
0.285372 0.298629 0.975450
0.281998 0.491543 0.353446
0.441556 0.925253 0.515098
0.007812 0.459244 0.511972
0.632312 0.222683 0.920282
0.334084 0.677318 0.657036
0.579365 0.988317 0.116824
0.194935 0.108513 0.975120
0.453970 0.627509 0.931040
0.871874 0.936373 0.778421
0.530170 0.989706 0.288788
0.370182 0.410343 0.120814
0.750886 0.700402 0.166458
0.211529 0.007114 0.402408
0.579322 0.945810 0.736714
0.849567 0.289958 0.416052
0.609812 0.771054 0.901047
0.085007 0.733173 0.851631
0.668214 0.589943 0.793477
0.320135 0.050752 0.454706
0.270433 0.783082 0.358384
0.259047 0.449636 0.087900
0.901535 0.903162 0.566224
0.052769 0.581023 0.871691
0.680679 0.562426 0.551821
0.692033 0.338208 0.727127
0.154044 0.807156 0.653530
0.549499 0.614289 0.636335
0.389736 0.181928 0.903195
0.934638 0.417450 0.863453
0.820954 0.343529 0.617824
0.531967 0.270918 0.380641
0.223631 0.222114 0.989032
0.067323 0.940384 0.673731
0.744183 0.736775 0.055762
0.916133 0.078343 0.557088
0.918923 0.819443 0.782786
0.231496 0.365988 0.977457
0.822597 0.936521 0.730263
0.685468 0.007068 0.375874
0.070790 0.660985 0.543718
0.332139 0.876261 0.342470
0.006574 0.721520 0.707698
0.041751 0.611473 0.359512
0.073316 0.877977 0.519037
0.860300 0.090822 0.465759
0.104311 0.539560 0.297533
0.206437 0.665634 0.798141
0.667756 0.118340 0.050515
0.286804 0.476275 0.381395
0.096617 0.585780 0.747292
0.690577 0.724275 0.920549
0.596303 0.088600 0.319387
0.401003 0.352487 0.802347
0.764486 0.277186 0.808399
0.467261 0.062647 0.090442
0.016814 0.751663 0.975191
0.451140 0.111947 0.965799
0.465796 0.358832 0.090323
0.941187 0.542587 0.232938
0.767735 0.446275 0.241966
0.017552 0.560761 0.905902
0.618936 0.936258 0.822526
0.447429 0.320617 0.541312
0.875819 0.558717 0.684714
0.514195 0.263534 0.630168
0.057368 0.207873 0.455400
0.758591 0.952932 0.505244
0.681124 0.032249 0.711163
0.649727 0.343134 0.426619
0.452309 0.391111 0.385705
0.511103 0.141465 0.000434
0.556545 0.462908 0.022321
0.948608 0.253037 0.369978
0.765234 0.715812 0.738576
0.218270 0.301633 0.378573
0.101865 0.128780 0.440582
0.219435 0.990126 0.181322
0.633778 0.445919 0.326075
0.996328 0.274396 0.886593
0.852083 0.372775 0.333439
0.810040 0.232247 0.627944
0.486064 0.594365 0.390210
0.367048 0.489676 0.066930
0.432920 0.728368 0.834210
0.940105 0.741761 0.789440
0.284297 0.394944 0.864028
0.740964 0.988318 0.001340
0.455687 0.631584 0.252481
0.449097 0.565005 0.316510
0.796509 0.225029 0.680244
0.428867 0.694158 0.104665
0.917098 0.336896 0.936116
0.331193 0.854008 0.558939
0.067550 0.960709 0.541235
0.542588 0.954270 0.648363
0.649281 0.507695 0.319413
0.343377 0.871117 0.036295
0.302640 0.949576 0.056791
0.384530 0.161372 0.916807
0.957567 0.588920 0.122496
0.278884 0.397955 0.275884
0.975728 0.908492 0.677198
0.745739 0.181137 0.763297
0.014404 0.415083 0.438091
0.597464 0.772410 0.356141
0.179993 0.453199 0.717730
0.467414 0.637119 0.353513
0.119764 0.055127 0.062737
0.449028 0.183245 0.202369
0.684555 0.136585 0.906988
0.649557 0.723539 0.744362
0.093994 0.158336 0.995027
0.147591 0.181132 0.717981
0.138250 0.209582 0.372228
0.347928 0.009980 0.368164
0.967123 0.236177 0.146567
0.207131 0.835070 0.788788
0.131876 0.983542 0.665782
0.503973 0.456833 0.236434
0.795358 0.333432 0.642697
0.749053 0.544406 0.403689
0.327558 0.977811 0.866967
0.107819 0.106701 0.285413
0.743261 0.305879 0.162557
0.682839 0.566847 0.549529
0.040269 0.960173 0.546840
0.588774 0.092482 0.703081
0.280548 0.272046 0.968238
0.574328 0.526349 0.416897
0.223927 0.791955 0.833926
0.850228 0.493212 0.329284
0.322742 0.741287 0.644815
0.272675 0.163047 0.613390
0.955384 0.040614 0.961057
0.130209 0.132165 0.137766
0.558059 0.346439 0.623023
0.918993 0.581192 0.940359
0.464616 0.141092 0.473942
0.010136 0.694281 0.835785
0.641336 0.868170 0.312133
0.624680 0.609893 0.079416
0.437574 0.089507 0.918739
0.585121 0.317879 0.784149
0.212516 0.908097 0.525136
0.754135 0.871174 0.494243
0.685967 0.726139 0.795309
0.811086 0.530807 0.228222
0.114392 0.893906 0.345222
0.577173 0.512042 0.429182
0.746690 0.102954 0.904065
0.431813 0.904081 0.039977
0.380217 0.433102 0.755773
0.271944 0.169952 0.644224
0.168538 0.209192 0.569355
0.070972 0.571667 0.591295
0.135765 0.674729 0.276977
0.583870 0.759923 0.615007
0.260097 0.631867 0.576990
0.475330 0.189438 0.999016
0.767477 0.038220 0.468223
0.080011 0.279013 0.859258
0.128699 0.207266 0.361621
0.970403 0.583505 0.830521
0.273196 0.107018 0.759924
0.505503 0.117405 0.328437
0.007987 0.225223 0.515620
0.479755 0.090261 0.485280
0.975439 0.093080 0.669757
0.732298 0.476431 0.774748
0.517548 0.952726 0.576744
0.464696 0.311791 0.420383
0.324236 0.443412 0.680340
0.398552 0.681599 0.301375
0.114633 0.901558 0.721091
0.315191 0.356661 0.294975
0.827822 0.080452 0.722192
0.535477 0.689356 0.389940
0.446231 0.680611 0.965826
0.276802 0.064408 0.505952
0.011945 0.061138 0.959597
0.805208 0.424231 0.342313
0.167806 0.023266 0.579877
0.002886 0.941357 0.938570
0.485975 0.990038 0.364896
0.469306 0.053510 0.428232
0.568957 0.121579 0.276801
0.558450 0.875478 0.005578
0.696539 0.170370 0.877290
0.149646 0.257470 0.736707
0.129953 0.664726 0.048962
0.973337 0.711228 0.194806
0.903262 0.042911 0.337609
0.460326 0.905235 0.169637
0.190418 0.177852 0.778401
0.326462 0.557576 0.492543
0.828214 0.588417 0.759342
0.648131 0.614252 0.242091
0.282444 0.224469 0.335711
0.368828 0.395428 0.393623
0.854991 0.586494 0.999518
0.440624 0.513745 0.096447
0.397607 0.751865 0.574605
0.325672 0.771419 0.045655
0.426877 0.195382 0.989475
0.966204 0.977200 0.733130
0.104535 0.737243 0.562560
0.038718 0.924668 0.031880
0.235655 0.319921 0.927648
0.247577 0.832263 0.785601
0.258479 0.339830 0.445812
0.188349 0.913435 0.893637
0.013980 0.194034 0.783123
0.018791 0.803074 0.385849
0.968794 0.224673 0.912053
0.736236 0.233339 0.380552
0.589722 0.490236 0.608527
0.506958 0.324073 0.829248
0.515300 0.963273 0.587269
0.768308 0.404199 0.518828
0.366177 0.022720 0.644759
0.553478 0.527328 0.874471
0.620003 0.770718 0.136446
0.299905 0.930497 0.313060
0.292708 0.792089 0.519746
0.328831 0.657926 0.409277
0.851477 0.412231 0.482551
0.674471 0.802334 0.751251
0.054324 0.669764 0.290584
0.734613 0.562929 0.398097
0.503892 0.231497 0.072646
0.009089 0.676278 0.075596
0.394867 0.034812 0.764592
0.227849 0.959720 0.353034
0.896040 0.892089 0.462334
0.202548 0.596780 0.507246
0.668044 0.567227 0.940813
0.043075 0.549022 0.519052
0.567721 0.572156 0.662358
0.868785 0.859383 0.506247
0.336218 0.118657 0.138390
0.954877 0.731989 0.943497
0.274245 0.318949 0.622394
0.260329 0.135430 0.780552
0.095054 0.469261 0.378481
0.600508 0.785912 0.236944
0.786418 0.410652 0.748798
0.153271 0.244049 0.722671
0.344792 0.092071 0.926560
0.860939 0.017293 0.062614
0.431753 0.680203 0.472999
0.950579 0.759533 0.430857
0.466843 0.736967 0.179685
0.650648 0.140675 0.997839
0.329030 0.224068 0.785188
0.907517 0.785331 0.202045
0.141126 0.694285 0.301819
0.611696 0.249578 0.289089
0.720591 0.014388 0.786751
0.376401 0.212101 0.896790
0.908725 0.629119 0.661122
0.238967 0.373376 0.612472
0.081418 0.445999 0.448435
0.948583 0.600444 0.485760
0.113517 0.773698 0.931275
0.119606 0.761341 0.562730
0.206329 0.000586 0.141899
0.623674 0.308791 0.543359
0.225471 0.563423 0.036527
0.246924 0.540619 0.572621
0.437385 0.186841 0.730744
0.051506 0.968557 0.205699
0.537205 0.469927 0.219815
0.634009 0.633306 0.312906
0.544940 0.214793 0.531869
0.674585 0.186282 0.225170
0.009155 0.855978 0.463587
0.559015 0.350717 0.444077
0.561697 0.483736 0.671607
0.102908 0.048044 0.269177
0.757646 0.050373 0.735381
0.923736 0.270474 0.998877
0.021123 0.086130 0.356481
0.426935 0.542826 0.834046
0.021976 0.619052 0.690381
0.163064 0.910752 0.506052
0.563125 0.545567 0.147708
0.662376 0.991464 0.496869
0.160846 0.013636 0.112871
0.733981 0.138395 0.150312
0.481134 0.312686 0.560802
0.008631 0.265841 0.211698
0.050824 0.756050 0.124926
0.870470 0.660286 0.231340
0.781685 0.749762 0.899953
0.292184 0.764733 0.342401
0.706932 0.055659 0.436636
0.468923 0.717794 0.320629
0.897706 0.686336 0.170488
0.985668 0.372177 0.144092
0.105418 0.950904 0.870592
0.327929 0.805038 0.801210
0.893172 0.147485 0.152197
0.246631 0.092035 0.862745
0.740848 0.363898 0.299688
0.096740 0.032549 0.382916
0.608251 0.438249 0.610577
0.453520 0.378802 0.361450
0.077785 0.204215 0.954109
0.909786 0.918759 0.601110
0.926300 0.229137 0.897593
0.165525 0.084462 0.655709
0.919726 0.533354 0.236048
0.497732 0.906136 0.759464
0.805728 0.596203 0.072475
0.736557 0.182052 0.828478
0.144378 0.723033 0.474444
0.475770 0.266188 0.590495
0.784495 0.706539 0.141620
0.456029 0.989965 0.466816
0.408872 0.794188 0.559600
0.288859 0.900904 0.647918
0.903234 0.901530 0.208374
0.131563 0.822646 0.377261
0.638833 0.139963 0.875078
0.434797 0.286032 0.879791
0.630183 0.680888 0.019704
0.600794 0.360694 0.517421
0.376085 0.650903 0.414365
0.316281 0.108521 0.979814
0.882333 0.020068 0.678908
0.988113 0.740144 0.090557
0.004693 0.670943 0.103785
0.394544 0.800581 0.827231
0.338792 0.022430 0.329583
0.437075 0.404188 0.800119
0.684052 0.956613 0.595896
0.062450 0.225774 0.747162
0.535563 0.294070 0.806345
0.939520 0.641527 0.485045
0.013555 0.653494 0.956102
0.678511 0.890988 0.010471
0.360825 0.409783 0.173996
0.450724 0.529976 0.412165
0.665569 0.539050 0.058262
0.218036 0.437174 0.769542
0.765967 0.394732 0.052607
0.513267 0.871459 0.540991
0.985450 0.600441 0.016575
0.837791 0.067929 0.873280
0.550281 0.109049 0.825028
0.044213 0.570687 0.274531
0.180491 0.888852 0.583305
0.460165 0.269695 0.430020
0.381920 0.749810 0.284310
0.359318 0.257636 0.102783
0.747001 0.275019 0.378763
0.783713 0.013356 0.100560
0.674370 0.380270 0.411089
0.704350 0.331924 0.827311
0.894022 0.922764 0.692670
0.394427 0.851424 0.951735
0.310632 0.361309 0.028918
0.203883 0.646024 0.306658
0.768905 0.165928 0.970275
0.529390 0.759119 0.319564
0.519744 0.087247 0.884538
0.308574 0.613890 0.206545
0.635500 0.853282 0.163477
0.297249 0.048238 0.350562
0.341382 0.623349 0.916566
0.160010 0.666256 0.373739
0.517820 0.197709 0.226762
0.530623 0.262018 0.808664
0.997207 0.614524 0.592246
0.665242 0.732619 0.578370
0.501711 0.193807 0.976381
0.839263 0.887550 0.684095
0.052558 0.319443 0.679297
0.125741 0.721913 0.494076
0.736634 0.346349 0.202871
0.333764 0.868652 0.268868
0.071298 0.531453 0.164838
0.480036 0.302456 0.854173
0.488118 0.384440 0.588911
0.297253 0.331656 0.601259
0.010165 0.172616 0.189814
0.408148 0.120923 0.231185
0.246033 0.585371 0.230314
0.490689 0.745040 0.563966
0.795941 0.492153 0.929747
0.459322 0.807166 0.639511
0.305448 0.618509 0.151588
0.416730 0.495992 0.097528
0.711308 0.543230 0.017460
0.407490 0.801113 0.537586
0.866015 0.493014 0.422609
0.018454 0.390526 0.932259
0.584073 0.053227 0.680889
0.404233 0.838458 0.949208
0.684037 0.881925 0.792213
0.618414 0.702542 0.926732
0.663135 0.690888 0.850343
0.156392 0.795383 0.529313
0.568461 0.119159 0.497510
0.074542 0.092389 0.827817
0.527663 0.254027 0.761053
0.653346 0.145511 0.511127
0.184497 0.272344 0.463771
0.240989 0.629510 0.864434
0.330425 0.295451 0.918667
0.746753 0.533032 0.617380
0.121969 0.324034 0.509598
0.527017 0.653637 0.238948
0.269138 0.813756 0.908777
0.420185 0.261812 0.993504
0.762770 0.339723 0.270632
0.429084 0.113887 0.008590
0.592467 0.616526 0.712823
0.242822 0.467836 0.138982
0.930843 0.005219 0.009342
0.230928 0.258132 0.080242
0.130519 0.841265 0.182886
0.987938 0.885886 0.443540
0.319492 0.478781 0.353107
0.645473 0.506633 0.925316
0.163326 0.300830 0.025965
0.064120 0.200682 0.398354
0.500040 0.642402 0.425319
0.312915 0.246351 0.254486
0.711749 0.730607 0.731950
0.982738 0.974952 0.874176
0.469187 0.379057 0.044962
0.688623 0.294099 0.366870
0.504063 0.144692 0.228310
0.114341 0.652958 0.726696
0.450532 0.758457 0.213494
0.600766 0.668028 0.508652
0.905479 0.772077 0.508400
0.663949 0.000773 0.905042
0.123718 0.849318 0.064598
0.481973 0.332171 0.438472
0.241079 0.446297 0.173488
0.741824 0.689624 0.416787
0.013035 0.583694 0.656550
0.840497 0.335178 0.152398
0.178771 0.778875 0.325474
0.301217 0.690590 0.869690
0.099326 0.816213 0.251966
0.110955 0.087948 0.323820
0.105310 0.898704 0.473558
0.227083 0.709265 0.279816
0.875826 0.601785 0.687384
0.515366 0.251861 0.737012
0.212006 0.461849 0.142068
0.083132 0.010315 0.326423
0.736722 0.075392 0.711182
0.964789 0.388762 0.583043
0.490773 0.041739 0.941133
0.530284 0.162352 0.588143
0.374159 0.534776 0.263573
0.830318 0.614225 0.550654
0.285670 0.004219 0.348098
0.030204 0.772941 0.538157
0.721873 0.619003 0.895694
0.862323 0.074441 0.547499
0.869706 0.242353 0.565763
0.925502 0.400594 0.704118
0.962911 0.123289 0.425856
0.764181 0.753630 0.778169
0.855713 0.998201 0.433257
0.800973 0.859583 0.047877
0.066450 0.660823 0.388685
0.789956 0.915217 0.277525
0.398031 0.117992 0.021752
0.250125 0.529959 0.358897
0.103939 0.080140 0.671696
0.195654 0.764332 0.784981
0.879421 0.985040 0.856816
0.154863 0.487313 0.982003
0.793153 0.869517 0.105266
0.767443 0.100636 0.190085
0.841337 0.118566 0.814703
0.133598 0.685429 0.624572
0.729695 0.396482 0.134238
0.498932 0.724644 0.162789
0.039054 0.856772 0.672997
0.441632 0.202568 0.693183
0.885870 0.513710 0.286149
0.709479 0.920088 0.895727
0.809915 0.354385 0.371135
0.118093 0.854751 0.663068
0.678370 0.361291 0.068934
0.397180 0.218726 0.171050
0.128567 0.971023 0.254178
0.052900 0.160666 0.497257
0.340212 0.404488 0.317792
0.894978 0.983907 0.889100
0.740524 0.285829 0.532293
0.238584 0.460579 0.808276
0.404666 0.389035 0.609355
0.020921 0.094590 0.917428
0.978028 0.213882 0.914598
0.662714 0.738407 0.578127
0.411710 0.344610 0.298876
0.665287 0.438558 0.344937
0.288004 0.606519 0.682539
0.064139 0.551028 0.283383
0.077332 0.243171 0.076402
0.305440 0.845885 0.125750
0.112634 0.634591 0.363950
0.896185 0.020477 0.649504
0.025026 0.769721 0.738223
0.240096 0.675238 0.835511
0.366483 0.583032 0.490699
0.859023 0.533348 0.117287
0.251979 0.159227 0.050756
0.398008 0.406211 0.304856
0.956275 0.223862 0.784626
0.194884 0.196345 0.336735
0.058218 0.590328 0.824319
0.852503 0.617798 0.377142
0.253160 0.460043 0.206544
0.077322 0.909269 0.139766
0.109174 0.474098 0.981660
0.240851 0.517033 0.949608
0.234199 0.494833 0.857474
0.719799 0.545662 0.950593
0.027967 0.536954 0.898135
0.755618 0.424913 0.431179
0.713393 0.905723 0.073675
0.145456 0.312334 0.259637
0.094386 0.943061 0.786303
0.527504 0.350498 0.407470
0.705216 0.873198 0.247389
0.821957 0.683457 0.954145
0.292878 0.877028 0.713377
0.946741 0.314587 0.321082
0.240756 0.057030 0.854973
0.745218 0.719612 0.016088
0.955319 0.957260 0.092483
0.908831 0.818348 0.204297
0.229865 0.955836 0.166189
0.397633 0.159969 0.678366
0.143344 0.840453 0.160899
0.683329 0.764535 0.411334
0.818820 0.966496 0.515385
0.504791 0.931651 0.925918
0.628245 0.132869 0.755483
0.186839 0.721750 0.967046
0.305454 0.723151 0.758694
0.209423 0.259828 0.708118
0.986260 0.234925 0.630019
0.204144 0.333649 0.759810
0.849756 0.073605 0.033070
0.768226 0.713387 0.337017
0.324854 0.430936 0.945655
0.716052 0.588707 0.869652
0.954916 0.476232 0.685392
0.178876 0.401119 0.114254
0.631201 0.792017 0.960213
0.949004 0.625133 0.740879
0.869129 0.129335 0.672259
0.677209 0.223441 0.041726
0.732511 0.149633 0.354865
0.611743 0.274700 0.183865
0.493048 0.017321 0.828436
0.029883 0.945049 0.378880
0.196436 0.842738 0.342575
0.164383 0.039598 0.107150
0.188147 0.983016 0.888227
0.173891 0.758071 0.055066
0.066291 0.560370 0.992752
0.576547 0.392739 0.490841
0.018972 0.817319 0.147781
0.055685 0.114811 0.419539
0.026241 0.090374 0.052458
0.400514 0.888097 0.178818
0.316199 0.894909 0.534008
0.474393 0.836851 0.460539
0.023733 0.708623 0.098273
0.162998 0.078260 0.210211
0.619110 0.924453 0.030256
0.885551 0.928590 0.120590
0.219876 0.406550 0.882472
0.831452 0.130660 0.819061
0.951382 0.366491 0.952575
0.898541 0.854470 0.467069
0.116849 0.437419 0.131582
0.658031 0.645278 0.004584
0.156792 0.782364 0.294903
0.952391 0.940710 0.187274
0.188242 0.940336 0.922208
0.307361 0.729226 0.013777
0.505480 0.575552 0.801316
0.716826 0.812852 0.092266
0.483508 0.103657 0.562716
0.181661 0.453407 0.812089
0.845357 0.862892 0.466878
0.238684 0.294520 0.234235
0.356326 0.290453 0.137758
0.457043 0.782025 0.497210
0.510490 0.348552 0.747733
0.896697 0.422526 0.996482
0.561202 0.400167 0.660116
0.526568 0.287351 0.691614
0.244450 0.238187 0.183082
0.285192 0.061592 0.291227
0.367778 0.144007 0.840291
0.116960 0.489985 0.581727
0.153754 0.946434 0.708580
0.386147 0.137505 0.885383
0.138499 0.667004 0.106844
0.689157 0.524706 0.501952
0.767977 0.870539 0.114643
0.270198 0.964592 0.283544
0.719277 0.345955 0.338259
0.699000 0.729628 0.824044
0.924117 0.149067 0.005984
0.687440 0.451093 0.739383
0.002181 0.592731 0.269741
0.602850 0.554185 0.220635
0.739830 0.035595 0.946699
0.536531 0.882586 0.491613
0.428800 0.449917 0.779367
0.031794 0.911572 0.265965
0.742387 0.268234 0.287142
0.180346 0.740062 0.386167
0.004853 0.618827 0.273809
0.964358 0.352556 0.523811
0.796517 0.596793 0.436827
0.448628 0.751515 0.672803
0.019903 0.778871 0.311556
0.402777 0.042017 0.438553
0.398737 0.899331 0.210480
0.872792 0.283669 0.595803
0.679148 0.848036 0.556387
0.090574 0.433422 0.034115
0.745864 0.009926 0.966217
0.963469 0.720807 0.838317
0.953584 0.076090 0.431770
0.933235 0.655777 0.543220
0.139726 0.150026 0.309488
0.757559 0.000088 0.946761
0.292667 0.292788 0.925777
0.852684 0.890257 0.822148
0.572058 0.703761 0.836154
0.776036 0.636538 0.372424
0.514480 0.120989 0.143101
0.125611 0.556351 0.533417
0.527568 0.232436 0.590975
0.444360 0.571889 0.533563
0.806942 0.583413 0.330280
0.026387 0.097121 0.111359
0.428093 0.898399 0.569005
0.958596 0.840426 0.895343
0.854964 0.717577 0.090965
0.111560 0.610622 0.434560
0.574600 0.881429 0.511228
0.075261 0.568947 0.454493
0.154796 0.319672 0.525818
0.732671 0.016200 0.976273
0.341405 0.192299 0.012886
0.788762 0.212084 0.630930
0.719612 0.494122 0.342490
0.815017 0.188226 0.827626
0.593134 0.623776 0.645495
0.250278 0.656675 0.989397
0.756963 0.866981 0.392330
0.400858 0.422360 0.021179
0.511102 0.728237 0.360065
0.633454 0.662281 0.993448
0.360993 0.761351 0.708331
0.424886 0.173839 0.029165
0.337926 0.903798 0.026398
0.687008 0.751016 0.561869
0.501550 0.136429 0.748252
0.639633 0.071863 0.055533
0.314866 0.029509 0.804334
0.986785 0.945973 0.875113
0.934265 0.674814 0.909124
0.545191 0.786312 0.152571
0.761083 0.335577 0.895288
0.326444 0.807995 0.713885
0.958635 0.237243 0.856317
0.465530 0.835853 0.612772
0.949904 0.685217 0.311501
0.075921 0.282402 0.042024
0.425120 0.282950 0.255525
0.313664 0.216599 0.143523
0.373588 0.979952 0.878099
0.862989 0.288295 0.114331
0.680335 0.819030 0.580120
0.316881 0.037011 0.764977
0.916273 0.911879 0.910866
0.773653 0.018558 0.695644
0.333185 0.486831 0.680117
0.297203 0.971125 0.208867
0.406135 0.521183 0.973649
0.513082 0.130159 0.445549
0.950954 0.434878 0.478634
0.095733 0.112209 0.773687
0.309820 0.468307 0.127912
0.485122 0.009169 0.471548
0.249677 0.260633 0.428186
0.928048 0.099401 0.327822
0.393519 0.697460 0.499447
0.771151 0.835089 0.517396
0.947112 0.774834 0.776532
0.289711 0.409344 0.930058
0.983998 0.732905 0.633617
0.208003 0.383828 0.704383
0.722387 0.594003 0.148086
0.139114 0.533097 0.830504
0.585264 0.539548 0.616450
0.471818 0.404406 0.246763
0.929424 0.202043 0.352518
0.747040 0.590679 0.771497
0.159599 0.141689 0.137021
0.195141 0.097825 0.152222
0.115380 0.266510 0.760873
0.099591 0.600759 0.525063
0.207768 0.785466 0.653198
0.811352 0.079194 0.395551
0.895656 0.824584 0.340267
0.316898 0.819306 0.499319
0.311194 0.549565 0.933356
0.089511 0.367400 0.872987
0.620040 0.135639 0.353510
0.198627 0.435898 0.794023
0.407461 0.806418 0.752264
0.999675 0.615768 0.723432
0.919158 0.103356 0.983440
0.989820 0.967671 0.013375
0.421861 0.865966 0.430477
0.569492 0.291339 0.387891
0.639307 0.660266 0.877569
0.274192 0.003520 0.234595
0.313530 0.121295 0.151493
0.780228 0.404103 0.793283
0.230933 0.376772 0.788374
0.299780 0.021525 0.920960
0.102962 0.338168 0.141229
0.348618 0.727574 0.826389
0.667882 0.048376 0.564386
0.415877 0.411315 0.385874
0.807445 0.192160 0.788462
0.212232 0.420297 0.967312
0.846293 0.697351 0.142191
0.920159 0.984396 0.456270
0.726429 0.024316 0.520473
0.204873 0.780324 0.496540
0.827717 0.395803 0.740618
0.934104 0.903653 0.279297
0.522031 0.771293 0.323126
0.268669 0.268429 0.648114
0.573729 0.605162 0.364463
0.878888 0.317266 0.707535
0.261926 0.797574 0.854993
0.974296 0.061491 0.449194
0.056043 0.841915 0.097240
0.757252 0.628790 0.306393
0.146512 0.570099 0.674153
0.879988 0.433941 0.779162
0.363489 0.356955 0.355883
0.551475 0.657747 0.602248
0.639469 0.943505 0.938087
0.256809 0.410072 0.025360
0.690092 0.243356 0.079238
0.334588 0.579731 0.786975
0.513057 0.687422 0.712277
0.875758 0.750556 0.566306
0.823101 0.893383 0.862485
0.721254 0.773497 0.465802
0.595713 0.111242 0.044504
0.832126 0.791698 0.493381
0.065979 0.539268 0.010154
0.848799 0.422841 0.233170
0.703535 0.249078 0.570281
0.448457 0.549614 0.289445
0.399218 0.070549 0.930697
0.617707 0.670284 0.392554
0.346563 0.292250 0.601637
0.560478 0.139848 0.434510
0.087221 0.510791 0.205208
0.468777 0.847629 0.845093
0.749080 0.653229 0.756652
0.902948 0.550015 0.800619
0.643500 0.014735 0.472002
0.362269 0.260989 0.252273
0.240583 0.964158 0.378753
0.669762 0.653816 0.875409
0.599221 0.949529 0.178899
0.050030 0.407920 0.515959
0.323104 0.374845 0.279976
0.312588 0.970302 0.514103
0.068582 0.778057 0.550169
0.086703 0.846540 0.950230
0.716502 0.400747 0.407597
0.248393 0.025588 0.072598
0.171891 0.082753 0.035067
0.482029 0.824214 0.733285
0.539476 0.315647 0.834931
0.325814 0.976909 0.926123
0.851886 0.515466 0.651058
0.874334 0.706052 0.040167
0.135061 0.668073 0.879095
0.213316 0.744896 0.110767
0.278470 0.553558 0.382578
0.512056 0.223505 0.316826
0.508408 0.967038 0.818598
0.088934 0.478655 0.162921
0.513177 0.788786 0.513243
0.168689 0.524944 0.045759
0.682171 0.201007 0.135767
0.600898 0.037886 0.696302
0.295016 0.697398 0.716288
0.273759 0.053246 0.920905
0.721044 0.970236 0.814096
0.566985 0.644464 0.614561
0.621810 0.746633 0.215444
0.750869 0.377283 0.834419
0.071022 0.399182 0.291708
0.947036 0.075148 0.395033
0.419499 0.884373 0.802012
0.590210 0.941111 0.629518
0.522763 0.030956 0.194038
0.106454 0.460062 0.330280
0.417250 0.742958 0.563530
0.333007 0.014308 0.769920
0.535325 0.116736 0.475741
0.931401 0.946479 0.505968
0.281707 0.798754 0.941834
0.129199 0.706849 0.382169
0.174409 0.567421 0.287043
0.286534 0.358300 0.534948
0.824807 0.209601 0.468138
0.597684 0.861677 0.316021
0.277438 0.606240 0.510769
0.916380 0.584048 0.241728
0.769412 0.061304 0.220446
0.556287 0.088950 0.830376
0.927113 0.869612 0.514780
0.424421 0.123307 0.937083
0.542584 0.124379 0.395024
0.421173 0.812334 0.517992
0.028239 0.598651 0.221890
0.877274 0.496324 0.162790
0.860143 0.036254 0.103341
0.573483 0.749190 0.194604
0.749516 0.236226 0.133529
0.799148 0.825565 0.900016
0.105775 0.583023 0.405404
0.744145 0.295423 0.901106
0.559114 0.973143 0.452944
0.352476 0.474687 0.721888
0.412348 0.028880 0.770579
0.876469 0.115752 0.085277
0.825310 0.415094 0.547822
0.227459 0.002924 0.804809
0.351801 0.865395 0.483746
0.831817 0.471530 0.729296
0.260615 0.038073 0.864284
0.555875 0.165004 0.894211
0.486910 0.995277 0.839433
0.081491 0.256473 0.014055
0.473135 0.359070 0.482998
0.325597 0.532439 0.515928
0.785406 0.664063 0.378513
0.604073 0.702434 0.968509
0.977582 0.478986 0.102351
0.973017 0.001563 0.451827
0.348916 0.108128 0.883490
0.564796 0.344355 0.419200
0.915984 0.226306 0.767710
0.933248 0.991545 0.834746
0.602876 0.661607 0.545491
0.790080 0.015601 0.927893
0.430906 0.959099 0.701922
0.203672 0.209757 0.448923
0.065825 0.796410 0.909441
0.187545 0.149715 0.954783
0.066056 0.694169 0.499839
0.608576 0.499775 0.773594
0.925138 0.952657 0.079771
0.153840 0.991151 0.887029
0.022363 0.797340 0.692062
0.016904 0.284188 0.923062
0.386453 0.806024 0.009401
0.346534 0.248403 0.866616
0.230047 0.756982 0.420625
0.512125 0.610206 0.539156
0.151598 0.140380 0.122720
0.690935 0.008951 0.120099
0.077164 0.409915 0.457748
0.899345 0.872893 0.789795
0.377129 0.633406 0.991074
0.479398 0.389786 0.138417
0.536055 0.912733 0.967780
0.306497 0.294477 0.319031
0.667803 0.120147 0.999527
0.986549 0.745565 0.133513
0.486646 0.433143 0.936850
0.103883 0.075735 0.357009
0.570212 0.187711 0.283450
0.799238 0.289104 0.303732
0.199501 0.002092 0.623329
0.129807 0.078270 0.691138
0.158174 0.301388 0.479254
0.899462 0.612424 0.555516
0.382975 0.607725 0.286172
0.414296 0.597470 0.144027
0.223570 0.535826 0.330489
0.582380 0.987742 0.526285
0.244166 0.228024 0.771737
0.212276 0.165115 0.940393
0.677131 0.349946 0.575684
0.827345 0.363845 0.093791
0.046921 0.784508 0.047286
0.339183 0.163244 0.813231
0.744945 0.250646 0.021177
0.166416 0.095459 0.735121
0.672494 0.877825 0.240844
0.835928 0.202611 0.549488
0.674607 0.125355 0.686797
0.752543 0.092942 0.602280
0.518580 0.634846 0.781078
0.945410 0.289853 0.605304
0.355372 0.406789 0.302242
0.375051 0.809220 0.677422
0.427018 0.093402 0.690625
0.269733 0.219954 0.189316
0.359241 0.623727 0.977445
0.989526 0.888110 0.911720
0.934860 0.876788 0.812931
0.469172 0.565780 0.080024
0.819995 0.312420 0.758172
0.227016 0.022034 0.917135
0.245053 0.237223 0.607480
0.409253 0.223203 0.027205
0.066244 0.746550 0.730107
0.948753 0.281570 0.512674
0.396383 0.912192 0.153287
0.077024 0.128434 0.512041
0.883530 0.314883 0.756419
0.956186 0.767918 0.575511
0.644123 0.477411 0.056831
0.828354 0.369964 0.216752
0.381385 0.907909 0.114123
0.147577 0.328671 0.969348
0.075242 0.188016 0.495502
0.410217 0.536408 0.656353
0.754876 0.563928 0.526821
0.001722 0.738924 0.586193
0.797667 0.613855 0.246050
0.224019 0.451312 0.208827
0.361924 0.728906 0.475928
0.798964 0.858247 0.348321
0.157673 0.900125 0.760386
0.904011 0.819622 0.167519
0.217308 0.886192 0.636222
0.837149 0.751411 0.049829
0.918106 0.389464 0.876644
0.977614 0.607803 0.340856
0.220324 0.736245 0.154566
0.446304 0.000992 0.958833
0.615956 0.463479 0.412901
0.210455 0.801094 0.036018
0.433564 0.930911 0.528971
0.670273 0.902269 0.706830
0.783522 0.449927 0.027246
0.967791 0.927869 0.100471
0.754527 0.533151 0.160288
0.316676 0.345163 0.458180
0.239129 0.684765 0.775773
0.708886 0.175178 0.857593
0.960689 0.245271 0.833128
0.922226 0.907538 0.512647
0.055054 0.843505 0.259149
0.213529 0.208444 0.837759
0.769335 0.620615 0.581843
0.508943 0.208966 0.742035
0.527543 0.232085 0.644709
0.688915 0.966404 0.471071
0.406065 0.509873 0.286230
0.312219 0.105937 0.662351
0.185196 0.166094 0.545474
0.311317 0.996191 0.995776
0.583627 0.512742 0.512736
0.645554 0.877163 0.246361
0.357700 0.599396 0.576028
0.023021 0.141195 0.333583
0.837668 0.324913 0.609201
0.203708 0.008257 0.605980
0.364755 0.223680 0.874092
0.411312 0.432384 0.209634
0.715006 0.172813 0.728445
0.795235 0.636635 0.788405
0.396319 0.469922 0.032133
0.848842 0.310488 0.420367
0.107978 0.470194 0.826984
0.962549 0.945127 0.092383
0.112392 0.528022 0.709507
0.243357 0.980014 0.786844
0.952478 0.748929 0.096567
0.369727 0.333656 0.962578
0.489225 0.179246 0.748175
0.727258 0.584165 0.498256
0.216854 0.088249 0.386682
0.640770 0.333780 0.600106
0.119466 0.482892 0.189666
0.342482 0.275072 0.140317
0.944503 0.263391 0.003840
0.353628 0.200916 0.957168
0.636058 0.148498 0.842379
0.528762 0.124016 0.447494
0.013802 0.856091 0.559917
0.445071 0.731744 0.457385
0.557462 0.877591 0.207365
0.561460 0.984441 0.059249
0.490436 0.368674 0.043897
0.615632 0.675316 0.940297
0.494450 0.443680 0.425209
0.460795 0.057723 0.776094
0.554313 0.566482 0.535763
0.870618 0.779687 0.790731
0.198303 0.052993 0.175492
0.670428 0.701883 0.821878
0.502001 0.959905 0.042136
0.438901 0.619678 0.122907
0.341908 0.076040 0.463115
0.284845 0.252133 0.683971
0.168825 0.795890 0.268648
0.818316 0.162173 0.181630
0.409039 0.202254 0.309646
0.922881 0.379642 0.012838
0.549466 0.775560 0.198277
0.582907 0.857905 0.434376
0.078039 0.403590 0.521107
0.588108 0.600861 0.647385
0.359088 0.774657 0.630069
0.635367 0.854057 0.627320
0.952039 0.360014 0.667731
0.764371 0.855787 0.929192
0.560212 0.204113 0.877799
0.932321 0.269113 0.794814
0.680638 0.739127 0.875044
0.082417 0.888189 0.167618
0.639066 0.176476 0.538624
0.921810 0.741359 0.120179
0.086607 0.931709 0.568181
0.391463 0.462946 0.337763
0.400144 0.320595 0.372255
0.894251 0.484819 0.779623
0.263842 0.126473 0.329312
0.660704 0.280068 0.621376
0.713842 0.605247 0.773939
0.471063 0.146428 0.462303
0.392411 0.056666 0.253895
0.293458 0.970107 0.528184
0.605022 0.241305 0.052968
0.765156 0.461916 0.377252
0.391555 0.670968 0.132704
0.622500 0.754274 0.912182
0.672105 0.590271 0.548134
0.306477 0.777257 0.287724
0.535121 0.486366 0.914896
0.043940 0.407896 0.471012
0.664861 0.011776 0.078813
0.144474 0.555922 0.239829
0.375389 0.131753 0.986219
0.957578 0.143666 0.033661
0.250180 0.648656 0.977388
0.715497 0.073343 0.026296
0.412464 0.963815 0.075475
0.435021 0.413168 0.951211
0.304613 0.170008 0.033477
0.863394 0.579290 0.805560
0.592771 0.844177 0.574283
0.405765 0.568992 0.242042
0.803940 0.383330 0.636869
0.003495 0.702504 0.735053
0.864750 0.415299 0.738718
0.549712 0.578093 0.724600
0.822164 0.909449 0.547582
0.400135 0.790091 0.965172
0.071635 0.985759 0.523000
0.952225 0.665333 0.138312
0.975743 0.538787 0.258748
0.863431 0.139916 0.667462
0.001503 0.604927 0.841208
0.175275 0.575469 0.186178
0.833045 0.436896 0.312015
0.462133 0.279383 0.896575
0.813685 0.084201 0.684616
0.188096 0.659892 0.874251
0.649623 0.856994 0.286704
0.803329 0.496197 0.233759
0.583786 0.842012 0.125319
0.804016 0.704334 0.041025
0.206735 0.428306 0.895749
0.373210 0.201941 0.559335
0.088904 0.882625 0.956533
0.169788 0.201490 0.956605
0.337643 0.587249 0.377746
0.407602 0.151479 0.524386
0.206429 0.764387 0.051888
0.800897 0.510706 0.451916
0.294009 0.158347 0.569042
0.350407 0.561890 0.146569
0.679509 0.246997 0.837501
0.863684 0.389558 0.849148
0.761474 0.853789 0.786114
0.037254 0.576852 0.022018
0.152402 0.411914 0.588090
0.183471 0.020893 0.856785
0.869351 0.642700 0.740501
0.119546 0.859457 0.825186
0.191093 0.205617 0.041574
0.872331 0.614621 0.028703
0.674931 0.883184 0.927680
0.541523 0.370450 0.091957
0.624399 0.147855 0.881399
0.917957 0.217183 0.958995
0.068364 0.653321 0.765992
0.538327 0.453190 0.295692
0.138249 0.910116 0.472315
0.545405 0.657383 0.236797
0.595445 0.299891 0.967311
0.633151 0.366516 0.652484
0.416202 0.329387 0.787630
0.927715 0.626304 0.638621
0.404700 0.821643 0.962557
0.525761 0.269940 0.992809
0.479365 0.875677 0.390865
0.780711 0.600716 0.656587
0.634408 0.102365 0.055250
0.746723 0.066801 0.930104
0.758244 0.943849 0.676203
0.957466 0.785335 0.479120
0.750027 0.234123 0.703636
0.880434 0.972163 0.722063
0.784521 0.406335 0.200460
0.547269 0.649144 0.776401
0.446664 0.998688 0.584573
0.757225 0.900741 0.789312
0.849339 0.770263 0.268459
0.426570 0.267937 0.923603
0.297609 0.094463 0.173597
0.852053 0.934286 0.924679
0.011204 0.499918 0.706331
0.627972 0.044588 0.606517
0.785877 0.350814 0.492408
0.650293 0.629552 0.778039
0.241155 0.337340 0.259867
0.017269 0.477555 0.557379
0.700038 0.530804 0.955674
0.714770 0.029659 0.780579
0.885890 0.908167 0.277410
0.446315 0.175100 0.271907
0.218404 0.166664 0.045011
0.820632 0.814876 0.511847
0.700605 0.168462 0.624869
0.881366 0.025623 0.336861
0.341730 0.539717 0.479894
0.951260 0.765235 0.049455
0.987938 0.114067 0.922674
0.924350 0.988813 0.004012
0.221718 0.087530 0.939495
0.974611 0.345788 0.417805
0.387717 0.833522 0.314770
0.626065 0.843905 0.801857
0.390644 0.260083 0.181799
0.482321 0.744867 0.878012
0.361715 0.646322 0.571714
0.262177 0.337491 0.702220
0.730176 0.467108 0.903125
0.467641 0.927727 0.910878
0.450254 0.526925 0.390201
0.565910 0.760766 0.491238
0.364812 0.781253 0.383668
0.272702 0.530513 0.192164
0.199833 0.314006 0.801968
0.730332 0.545851 0.907177
0.446462 0.120560 0.966745
0.589366 0.235671 0.824938
0.130603 0.278142 0.087397
0.732307 0.225326 0.459757
0.004508 0.140832 0.588335
0.155003 0.799036 0.865999
0.205798 0.939397 0.788360
0.881614 0.683069 0.651722
0.881367 0.393565 0.793465
0.023675 0.235654 0.542198
0.539003 0.894738 0.202815
0.422890 0.667215 0.951092
0.458424 0.505334 0.810477
0.821199 0.771610 0.637453
0.961913 0.585805 0.093401
0.435431 0.884999 0.191605
0.366610 0.949984 0.031304
0.281360 0.118724 0.094386
0.062632 0.893381 0.264598
0.198220 0.445072 0.370732
0.281852 0.613318 0.148653
0.297022 0.640413 0.591705
0.417813 0.455707 0.814712
0.998622 0.362043 0.187581
0.745132 0.495160 0.815188
0.014796 0.105780 0.140200
0.805797 0.918676 0.362740
0.728567 0.438244 0.110666
0.764952 0.678934 0.636725
0.895260 0.809966 0.413837
0.889131 0.803065 0.910462
0.241855 0.590055 0.890695
0.961443 0.345717 0.352119
0.759256 0.138850 0.588136
0.442896 0.001104 0.852801
0.306391 0.880263 0.292878
0.952522 0.970995 0.790825
0.471793 0.713358 0.435153
0.328622 0.825218 0.947859
0.739941 0.480107 0.739200
0.861759 0.012083 0.323745
0.738329 0.046272 0.570606
0.238281 0.200997 0.832489
0.267424 0.037027 0.830382
0.945731 0.396717 0.777879
0.057869 0.396977 0.346541
0.928141 0.832826 0.420116
0.728709 0.915394 0.684519
0.657626 0.300866 0.381763
0.315108 0.492293 0.769999
0.809673 0.061130 0.400676
0.092490 0.350905 0.434141
0.188769 0.007621 0.523845
0.115525 0.655646 0.977249
0.156762 0.355966 0.452207
0.725234 0.243944 0.413013
0.371734 0.145554 0.710270
0.489266 0.307548 0.613120
0.071511 0.015434 0.562748
0.054804 0.280415 0.391352
0.862915 0.326346 0.278919
0.174868 0.502331 0.186609
0.333060 0.783297 0.363796
0.346099 0.844012 0.825490
0.538143 0.688924 0.251213
0.668077 0.576682 0.248331
0.760867 0.413754 0.549363
0.137465 0.697266 0.735315
0.865463 0.445600 0.571324
0.811287 0.365980 0.283602
0.173243 0.473496 0.685111
0.843341 0.475800 0.533163
0.160801 0.349510 0.320957
0.450624 0.326682 0.144525
0.391011 0.690130 0.618340
0.647778 0.050407 0.781425
0.306650 0.247089 0.083817
0.658087 0.649156 0.404743
0.208073 0.354317 0.642277
0.318682 0.769813 0.253682
0.801510 0.692123 0.964631
0.053086 0.751349 0.083813
0.152856 0.196508 0.868953
0.433711 0.580150 0.636830
0.034459 0.314852 0.988313
0.732709 0.992035 0.615129
0.576712 0.262102 0.140722
0.459958 0.354616 0.799712
0.000959 0.994861 0.120094
0.960195 0.192811 0.412398
0.983549 0.051627 0.804073
0.363570 0.451190 0.684821
0.490885 0.319338 0.104541
0.743785 0.518609 0.559836
0.117024 0.668950 0.659726
0.006586 0.134719 0.069177
0.654863 0.420569 0.174364
0.962806 0.934076 0.371542
0.249605 0.935102 0.584810
0.048559 0.162608 0.319370
0.563576 0.162817 0.246558
0.985246 0.802960 0.752620
0.293224 0.752820 0.469258
0.635369 0.241177 0.233076
0.550704 0.532786 0.500913
0.458066 0.607030 0.801567
0.956277 0.711229 0.234478
0.884773 0.366041 0.232090
0.827839 0.182205 0.824572
0.187984 0.608522 0.071444
0.026934 0.912509 0.534449
0.066060 0.065484 0.907668
0.986877 0.299663 0.032612
0.051147 0.003656 0.937691
0.994649 0.531657 0.910836
0.026212 0.606052 0.868043
0.493720 0.088689 0.522490
0.724928 0.424748 0.864936
0.916391 0.186305 0.407221
0.511904 0.320161 0.495972
0.668734 0.384311 0.456252
0.730209 0.130544 0.250009
0.892641 0.489597 0.358175
0.901135 0.077709 0.612329
0.233899 0.142484 0.631319
0.992802 0.462019 0.321705
0.234910 0.306233 0.047423
0.321350 0.555494 0.778546
0.770012 0.292001 0.636853
0.564656 0.081434 0.298991
0.013389 0.983688 0.490017
0.516928 0.983183 0.178844
0.229050 0.562413 0.027642
0.109508 0.861875 0.191133
0.497999 0.018970 0.725417
0.083712 0.197723 0.889076
0.578929 0.292853 0.446268
0.709444 0.389371 0.675267
0.640350 0.299353 0.206705
0.855452 0.139713 0.442839
0.920379 0.571331 0.770084
0.326402 0.605365 0.399082
0.428227 0.031880 0.264094
0.942835 0.527026 0.063711
0.591649 0.891776 0.165235
0.110101 0.489092 0.649624
0.332165 0.829324 0.898359
0.206433 0.229447 0.425388
0.630093 0.129234 0.495444
0.246231 0.103499 0.363110
0.996804 0.396578 0.328346
0.743463 0.506470 0.439970
0.668826 0.167817 0.247314
0.302919 0.937481 0.924216
0.545070 0.665348 0.403107
0.602017 0.474126 0.309514
0.241052 0.150013 0.829120
0.813933 0.747207 0.565976
0.173991 0.150653 0.230767
0.213006 0.733828 0.264977
0.510826 0.298970 0.608768
0.675946 0.443677 0.852913
0.482328 0.762976 0.929135
0.839584 0.087138 0.070299
0.173780 0.005182 0.943858
0.933228 0.649046 0.438985
0.677835 0.201772 0.238192
0.399470 0.226566 0.659684
0.457180 0.425410 0.421297
0.683263 0.758386 0.343309
0.691068 0.297660 0.335665
0.499843 0.808900 0.475558
0.470167 0.819995 0.621971
0.164039 0.429314 0.613914
0.959721 0.925136 0.513138
0.763749 0.390767 0.977274
0.970256 0.286429 0.447423
0.528346 0.655101 0.831149
0.810397 0.372946 0.706019
0.471371 0.998471 0.573007
0.476776 0.388962 0.537491
0.815321 0.590776 0.234969
0.400790 0.063867 0.770442
0.784777 0.576590 0.642075
0.569013 0.636987 0.337305
0.810558 0.640031 0.119334
0.961752 0.549352 0.831278
0.453267 0.883655 0.973335
0.252567 0.691837 0.561959
0.386812 0.148841 0.656206
0.145918 0.725125 0.303837
0.893781 0.655841 0.221544
0.358329 0.749705 0.328097
0.383183 0.467117 0.327675
0.150231 0.204626 0.303147
0.621007 0.597692 0.539835
0.177993 0.475258 0.078394
0.422948 0.029011 0.087858
0.067358 0.893382 0.685911
0.912308 0.848966 0.650628
0.422738 0.249320 0.633331
0.051917 0.130371 0.404172
0.124899 0.400675 0.233630
0.971060 0.321763 0.966221
0.396088 0.164387 0.344628
0.713131 0.223828 0.447134
0.517812 0.071143 0.641617
0.771662 0.130398 0.479314
0.476590 0.877856 0.461509
0.953650 0.271467 0.092519
0.858353 0.356217 0.078654
0.922881 0.263871 0.225212
0.272237 0.085075 0.200508
0.949241 0.565452 0.454710
0.415864 0.753939 0.357177
0.225561 0.462232 0.617235
0.075150 0.886143 0.060928
0.673496 0.954867 0.193697
0.820030 0.097964 0.765471
0.185373 0.250498 0.146310
0.938691 0.210055 0.196785
0.890709 0.161208 0.592551
0.981359 0.952939 0.887665
0.990826 0.891234 0.774058
0.716786 0.495038 0.064010
0.897609 0.386715 0.017378
0.053507 0.182254 0.727212
0.893585 0.338405 0.248175
0.277406 0.453151 0.725855
0.725322 0.587497 0.856462
0.726288 0.772543 0.899725
0.319267 0.754360 0.582194
0.973573 0.085426 0.000363
0.209717 0.728205 0.017942
0.329961 0.690223 0.644238
0.037411 0.424744 0.855125
0.662473 0.108464 0.153561
0.392117 0.611711 0.057382
0.201849 0.027313 0.195163
0.595202 0.720857 0.239562
0.113635 0.454974 0.087573
0.688868 0.847238 0.961791
0.381912 0.583600 0.108856
0.325495 0.428424 0.029891
0.987625 0.335355 0.273654
0.937157 0.957543 0.172525
0.129435 0.596209 0.899224
0.212018 0.173946 0.872430
0.139864 0.387080 0.484231
0.058822 0.104044 0.085692
0.108126 0.879792 0.433229
0.964759 0.043693 0.044519
0.787202 0.681725 0.154366
0.150724 0.267194 0.768729
0.971932 0.710903 0.526447
0.455346 0.570886 0.684745
0.844458 0.449971 0.906507
0.035223 0.887000 0.727089
0.217105 0.387246 0.188911
0.369964 0.147111 0.192801
0.902273 0.823182 0.660895
0.978097 0.115934 0.705189
0.730580 0.224970 0.507880
0.080135 0.549239 0.130148
0.629190 0.119672 0.438558
0.814452 0.494399 0.511927
0.159104 0.914228 0.572488
0.995406 0.039975 0.419812
0.635491 0.796204 0.139505
0.041528 0.206214 0.688020
0.163601 0.390589 0.596293
0.929373 0.675529 0.678454
0.300319 0.496885 0.839197
0.976602 0.297613 0.123889
0.636550 0.425285 0.341026
0.463443 0.381091 0.452525
0.410025 0.149534 0.695108
0.838145 0.449568 0.828609
0.897784 0.952775 0.592575
0.479099 0.597739 0.085798
0.544601 0.567520 0.716176
0.728235 0.319453 0.614314
0.391532 0.506665 0.509228
0.782783 0.617607 0.885829
0.092320 0.766107 0.339561
0.330446 0.048913 0.563156
0.202463 0.258368 0.903131
0.733909 0.505273 0.319649
0.940304 0.577092 0.346808
0.403485 0.544387 0.587949
0.576459 0.014141 0.469679
0.474120 0.628055 0.190817
0.132133 0.345342 0.219289
0.047732 0.532741 0.820976
0.705712 0.605999 0.949867
0.347303 0.209500 0.833486
0.297141 0.402206 0.572096
0.774178 0.378559 0.729692
0.695722 0.242522 0.133299
0.174723 0.417513 0.242004
0.200934 0.771444 0.532909
0.534806 0.191940 0.389542
0.952017 0.968724 0.384980
0.211340 0.416258 0.827433
0.667349 0.671560 0.608246
0.188436 0.708458 0.122001
0.774373 0.252697 0.250836
0.044027 0.942165 0.539051
0.902451 0.647092 0.395478
0.646924 0.942641 0.311618
0.035990 0.064815 0.373782
0.704041 0.813355 0.866952
0.038156 0.043610 0.502291
0.576399 0.292462 0.589244
0.824632 0.907722 0.821711
0.361355 0.791325 0.564599
0.343466 0.681884 0.348852
0.882731 0.443283 0.687179
0.169992 0.006936 0.083860
0.537169 0.904808 0.102745
0.426007 0.599391 0.833314
0.978388 0.295968 0.869185
0.868164 0.482801 0.469685
0.412428 0.731312 0.147405
0.470479 0.206842 0.236155
0.141429 0.810457 0.492460
0.119083 0.159355 0.070956
0.414839 0.487595 0.009761
0.999366 0.239761 0.401088
0.705501 0.693257 0.119999
0.554988 0.287516 0.269631
0.082635 0.462313 0.088723
0.659608 0.352897 0.527704
0.623046 0.995809 0.063868
0.874337 0.631214 0.739494
0.822208 0.508765 0.903066
0.401709 0.176468 0.842965
0.457772 0.006073 0.929205
0.945923 0.668046 0.966732
0.213934 0.450928 0.290392
0.903434 0.663855 0.952055
0.523091 0.654458 0.819778
0.019807 0.329631 0.104255
0.816091 0.041738 0.134045
0.188002 0.108989 0.838989
0.437860 0.039340 0.125728
0.814397 0.390602 0.567476
0.327277 0.366151 0.517683
0.084797 0.400815 0.374458
0.521642 0.790383 0.780090
0.432199 0.037095 0.764295
0.959930 0.741957 0.164654
0.188434 0.086375 0.891164
0.092348 0.842315 0.057952
0.440648 0.875334 0.031315
0.147313 0.931116 0.350145
0.744292 0.479366 0.882396
0.763042 0.921555 0.112195
0.489625 0.351588 0.943845
0.031591 0.566939 0.306007
0.930742 0.960572 0.153432
0.204346 0.480857 0.796252
0.020272 0.805476 0.651854
0.434686 0.662940 0.784300
0.351249 0.121960 0.965974
0.286173 0.013481 0.210911
0.005901 0.733800 0.851888
0.320170 0.807320 0.151911
0.550289 0.505791 0.395020
0.410450 0.560513 0.904372
0.169385 0.711555 0.507669
0.571452 0.938151 0.804078
0.359139 0.728263 0.247847
0.983871 0.144233 0.491439
0.307346 0.651644 0.980488
0.943495 0.981060 0.984085
0.085542 0.582623 0.603866
0.460621 0.641597 0.116265
0.614124 0.157998 0.273516
0.253840 0.672944 0.281731
0.269091 0.045613 0.652630
0.740953 0.002829 0.112048
0.526900 0.569390 0.932467
0.093131 0.882096 0.875502
0.542674 0.956769 0.428584
0.530602 0.187932 0.252429
0.846921 0.502334 0.233321
0.584053 0.524200 0.709135
0.600595 0.821638 0.506386
0.753967 0.109537 0.825181
0.223930 0.965394 0.785673
0.970467 0.848825 0.109502
0.066139 0.359224 0.698532
0.167620 0.921355 0.398156
0.329943 0.649364 0.536081
0.171050 0.393851 0.787232
0.842783 0.164531 0.111266
0.346841 0.107652 0.407821
0.321335 0.031380 0.764009
0.099637 0.781407 0.726248
0.120184 0.651070 0.784496
0.699733 0.792851 0.407564
0.404136 0.926319 0.670683
0.856548 0.012864 0.324238
0.530520 0.417603 0.335740
0.366242 0.395267 0.830242
0.239118 0.724182 0.874328
0.367042 0.403746 0.766264
0.322614 0.131292 0.120427
0.908047 0.993319 0.850323
0.180304 0.302473 0.323457
0.753926 0.118492 0.112693
0.450947 0.359360 0.479133
0.119725 0.514992 0.621528
0.660947 0.266380 0.425380
0.551875 0.248579 0.367133
0.204158 0.462895 0.053877
0.527298 0.788551 0.929239
0.847562 0.994312 0.304671
0.835525 0.914446 0.140729
0.169090 0.578163 0.245530
0.796002 0.115113 0.350816
0.645119 0.491784 0.126568
0.339697 0.675947 0.824429
0.718961 0.365127 0.670243
0.802594 0.842696 0.365208
0.032801 0.616487 0.333333
0.100896 0.035252 0.411202
0.120676 0.207223 0.529047
0.627074 0.664600 0.552488
0.506549 0.309947 0.055542
0.390771 0.855899 0.950284
0.018085 0.730963 0.946645
0.325557 0.416357 0.793579
0.300001 0.230154 0.948133
0.377527 0.399333 0.640678
0.879196 0.833203 0.217614
0.809823 0.120333 0.837668
0.014968 0.090349 0.933262
0.628354 0.962991 0.414348
0.273480 0.358873 0.247535
0.375084 0.703582 0.067160
0.550419 0.067422 0.752098
0.475518 0.221902 0.590953
0.951421 0.158921 0.343832
0.070803 0.933201 0.005618
0.548004 0.702994 0.573118
0.115948 0.602853 0.237649
0.969026 0.827990 0.611993
0.569428 0.407891 0.843942
0.476907 0.096469 0.330981
0.912605 0.364625 0.264130
0.058247 0.413770 0.651567
0.136071 0.647662 0.931543
0.901883 0.183719 0.547366
0.590864 0.609273 0.959071
0.664057 0.206484 0.183820
0.730578 0.908388 0.018561
0.345054 0.857817 0.438514
0.303842 0.994445 0.625558
0.734624 0.368814 0.080605
0.164659 0.029820 0.186337
0.711846 0.176136 0.779766
0.834780 0.064022 0.078436
0.140261 0.737250 0.334992
0.612217 0.033983 0.177674
0.962725 0.775814 0.009494
0.895687 0.229957 0.961667
0.846580 0.933635 0.414433
0.693601 0.577590 0.941889
0.434901 0.338749 0.640909
0.074865 0.274661 0.564156
0.710727 0.021836 0.913692
0.158351 0.373082 0.539263
0.516890 0.444955 0.343899
0.087895 0.123310 0.804472
0.245879 0.845941 0.065130
0.694245 0.247289 0.591362
0.739030 0.138249 0.101182
0.522821 0.978401 0.392115
0.977630 0.192125 0.793492
0.861377 0.485914 0.953924
0.433236 0.009158 0.416357
0.837757 0.585446 0.772952
0.353623 0.548456 0.173396
0.627567 0.354575 0.630535
0.921938 0.440223 0.868413
0.859665 0.826007 0.085225
0.799983 0.492776 0.269828
0.297434 0.091903 0.307469
0.726851 0.154435 0.090272
0.752387 0.479346 0.491233
0.337671 0.915516 0.057070
0.478051 0.419805 0.697526
0.965798 0.260054 0.202248
0.165161 0.987057 0.627436
0.267328 0.325433 0.813861
0.407764 0.819987 0.525778
0.086286 0.266763 0.789142
0.479629 0.826639 0.696414
0.190836 0.053895 0.206881
0.117222 0.682260 0.331047
0.783866 0.693662 0.598622
0.436522 0.831456 0.799554
0.324150 0.610893 0.519739
0.630359 0.948525 0.581946
0.585783 0.584546 0.321968
0.122889 0.305710 0.530756
0.725698 0.893709 0.009895
0.399936 0.930872 0.496141
0.263320 0.099873 0.798372
0.084316 0.860128 0.296151
0.883359 0.769885 0.580650
0.990839 0.627911 0.630281
0.925865 0.171791 0.089542
0.363127 0.046027 0.382502
0.072888 0.037254 0.974982
0.458105 0.832653 0.399601
0.531383 0.267382 0.706450
0.098909 0.779101 0.796521
0.858829 0.865529 0.324793
0.355193 0.489049 0.816509
0.803893 0.957070 0.841660
0.611681 0.520046 0.042745
0.060726 0.742572 0.325238
0.661645 0.765534 0.919379
0.733935 0.412544 0.931709
0.567765 0.954566 0.624652
0.910145 0.796961 0.362184
0.689755 0.011313 0.046331
0.816393 0.246061 0.919922
0.537624 0.810136 0.707125
0.006707 0.864043 0.965783
0.923671 0.273989 0.382005
0.824662 0.418069 0.931940
0.796609 0.227632 0.163110
0.405033 0.293162 0.342454
0.116394 0.434602 0.580482
0.974830 0.572836 0.734914
0.890178 0.904982 0.052160
0.464010 0.397765 0.395296
0.473302 0.595136 0.460149
0.688014 0.557194 0.710743
0.877878 0.280464 0.779895
0.819242 0.376086 0.514778
0.359337 0.791673 0.473370
0.475792 0.442810 0.572638
0.113898 0.639694 0.538715
0.618803 0.586761 0.523805
0.329110 0.282580 0.621880
0.685199 0.100158 0.915481
0.194470 0.740082 0.508406
0.270722 0.161944 0.819743
0.961488 0.816650 0.936660
0.490127 0.292196 0.795553
0.576751 0.775792 0.737241
0.266759 0.395379 0.043535
0.810052 0.707619 0.144871
0.252645 0.820357 0.236211
0.084690 0.050415 0.978768
0.556559 0.446562 0.591542
0.296293 0.457214 0.929368
0.281639 0.846064 0.626373
0.098306 0.070592 0.654534
0.009719 0.359564 0.120422
0.545609 0.633185 0.599258
0.393368 0.079313 0.029719
0.062949 0.161169 0.835509
0.060018 0.516833 0.034386
0.888231 0.058850 0.490412
0.585576 0.219643 0.618709
0.749762 0.965147 0.398630
0.576837 0.291823 0.916088
0.118389 0.348099 0.469052
0.995590 0.593109 0.647955
0.957394 0.127169 0.544984
0.599460 0.657862 0.740317
0.738005 0.248821 0.689839
0.357665 0.923736 0.514791
0.833198 0.129960 0.004085
0.394361 0.909390 0.585893
0.576172 0.934906 0.937296
0.905917 0.818246 0.759347
0.719516 0.586388 0.801392
0.425874 0.114144 0.123627
0.218172 0.419636 0.385136
0.586922 0.100753 0.269077
0.523059 0.350233 0.434001
0.555797 0.219670 0.233334
0.916107 0.338217 0.727473
0.545257 0.065899 0.578580
0.186176 0.712607 0.733392
0.434320 0.394581 0.361563
0.100753 0.045646 0.858195
0.737369 0.305161 0.477771
0.369073 0.437464 0.617336
0.566426 0.915998 0.373864
0.994298 0.871005 0.134709
0.994535 0.458574 0.756591
0.522793 0.094450 0.212438
0.326349 0.314636 0.664709
0.408631 0.426138 0.068137
0.403954 0.195963 0.493690
0.098044 0.224858 0.054793
0.859339 0.050885 0.466008
0.446494 0.663856 0.989284
0.480939 0.841065 0.795892
0.902286 0.654918 0.181824
0.508175 0.619085 0.558245
0.925198 0.158999 0.810020
0.493973 0.599786 0.506670
0.074433 0.411715 0.117385
0.910211 0.123956 0.294107
0.191983 0.250546 0.945410
0.460756 0.199910 0.339298
0.800206 0.312345 0.008404
0.864542 0.088149 0.658969
0.259868 0.120871 0.215356
0.384616 0.140361 0.111088
0.855834 0.173788 0.310438
0.279031 0.570557 0.887671
0.440413 0.777426 0.621456
0.394489 0.913658 0.615591
0.988533 0.397539 0.160619
0.808389 0.321756 0.753681
0.483234 0.918162 0.757487
0.483499 0.406866 0.112926
0.433074 0.015076 0.079220
0.050906 0.560348 0.302511
0.073186 0.279460 0.336029
0.288412 0.509257 0.751195
0.436427 0.181099 0.627707
0.645292 0.178874 0.451702
0.634876 0.215819 0.678912
0.837074 0.449517 0.330771
0.956654 0.678241 0.649496
0.718288 0.891376 0.628428
0.643833 0.273765 0.358009
0.739995 0.911969 0.893187
0.476879 0.136418 0.225130
0.129839 0.431825 0.415924
0.605440 0.283791 0.239763
0.458107 0.364033 0.495742
0.594092 0.991045 0.936006
0.481566 0.185245 0.368448
0.552679 0.267318 0.567750
0.343398 0.707618 0.258293
0.204951 0.532883 0.594982
0.885718 0.569445 0.157563
0.859668 0.560777 0.004783
0.925678 0.532340 0.487832
0.988858 0.906258 0.937503
0.699906 0.466337 0.234467
0.979167 0.622874 0.705486
0.591536 0.536893 0.254617
0.413909 0.778592 0.084449
0.342459 0.148721 0.593602
0.278599 0.481661 0.890903
0.066267 0.353851 0.042207
0.585654 0.800992 0.335200
0.026554 0.995534 0.332908
0.506162 0.361007 0.447191
0.987061 0.060928 0.541379
0.365129 0.877761 0.780412
0.684699 0.151959 0.677181
0.825858 0.125952 0.737364
0.622309 0.776652 0.072934
0.760948 0.923639 0.987135
0.957712 0.627503 0.243014
0.125374 0.944034 0.490036
0.100238 0.130565 0.576691
0.982917 0.501982 0.991356
0.998495 0.785906 0.881916
0.930010 0.149448 0.602423
0.538705 0.841998 0.568289
0.937348 0.501734 0.426608
0.126065 0.726594 0.895552
0.143970 0.374457 0.091012
0.622883 0.691603 0.509522
0.319874 0.838369 0.746511
0.721464 0.869012 0.986256
0.740898 0.991914 0.222184
0.823186 0.477849 0.220558
0.316761 0.697799 0.575489
0.850658 0.509499 0.407034
0.099146 0.614173 0.635497
0.417415 0.738305 0.740400
0.934960 0.297222 0.438515
0.101287 0.121366 0.891143
0.750870 0.485690 0.667001
0.349972 0.871305 0.485288
0.834112 0.252403 0.893555
0.055179 0.401467 0.361635
0.201959 0.513639 0.990363
0.724838 0.643465 0.728676
0.002369 0.729564 0.292111
0.257104 0.895805 0.494622
0.661697 0.605364 0.572649
0.236643 0.008461 0.452759
0.376954 0.483488 0.508386
0.203155 0.316054 0.550676
0.654351 0.787394 0.299200
0.356122 0.494984 0.402460
0.214882 0.004183 0.021873
0.951788 0.710464 0.025907
0.577429 0.337827 0.407316
0.306925 0.115654 0.989344
0.890487 0.867941 0.584343
0.802749 0.222128 0.911650
0.930394 0.844324 0.138000
0.693678 0.342423 0.995476
0.911328 0.593657 0.135459
0.245162 0.614602 0.121937
0.104698 0.703557 0.089251
0.656873 0.238704 0.473616
0.085057 0.713573 0.972435
0.461860 0.781674 0.393355
0.686218 0.615258 0.864758
0.904544 0.573490 0.785364
0.439289 0.703471 0.938524
0.333946 0.806921 0.754599
0.475315 0.341094 0.369555
0.637317 0.052199 0.374515
0.887276 0.111044 0.973438
0.820568 0.213847 0.061135
0.279346 0.072794 0.826257
0.313133 0.316940 0.419226
0.737090 0.446068 0.132722
0.745977 0.375174 0.563874
0.269567 0.887628 0.044121
0.142468 0.354074 0.328708
0.519150 0.466261 0.208361
0.775495 0.810121 0.043549
0.257346 0.604751 0.730311
0.553554 0.582032 0.905075
0.581227 0.313900 0.124366
0.013239 0.293527 0.893731
0.799850 0.360689 0.794884
0.441188 0.515640 0.728517
0.096658 0.131351 0.696785
0.626419 0.192872 0.402078
0.285747 0.644993 0.655085
0.154077 0.779305 0.325120
0.402768 0.308021 0.362096
0.407521 0.458686 0.228027
0.674102 0.541374 0.956700
0.550505 0.823792 0.248069
0.149427 0.385088 0.768165
0.159887 0.855147 0.557278
0.682359 0.198142 0.941273
0.569745 0.368326 0.748410
0.612250 0.381737 0.686569
0.747450 0.224895 0.126549
0.307542 0.530414 0.824085
0.023719 0.810251 0.510989
0.466030 0.959118 0.027837
0.548161 0.946185 0.176061
0.495214 0.915712 0.258418
0.472799 0.983372 0.929430
0.819805 0.484250 0.658321
0.311424 0.790093 0.478682
0.963747 0.080929 0.215376
0.608414 0.590433 0.366709
0.767406 0.298125 0.994242
0.400024 0.004092 0.117831
0.201067 0.236047 0.847800
0.543504 0.092811 0.435243
0.684289 0.226221 0.767935
0.068569 0.298636 0.464659
0.439625 0.969760 0.777217
0.110845 0.988284 0.357758
0.228611 0.495938 0.370634
0.613883 0.324022 0.054689
0.847870 0.229933 0.065388
0.550158 0.481628 0.450330
0.760427 0.679919 0.803024
0.947451 0.682313 0.551425
0.921722 0.439881 0.269680
0.952203 0.893980 0.058295
0.302804 0.492933 0.544452
0.183813 0.924839 0.724695
0.154978 0.795703 0.764770
0.010279 0.997454 0.002321
0.587215 0.325045 0.169402
0.841712 0.860390 0.494821
0.319840 0.463902 0.133883
0.033542 0.744353 0.037510
0.630951 0.238796 0.059074
0.785983 0.055582 0.944387
0.761893 0.698276 0.686511
0.486388 0.510089 0.050963
0.367711 0.997772 0.378601
0.466168 0.131134 0.912278
0.264524 0.687688 0.787777
0.734486 0.404240 0.993606
0.384946 0.986843 0.405168
0.859777 0.635916 0.265233
0.511796 0.599336 0.100704
0.578633 0.600882 0.563952
0.704989 0.383566 0.140989
0.657751 0.009805 0.090123
0.897958 0.614571 0.318409
0.334484 0.385964 0.592931
0.976234 0.014561 0.085784
0.059669 0.069647 0.761647
0.986245 0.281727 0.335159
0.629767 0.596729 0.824468
0.414709 0.052028 0.356238
0.837290 0.544491 0.079356
0.920357 0.469251 0.886148
0.860352 0.370936 0.587525
0.023102 0.665029 0.324286
0.741578 0.442979 0.067055
0.536190 0.808196 0.336003
0.594096 0.519525 0.224567
0.096878 0.453789 0.014846
0.530101 0.162241 0.475529
0.712789 0.262147 0.382438
0.169052 0.277534 0.909927
0.197846 0.846125 0.855336
0.280589 0.165605 0.618249
0.805920 0.495956 0.938573
0.396506 0.304615 0.363455
0.911846 0.666443 0.672685
0.081555 0.168787 0.357579
0.656945 0.039860 0.291157
0.057438 0.057769 0.457528
0.454070 0.215280 0.837293
0.636408 0.575840 0.759833
0.842822 0.513594 0.845129
0.811588 0.922842 0.535677
0.466010 0.580249 0.925596
0.854395 0.153420 0.149680
0.979360 0.974773 0.380324
0.834970 0.684585 0.597930
0.299284 0.251646 0.635736
0.426446 0.722149 0.067114
0.288201 0.276834 0.875290
0.806460 0.418858 0.007271
0.678867 0.075167 0.307556
0.728571 0.928538 0.473552
0.133664 0.747276 0.947696
0.226746 0.477631 0.075181
0.507281 0.128524 0.088066
0.258460 0.033994 0.164418
0.160177 0.379330 0.651169
0.966957 0.808459 0.417616
0.363683 0.207440 0.331051
0.223354 0.347721 0.695704
0.847030 0.249877 0.717295
0.966681 0.068067 0.915211
0.572115 0.437240 0.009897
0.355247 0.889041 0.961556
0.953129 0.236166 0.287786
0.849430 0.394931 0.818014
0.828188 0.595038 0.341099
0.883597 0.065926 0.948842
0.823934 0.567898 0.240914
0.734621 0.596042 0.723605
0.195181 0.811764 0.020991
0.485872 0.020243 0.985691
0.045934 0.838920 0.541458
0.712785 0.902393 0.677009
0.819082 0.308780 0.584574
0.129033 0.449903 0.683531
0.478642 0.236038 0.589069
0.166461 0.139182 0.621026
0.793780 0.508999 0.049050
0.104050 0.898054 0.403973
0.451058 0.463348 0.373826
0.965241 0.347705 0.442666
0.183204 0.569345 0.529573
0.748470 0.708948 0.568018
0.323555 0.672632 0.760315
0.712846 0.942397 0.384814
0.989289 0.480459 0.789596
0.305260 0.849475 0.915242
0.521106 0.637411 0.558390
0.401520 0.831694 0.260678
0.532320 0.665411 0.403659
0.073568 0.970334 0.352459
0.242494 0.851257 0.159660
0.238631 0.628278 0.746265
0.832418 0.418941 0.103734
0.828085 0.754485 0.017727
0.799917 0.960107 0.563490
0.129377 0.352799 0.697206
0.572949 0.159301 0.990492
0.918862 0.986895 0.454105
0.742434 0.403339 0.741541
0.894369 0.493987 0.908352
0.606592 0.300247 0.691577
0.734204 0.877304 0.423466
0.668212 0.993972 0.331643
0.536551 0.680490 0.198777
0.937288 0.784780 0.455500
0.330973 0.976964 0.013006
0.894864 0.571312 0.226630
0.039554 0.521108 0.907509
0.818774 0.371457 0.138648
0.445705 0.540951 0.505923
0.874674 0.425243 0.718558
0.447203 0.389829 0.653920
0.767217 0.390939 0.762005
0.129928 0.974983 0.242868
0.246270 0.676841 0.902314
0.909526 0.092981 0.037794
0.772980 0.438139 0.108334
0.137621 0.969274 0.908597
0.981603 0.022797 0.059344
0.557961 0.050073 0.468572
0.204457 0.245514 0.797865
0.047061 0.857660 0.479184
0.751857 0.048743 0.403028
0.180796 0.533401 0.316605
0.014501 0.208874 0.690730
0.330098 0.042200 0.920533
0.258051 0.422257 0.190249
0.909810 0.251027 0.214235
0.902701 0.112490 0.356848
0.420824 0.732750 0.970286
0.859614 0.843160 0.016424
0.578663 0.017115 0.399929
0.554492 0.816408 0.843592
0.600221 0.750688 0.796910
0.895591 0.026366 0.520914
0.271142 0.098839 0.083013
0.785383 0.751811 0.107072
0.626511 0.600902 0.885765
0.017007 0.692441 0.864585
0.443787 0.704218 0.512502
0.761121 0.814552 0.598754
0.811885 0.932935 0.952231
0.333797 0.807858 0.065903
0.816097 0.456673 0.611851
0.876083 0.794066 0.943617
0.760532 0.321024 0.818636
0.599753 0.984230 0.059437
0.105618 0.881795 0.042269
0.448577 0.539534 0.043994
0.959852 0.188341 0.690468
0.074075 0.202382 0.284588
0.300798 0.119682 0.443412
0.186894 0.431448 0.542986
0.827463 0.068167 0.619984
0.603725 0.844593 0.177883
0.593518 0.260689 0.248081
0.942082 0.763407 0.818786
0.391872 0.028798 0.952557
0.168633 0.838984 0.336866
0.065727 0.610792 0.137540
0.257578 0.028217 0.057035
0.817911 0.461923 0.433623
0.614131 0.459303 0.813107
0.993951 0.958172 0.465752
0.521482 0.260324 0.057582
0.584208 0.495932 0.819915
0.170104 0.234442 0.756809
0.076970 0.632398 0.545445
0.611854 0.536435 0.323973
0.321955 0.400490 0.361919
0.664449 0.424851 0.485600
0.079971 0.001467 0.245889
0.859406 0.048811 0.917292
0.041565 0.076288 0.001132
0.267147 0.286363 0.418722
0.220307 0.416663 0.765627
0.159662 0.017137 0.901841
0.707765 0.447513 0.693980
0.304439 0.151274 0.154385
0.455697 0.073833 0.949253
0.597173 0.525634 0.851771
0.972683 0.436894 0.255292
0.971392 0.352687 0.972322
0.325633 0.434107 0.012807
0.065298 0.645911 0.660576
0.065701 0.784582 0.440868
0.822813 0.741163 0.942379
0.399539 0.181824 0.571179
0.474473 0.964994 0.934388
0.873315 0.961125 0.366884
0.317832 0.075909 0.137607
0.788651 0.768479 0.811884
0.710120 0.172004 0.021984
0.331217 0.952839 0.422374
0.097788 0.553182 0.657484
0.200175 0.688232 0.536168
0.738173 0.488401 0.976627
0.984266 0.754342 0.300718
0.381644 0.027913 0.053805
0.274239 0.440955 0.084958
0.992363 0.114405 0.461471
0.230246 0.199196 0.107040
0.060234 0.562972 0.158280
0.948773 0.836317 0.285774
0.122153 0.737980 0.747841
0.112789 0.253741 0.985119
0.948188 0.773227 0.690575
0.647935 0.923306 0.433535
0.965768 0.980455 0.816311
0.898686 0.161208 0.712050
0.793763 0.293561 0.350657
0.778611 0.721441 0.397351
0.659572 0.883656 0.243108
0.846479 0.738103 0.039568
0.401152 0.829127 0.967329
0.036022 0.428147 0.249292
0.682132 0.805971 0.555357
0.673552 0.305660 0.907825
0.676347 0.770588 0.200105
0.623832 0.891570 0.771850
0.877657 0.826249 0.076250
0.316311 0.766852 0.208288
0.610265 0.663070 0.640768
0.075243 0.315748 0.524527
0.212885 0.032710 0.422747
0.896358 0.928243 0.978284
0.955863 0.448222 0.491481
0.790361 0.369694 0.438539
0.693860 0.238188 0.637848
0.621556 0.657864 0.818759
0.094876 0.864570 0.555725
0.678515 0.219500 0.652215
0.221634 0.147910 0.320333
0.678532 0.295886 0.666494
0.714433 0.467990 0.693093
0.183357 0.860593 0.783220
0.343139 0.735141 0.574561
0.170970 0.648572 0.635010
0.219549 0.198967 0.969214
0.933925 0.944544 0.478014
0.009099 0.980712 0.753992
0.307339 0.110908 0.981268
0.004390 0.926955 0.620721
0.270534 0.882401 0.153543
0.643424 0.180652 0.973015
0.478997 0.340244 0.567005
0.392555 0.666429 0.963245
0.885510 0.962440 0.571752
0.389163 0.013476 0.550079
0.783078 0.245579 0.707344
0.262651 0.353816 0.089763
0.299386 0.369478 0.069963
0.813849 0.217939 0.976257
0.476897 0.205953 0.858077
0.698028 0.316981 0.707271
0.897780 0.597925 0.099727
0.474111 0.133877 0.180715
0.471469 0.979206 0.533090
0.296450 0.927614 0.293376
0.668597 0.627514 0.251103
0.596365 0.107802 0.417838
0.266047 0.816950 0.999938
0.004948 0.601159 0.752235
0.159142 0.388508 0.695791
0.475578 0.741283 0.684755
0.689264 0.187437 0.594523
0.483703 0.386064 0.636875
0.819372 0.008869 0.429110
0.732038 0.556969 0.902197
0.962931 0.355671 0.071071
0.665222 0.730213 0.930844
0.463409 0.431862 0.374150
0.659863 0.097652 0.100225
0.806785 0.315328 0.927945
0.997127 0.309336 0.771297
0.982204 0.256656 0.644856
0.570319 0.230257 0.586033
0.843055 0.194650 0.782518
0.043481 0.336572 0.672499
0.891761 0.505033 0.220436
0.577236 0.752714 0.329673
0.319564 0.676893 0.095489
0.871887 0.487190 0.562766
0.166354 0.161369 0.057477
0.142466 0.552099 0.270377
0.644335 0.254936 0.980059
0.273205 0.484485 0.085623
0.288740 0.319412 0.167293
0.561575 0.932003 0.054465
0.307551 0.477784 0.656308
0.415583 0.840862 0.809078
0.876023 0.465794 0.341679
0.722445 0.150402 0.988400
0.849370 0.014535 0.304546
0.814785 0.077695 0.581247
0.728586 0.975230 0.412946
0.893358 0.741292 0.245731
0.651404 0.775975 0.605294
0.993078 0.614251 0.907893
0.170347 0.451668 0.756053
0.849126 0.750847 0.795003
0.709332 0.931136 0.573723
0.540398 0.301287 0.794406
0.735899 0.711939 0.035927
0.211922 0.510858 0.432139
0.898577 0.995844 0.594894
0.352817 0.839637 0.207359
0.184049 0.500176 0.138328
0.709127 0.310554 0.856339
0.466062 0.258376 0.169957
0.418403 0.055856 0.005196
0.821561 0.686673 0.010491
0.192652 0.008027 0.410990
0.198856 0.017059 0.613077
0.159662 0.145967 0.555245
0.901070 0.130421 0.319661
0.254631 0.407025 0.238949
0.344707 0.181785 0.504113
0.428174 0.595243 0.585442
0.889476 0.126300 0.581829
0.652355 0.747743 0.637692
0.849910 0.799202 0.627535
0.026141 0.177249 0.893984
0.867153 0.897751 0.642324
0.904673 0.321827 0.204944
0.012358 0.846497 0.499583
0.456011 0.694983 0.472468
0.494332 0.075746 0.428585
0.288317 0.977015 0.257723
0.301399 0.922212 0.566733
0.357146 0.498021 0.672070
0.374384 0.411521 0.383906
0.433595 0.762486 0.571253
0.006330 0.498047 0.261792
0.089100 0.441680 0.159998
0.825958 0.921027 0.123881
0.534047 0.430241 0.874560
0.408553 0.442419 0.311395
0.501822 0.717655 0.155924
0.759390 0.296658 0.156408
0.897564 0.419709 0.467566
0.270779 0.209182 0.397223
0.840419 0.335729 0.106916
0.958466 0.892025 0.620330
0.094080 0.408490 0.754709
0.528129 0.074614 0.419164
0.343208 0.691993 0.870013
0.806850 0.410816 0.436793
0.504164 0.118474 0.337574
0.113766 0.718342 0.246353
0.309225 0.152102 0.958823
0.617351 0.694137 0.595678
0.590107 0.061046 0.008546
0.372491 0.015587 0.877918
0.034186 0.164126 0.886756
0.765904 0.453835 0.292967
0.568143 0.036912 0.353786
0.852234 0.382666 0.700432
0.267949 0.579837 0.622251
0.004039 0.971172 0.761402
0.356372 0.274500 0.188098
0.080910 0.988749 0.680457
0.262502 0.999326 0.489645
0.388323 0.923102 0.615119
0.223025 0.145695 0.428318
0.584076 0.634051 0.594424
0.937247 0.753299 0.228116
0.661629 0.845583 0.169406
0.444825 0.370808 0.482448
0.285924 0.291759 0.791909
0.427380 0.676406 0.871666
0.812186 0.361041 0.457956
0.193103 0.766144 0.398774
0.725836 0.883676 0.172759
0.400972 0.897596 0.151533
0.447799 0.307733 0.581126
0.411991 0.403524 0.699575
0.042722 0.294033 0.998383
0.167316 0.379617 0.208867
0.543909 0.669778 0.249945
0.619081 0.014355 0.853430
0.959001 0.659174 0.248230
0.631816 0.666510 0.674908
0.258503 0.583090 0.357909
0.145463 0.206137 0.074647
0.717141 0.035890 0.699816
0.659307 0.804749 0.721905
0.143367 0.356414 0.273657
0.364067 0.529865 0.386093
0.600220 0.668383 0.879525
0.613966 0.968694 0.320722
0.729756 0.339172 0.178283
0.588790 0.255771 0.556817
0.706486 0.519520 0.149884
0.260034 0.104857 0.597646
0.229882 0.089058 0.766675
0.064483 0.377589 0.433970
0.394005 0.843726 0.853030
0.320597 0.513290 0.554157
0.044444 0.166811 0.026062
0.756611 0.092526 0.350852
0.804414 0.754419 0.621720
0.235946 0.305731 0.148662
0.775284 0.815550 0.160424
0.632935 0.872328 0.367283
0.823789 0.029468 0.257664
0.878997 0.781325 0.592497
0.732986 0.784660 0.032005
0.260259 0.270454 0.858170
0.037103 0.368976 0.464789
0.363347 0.151131 0.024552
0.218464 0.158077 0.437497
0.767228 0.033911 0.328297
0.552509 0.811301 0.584640
0.304475 0.505062 0.238904
0.809117 0.258472 0.582336
0.488851 0.221098 0.917665
0.357778 0.384401 0.242900
0.618216 0.170101 0.990214
0.623671 0.980474 0.106010
0.445695 0.682587 0.214404
0.195623 0.151306 0.103618
0.327598 0.821259 0.273560
0.905592 0.001936 0.817759
0.291062 0.215724 0.568334
0.203445 0.327424 0.174032
0.700974 0.304379 0.254770
0.125725 0.312686 0.863322
0.911101 0.668207 0.412491
0.773359 0.842926 0.920876
0.569048 0.762025 0.852770
0.037751 0.750729 0.087486
0.435665 0.178188 0.134784
0.538888 0.982798 0.622551
0.244825 0.664218 0.991055
0.728299 0.449196 0.475437
0.833956 0.511845 0.648904
0.136234 0.699465 0.162261
0.723176 0.068852 0.984938
0.971464 0.363617 0.132803
0.612353 0.622392 0.604483
0.424576 0.963073 0.360611
0.212370 0.420801 0.822261
0.807667 0.355352 0.830000
0.683208 0.666224 0.041608
0.510567 0.658233 0.958506
0.124574 0.491545 0.699824
0.077199 0.377881 0.234895
0.067310 0.643524 0.778568
0.460038 0.626125 0.846838
0.066928 0.333090 0.685097
0.527928 0.998322 0.812013
0.810481 0.529968 0.370828
0.684168 0.240972 0.208828
0.914873 0.563122 0.230828
0.621137 0.980679 0.767019
0.544094 0.525172 0.885633
0.900761 0.992448 0.875456
0.124517 0.427393 0.815563
0.201017 0.628032 0.187352
0.346182 0.720875 0.468485
0.441961 0.816597 0.931794
0.311248 0.587975 0.958532
0.141954 0.842731 0.185614
0.040423 0.884575 0.831874
0.171009 0.281845 0.499380
0.642680 0.845052 0.017791
0.867841 0.193328 0.755884
0.609387 0.338736 0.597860
0.523994 0.573607 0.807888
0.150398 0.919388 0.611837
0.465946 0.084137 0.423793
0.315981 0.038322 0.435864
0.649813 0.662527 0.925355
0.423374 0.530976 0.840972
0.984369 0.897059 0.521742
0.129449 0.294505 0.726043
0.256930 0.020753 0.500567
0.806725 0.900228 0.550189
0.114964 0.171880 0.532336
0.900436 0.283531 0.667992
0.286362 0.212785 0.978029
0.093009 0.900121 0.192795
0.277051 0.278886 0.985140
0.734065 0.441665 0.278383
0.166861 0.698776 0.570765
0.212688 0.191377 0.053458
0.731838 0.123366 0.701755
0.824965 0.963032 0.054889
0.879611 0.125417 0.268785
0.022053 0.101173 0.849352
0.117294 0.020253 0.827853
0.355010 0.463788 0.468151
0.382511 0.055554 0.533878
0.664321 0.479317 0.523487
0.781691 0.740603 0.264653
0.549084 0.857448 0.160978
0.434752 0.550538 0.739677
0.099489 0.640858 0.135002
0.957726 0.529105 0.742928
0.928928 0.623597 0.250553
0.180365 0.998434 0.971061
0.237912 0.249493 0.753245
0.055738 0.034940 0.076877
0.453222 0.629335 0.539939
0.739996 0.165046 0.843698
0.480583 0.825396 0.795939
0.296098 0.443828 0.910914
0.401168 0.481277 0.376046
0.618459 0.902719 0.638627
0.399714 0.307557 0.233524
0.818388 0.658239 0.335953
0.457177 0.863571 0.198822
0.131661 0.433709 0.141560
0.910003 0.610238 0.089317
0.621852 0.356156 0.549094
0.369532 0.198436 0.209737
0.709339 0.307402 0.009192
0.476023 0.122492 0.669517
0.796704 0.303738 0.783545
0.872033 0.006261 0.485238
0.437437 0.847376 0.790772
0.103851 0.712372 0.858275
0.282803 0.048798 0.120159
0.093477 0.373124 0.908801
0.235058 0.033633 0.046091
0.177130 0.964037 0.046948
0.812893 0.248474 0.302225
0.265617 0.255878 0.435442
0.226335 0.706311 0.874433
0.911173 0.801594 0.168836
0.941888 0.197112 0.095479
0.312160 0.595121 0.728026
0.302178 0.035410 0.574816
0.978293 0.209241 0.376498
0.400760 0.446306 0.417674
0.455942 0.205983 0.220459
0.982996 0.429275 0.699860
0.469327 0.438208 0.085200
0.089210 0.355699 0.881502
0.621674 0.909270 0.861775
0.530072 0.827391 0.412619
0.804134 0.877576 0.815176
0.670509 0.076348 0.220373
0.747516 0.679236 0.391088
0.786385 0.134388 0.185091
0.124593 0.397275 0.647056
0.771293 0.207620 0.203414
0.418146 0.655888 0.335877
0.176295 0.107347 0.255448
0.050739 0.006424 0.952402
0.705064 0.561355 0.699336
0.597749 0.336304 0.762574
0.999702 0.193101 0.236566
0.499193 0.254024 0.419265
0.895451 0.548570 0.517435
0.271115 0.604005 0.874187
0.532602 0.496986 0.819761
0.579678 0.768871 0.093089
0.273666 0.188827 0.220182
0.680187 0.559564 0.682600
0.830868 0.302723 0.588126
0.647728 0.660475 0.055876
0.117383 0.011385 0.591215
0.015624 0.302580 0.327813
0.031707 0.867641 0.523803
0.523339 0.409774 0.822899
0.479144 0.933805 0.201948
0.588985 0.114138 0.394151
0.854550 0.818892 0.699405
0.965920 0.316447 0.261622
0.176191 0.853293 0.844322
0.006381 0.563593 0.088405
0.819123 0.521375 0.752613
0.869835 0.226366 0.224414
0.393588 0.897080 0.628693
0.865803 0.674525 0.257645
0.802013 0.932731 0.649060
0.649779 0.004507 0.924406
0.475698 0.728005 0.459784
0.549873 0.969988 0.797050
0.659977 0.555186 0.461938
0.570206 0.961766 0.588811
0.593669 0.899016 0.270639
0.574537 0.963316 0.602009
0.197640 0.724204 0.279514
0.889163 0.842597 0.649226
0.588840 0.702196 0.066735
0.425339 0.237759 0.136838
0.200471 0.997132 0.468697
0.667802 0.872729 0.653080
0.431621 0.886227 0.374435
0.584210 0.241207 0.017117
0.695867 0.298688 0.335323
0.455599 0.663756 0.548800
0.531042 0.735866 0.870992
0.692211 0.750765 0.632056
0.368272 0.273584 0.839273
0.164545 0.951099 0.002061
0.742497 0.056116 0.557043
0.355515 0.056643 0.042977
0.678625 0.214474 0.790094
0.684591 0.120434 0.608053
0.811324 0.062484 0.009614
0.627419 0.653002 0.478079
0.159762 0.569761 0.061325
0.246458 0.944133 0.380841
0.733119 0.881623 0.158563
0.614699 0.018121 0.492734
0.764026 0.539513 0.972587
0.946415 0.323254 0.569700
0.826175 0.274183 0.612797
0.189842 0.425090 0.252300
0.324646 0.173244 0.346826
0.425732 0.569186 0.521865
0.756225 0.947040 0.822508
0.173071 0.050051 0.325356
0.329660 0.568321 0.719931
0.822473 0.273755 0.978966
0.892755 0.816877 0.357985
0.362794 0.024109 0.894280
0.272900 0.577874 0.721868
0.292012 0.686810 0.776394
0.069783 0.742152 0.064836
0.323653 0.723003 0.076074
0.749281 0.788843 0.088964
0.900342 0.685465 0.482421
0.419073 0.454976 0.846291
0.954588 0.304689 0.766334
0.358794 0.911523 0.607368
0.017296 0.650728 0.030814
0.994300 0.594344 0.492678
0.794695 0.870836 0.959141
0.689395 0.890378 0.824994
0.743654 0.354974 0.732225
0.755423 0.011653 0.135278
0.489278 0.956329 0.544187
0.030633 0.058002 0.803348
0.871428 0.504659 0.244595
0.161870 0.330932 0.305168
0.207194 0.903508 0.405954
0.547922 0.325838 0.537048
0.632931 0.790186 0.383442
0.628498 0.781209 0.414319
0.721218 0.973422 0.183432
0.627884 0.192827 0.712888
0.422081 0.535051 0.506319
0.354994 0.841666 0.721429
0.529704 0.535859 0.556738
0.652768 0.271357 0.746681
0.375625 0.842787 0.958810
0.426135 0.799511 0.548190
0.559023 0.762696 0.389229
0.257617 0.349744 0.627856
0.559102 0.958387 0.275302
0.438716 0.800304 0.255824
0.558379 0.095476 0.839733
0.046591 0.109222 0.869879
0.387538 0.510438 0.990732
0.024450 0.070550 0.857271
0.598858 0.096432 0.380044
0.515337 0.188835 0.984931
0.396595 0.644776 0.915378
0.020423 0.445375 0.536922
0.147194 0.999412 0.421178
0.534459 0.214909 0.773084
0.868523 0.334220 0.259655
0.113247 0.374118 0.899379
0.625603 0.592228 0.499120
0.872115 0.266625 0.967918
0.587342 0.306681 0.223844
0.773117 0.873476 0.372760
0.088081 0.095930 0.293813
0.370757 0.689223 0.938186
0.562882 0.191968 0.633806
0.582785 0.232769 0.816207
0.472052 0.937522 0.873081
0.238539 0.388502 0.146767
0.000720 0.681855 0.342533
0.590547 0.821218 0.067392
0.210107 0.783535 0.004384
0.403683 0.469018 0.066758
0.428669 0.100394 0.742980
0.761120 0.399535 0.784087
0.646224 0.582455 0.163472
0.031716 0.686647 0.269327
0.341334 0.117289 0.201063
0.020553 0.658987 0.325644
0.802157 0.213551 0.670579
0.370543 0.697081 0.909145
0.139508 0.578360 0.016742
0.503801 0.163654 0.353797
0.335919 0.559895 0.216074
0.852446 0.637855 0.258339
0.344424 0.154028 0.998336
0.610871 0.052992 0.890002
0.562124 0.300043 0.825104
0.452508 0.664700 0.020927
0.194968 0.036351 0.667158
0.355869 0.658162 0.532940
0.349521 0.369175 0.079125
0.587566 0.698081 0.167602
0.019336 0.601663 0.488516
0.557405 0.294353 0.637492
0.880535 0.315323 0.699540
0.365943 0.884845 0.838088
0.222094 0.608912 0.850913
0.871725 0.081421 0.750786
0.891223 0.001579 0.172364
0.770765 0.686211 0.712189
0.016879 0.562903 0.140952
0.918026 0.799372 0.868522
0.507117 0.821958 0.128576
0.735609 0.232993 0.782230
0.478311 0.185871 0.605768
0.980952 0.550460 0.602578
0.006609 0.055530 0.378434
0.090946 0.095958 0.684637
0.603927 0.289327 0.547713
0.579558 0.746872 0.253837
0.714204 0.593588 0.052476
0.923297 0.905641 0.193976
0.642876 0.506699 0.883848
0.145229 0.094822 0.392837
0.199029 0.734899 0.029761
0.919396 0.882323 0.154048
0.846379 0.414777 0.775558
0.545601 0.438049 0.561767
0.098985 0.016942 0.587051
0.132739 0.131283 0.929234
0.647658 0.180157 0.728974
0.704761 0.866161 0.398606
0.809261 0.663250 0.141028
0.289331 0.082558 0.818505
0.720309 0.316673 0.063877
0.726348 0.633686 0.540118
0.699029 0.364257 0.244048
0.939882 0.074790 0.901698
0.203775 0.440624 0.471184
0.463752 0.228305 0.660537
0.740892 0.568584 0.476151
0.121445 0.192342 0.545534
0.689785 0.365141 0.070353
0.323379 0.019631 0.682670
0.655350 0.167511 0.104697
0.829285 0.468167 0.192039
0.394007 0.133391 0.790021
0.672328 0.310198 0.804840
0.385591 0.461220 0.543098
0.619612 0.175381 0.300638
0.501971 0.196469 0.408760
0.395483 0.287322 0.066568
0.356137 0.504407 0.209480
0.315732 0.446236 0.714581
0.575257 0.833727 0.188324
0.361889 0.870286 0.142858
0.292243 0.232771 0.662404
0.927690 0.352381 0.072335
0.406263 0.167846 0.228556
0.929730 0.902962 0.898487
0.940004 0.354679 0.525166
0.255712 0.426701 0.262535
0.907522 0.583817 0.176414
0.822574 0.300096 0.624192
0.821327 0.310615 0.350421
0.178055 0.173826 0.649245
0.021319 0.252442 0.101671
0.783995 0.950100 0.255513
0.970009 0.384927 0.139030
0.361713 0.477717 0.568276
0.186441 0.600041 0.668016
0.801813 0.194383 0.201059
0.884953 0.993589 0.432743
0.038705 0.074283 0.682796
0.770217 0.077335 0.497272
0.114508 0.870295 0.470176
0.659484 0.033909 0.610407
0.579672 0.434338 0.839260
0.049995 0.266308 0.293327
0.224236 0.828734 0.398272
0.665372 0.876833 0.534292
0.094475 0.003457 0.937293
0.352769 0.864712 0.737381
0.367704 0.911063 0.008564
0.106782 0.108454 0.488255
0.909699 0.830037 0.507612
0.587624 0.437561 0.865835
0.478630 0.762182 0.580006
0.882580 0.044821 0.997037
0.312331 0.827600 0.352929
0.692753 0.799476 0.586150
0.849080 0.198508 0.698039
0.670748 0.285196 0.882034
0.093130 0.212897 0.189317
0.529529 0.792293 0.148229
0.478425 0.756377 0.846015
0.836755 0.032319 0.876853
0.665148 0.232008 0.106682
0.895217 0.099060 0.223374
0.222985 0.123628 0.690427
0.329544 0.877817 0.308167
0.160898 0.395351 0.970591
0.452189 0.915797 0.271583
0.945995 0.408314 0.850211
0.225827 0.427261 0.136683
0.597079 0.643302 0.279111
0.977125 0.490531 0.761002
0.814141 0.578246 0.744751
0.694855 0.385429 0.115933
0.858136 0.665863 0.287742
0.332957 0.833072 0.838592
0.502221 0.120716 0.117122
0.942490 0.256587 0.503054
0.792991 0.619498 0.035940
0.802204 0.890785 0.721316
0.881961 0.332909 0.485509
0.740976 0.077581 0.888531
0.337773 0.325955 0.537558
0.649842 0.385263 0.281094
0.289881 0.748816 0.948834
0.921142 0.932170 0.261711
0.053889 0.735445 0.324728
0.769783 0.895415 0.968208
0.470456 0.752941 0.382482
0.907793 0.766072 0.527074
0.720921 0.461932 0.306303
0.939128 0.427273 0.430944
0.310856 0.584245 0.811683
0.666890 0.583997 0.309171
0.295265 0.040721 0.030614
0.188550 0.283587 0.808457
0.303769 0.892825 0.004998
0.712315 0.966872 0.171087
0.429979 0.212297 0.086164
0.378772 0.505772 0.157663
0.345186 0.927506 0.200075
0.794556 0.119536 0.176297
0.755521 0.713298 0.192843
0.904653 0.318678 0.592079
0.270890 0.877466 0.148286
0.009302 0.262891 0.303880
0.983002 0.809441 0.904584
0.898975 0.736024 0.037444
0.044814 0.789642 0.518128
0.469673 0.926180 0.565114
0.164076 0.640334 0.322937
0.168723 0.154174 0.796033
0.358883 0.836869 0.103045
0.013538 0.285186 0.784793
0.098382 0.666829 0.989429
0.067873 0.928077 0.629076
0.529630 0.994636 0.766795
0.568411 0.729563 0.624635
0.424257 0.646559 0.577153
0.911041 0.925284 0.554508
0.345548 0.657924 0.060632
0.904248 0.641050 0.839593
0.418770 0.862163 0.520963
0.728714 0.040269 0.687030
0.996693 0.860508 0.549406
0.555051 0.488541 0.016533
0.261185 0.035290 0.954945
0.572919 0.263106 0.839685
0.062554 0.513579 0.971435
0.670136 0.742913 0.749454
0.792476 0.425508 0.355513
0.462253 0.813897 0.416666
0.643476 0.618349 0.279995
0.831775 0.428097 0.953153
0.425095 0.982674 0.687010
0.880195 0.789939 0.307269
0.944724 0.546403 0.675371
0.495418 0.356091 0.472090
0.652549 0.181497 0.738959
0.077990 0.806902 0.292439
0.887532 0.615983 0.359211
0.809080 0.618974 0.353486
0.984484 0.935297 0.617281
0.182190 0.948095 0.376200
0.512015 0.130030 0.886620
0.653689 0.335069 0.419084
0.763344 0.300194 0.455307
0.833258 0.069421 0.460174
0.163709 0.062047 0.608688
0.343089 0.500712 0.528219
0.485402 0.559314 0.994000
0.384017 0.950846 0.016127
0.731069 0.260550 0.711200
0.797516 0.028390 0.418789
0.630739 0.406263 0.992099
0.586613 0.889012 0.082869
0.887357 0.652728 0.439622
0.650872 0.079446 0.025506
0.798904 0.102020 0.265742
0.906671 0.401974 0.985640
0.511629 0.920499 0.937887
0.972737 0.231401 0.815287
0.791935 0.907275 0.406791
0.157345 0.950850 0.980219
0.435086 0.308179 0.327693
0.414090 0.470405 0.871945
0.602767 0.733105 0.892895
0.909928 0.376038 0.291566
0.649958 0.948680 0.711458
0.260633 0.385401 0.815673
0.197698 0.053739 0.011026
0.221355 0.312924 0.967338
0.027246 0.737495 0.915154
0.819697 0.293103 0.392085
0.869201 0.793879 0.229707
0.145105 0.445511 0.676144
0.016949 0.554884 0.074920
0.864844 0.790619 0.218055
0.759307 0.773420 0.479578
0.664699 0.637611 0.872282
0.078820 0.122179 0.289261
0.975900 0.098821 0.394346
0.926366 0.404825 0.279347
0.084269 0.978140 0.445498
0.875275 0.217438 0.860129
0.504553 0.966893 0.496780
0.589392 0.673823 0.419718
0.618605 0.824707 0.647378
0.822705 0.339085 0.965106
0.588293 0.074438 0.664000
0.558284 0.623807 0.862213
0.710960 0.270348 0.860221
0.594293 0.099593 0.059821
0.346074 0.074433 0.295718
0.187138 0.193504 0.654888
0.981459 0.549626 0.983694
0.952674 0.044208 0.274451
0.659580 0.653652 0.633589
0.757247 0.642108 0.149144
0.066591 0.578045 0.526667
0.066480 0.629664 0.396018
0.750472 0.807755 0.754383
0.323873 0.341232 0.614798
0.134845 0.953050 0.091002
0.026463 0.721547 0.503248
0.646113 0.820914 0.324834
0.661956 0.177268 0.056588
0.520817 0.299242 0.315619
0.890368 0.596631 0.680724
0.452872 0.718484 0.570286
0.167443 0.883423 0.484978
0.658733 0.596585 0.035702
0.048658 0.312968 0.171208
0.907554 0.238675 0.778704
0.507100 0.116720 0.050355
0.574356 0.030199 0.451336
0.102511 0.413428 0.424139
0.259336 0.885332 0.936126
0.381102 0.537913 0.636042
0.799750 0.186185 0.614037
0.970864 0.210830 0.221384
0.269945 0.022735 0.640141
0.298795 0.386977 0.133932
0.648613 0.964626 0.800844
0.939508 0.286474 0.441053
0.379174 0.879618 0.803672
0.812809 0.343142 0.945514
0.552218 0.380258 0.363851
0.884439 0.599072 0.294307
0.687318 0.569804 0.962896
0.368212 0.490070 0.827500
0.324430 0.669401 0.059206
0.409039 0.495717 0.652779
0.843073 0.132131 0.449992
0.881724 0.061650 0.427451
0.309189 0.901964 0.945699
0.953465 0.644423 0.706231
0.926045 0.242114 0.796747
0.193489 0.924158 0.169238
0.201664 0.576258 0.241977
0.280328 0.460616 0.720734
0.693804 0.464364 0.372294
0.474985 0.734953 0.399971
0.619559 0.403252 0.366501
0.951746 0.119536 0.435050
0.935438 0.796194 0.968373
0.699440 0.763451 0.085150
0.558948 0.777149 0.748485
0.520405 0.717028 0.117396
0.135356 0.713435 0.884172
0.814369 0.247957 0.662061
0.900603 0.320187 0.616735
0.150266 0.641700 0.971871
0.249945 0.792569 0.253138
0.009499 0.023852 0.773130
0.639132 0.018228 0.070665
0.360015 0.457351 0.332206
0.369184 0.518557 0.632774
0.442205 0.688934 0.318453
0.735590 0.873023 0.695613
0.378384 0.255334 0.727126
0.227449 0.272797 0.890015
0.224028 0.221436 0.436267
0.318341 0.055826 0.066063
0.054698 0.509461 0.636643
0.225016 0.543357 0.940428
0.216681 0.161750 0.077698
0.891432 0.359969 0.744349
0.728118 0.470374 0.228106
0.295308 0.925012 0.647649
0.130615 0.357181 0.831805
0.672637 0.040113 0.267328
0.746984 0.677829 0.467036
0.118365 0.037738 0.632320
0.281210 0.992827 0.332682
0.533118 0.411414 0.809290
0.513452 0.536334 0.882389
0.931985 0.616709 0.429695
0.926561 0.963982 0.773874
0.651221 0.673450 0.778662
0.543837 0.600450 0.473893
0.946702 0.710364 0.027429
0.506924 0.296014 0.814146
0.883994 0.003485 0.571162
0.881987 0.451253 0.131703
0.118348 0.937932 0.108330
0.950530 0.329149 0.177603
0.267135 0.303969 0.974041
0.419359 0.370209 0.176131
0.385578 0.413019 0.249350
0.861372 0.051627 0.606790
0.522488 0.853893 0.535009
0.410254 0.140499 0.893351
0.787514 0.899553 0.868038
0.290316 0.179129 0.186569
0.244308 0.519318 0.626079
0.053859 0.516082 0.700974
0.345491 0.176963 0.045254
0.438772 0.207115 0.555833
0.202910 0.963515 0.462354
0.517481 0.360375 0.708831
0.182599 0.159339 0.524906
0.484676 0.561070 0.452777
0.905042 0.412402 0.017898
0.219455 0.533896 0.392253
0.825658 0.142521 0.411578
0.920226 0.822641 0.150953
0.038575 0.656165 0.301866
0.495639 0.977177 0.787009
0.468010 0.689487 0.645850
0.194522 0.105090 0.644533
0.887503 0.834937 0.258455
0.789365 0.094778 0.176806
0.911103 0.315922 0.604328
0.674574 0.139905 0.071136
0.497414 0.981299 0.419968
0.644589 0.225660 0.982897
0.806314 0.086967 0.442694
0.272901 0.341340 0.050011
0.493217 0.961688 0.573377
0.080096 0.709365 0.264696
0.324739 0.586808 0.547269
0.576275 0.616742 0.875035
0.944937 0.907870 0.510781
0.022241 0.480152 0.412260
0.372160 0.322001 0.243978
0.922120 0.771055 0.479514
0.612146 0.444762 0.407617
0.653775 0.022145 0.404999
0.649298 0.247190 0.592881
0.123355 0.712929 0.591411
0.995635 0.257373 0.792435
0.336951 0.181047 0.132556
0.485739 0.262991 0.598851
0.098795 0.910541 0.783477
0.160550 0.679843 0.578155
0.870444 0.113765 0.668322
0.390199 0.955168 0.285485
0.940934 0.553490 0.919914
0.728856 0.819369 0.938505
0.756482 0.188912 0.877503
0.358124 0.172945 0.294746
0.691059 0.579759 0.714217
0.590819 0.029402 0.398957
0.698083 0.807815 0.498674
0.518255 0.596924 0.156277
0.524180 0.201660 0.465985
0.546893 0.392584 0.720101
0.887411 0.727547 0.729585
0.413104 0.459616 0.099622
0.174243 0.681132 0.728943
0.322456 0.951732 0.504670
0.107727 0.924159 0.378676
0.842925 0.717713 0.804453
0.430852 0.288561 0.740300
0.484502 0.682565 0.013970
0.487231 0.628058 0.153264
0.352069 0.211310 0.068033
0.648588 0.601220 0.899751
0.281261 0.026617 0.384527
0.783723 0.142785 0.280467
0.736470 0.578085 0.688053
0.532609 0.359818 0.783849
0.660304 0.564757 0.931638
0.139307 0.678404 0.781724
0.309384 0.078875 0.194331
0.959272 0.111136 0.100740
0.917941 0.347528 0.847406
0.828395 0.729731 0.592652
0.784927 0.048275 0.541996
0.019025 0.130155 0.278450
0.615818 0.829280 0.624916
0.559612 0.793832 0.717791
0.989438 0.936464 0.003496
0.820244 0.791877 0.624488
0.817018 0.241537 0.764691
0.538571 0.109401 0.118693
0.914663 0.741031 0.840575
0.472698 0.514716 0.014685
0.057265 0.324242 0.759508
0.457611 0.616945 0.049560
0.983737 0.393981 0.427105
0.703715 0.381916 0.202934
0.475971 0.782540 0.188856
0.213611 0.780342 0.058489
0.456123 0.839266 0.174996
0.695914 0.530704 0.765464
0.160618 0.318392 0.483086
0.834771 0.028916 0.876277
0.303302 0.066568 0.459786
0.912416 0.998112 0.357699
0.316146 0.402872 0.064127
0.625430 0.433712 0.089740
0.080105 0.502199 0.720562
0.215618 0.408290 0.774879
0.664823 0.512426 0.177345
0.839533 0.946062 0.641624
0.506387 0.675822 0.059000
0.921520 0.561843 0.938925
0.310388 0.933139 0.413684
0.236854 0.431521 0.526381
0.680023 0.187254 0.638328
0.234151 0.141804 0.636446
0.204948 0.777650 0.979694
0.593094 0.891519 0.293595
0.193577 0.823056 0.520009
0.968537 0.130458 0.650637
0.387576 0.423063 0.735785
0.328046 0.865934 0.541873
0.764965 0.011925 0.560451
0.033834 0.569057 0.781286
0.640849 0.114110 0.189522
0.413530 0.467902 0.853475
0.314197 0.365055 0.959248
0.070535 0.979504 0.268671
0.930002 0.959817 0.932756
0.420702 0.065581 0.060517
0.206443 0.256375 0.355809
0.412067 0.690250 0.947824
0.315918 0.191898 0.666083
0.783177 0.946815 0.666732
0.134181 0.851779 0.179611
0.410438 0.698960 0.686180
0.542335 0.803341 0.880704
0.253573 0.629737 0.348921
0.416848 0.390899 0.879449
0.888129 0.264385 0.667797
0.162662 0.847751 0.712190
0.005864 0.804382 0.832042
0.498330 0.828008 0.987145
0.210788 0.866448 0.012320
0.874298 0.592061 0.069746
0.036241 0.386703 0.573931
0.618575 0.949697 0.119918
0.510047 0.379645 0.614279
0.208127 0.038243 0.970837
0.731506 0.476999 0.395090
0.431669 0.519423 0.528398
0.335702 0.997473 0.951235
0.920646 0.767704 0.268237
0.561260 0.528710 0.162561
0.022916 0.974407 0.633651
0.359808 0.470576 0.083375
0.921291 0.578859 0.932940
0.656433 0.401384 0.690202
0.784568 0.626425 0.472980
0.916880 0.432134 0.491649
0.678843 0.757846 0.468866
0.421192 0.340946 0.127934
0.088059 0.815139 0.436220
0.186839 0.299817 0.196024
0.805730 0.158957 0.885868
0.463260 0.657992 0.687223
0.456326 0.809720 0.057583
0.802247 0.493915 0.928014
0.076997 0.444668 0.878083
0.628676 0.499353 0.950273
0.481891 0.282605 0.206792
0.035403 0.478903 0.113997
0.503909 0.493875 0.690527
0.476239 0.488236 0.514888
0.646418 0.202969 0.940412
0.738849 0.852068 0.813813
0.591706 0.290088 0.257283
0.387977 0.290649 0.697533
0.089685 0.220427 0.107172
0.703988 0.666827 0.804068
0.473941 0.806663 0.785873
0.330585 0.736735 0.686531
0.323805 0.815197 0.412003
0.930563 0.260529 0.690536
0.954422 0.856579 0.870092
0.145062 0.720034 0.934344
0.525826 0.448244 0.597220
0.818765 0.740682 0.021026
0.803950 0.556323 0.586550
0.314974 0.296778 0.428440
0.419039 0.676118 0.018680
0.487949 0.572685 0.952234
0.785162 0.421199 0.311786
0.382220 0.895366 0.464058
0.087329 0.342054 0.957484
0.082236 0.447033 0.609305
0.738684 0.039726 0.782506
0.478935 0.184924 0.609099
0.387026 0.388957 0.254159
0.424373 0.631065 0.485652
0.498059 0.429608 0.929228
0.432923 0.847065 0.274187
0.981284 0.545567 0.717184
0.507906 0.951132 0.830336
0.654824 0.456942 0.118970
0.573309 0.084521 0.455658
0.306403 0.727413 0.244892
0.693756 0.964489 0.118699
0.421969 0.211269 0.569908
0.260181 0.392819 0.724645
0.900426 0.291092 0.712856
0.855217 0.617321 0.218183
0.475147 0.982492 0.640754
0.518112 0.755725 0.344997
0.243554 0.398051 0.481731
0.133184 0.072449 0.832729
0.798958 0.643932 0.058458
0.610451 0.435045 0.214482
0.794070 0.231101 0.584905
0.835711 0.562806 0.554179
0.744617 0.642153 0.632449
0.299672 0.805188 0.287403
0.955267 0.586581 0.529119
0.422163 0.416470 0.035683
0.287426 0.285820 0.435274
0.260252 0.876612 0.447622
0.779623 0.387793 0.914898
0.981074 0.610126 0.127343
0.422683 0.468300 0.238323
0.398531 0.317873 0.088243
0.211854 0.207555 0.333135
0.475352 0.008359 0.667357
0.304710 0.285341 0.831318
0.126698 0.211205 0.044954
0.941837 0.178753 0.736404
0.245602 0.992550 0.365773
0.422022 0.633038 0.114167
0.741209 0.728675 0.955862
0.050683 0.999823 0.129357
0.925876 0.725646 0.407470
0.168513 0.229998 0.013378
0.985530 0.902377 0.422857
0.400526 0.787174 0.378498
0.527030 0.363359 0.862584
0.174665 0.644114 0.952676
0.475488 0.462424 0.953966
0.549631 0.886406 0.371665
0.976436 0.528737 0.993379
0.359101 0.415795 0.917276
0.284455 0.816593 0.925209
0.699687 0.154784 0.744295
0.779405 0.209488 0.432159
0.273180 0.234571 0.749943
0.500359 0.436295 0.447345
0.498955 0.345674 0.479679
0.452770 0.590553 0.685432
0.951113 0.309916 0.269709
0.244611 0.891410 0.165371
0.016950 0.884286 0.091185
0.198840 0.757587 0.105990
0.979245 0.311763 0.475785
0.424540 0.696593 0.558731
0.724379 0.697925 0.101542
0.859173 0.732283 0.063263
0.177205 0.307744 0.731004
0.658157 0.599611 0.034204
0.974387 0.566094 0.570719
0.255929 0.135508 0.440165
0.380157 0.720344 0.967576
0.146836 0.607664 0.826996
0.335217 0.233473 0.730827
0.424774 0.604436 0.925315
0.160961 0.688408 0.144484
0.614333 0.999272 0.261303
0.325873 0.151344 0.800015
0.268870 0.024175 0.144711
0.634385 0.514205 0.066757
0.118840 0.993509 0.745336
0.544632 0.798789 0.212581
0.048195 0.827750 0.313570
0.360068 0.156390 0.272842
0.837512 0.095798 0.431925
0.560738 0.119801 0.397442
0.722681 0.027120 0.828001
0.892677 0.571650 0.128276
0.424525 0.734446 0.273798
0.620989 0.180345 0.747463
0.154075 0.629485 0.120397
0.711627 0.943812 0.384473
0.794177 0.579408 0.075226
0.496635 0.773382 0.262486
0.186654 0.317486 0.566186
0.985086 0.741135 0.118055
0.771313 0.329038 0.245529
0.717249 0.594192 0.550354
0.582080 0.800472 0.631122
0.988083 0.130532 0.434683
0.705756 0.975818 0.293042
0.761253 0.097451 0.986798
0.847415 0.118209 0.035868
0.653921 0.439941 0.995528
0.080138 0.072843 0.938448
0.913484 0.795969 0.274253
0.731690 0.116868 0.371111
0.620383 0.455013 0.397305
0.354639 0.878962 0.339303
0.045970 0.811719 0.990275
0.140600 0.777488 0.732827
0.720990 0.609682 0.648683
0.422823 0.869595 0.186201
0.492765 0.029326 0.662852
0.497828 0.681545 0.551609
0.926793 0.949437 0.871732
0.905639 0.023550 0.477085
0.212878 0.366850 0.050236
0.603883 0.716547 0.259584
0.984294 0.075860 0.473804
0.387951 0.846725 0.404777
0.493494 0.987282 0.301387
0.969744 0.797687 0.607919
0.815364 0.979298 0.750088
0.284492 0.791935 0.146590
0.049933 0.773241 0.669146
0.727423 0.680433 0.930080
0.605718 0.633455 0.173629
0.728616 0.049975 0.081026
0.972393 0.943350 0.513512
0.397509 0.936309 0.295267
0.290273 0.216366 0.866178
0.148198 0.206354 0.221592
0.360311 0.640731 0.234809
0.745967 0.587906 0.886729
0.117158 0.390717 0.879301
0.764553 0.614558 0.101911
0.184935 0.798924 0.847572
0.201774 0.289557 0.991644
0.586477 0.888591 0.159186
0.166616 0.955415 0.752997
0.553610 0.561925 0.522013
0.602441 0.489228 0.754470
0.201130 0.949819 0.736734
0.044670 0.930753 0.484745
0.667386 0.236104 0.601120
0.317235 0.989163 0.049284
0.120860 0.680789 0.372378
0.289897 0.774564 0.921745
0.045133 0.159865 0.581897
0.730746 0.058123 0.388062
0.554461 0.271589 0.176946
0.311093 0.585950 0.544571
0.036352 0.773886 0.641551
0.563759 0.850417 0.493103
0.339764 0.238924 0.287703
0.013449 0.732890 0.993136
0.806494 0.604216 0.355453
0.246615 0.748285 0.115140
0.461729 0.134060 0.206199
0.971484 0.391874 0.590498
0.371778 0.410309 0.582735
0.397654 0.300979 0.810487
0.589967 0.322184 0.292489
0.370184 0.408239 0.994506
0.955165 0.819758 0.579058
0.995200 0.976951 0.368452
0.159512 0.857867 0.839830
0.979182 0.525122 0.931978
0.086238 0.578908 0.546834
0.187415 0.167728 0.397865
0.344415 0.807295 0.880476
0.277319 0.596072 0.918474
0.988218 0.556163 0.299466
0.724423 0.628492 0.606025
0.930965 0.596361 0.619424
0.820768 0.999506 0.516678
0.692531 0.590866 0.371583
0.903458 0.311126 0.474608
0.318721 0.606928 0.708528
0.736980 0.962201 0.496479
0.139680 0.892461 0.128597
0.487945 0.355498 0.019367
0.180307 0.496368 0.894066
0.455902 0.576468 0.279180
0.085848 0.903815 0.087119
0.941463 0.356138 0.870693
0.913228 0.602828 0.267111
0.632901 0.732037 0.776908
0.933444 0.009331 0.321115
0.821557 0.609873 0.782472
0.623997 0.367857 0.744286
0.669722 0.624522 0.742737
0.263464 0.112853 0.329278
0.141999 0.057592 0.141375
0.312012 0.293689 0.498849
0.002780 0.518821 0.574233
0.474876 0.797714 0.912039
0.630147 0.597427 0.704899
0.598889 0.735245 0.834202
0.497608 0.479394 0.444107
0.690771 0.156929 0.071530
0.479646 0.540773 0.738208
0.883927 0.270817 0.572784
0.447203 0.170637 0.966511
0.001538 0.297275 0.633348
0.902436 0.106114 0.881346
0.237833 0.711490 0.672450
0.096785 0.767751 0.537083
0.614123 0.397798 0.430772
0.741805 0.280035 0.304302
0.179788 0.088209 0.242171
0.766790 0.603724 0.944757
0.987710 0.709484 0.690588
0.878820 0.953777 0.213297
0.554844 0.996528 0.023609
0.665780 0.479915 0.554560
0.466779 0.654022 0.956649
0.962801 0.664913 0.206024
0.965987 0.963921 0.775054
0.015508 0.245586 0.656196
0.636554 0.433219 0.930100
0.922312 0.346016 0.921223
0.151937 0.302032 0.730416
0.063762 0.399156 0.315980
0.216255 0.650769 0.492661
0.663239 0.461790 0.826287
0.902104 0.425935 0.074940
0.899841 0.179456 0.770188
0.260668 0.333746 0.268641
0.122839 0.001608 0.473397
0.580106 0.845796 0.041190
0.030152 0.614739 0.067160
0.738004 0.568404 0.409500
0.325059 0.641729 0.814106
0.584139 0.470330 0.597758
0.996531 0.366135 0.265760
0.034616 0.417006 0.438433
0.713099 0.730042 0.902586
0.735178 0.651834 0.125843
0.402137 0.696783 0.038220
0.902524 0.805246 0.977204
0.406609 0.724799 0.497452
0.697300 0.236888 0.981397
0.286937 0.670813 0.406808
0.035298 0.201359 0.547835
0.880058 0.202576 0.766952
0.751853 0.882885 0.001466
0.481336 0.190973 0.109873
0.625222 0.674072 0.041884
0.104470 0.854215 0.612126
0.165199 0.178881 0.176919
0.794464 0.207421 0.718910
0.900406 0.875501 0.721339
0.535899 0.506692 0.955995
0.941579 0.662541 0.081454
0.588077 0.461571 0.492348
0.997919 0.826149 0.998506
0.586428 0.867381 0.684028
0.798323 0.901039 0.537933
0.734971 0.993892 0.692617
0.045392 0.939413 0.204921
0.494796 0.196690 0.590479
0.049692 0.770015 0.069218
0.334329 0.199830 0.461600
0.317037 0.107688 0.297472
0.511109 0.750417 0.566135
0.746494 0.793387 0.126761
0.291614 0.301266 0.216587
0.075438 0.961702 0.687038
0.907169 0.094590 0.177945
0.094777 0.896467 0.939506
0.124112 0.519416 0.129812
0.385386 0.528702 0.043385
0.544293 0.947710 0.063818
0.642230 0.183839 0.117918
0.220266 0.117032 0.673566
0.634063 0.705475 0.386315
0.876618 0.334897 0.281712
0.799230 0.576513 0.485846
0.096518 0.292413 0.665330
0.862959 0.455656 0.178542
0.208834 0.347614 0.947941
0.430077 0.170041 0.461638
0.641767 0.811569 0.109445
0.047537 0.272897 0.868359
0.293935 0.906718 0.727244
0.886494 0.720636 0.340773
0.270457 0.511395 0.078240
0.178246 0.558639 0.936424
0.901666 0.988075 0.568518
0.092482 0.423090 0.929660
0.863426 0.915891 0.139577
0.055586 0.512711 0.475623
0.892199 0.756528 0.895067
0.836125 0.248000 0.290530
0.728471 0.953248 0.028843
0.419550 0.182489 0.262069
0.784903 0.513654 0.911896
0.591681 0.051899 0.647529
0.000998 0.183149 0.850024
0.657355 0.711999 0.621299
0.032448 0.708393 0.953824
0.253460 0.325710 0.709142
0.312817 0.150262 0.043048
0.213500 0.605108 0.099429
0.203642 0.624471 0.900362
0.341517 0.290452 0.828933
0.349881 0.322630 0.795866
0.220861 0.222607 0.247743
0.831190 0.394122 0.777934
0.703647 0.266209 0.424727
0.851729 0.990059 0.635109
0.943085 0.091320 0.743633
0.240176 0.455445 0.368479
0.158296 0.391387 0.469789
0.867855 0.299171 0.467972
0.557664 0.212441 0.436495
0.109009 0.202635 0.000437
0.366329 0.712075 0.058015
0.617860 0.278856 0.521440
0.729823 0.741632 0.269725
0.045119 0.928511 0.436791
0.091751 0.453215 0.312594
0.712245 0.853004 0.554809
0.889544 0.327947 0.621931
0.121491 0.498985 0.918628
0.553998 0.348119 0.592591
0.738074 0.663362 0.769460
0.576098 0.823672 0.516400
0.661405 0.346457 0.171002
0.618054 0.997624 0.231549
0.449509 0.788610 0.641915
0.177740 0.583487 0.064450
0.509866 0.460667 0.186936
0.787784 0.757884 0.818051
0.038829 0.521447 0.080309
0.189902 0.260501 0.163079
0.918525 0.882590 0.119185
0.579869 0.691415 0.264752
0.015380 0.391367 0.814565
0.207846 0.983301 0.295580
0.336249 0.719528 0.817553
0.105951 0.651717 0.477095
0.843513 0.900757 0.697967
0.968503 0.477217 0.841825
0.588234 0.967298 0.880846
0.022072 0.076822 0.321960
0.332836 0.742653 0.091495
0.059298 0.495001 0.761722
0.293912 0.923772 0.342708
0.349554 0.966697 0.384566
0.958352 0.421415 0.963997
0.867105 0.561076 0.496923
0.606334 0.927765 0.147572
0.700198 0.453861 0.944766
0.529414 0.101520 0.031884
0.153914 0.770649 0.081300
0.784789 0.008554 0.990885
0.126549 0.575279 0.676638
0.891970 0.074864 0.312693
0.468369 0.014973 0.890977
0.057527 0.374217 0.911504
0.864157 0.490723 0.633064
0.992888 0.075676 0.482869
0.121376 0.413957 0.465617
0.409298 0.768243 0.305120
0.759188 0.342931 0.835531
0.797048 0.106882 0.293900
0.014415 0.989648 0.070039
0.446510 0.420277 0.236609
0.827057 0.255665 0.448164
0.049222 0.178010 0.806497
0.015817 0.145506 0.646330
0.862230 0.998216 0.153554
0.524789 0.310267 0.516709
0.134603 0.526966 0.791913
0.614910 0.141661 0.099257
0.970202 0.375034 0.065255
0.567763 0.462263 0.665810
0.808692 0.067856 0.676141
0.309161 0.712014 0.576364
0.430107 0.260795 0.274167
0.514152 0.301970 0.518639
0.645407 0.909985 0.722472
0.638152 0.236367 0.284461
0.208481 0.772474 0.244359
0.206091 0.182849 0.066722
0.944582 0.647255 0.502821
0.826069 0.219498 0.408369
0.227702 0.400607 0.162779
0.776665 0.393005 0.088972
0.418948 0.709233 0.582517
0.545673 0.580937 0.137649
0.367808 0.597271 0.960742
0.547597 0.357210 0.104600
0.547895 0.664748 0.961742
0.135132 0.244945 0.974969
0.276893 0.266256 0.133536
0.033088 0.948917 0.929702
0.110698 0.084727 0.410059
0.997205 0.714556 0.812466
0.117583 0.117999 0.888572
0.454235 0.015098 0.928858
0.213699 0.542670 0.916760
0.122318 0.283076 0.258331
0.498277 0.334273 0.466957
0.953365 0.295409 0.508548
0.815199 0.615995 0.272913
0.701452 0.817073 0.788508
0.618788 0.818309 0.396125
0.957675 0.031957 0.831394
0.500249 0.504928 0.413630
0.035231 0.217849 0.630585
0.449756 0.196153 0.938309
0.224988 0.699600 0.148812
0.350610 0.377770 0.064200
0.400664 0.611423 0.829407
0.972471 0.764022 0.379200
0.831985 0.782918 0.346480
0.241154 0.910993 0.014636
0.255934 0.161951 0.906862
0.005538 0.871251 0.398637
0.256198 0.856430 0.216208
0.354552 0.369924 0.144388
0.635421 0.948328 0.334729
0.479566 0.903000 0.056493
0.271486 0.959083 0.476269
0.923063 0.374193 0.159371
0.036991 0.818408 0.474021
0.225362 0.537928 0.541447
0.059310 0.186448 0.917232
0.911377 0.423970 0.002851
0.818345 0.262500 0.016897
0.135897 0.333291 0.991130
0.302621 0.517208 0.551921
0.375758 0.609434 0.063665
0.302621 0.758806 0.494582
0.965501 0.202485 0.269830
0.571637 0.527146 0.179321
0.972489 0.848236 0.714154
0.900652 0.722258 0.335587
0.521704 0.422900 0.286447
0.974020 0.098019 0.781618
0.139343 0.530379 0.395309
0.375030 0.218525 0.854310
0.163805 0.793705 0.555005
0.144957 0.149038 0.846115
0.717237 0.600965 0.638585
0.164640 0.130247 0.208540
0.602373 0.501789 0.457818
0.404946 0.554179 0.582247
0.835519 0.801616 0.613253
0.070099 0.285918 0.622814
0.202106 0.962234 0.815498
0.329696 0.331906 0.561660
0.609805 0.034524 0.079667
0.690041 0.028514 0.505175
0.303707 0.340633 0.501585
0.613084 0.076916 0.540189
0.149528 0.678284 0.316892
0.613522 0.145876 0.884449
0.950771 0.804641 0.664004
0.567036 0.476474 0.855355
0.801879 0.891619 0.072691
0.583314 0.971344 0.562251
0.078340 0.056589 0.724177
0.719160 0.326184 0.277324
0.514024 0.997666 0.342521
0.872233 0.839206 0.037717
0.430725 0.336684 0.610372
0.796142 0.942466 0.176403
0.435027 0.943927 0.210262
0.368324 0.422021 0.486613
0.463630 0.502312 0.657128
0.228594 0.425519 0.173375
0.211462 0.194856 0.593459
0.510458 0.599181 0.714425
0.672378 0.462620 0.978542
0.838469 0.193041 0.944009
0.188491 0.952271 0.435851
0.314698 0.323293 0.155429
0.906752 0.824696 0.749972
0.357532 0.408143 0.872008
0.370661 0.114231 0.548916
0.669977 0.922750 0.645069
0.371018 0.117071 0.121091
0.055542 0.167470 0.513741
0.956546 0.150809 0.984473
0.568140 0.548827 0.236512
0.536593 0.177977 0.457490
0.328907 0.569670 0.590307
0.008291 0.450877 0.411499
0.176488 0.049689 0.720438
0.037995 0.291453 0.035537
0.609169 0.198980 0.311839
0.366951 0.987619 0.626251
0.975769 0.816056 0.523616
0.157087 0.839469 0.781280
0.242449 0.892910 0.796340
0.549746 0.233977 0.537924
0.600276 0.903920 0.158990
0.406640 0.200345 0.683809
0.352590 0.941666 0.953800
0.563207 0.302753 0.462275
0.073911 0.675657 0.192868
0.024871 0.465457 0.757235
0.985902 0.882018 0.180603
0.372701 0.428715 0.444495
0.178204 0.665971 0.410625
0.653656 0.096826 0.152906
0.098202 0.414243 0.862532
0.490282 0.139360 0.839060
0.674116 0.108157 0.619853
0.512329 0.967627 0.891378
0.002606 0.852896 0.711189
0.265231 0.669309 0.213973
0.982509 0.759564 0.610742
0.954289 0.141975 0.124224
0.028982 0.059060 0.769843
0.565899 0.616855 0.493649
0.200440 0.247431 0.488883
0.311503 0.761304 0.489247
0.321278 0.885907 0.038577
0.505453 0.773639 0.165773
0.093390 0.603716 0.983189
0.557109 0.503842 0.933644
0.451379 0.042804 0.326674
0.708103 0.363825 0.225987
0.682104 0.949076 0.557821
0.439308 0.219050 0.549689
0.973329 0.267734 0.849112
0.442895 0.750988 0.884954
0.142778 0.110493 0.634763
0.837244 0.520483 0.373935
0.204835 0.511524 0.391050
0.699369 0.468067 0.158578
0.867226 0.012569 0.887574
0.383313 0.655492 0.025836
0.812227 0.644302 0.743137
0.032482 0.225764 0.565442
0.700037 0.671976 0.052471
0.127212 0.157727 0.541390
0.936644 0.453311 0.517154
0.725821 0.833675 0.383711
0.516169 0.671453 0.114816
0.942401 0.788379 0.546244
0.463272 0.951809 0.026118
0.654874 0.168104 0.811523
0.410397 0.342107 0.262474
0.746727 0.151206 0.397951
0.143952 0.698615 0.589872
0.818043 0.284691 0.417962
0.556991 0.620037 0.407896
0.599282 0.263003 0.785141
0.315862 0.613064 0.360318
0.719675 0.472261 0.784677
0.040266 0.675961 0.094222
0.450710 0.867777 0.134236
0.639931 0.709419 0.926733
0.126941 0.452126 0.743288
0.624322 0.531792 0.726928
0.323740 0.070215 0.581162
0.762747 0.833732 0.010808
0.401598 0.200598 0.417940
0.954481 0.278406 0.155747
0.173328 0.651507 0.378280
0.669972 0.542746 0.294610
0.356303 0.401017 0.159221
0.396370 0.511498 0.718510
0.107072 0.260913 0.055563
0.120265 0.104748 0.368659
0.537183 0.459495 0.425519
0.567888 0.087878 0.906758
0.853290 0.206156 0.158743
0.445509 0.731366 0.585257
0.730468 0.390829 0.217757
0.045237 0.231007 0.622348
0.661416 0.076326 0.041036
0.591796 0.428796 0.696960
0.048309 0.033021 0.609966
0.421304 0.687564 0.797600
0.014421 0.101944 0.974047
0.172417 0.135225 0.045786
0.336731 0.603532 0.264786
0.812823 0.169957 0.413741
0.982667 0.063452 0.896605
0.878644 0.733116 0.003796
0.243819 0.048059 0.162426
0.067383 0.283087 0.646795
0.011065 0.771757 0.431994
0.282448 0.672490 0.032548
0.889174 0.998893 0.709822
0.012758 0.927742 0.554251
0.553270 0.476225 0.345428
0.168246 0.957009 0.068309
0.227696 0.826521 0.918771
0.120098 0.076740 0.973810
0.102749 0.898276 0.959151
0.052700 0.912487 0.010164
0.459615 0.080385 0.866934
0.812107 0.681727 0.304828
0.498835 0.265271 0.570643
0.591447 0.956318 0.521626
0.126320 0.694463 0.353632
0.033147 0.695888 0.017940
0.994326 0.299638 0.078160
0.389676 0.466712 0.050744
0.982295 0.657480 0.693627
0.780251 0.337849 0.326812
0.168394 0.684136 0.043388
0.548306 0.828543 0.773657
0.301672 0.492836 0.435908
0.234417 0.748445 0.064252
0.453962 0.146175 0.473447
0.397266 0.629072 0.170015
0.108312 0.255324 0.195909
0.122035 0.932936 0.927260
0.463113 0.567578 0.193668
0.967244 0.176665 0.887587
0.812582 0.915233 0.003006
0.611394 0.700148 0.562754
0.310214 0.741580 0.919375
0.190868 0.651407 0.803506
0.879297 0.561219 0.243215
0.783100 0.783672 0.283156
0.161956 0.461266 0.112468
0.697131 0.804172 0.614485
0.998880 0.256202 0.409402
0.631264 0.119627 0.535983
0.960383 0.619364 0.230389
0.908451 0.062645 0.640847
0.857625 0.741171 0.748685
0.224144 0.696749 0.359929
0.436095 0.955045 0.652135
0.878124 0.886169 0.892647
0.966738 0.297925 0.884424
0.921211 0.303799 0.808342
0.682100 0.767520 0.060202
0.160298 0.136947 0.362943
0.709170 0.141889 0.839882
0.746631 0.513704 0.427785
0.831495 0.355369 0.638993
0.473814 0.544202 0.030699
0.491472 0.350849 0.000543
0.101243 0.616660 0.007265
0.066778 0.907825 0.826362
0.630149 0.209883 0.891961
0.428487 0.452174 0.170986
0.384820 0.179117 0.431261
0.262214 0.808839 0.339343
0.650764 0.946043 0.808165
0.638127 0.170128 0.144227
0.147889 0.474495 0.788476
0.149496 0.793459 0.120088
0.629565 0.857647 0.658735
0.101611 0.877048 0.144572
0.997219 0.960580 0.476484
0.534889 0.993399 0.425356
0.575126 0.013635 0.489319
0.577927 0.578188 0.779513
0.616270 0.492354 0.443815
0.778630 0.024182 0.269846
0.799579 0.761650 0.752585
0.590640 0.982619 0.868774
0.017298 0.038284 0.174125
0.230313 0.460257 0.765881
0.795745 0.117685 0.932606
0.241297 0.175465 0.890043
0.965669 0.841255 0.245662
0.034748 0.592498 0.714726
0.824356 0.401871 0.737862
0.165578 0.445089 0.823597
0.960293 0.524610 0.581781
0.820899 0.514012 0.321686
0.652287 0.798859 0.764636
0.455632 0.332843 0.907978
0.715155 0.165678 0.712018
0.414606 0.066044 0.214530
0.546206 0.517425 0.722997
0.070524 0.441627 0.108521
0.111219 0.985155 0.866740
0.101128 0.011958 0.735715
0.648533 0.757376 0.403972
0.581724 0.593015 0.550529
0.149242 0.263148 0.271636
0.543591 0.770348 0.068423
0.566374 0.388908 0.156824
0.727741 0.048368 0.972644
0.961558 0.312751 0.007446
0.154167 0.504941 0.420538
0.233961 0.782499 0.182052
0.116823 0.730047 0.467339
0.935481 0.369275 0.121272
0.187030 0.314824 0.993952
0.433337 0.522572 0.546737
0.103560 0.258515 0.269036
0.559172 0.825029 0.229970
0.378281 0.016851 0.362976
0.771498 0.503637 0.066390
0.564112 0.663702 0.747191
0.717108 0.368601 0.805653
0.058249 0.293733 0.140204
0.589638 0.443585 0.192066
0.304527 0.382277 0.467263
0.238308 0.471471 0.747018
0.531922 0.676374 0.320048
0.045926 0.069618 0.468169
0.125097 0.732874 0.980464
0.899146 0.029779 0.602315
0.574455 0.089305 0.047043
0.463100 0.015323 0.057230
0.786529 0.276493 0.202271
0.415322 0.144797 0.186302
0.512440 0.904435 0.118704
0.378215 0.830798 0.432717
0.244290 0.935725 0.525810
0.386087 0.277949 0.516319
0.712972 0.017731 0.271298
0.739666 0.965458 0.946318
0.692318 0.243019 0.835081
0.307501 0.275325 0.816976
0.524234 0.370863 0.809993
0.477543 0.723750 0.417546
0.592162 0.716834 0.902345
0.175021 0.219762 0.801327
0.252231 0.130079 0.338828
0.352808 0.426133 0.303590
0.541734 0.718632 0.105992
0.319416 0.157605 0.714218
0.835068 0.121980 0.057002
0.882102 0.533982 0.664605
0.080141 0.171798 0.572592
0.695285 0.393492 0.704697
0.002405 0.923187 0.871816
0.790074 0.954021 0.361563
0.334018 0.333330 0.271698
0.060591 0.434862 0.052715
0.136993 0.932745 0.906631
0.436753 0.547334 0.032544
0.919732 0.782956 0.720766
0.179979 0.906258 0.064147
0.013094 0.324662 0.668254
0.360494 0.905662 0.865095
0.905752 0.509229 0.077345
0.825874 0.284004 0.970938
0.118666 0.656582 0.210709
0.528359 0.327861 0.131507
0.227413 0.042419 0.061494
0.052644 0.826468 0.293894
0.349436 0.736660 0.809757
0.250896 0.662471 0.402132
0.040655 0.949784 0.761612
0.988633 0.002011 0.198379
0.761449 0.482248 0.377822
0.695987 0.888056 0.837581
0.019788 0.496090 0.150647
0.163139 0.714757 0.072445
0.308964 0.149223 0.989864
0.993633 0.647133 0.430009
0.624293 0.252749 0.272515
0.492499 0.647631 0.760493
0.365674 0.987904 0.488784
0.052368 0.466709 0.208196
0.986308 0.101145 0.084348
0.786298 0.409540 0.067270
0.188245 0.213314 0.635084
0.828780 0.325479 0.627163
0.457091 0.436529 0.571258
0.260268 0.457360 0.138078
0.553140 0.214417 0.915783
0.467550 0.521015 0.865917
0.123158 0.486058 0.734060
0.192656 0.803521 0.410123
0.979999 0.372938 0.267076
0.877289 0.681517 0.113823
0.135923 0.330108 0.428570
0.325779 0.235699 0.256132
0.336972 0.535422 0.608307
0.083471 0.848938 0.966412
0.937919 0.054403 0.553083
0.927071 0.627654 0.211890
0.635821 0.777115 0.790043
0.563863 0.806638 0.611833
0.348066 0.485105 0.857774
0.366751 0.071232 0.916086
0.559460 0.747820 0.958165
0.062583 0.247191 0.908860
0.168224 0.606766 0.511741
0.123611 0.268778 0.681259
0.724314 0.642010 0.270069
0.656410 0.680091 0.344458
0.429099 0.674810 0.808348
0.787927 0.344654 0.176703
0.109181 0.771273 0.576025
0.388731 0.179720 0.939695
0.272566 0.215653 0.773924
0.309430 0.738573 0.541338
0.797446 0.341675 0.195648
0.425330 0.225108 0.026220
0.482377 0.524052 0.489595
0.388959 0.448965 0.204453
0.561534 0.541081 0.030836
0.913381 0.908003 0.263709
0.188165 0.867277 0.850418
0.526660 0.736746 0.637188
0.544279 0.486400 0.538303
0.653444 0.271737 0.571422
0.858031 0.146086 0.849402
0.873846 0.487766 0.552145
0.999887 0.814204 0.575317
0.498361 0.226996 0.839377
0.466618 0.117267 0.068651
0.185668 0.007630 0.884025
0.197185 0.329722 0.670631
0.756166 0.775957 0.383927
0.261283 0.820253 0.391183
0.805782 0.598944 0.795760
0.386211 0.107864 0.144637
0.697108 0.811877 0.932831
0.085480 0.355318 0.357431
0.630224 0.881820 0.946829
0.409699 0.782233 0.155628
0.343147 0.566284 0.150694
0.312031 0.525508 0.177981
0.761221 0.355525 0.842076
0.054253 0.674354 0.749814
0.571278 0.700038 0.805414
0.926645 0.394270 0.797907
0.176906 0.637233 0.496238
0.955088 0.899206 0.038717
0.891316 0.358708 0.947033
0.778061 0.459291 0.338946
0.327090 0.264452 0.926176
0.432757 0.707846 0.941316
0.288386 0.741103 0.823375
0.478089 0.621634 0.461951
0.629339 0.063679 0.231039
0.045838 0.852075 0.134200
0.155794 0.415363 0.603494
0.211788 0.741264 0.582781
0.416129 0.646129 0.726385
0.419792 0.644422 0.556228
0.524965 0.009247 0.329860
0.771818 0.154694 0.432389
0.416487 0.400991 0.209591
0.783728 0.843482 0.882302
0.446539 0.437266 0.408325
0.379408 0.839757 0.226928
0.456176 0.192215 0.486656
0.228614 0.453997 0.143804
0.011144 0.438260 0.444709
0.818145 0.375294 0.077709
0.924136 0.511368 0.098321
0.322249 0.488826 0.763160
0.026200 0.629804 0.993627
0.650413 0.066785 0.769145
0.631799 0.085402 0.356746
0.163301 0.884024 0.559407
0.460973 0.752365 0.079878
0.068239 0.717040 0.272291
0.993818 0.578655 0.172000
0.396666 0.583063 0.276660
0.776264 0.088052 0.194520
0.121021 0.900520 0.880197
0.764789 0.595653 0.512862
0.284636 0.256671 0.413821
0.286535 0.587605 0.378647
0.988275 0.390611 0.804712
0.213767 0.169806 0.622499
0.104196 0.056809 0.486232
0.028621 0.480518 0.654962
0.529697 0.495297 0.572575
0.178880 0.381718 0.904941
0.138586 0.147786 0.606405
0.460246 0.375901 0.366040
0.209886 0.335846 0.869824
0.225996 0.484054 0.687407
0.858953 0.354812 0.863596
0.842383 0.757496 0.402976
0.190270 0.379901 0.929236
0.141679 0.606295 0.950798
0.230637 0.839752 0.823336
0.370780 0.258164 0.773959
0.809469 0.563154 0.342272
0.840843 0.760708 0.258687
0.675627 0.620467 0.975004
0.793085 0.315902 0.126608
0.939253 0.008901 0.460100
0.681928 0.360839 0.652299
0.146777 0.797073 0.047032
0.663420 0.550533 0.208336
0.934037 0.973129 0.387575
0.844788 0.248519 0.217328
0.124414 0.238544 0.596289
0.645900 0.270720 0.530339
0.144951 0.123956 0.603112
0.603728 0.329074 0.076682
0.738115 0.227359 0.973492
0.780706 0.094965 0.372433
0.511710 0.133040 0.235343
0.662406 0.734660 0.161714
0.324710 0.007978 0.166696
0.233488 0.303156 0.555521
0.317893 0.891768 0.841798
0.940697 0.145528 0.912827
0.870198 0.365342 0.097992
0.252983 0.868388 0.532608
0.507794 0.268237 0.048582
0.072534 0.066953 0.443479
0.734893 0.344382 0.842150
0.161917 0.648952 0.838447
0.664963 0.548106 0.140794
0.103756 0.776448 0.468834
0.801972 0.446019 0.871074
0.887884 0.283756 0.607092
0.049151 0.423988 0.932962
0.759476 0.491347 0.469708
0.665556 0.918544 0.574410
0.643075 0.574739 0.459961
0.585366 0.758041 0.820161
0.234581 0.070435 0.097225
0.913244 0.555103 0.849170
0.542902 0.428081 0.141159
0.653030 0.346754 0.538895
0.526069 0.946460 0.680908
0.610179 0.463168 0.520781
0.216885 0.813916 0.137594
0.506083 0.452763 0.624809
0.830120 0.632037 0.404055
0.449566 0.104952 0.855038
0.727222 0.962960 0.109869
0.595950 0.763621 0.805830
0.328991 0.583215 0.834218
0.363346 0.934654 0.887167
0.742860 0.622607 0.846160
0.989201 0.528435 0.254399
0.903903 0.246326 0.169199
0.105141 0.706566 0.752319
0.743011 0.819514 0.700603
0.233243 0.718860 0.184378
0.669108 0.206001 0.847367
0.136655 0.668085 0.362181
0.797555 0.055971 0.912673
0.006814 0.476277 0.409005
0.444965 0.208809 0.049192
0.785324 0.998347 0.274858
0.800178 0.281168 0.944072
0.827754 0.618492 0.933037
0.919293 0.616664 0.849944
0.454487 0.089943 0.087308
0.095108 0.018194 0.505725
0.721599 0.026976 0.042996
0.262697 0.490851 0.025650
0.851519 0.258010 0.721514
0.275750 0.112666 0.939474
0.380601 0.175251 0.356595
0.926691 0.020367 0.488258
0.707251 0.837709 0.814740
0.254869 0.703569 0.858239
0.321546 0.182049 0.790408
0.973638 0.590582 0.905616
0.559582 0.200453 0.469311
0.023154 0.428788 0.896370
0.261241 0.433412 0.710211
0.032433 0.013412 0.970257
0.931110 0.433990 0.645883
0.312968 0.890258 0.982073
0.012485 0.918373 0.880880
0.237146 0.633917 0.301370
0.284798 0.302680 0.035607
0.363801 0.462136 0.543375
0.736662 0.590913 0.828343
0.179287 0.244924 0.854702
0.971592 0.330443 0.354703
0.449426 0.772218 0.041428
0.121147 0.901769 0.431182
0.731938 0.709698 0.944500
0.679157 0.185127 0.699949
0.197942 0.605666 0.582623
0.662365 0.493579 0.904030
0.405387 0.313492 0.679501
0.922819 0.633040 0.794999
0.258665 0.788278 0.283069
0.700954 0.212598 0.325016
0.843095 0.253819 0.384055
0.860963 0.232580 0.127556
0.998267 0.132666 0.472173
0.744846 0.376460 0.263826
0.931301 0.815388 0.013967
0.113780 0.149623 0.355034
0.045836 0.698046 0.852848
0.833914 0.854287 0.083282
0.710826 0.962429 0.643470
0.799702 0.110118 0.605008
0.510351 0.533988 0.762029
0.922825 0.207732 0.563759
0.738132 0.609624 0.393534
0.377225 0.406191 0.458808
0.063460 0.617444 0.200543
0.715400 0.147448 0.629623
0.544597 0.673353 0.718492
0.695396 0.181049 0.173658
0.178966 0.272329 0.829965
0.272959 0.086819 0.444335
0.410498 0.509230 0.494882
0.064784 0.310424 0.133553
0.841145 0.349570 0.861196
0.084814 0.387016 0.880846
0.407936 0.886797 0.434875
0.583090 0.620589 0.648992
0.917330 0.674965 0.440724
0.868149 0.525720 0.443125
0.227366 0.232329 0.732270
0.622202 0.577613 0.767878
0.995477 0.207389 0.130290
0.546638 0.146767 0.128368
0.395593 0.306767 0.045688
0.325853 0.053524 0.389433
0.264299 0.881038 0.261852
0.117932 0.448084 0.463098
0.865690 0.341551 0.793496
0.909781 0.451270 0.097300
0.193516 0.315813 0.813649
0.533688 0.415728 0.965125
0.488622 0.392736 0.958066
0.401080 0.688819 0.058014
0.683159 0.782256 0.482216
0.133465 0.099909 0.601799
0.710592 0.386653 0.460592
0.357576 0.070386 0.940802
0.961737 0.852718 0.210081
0.042348 0.863311 0.380102
0.064225 0.715319 0.000497
0.101486 0.357072 0.209653
0.145327 0.872732 0.175220
0.010620 0.198323 0.174517
0.511607 0.977335 0.592796
0.007964 0.368807 0.107009
0.086715 0.284669 0.633183
0.565939 0.360754 0.603363
0.613300 0.463131 0.527062
0.711661 0.594747 0.833946
0.454664 0.516558 0.637879
0.348670 0.201237 0.705940
0.198663 0.901647 0.474020
0.834848 0.285916 0.428142
0.260428 0.960234 0.614071
0.775645 0.857879 0.627022
0.711844 0.455538 0.196798
0.558067 0.227859 0.603642
0.919494 0.604598 0.158132
0.133318 0.092782 0.677127
0.223367 0.674704 0.543031
0.709381 0.076091 0.727498
0.285461 0.506175 0.098410
0.322383 0.239950 0.672596
0.408221 0.563550 0.584509
0.502712 0.974212 0.349402
0.352533 0.723043 0.181898
0.487230 0.734546 0.349706
0.085490 0.992864 0.633203
0.550011 0.204021 0.976324
0.598406 0.744437 0.175627
0.538531 0.971999 0.769667
0.352882 0.252690 0.823124
0.100792 0.115771 0.438738
0.839105 0.492527 0.114006
0.462155 0.052935 0.574798
0.016262 0.379966 0.004685
0.208759 0.265623 0.759127
0.965968 0.977681 0.377545
0.663605 0.460038 0.486978
0.512457 0.260423 0.449129
0.357697 0.943239 0.941837
0.314544 0.854105 0.849192
0.730372 0.853664 0.628348
0.831886 0.127845 0.625841
0.596241 0.664889 0.812966
0.652106 0.521959 0.361836
0.178608 0.366508 0.777060
0.355701 0.413594 0.119911
0.129097 0.535730 0.445205
0.067264 0.806251 0.636388
0.850016 0.666956 0.759216
0.010327 0.417830 0.440207
0.433093 0.468472 0.098603
0.976882 0.787385 0.119198
0.785347 0.319303 0.128005
0.844932 0.420980 0.105761
0.689909 0.745892 0.114960
0.154443 0.136187 0.451570
0.102693 0.721543 0.801682
0.063806 0.795537 0.887420
0.511551 0.363252 0.884273
0.091457 0.037208 0.042955
0.305282 0.558642 0.035508
0.370171 0.179519 0.206024
0.689529 0.935616 0.495105
0.487278 0.060684 0.639457
0.479079 0.094328 0.875777
0.090151 0.869760 0.131648
0.507322 0.023693 0.197380
0.839032 0.414250 0.589885
0.095980 0.561787 0.143243
0.277980 0.114512 0.390181
0.252853 0.930181 0.194564
0.580875 0.661240 0.084083
0.572099 0.690161 0.423401
0.796939 0.980063 0.176378
0.514931 0.514197 0.004293
0.707858 0.866292 0.941569
0.353714 0.872932 0.205306
0.895666 0.757010 0.787532
0.419254 0.638254 0.978956
0.875696 0.850578 0.790421
0.276034 0.237924 0.719136
0.038469 0.509730 0.191028
0.546022 0.861983 0.484678
0.697858 0.529939 0.260067
0.709474 0.214517 0.693237
0.879531 0.105706 0.737580
0.525861 0.439144 0.678256
0.686051 0.301677 0.048617
0.475870 0.919396 0.669613
0.430542 0.995970 0.500376
0.879550 0.018209 0.795208
0.988832 0.242215 0.504538
0.701633 0.355754 0.294574
0.631911 0.994969 0.927144
0.259979 0.597382 0.823911
0.542386 0.292750 0.188207
0.164501 0.708006 0.362880
0.429109 0.443572 0.582800
0.919907 0.382086 0.512041
0.467903 0.954854 0.773328
0.206021 0.440824 0.115687
0.576486 0.114950 0.728526
0.158284 0.917361 0.359233
0.415234 0.487245 0.792261
0.659322 0.567874 0.762157
0.786631 0.303135 0.075248
0.239784 0.740843 0.158431
0.412490 0.961781 0.676390
0.493396 0.970591 0.653712
0.633532 0.679978 0.382623
0.129325 0.142061 0.156984
0.825931 0.480380 0.961314
0.390455 0.412875 0.668695
0.165485 0.206950 0.159282
0.045997 0.925849 0.591326
0.940265 0.062808 0.215579
0.185829 0.936240 0.965744
0.533869 0.669755 0.035826
0.962961 0.748276 0.053347
0.702731 0.026676 0.020568
0.182830 0.356881 0.073281
0.679390 0.353894 0.473186
0.606140 0.437128 0.069651
0.517691 0.211109 0.777905
0.300098 0.730204 0.142821
0.496593 0.122335 0.594164
0.737453 0.709353 0.323446
0.215632 0.644524 0.149133
0.879723 0.085563 0.777987
0.595786 0.378660 0.393253
0.848139 0.823922 0.518691
0.850052 0.527617 0.498313
0.025662 0.612148 0.101901
0.566177 0.734992 0.904262
0.516669 0.083323 0.161331
0.003442 0.945547 0.583319
0.384903 0.731085 0.979913
0.242161 0.199027 0.735583
0.129299 0.358296 0.805060
0.558130 0.443561 0.216428
0.649404 0.329056 0.005668
0.032530 0.727204 0.271456
0.123293 0.246322 0.618535
0.135962 0.159775 0.638139
0.963676 0.164471 0.310826
0.409835 0.831576 0.312952
0.477049 0.511182 0.059777
0.382584 0.138432 0.089627
0.404803 0.963218 0.184064
0.708943 0.481895 0.004038
0.733542 0.687153 0.196950
0.835689 0.084504 0.745682
0.306135 0.356919 0.151478
0.476557 0.851751 0.494584
0.420402 0.687379 0.218380
0.189521 0.089054 0.080902
0.335594 0.639823 0.970197
0.798759 0.118594 0.835685
0.059825 0.769635 0.934526
0.208266 0.477211 0.467430
0.367794 0.065415 0.284982
0.908980 0.332953 0.067301
0.923591 0.442321 0.616608
0.174708 0.651071 0.061220
0.795406 0.640317 0.660721
0.363033 0.558849 0.812574
0.834216 0.183522 0.584784
0.902914 0.701919 0.605559
0.231536 0.203541 0.244509
0.408298 0.088524 0.491464
0.282883 0.483179 0.870222
0.380284 0.235144 0.968070
0.097537 0.212280 0.138254
0.168178 0.696708 0.793017
0.726062 0.546661 0.110784
0.030208 0.841735 0.373904
0.371132 0.498048 0.571855
0.805494 0.432612 0.985924
0.791396 0.517958 0.947375
0.169584 0.243456 0.732954
0.626482 0.012121 0.265800
0.924008 0.866950 0.509656
0.908779 0.619420 0.274198
0.977249 0.531541 0.357471
0.208239 0.227348 0.489500
0.499567 0.659387 0.345078
0.210124 0.976756 0.721218
0.983197 0.671362 0.873093
0.864795 0.441218 0.866585
0.551363 0.913706 0.278156
0.661548 0.162020 0.383342
0.116991 0.267663 0.991640
0.740047 0.350385 0.731957
0.673839 0.469480 0.894530
0.135023 0.331431 0.191990
0.571588 0.482087 0.511321
0.683504 0.280535 0.280227
0.933211 0.307077 0.111384
0.132107 0.773987 0.757004
0.926541 0.382381 0.926592
0.778540 0.372646 0.615314
0.627579 0.253186 0.887736
0.284932 0.412358 0.451196
0.121803 0.230839 0.150309
0.268492 0.878395 0.706361
0.160473 0.776392 0.975918
0.404801 0.957000 0.715251
0.139311 0.937408 0.397254
0.382125 0.695851 0.085682
0.567608 0.174247 0.035284
0.697553 0.572804 0.600094
0.447106 0.363676 0.358805
0.526286 0.891452 0.689698
0.732098 0.188476 0.338832
0.777433 0.016395 0.868318
0.444286 0.906905 0.129768
0.748736 0.041068 0.518823
0.868167 0.405063 0.398565
0.477497 0.554432 0.305351
0.422199 0.314522 0.880061
0.031590 0.251489 0.065674
0.190886 0.970957 0.664371
0.094187 0.542445 0.000829
0.413725 0.495951 0.491694
0.514806 0.550949 0.536038
0.719751 0.809208 0.055683
0.944528 0.669950 0.595914
0.514237 0.207292 0.513241
0.927184 0.018840 0.014461
0.450454 0.693014 0.649833
0.224918 0.599862 0.021698
0.028068 0.295836 0.359845
0.300209 0.076844 0.747628
0.647772 0.238989 0.749815
0.657029 0.616508 0.446182
0.535051 0.305918 0.869266
0.749447 0.544413 0.194024
0.302338 0.321831 0.216821
0.451815 0.454322 0.832587
0.108081 0.377880 0.326910
0.859714 0.558549 0.071143
0.801796 0.976320 0.671841
0.338083 0.076369 0.843329
0.322765 0.947194 0.710752
0.747285 0.228989 0.787034
0.692437 0.159196 0.846364
0.537175 0.773043 0.414528
0.600926 0.312655 0.016010
0.198042 0.545081 0.341588
0.388096 0.843209 0.025418
0.809842 0.015645 0.016164
0.655643 0.910451 0.365784
0.156160 0.371833 0.561070
0.759932 0.461489 0.040047
0.197858 0.773640 0.841783
0.502736 0.625283 0.868134
0.205475 0.338871 0.930766
0.205331 0.824644 0.676821
0.516693 0.630094 0.590259
0.652158 0.980429 0.765063
0.258916 0.625585 0.870126
0.694112 0.176786 0.375159
0.995723 0.133742 0.909383
0.129891 0.767487 0.389176
0.481126 0.163529 0.540482
0.873268 0.372855 0.493945
0.707375 0.066857 0.885329
0.594788 0.276502 0.663473
0.872099 0.193325 0.927894
0.916821 0.525829 0.589973
0.853257 0.535359 0.180146
0.843241 0.267203 0.828352
0.760990 0.793913 0.061796
0.047135 0.528096 0.558837
0.743408 0.789756 0.391522
0.915933 0.775869 0.475495
0.451113 0.218840 0.516335
0.341686 0.581107 0.439998
0.373500 0.346654 0.510330
0.486760 0.492227 0.596502
0.088040 0.754640 0.713754
0.373939 0.004306 0.142695
0.275944 0.392346 0.634562
0.624688 0.431196 0.609971
0.492454 0.144051 0.124887
0.112445 0.688102 0.348954
0.938816 0.037721 0.750574
0.420159 0.141886 0.880253
0.717151 0.042520 0.286788
0.832417 0.291787 0.015680
0.931133 0.262319 0.066649
0.661053 0.058953 0.684627
0.974490 0.217611 0.505044
0.925856 0.898901 0.506021
0.265843 0.921567 0.035756
0.743282 0.896475 0.561942
0.606266 0.978649 0.309038
0.687188 0.586288 0.312660
0.219708 0.807761 0.502217
0.654587 0.198926 0.720519
0.120707 0.910720 0.999430
0.882446 0.866956 0.285488
0.038327 0.134364 0.142856
0.682586 0.599793 0.589064
0.381604 0.524837 0.763820
0.073515 0.930514 0.111984
0.587996 0.050652 0.746334
0.016605 0.333992 0.096048
0.052002 0.039675 0.451348
0.101349 0.149083 0.790467
0.873698 0.697735 0.160318
0.812885 0.720962 0.450914
0.452572 0.163077 0.111895
0.422427 0.977732 0.316236
0.979163 0.097704 0.066865
0.838329 0.598452 0.442606
0.667188 0.087684 0.822849
0.942125 0.708464 0.033604
0.570548 0.417094 0.858513
0.771574 0.381538 0.142680
0.540790 0.338309 0.350827
0.633556 0.473162 0.608197
0.304051 0.332638 0.963264
0.671718 0.192281 0.455319
0.539777 0.017537 0.521210
0.930889 0.812555 0.756064
0.080882 0.228523 0.076693
0.635280 0.678399 0.100204
0.001327 0.179833 0.946082
0.811752 0.112500 0.869074
0.298730 0.611249 0.322761
0.190121 0.619613 0.909932
0.878654 0.463478 0.067682
0.002882 0.044844 0.588704
0.325965 0.461016 0.075119
0.679162 0.861942 0.463564
0.528702 0.400832 0.151409
0.938261 0.366251 0.293262
0.810426 0.452024 0.343670
0.021053 0.179731 0.944042
0.806620 0.601962 0.902588
0.858767 0.788758 0.448273
0.149008 0.620395 0.216491
0.327534 0.581431 0.747225
0.601584 0.337701 0.236913
0.787987 0.711345 0.590562
0.749161 0.026692 0.883152
0.029181 0.259881 0.609490
0.059862 0.651937 0.350495
0.341367 0.920321 0.411175
0.401772 0.623773 0.981934
0.341546 0.405098 0.273766
0.348724 0.816452 0.690444
0.820481 0.669392 0.604407
0.979852 0.928626 0.773132
0.552896 0.080756 0.776912
0.671197 0.548624 0.430941
0.411376 0.547001 0.444626
0.467013 0.537419 0.599778
0.817919 0.647076 0.319732
0.094227 0.947390 0.109642
0.971032 0.447315 0.930051
0.812486 0.533436 0.087140
0.260919 0.175656 0.451023
0.855740 0.078426 0.085848
0.539357 0.819950 0.602614
0.836844 0.061527 0.913235
0.783317 0.143942 0.576769
0.699144 0.294187 0.512783
0.439027 0.524504 0.615242
0.664808 0.334907 0.950758
0.180212 0.213794 0.556888
0.245338 0.982967 0.758535
0.446681 0.605548 0.522187
0.097706 0.186394 0.255277
0.125177 0.590881 0.455566
0.836381 0.172674 0.943405
0.079400 0.273371 0.442009
0.598007 0.171140 0.874486
0.653182 0.126369 0.229832
0.443340 0.726006 0.080323
0.223114 0.715611 0.873545
0.235093 0.237813 0.460911
0.139719 0.008528 0.363614
0.912329 0.680972 0.889723
0.624305 0.793151 0.940350
0.410622 0.729526 0.504470
0.320666 0.278290 0.452914
0.321795 0.753272 0.225207
0.242482 0.173045 0.413580
0.363471 0.073790 0.524633
0.241856 0.883005 0.389697
0.313110 0.170425 0.822188
0.396358 0.625460 0.868805
0.888257 0.524112 0.330234
0.000985 0.157866 0.256098
0.061447 0.344537 0.571741
0.847143 0.968180 0.048181
0.711697 0.270301 0.167561
0.268476 0.984731 0.674593
0.261767 0.476020 0.958766
0.183891 0.559427 0.986613
0.529319 0.398794 0.194924
0.038374 0.017568 0.210183
0.449071 0.336043 0.428564
0.954579 0.776579 0.001051
0.609296 0.041658 0.851519
0.685065 0.653175 0.041330
0.156524 0.463768 0.110241
0.134214 0.541984 0.982039
0.445920 0.329155 0.666547
0.480231 0.092104 0.565607
0.146838 0.616260 0.968821
0.859187 0.906731 0.826059
0.840463 0.073909 0.305980
0.094886 0.100744 0.625896
0.413347 0.782566 0.135830
0.817911 0.116431 0.094790
0.840498 0.704988 0.216574
0.326900 0.443942 0.868248
0.873260 0.479530 0.220244
0.492149 0.251003 0.324130
0.799496 0.487814 0.469560
0.344149 0.909750 0.568199
0.759431 0.502310 0.142156
0.763442 0.177160 0.616382
0.644198 0.760864 0.586570
0.158464 0.029049 0.918306
0.162772 0.020761 0.901470
0.339592 0.542257 0.331555
0.394712 0.302902 0.826440
0.768103 0.554226 0.407667
0.415048 0.646243 0.479338
0.253388 0.006273 0.032723
0.830904 0.637153 0.386840
0.545189 0.031938 0.155736
0.506158 0.475212 0.177835
0.466427 0.317617 0.609940
0.105947 0.525661 0.469585
0.797641 0.347635 0.385425
0.652937 0.268303 0.056487
0.941002 0.755356 0.782009
0.105039 0.650259 0.507687
0.947003 0.159987 0.294440
0.394623 0.121217 0.527007
0.081500 0.767135 0.701059
0.014038 0.056012 0.345598
0.126451 0.259551 0.715447
0.610982 0.248062 0.929561
0.308192 0.901225 0.945192
0.569892 0.395785 0.096396
0.246447 0.803710 0.017437
0.964125 0.663873 0.466976
0.537295 0.085081 0.244145
0.015829 0.084843 0.777900
0.799195 0.970429 0.073391
0.078361 0.692820 0.748218
0.696030 0.782580 0.966431
0.348554 0.572400 0.651246
0.420182 0.033792 0.553413
0.828400 0.154162 0.285143
0.723646 0.242877 0.091658
0.010387 0.921484 0.555960
0.510384 0.778006 0.187997
0.501803 0.022150 0.356736
0.245543 0.827418 0.127736
0.613472 0.076611 0.687570
0.944274 0.821626 0.825154
0.248606 0.105899 0.206203
0.665393 0.237522 0.365627
0.976290 0.257295 0.778596
0.632408 0.953515 0.978534
0.078596 0.590593 0.256071
0.496517 0.217242 0.472822
0.804024 0.799852 0.335647
0.698826 0.578069 0.921291
0.180981 0.302658 0.145726
0.796248 0.897472 0.144419
0.384331 0.991771 0.204040
0.488946 0.935420 0.176095
0.747699 0.723186 0.614214
0.099862 0.405463 0.306624
0.255194 0.312522 0.600495
0.957206 0.987896 0.477057
0.342696 0.425099 0.365018
0.382060 0.822647 0.270643
0.710877 0.502936 0.156799
0.803494 0.239726 0.137969
0.279032 0.965162 0.704507
0.931131 0.821685 0.042826
0.703854 0.006174 0.768624
0.938049 0.825372 0.721808
0.714814 0.705776 0.562579
0.397484 0.915527 0.293049
0.138257 0.062762 0.048179
0.101417 0.905027 0.900282
0.501215 0.804337 0.511413
0.717272 0.683733 0.433818
0.102155 0.434354 0.322294
0.945285 0.384331 0.438236
0.735678 0.177950 0.013017
0.429047 0.315084 0.199471
0.464622 0.045329 0.028611
0.252387 0.140587 0.796183
0.533096 0.517179 0.772188
0.372188 0.469176 0.933182
0.430941 0.324638 0.184874
0.105478 0.259123 0.013228
0.422830 0.264994 0.072398
0.683151 0.833509 0.745759
0.810510 0.097169 0.731980
0.722647 0.883189 0.313152
0.382587 0.394878 0.018390
0.560653 0.413142 0.974858
0.641354 0.924364 0.380894
0.357078 0.317204 0.411082
0.715560 0.260970 0.841429
0.830873 0.303495 0.002489
0.911512 0.244032 0.457472
0.328079 0.624861 0.840192
0.959016 0.869505 0.135370
0.926655 0.330164 0.168421
0.517096 0.528153 0.674622
0.389742 0.772146 0.649316
0.527117 0.365648 0.187754
0.430140 0.394355 0.342842
0.556100 0.124009 0.289020
0.737833 0.175331 0.209188
0.677913 0.324736 0.422212
0.393171 0.273681 0.291896
0.290213 0.184433 0.528512
0.051423 0.577460 0.591918
0.838453 0.297377 0.609411
0.673927 0.172601 0.384522
0.440852 0.893336 0.916662
0.000831 0.656939 0.916006
0.673668 0.155160 0.794986
0.884773 0.960356 0.806184
0.790338 0.764167 0.644528
0.620479 0.050516 0.823374
0.576454 0.987107 0.295502
0.361832 0.624793 0.139033
0.713830 0.132874 0.230556
0.547633 0.447385 0.069033
0.940700 0.011682 0.610615
0.358377 0.143335 0.986869
0.432417 0.984834 0.636490
0.689314 0.317006 0.408009
0.306213 0.563469 0.933758
0.886648 0.660644 0.004712
0.984050 0.775844 0.202089
0.466707 0.400046 0.825911
0.307571 0.118005 0.288319
0.148122 0.698058 0.760246
0.060032 0.443038 0.091632
0.485291 0.740308 0.134123
0.336156 0.539277 0.756275
0.652022 0.794801 0.232764
0.194085 0.180564 0.262002
0.484369 0.131563 0.192614
0.042648 0.124394 0.897203
0.536815 0.858719 0.650854
0.044234 0.375695 0.136043
0.572056 0.178292 0.758898
0.132484 0.835143 0.997555
0.655678 0.628315 0.897573
0.636459 0.092662 0.285501
0.867506 0.977232 0.166685
0.277115 0.855238 0.752221
0.904681 0.923681 0.245840
0.143248 0.786001 0.166581
0.827295 0.368873 0.115799
0.411890 0.696178 0.230874
0.296277 0.819444 0.997262
0.360978 0.067325 0.690205
0.028841 0.088606 0.064171
0.376951 0.708651 0.285031
0.225827 0.139712 0.830221
0.667799 0.341414 0.763981
0.715664 0.326775 0.190188
0.572138 0.227653 0.728320
0.973238 0.146626 0.918584
0.186765 0.171080 0.268681
0.168155 0.461172 0.494131
0.307647 0.338837 0.370444
0.249767 0.120696 0.708638
0.105534 0.873566 0.428956
0.478658 0.698737 0.941555
0.491383 0.822801 0.451161
0.021519 0.907945 0.245285
0.658533 0.282793 0.716206
0.115344 0.828589 0.105193
0.222672 0.761148 0.447575
0.127262 0.785649 0.006604
0.534202 0.727605 0.562474
0.785295 0.619482 0.254656
0.495049 0.360172 0.637118
0.273699 0.287320 0.656661
0.519500 0.982855 0.916026
0.729494 0.032843 0.645271
0.219580 0.420447 0.136536
0.411732 0.377022 0.934732
0.966893 0.003084 0.631472
0.051428 0.760018 0.893832
0.169337 0.690113 0.967385
0.595797 0.613161 0.757745
0.714331 0.675221 0.477274
0.615540 0.060243 0.651206
0.077738 0.556842 0.939549
0.555183 0.746036 0.187233
0.869854 0.767944 0.312521
0.236509 0.834326 0.036874
0.536348 0.280926 0.790224
0.243648 0.890594 0.695719
0.463212 0.465854 0.009091
0.804859 0.684610 0.551249
0.773117 0.433213 0.081716
0.664847 0.468810 0.435525
0.469229 0.948050 0.475508
0.674223 0.654445 0.906969
0.663365 0.250021 0.350741
0.350915 0.730759 0.859182
0.292636 0.337416 0.832088
0.882865 0.157496 0.986426
0.738093 0.399729 0.490339
0.462288 0.324437 0.358041
0.918157 0.248950 0.928331
0.338534 0.885865 0.930945
0.447684 0.384351 0.980939
0.825154 0.682270 0.960915
0.145395 0.807708 0.126694
0.506938 0.424501 0.998711
0.844971 0.147632 0.202183
0.215155 0.582341 0.817465
0.959389 0.260667 0.396133
0.494218 0.633702 0.516405
0.466150 0.586560 0.706016
0.778286 0.255848 0.355657
0.235117 0.694829 0.906046
0.999402 0.519604 0.828984
0.608854 0.541953 0.340249
0.356914 0.205700 0.810948
0.565881 0.102367 0.556325
0.322010 0.258148 0.859168
0.561090 0.372976 0.812299
0.299579 0.278260 0.765032
0.761147 0.760776 0.146268
0.301934 0.174048 0.108625
0.898543 0.202492 0.324754
0.461800 0.488755 0.416869
0.355050 0.614313 0.246641
0.053492 0.243245 0.024019
0.602184 0.258177 0.006423
0.855661 0.129513 0.765693
0.823534 0.146259 0.337393
0.354008 0.232184 0.532429
0.316823 0.870162 0.296956
0.201230 0.259409 0.664163
0.682812 0.752440 0.989394
0.996198 0.939161 0.057855
0.479954 0.767638 0.472639
0.194316 0.973291 0.538379
0.735884 0.679458 0.116590
0.190155 0.775196 0.878046
0.414262 0.613327 0.942097
0.775621 0.332706 0.667827
0.767350 0.396482 0.823213
0.482011 0.019525 0.249296
0.246716 0.475428 0.822630
0.513045 0.236977 0.426761
0.745865 0.193624 0.315491
0.069391 0.252074 0.349263
0.836651 0.535233 0.474718
0.704482 0.099214 0.194932
0.961590 0.345803 0.384424
0.811208 0.906387 0.728243
0.177550 0.462836 0.384757
0.195392 0.156675 0.635327
0.900455 0.046287 0.376765
0.535280 0.660796 0.547553
0.704514 0.135537 0.419399
0.392519 0.212760 0.313474
0.014040 0.271735 0.730609
0.658099 0.408848 0.342970
0.432827 0.354862 0.935919
0.664777 0.933620 0.031265
0.262543 0.535014 0.935333
0.581106 0.702073 0.987738
0.151997 0.464267 0.181768
0.452719 0.860540 0.879614
0.113060 0.751514 0.843093
0.859094 0.852290 0.176799
0.439252 0.683941 0.406049
0.490161 0.351904 0.805815
0.911356 0.649580 0.991749
0.375980 0.759286 0.533937
0.983517 0.522259 0.821869
0.856830 0.821851 0.897184
0.962949 0.209641 0.058824
0.740365 0.137309 0.877529
0.448084 0.267048 0.245172
0.479378 0.076544 0.832996
0.437086 0.330457 0.614221
0.568702 0.013738 0.831411
0.125826 0.371483 0.912401
0.704327 0.107160 0.333348
0.379754 0.487041 0.962502
0.881475 0.078990 0.227028
0.192500 0.475767 0.609090
0.809041 0.619118 0.834441
0.749087 0.169929 0.390628
0.477149 0.032387 0.596569
0.364878 0.768402 0.383344
0.474687 0.027032 0.857331
0.463860 0.904287 0.707369
0.562685 0.134984 0.455844
0.951946 0.965350 0.141517
0.334909 0.880544 0.059339
0.937488 0.896133 0.714896
0.982532 0.275353 0.370248
0.133124 0.730153 0.266585
0.167532 0.074423 0.214964
0.037161 0.140316 0.286875
0.361143 0.873891 0.468356
0.776713 0.903644 0.041180
0.811774 0.736562 0.524362
0.236969 0.142656 0.524201
0.192126 0.563708 0.637376
0.073192 0.479176 0.201621
0.272808 0.079671 0.778113
0.419236 0.565166 0.616464
0.450956 0.606072 0.818062
0.422602 0.749841 0.482902
0.868269 0.300116 0.221859
0.613931 0.545847 0.669093
0.022010 0.397111 0.545063
0.053844 0.648382 0.005054
0.295905 0.644398 0.430978
0.927380 0.765374 0.500939
0.388139 0.567309 0.894028
0.363256 0.395188 0.620020
0.735886 0.364447 0.662227
0.996349 0.438647 0.771391
0.541480 0.461749 0.113224
0.528826 0.161378 0.281288
0.348783 0.831909 0.368137
0.677972 0.301033 0.194354
0.285025 0.405465 0.212460
0.848169 0.633837 0.098281
0.687814 0.424512 0.524710
0.519233 0.261331 0.399976
0.773465 0.673712 0.974904
0.269672 0.590748 0.156207
0.536378 0.972038 0.812482
0.268746 0.885416 0.367563
0.113221 0.039067 0.334138
0.641832 0.997430 0.016417
0.530612 0.033982 0.126584
0.468226 0.579224 0.979208
0.433286 0.356336 0.128559
0.459873 0.690900 0.895962
0.624377 0.351833 0.285744
0.704150 0.186661 0.310452
0.902212 0.692050 0.444176
0.514391 0.318289 0.804668
0.114023 0.717719 0.434350
0.362127 0.424396 0.093414
0.977438 0.390718 0.646177
0.525837 0.453589 0.598636
0.792290 0.497179 0.725731
0.225985 0.035379 0.818892
0.467231 0.585330 0.033240
0.164792 0.741740 0.451203
0.901246 0.835732 0.526389
0.148963 0.955669 0.442796
0.691472 0.360871 0.209858
0.856501 0.524350 0.676646
0.855596 0.526723 0.062320
0.903229 0.008875 0.496845
0.806064 0.754937 0.131823
0.812242 0.655473 0.369282
0.309936 0.579686 0.235665
0.530681 0.676685 0.589880
0.306541 0.921718 0.158596
0.141071 0.471488 0.342766
0.615219 0.980321 0.685817
0.249714 0.049235 0.776224
0.777479 0.984503 0.666461
0.205583 0.034755 0.534982
0.954093 0.852998 0.676892
0.446306 0.021815 0.469486
0.962338 0.098748 0.138330
0.424900 0.885087 0.404832
0.334905 0.761036 0.380912
0.332958 0.543210 0.882473
0.387486 0.904176 0.794591
0.588702 0.796856 0.719288
0.749714 0.397505 0.615809
0.960081 0.229000 0.775843
0.576319 0.727646 0.496075
0.398579 0.023381 0.018096
0.144297 0.573548 0.255757
0.164389 0.674614 0.039023
0.873601 0.195839 0.915041
0.575112 0.267577 0.030877
0.122825 0.028669 0.821672
0.742823 0.326013 0.532399
0.665874 0.268447 0.549901
0.040118 0.246313 0.322962
0.402722 0.448336 0.845068
0.059373 0.430271 0.645066
0.557780 0.436141 0.378083
0.038100 0.399697 0.591350
0.139309 0.330686 0.865413
0.639533 0.305454 0.637327
0.689715 0.467279 0.966980
0.455221 0.969147 0.926411
0.908313 0.569500 0.410682
0.097014 0.234306 0.929074
0.626735 0.519284 0.646686
0.726337 0.934053 0.977573
0.767722 0.433370 0.548662
0.520273 0.736979 0.638053
0.314530 0.538879 0.635511
0.075075 0.782820 0.861865
0.432757 0.135148 0.468892
0.743748 0.101723 0.730784
0.166566 0.698078 0.604429
0.379304 0.615525 0.742295
0.778822 0.517346 0.174882
0.249075 0.805287 0.482281
0.884850 0.720855 0.039145
0.189513 0.665395 0.585927
0.580533 0.835740 0.962277
0.557577 0.756723 0.839795
0.498249 0.737210 0.200498
0.844157 0.539078 0.388712
0.288391 0.611905 0.648751
0.516378 0.239677 0.896445
0.485995 0.769785 0.346885
0.189974 0.596835 0.290005
0.237057 0.714727 0.511982
0.416242 0.236803 0.102543
0.169093 0.962787 0.309319
0.257025 0.948059 0.224536
0.907659 0.999559 0.576672
0.958319 0.453499 0.761902
0.576144 0.859701 0.436242
0.411173 0.574750 0.121365
0.488031 0.056481 0.161539
0.722191 0.000835 0.913713
0.149817 0.433331 0.640848
0.022421 0.148847 0.656798
0.185584 0.776897 0.302215
0.749538 0.825303 0.587448
0.979871 0.992651 0.779834
0.314050 0.558409 0.908864
0.904421 0.822971 0.426664
0.200144 0.437717 0.669516
0.777404 0.084574 0.309137
0.148264 0.714794 0.013901
0.450281 0.334588 0.194715
0.791974 0.185505 0.357577
0.921712 0.450976 0.327845
0.816174 0.904726 0.509536
0.099414 0.971183 0.258224
0.388386 0.798334 0.165256
0.663296 0.171624 0.293799
0.187364 0.600844 0.743616
0.540525 0.437264 0.944793
0.350761 0.670329 0.580194
0.287874 0.630167 0.585360
0.820908 0.699713 0.766974
0.641244 0.273110 0.194315
0.307068 0.659967 0.978179
0.713397 0.462772 0.767443
0.943679 0.321907 0.204891
0.858638 0.846162 0.906658
0.033720 0.731221 0.342596
0.385150 0.072527 0.478959
0.753302 0.750338 0.529351
0.438766 0.173914 0.242968
0.341293 0.987818 0.653197
0.977501 0.508770 0.283528
0.764284 0.486748 0.475724
0.361659 0.450214 0.400296
0.915161 0.252907 0.920040
0.410197 0.641372 0.561049
0.316788 0.364943 0.423919
0.000573 0.506177 0.327083
0.881003 0.252154 0.042147
0.172313 0.354370 0.059491
0.432220 0.395400 0.826632
0.316206 0.698898 0.608400
0.776690 0.814253 0.627715
0.361949 0.457013 0.028172
0.689157 0.542852 0.139946
0.516019 0.629058 0.611589
0.862945 0.965821 0.859487
0.413016 0.921214 0.679285
0.994503 0.603315 0.195087
0.540112 0.759276 0.457494
0.408317 0.240629 0.590625
0.264515 0.609318 0.787237
0.599638 0.178387 0.229122
0.563384 0.074847 0.459236
0.063243 0.178242 0.416627
0.339633 0.979859 0.764387
0.799724 0.953742 0.455927
0.586773 0.734458 0.611773
0.604441 0.145470 0.733347
0.070963 0.950540 0.880046
0.595131 0.997178 0.905178
0.989236 0.721433 0.926165
0.776248 0.608132 0.485511
0.650744 0.753864 0.147602
0.043211 0.130268 0.487271
0.970649 0.792538 0.231968
0.953438 0.504741 0.766186
0.114636 0.977551 0.895129
0.158041 0.090269 0.741473
0.857213 0.289987 0.635579
0.145746 0.069124 0.539394
0.304082 0.386287 0.572922
0.100966 0.030587 0.506050
0.418571 0.359496 0.049645
0.659854 0.430685 0.179751
0.894868 0.070561 0.015091
0.608170 0.808319 0.266418
0.029287 0.283354 0.600827
0.545935 0.719570 0.832142
0.011872 0.565515 0.216488
0.356681 0.198181 0.325837
0.334466 0.856670 0.375426
0.333227 0.831470 0.761482
0.566422 0.734532 0.905991
0.368751 0.491754 0.836169
0.637303 0.815123 0.813532
0.484764 0.536532 0.146826
0.629754 0.524076 0.662260
0.247251 0.877970 0.043090
0.215518 0.564743 0.983461
0.528412 0.633755 0.187838
0.759338 0.141613 0.273760
0.709445 0.760133 0.338387
0.403519 0.078044 0.843016
0.896802 0.712295 0.968276
0.904559 0.873427 0.110262
0.357123 0.566339 0.855509
0.994769 0.527948 0.976938
0.575346 0.111157 0.181012
0.273727 0.984731 0.028424
0.868123 0.071899 0.193371
0.997538 0.498626 0.907496
0.031766 0.771274 0.060462
0.687235 0.225964 0.646859
0.738884 0.770999 0.209377
0.388671 0.561324 0.146219
0.976251 0.279493 0.788521
0.703645 0.306531 0.517184
0.654259 0.040889 0.524027
0.230099 0.624938 0.025088
0.870698 0.363476 0.504074
0.675323 0.472630 0.453617
0.899129 0.974393 0.768807
0.633479 0.730995 0.075394
0.083564 0.766064 0.940140
0.976204 0.537278 0.537992
0.869470 0.801335 0.943707
0.820526 0.888397 0.613090
0.445819 0.103698 0.149509
0.899930 0.653131 0.208604
0.496404 0.918377 0.099229
0.926991 0.132107 0.381073
0.859908 0.201138 0.469336
0.749229 0.897960 0.901427
0.732079 0.003520 0.621158
0.958450 0.000287 0.625740
0.721542 0.580046 0.733660
0.672750 0.174836 0.820062
0.468916 0.286824 0.574878
0.249832 0.722683 0.208256
0.625695 0.093590 0.111331
0.014101 0.442308 0.440528
0.402319 0.395311 0.354625
0.044750 0.586083 0.493449
0.489479 0.452227 0.313369
0.672135 0.196790 0.418231
0.748814 0.908662 0.175412
0.150292 0.328589 0.615141
0.846908 0.890794 0.641455
0.840880 0.747554 0.668893
0.670707 0.479517 0.965099
0.976294 0.511113 0.794378
0.278000 0.548932 0.096515
0.476492 0.884104 0.838361
0.501864 0.518846 0.135640
0.608858 0.869590 0.836719
0.653615 0.982745 0.155939
0.978207 0.000238 0.742373
0.280142 0.318899 0.546658
0.049088 0.291930 0.645245
0.018467 0.945745 0.440057
0.122509 0.599005 0.625468
0.203916 0.538087 0.389970
0.576134 0.866760 0.843105
0.381747 0.633489 0.068496
0.866979 0.945486 0.384333
0.857221 0.167975 0.139106
0.842340 0.265101 0.281233
0.930783 0.539880 0.635927
0.140972 0.301674 0.559969
0.819031 0.718539 0.012760
0.700022 0.875356 0.432347
0.389654 0.499372 0.047738
0.085635 0.615211 0.432953
0.664636 0.717738 0.189266
0.884817 0.888769 0.148902
0.075335 0.133722 0.744806
0.150693 0.944686 0.852796
0.337085 0.277608 0.190477
0.686548 0.719072 0.885003
0.106923 0.587815 0.067719
0.952871 0.219690 0.160407
0.405669 0.862728 0.962764
0.877829 0.653475 0.258642
0.703636 0.708656 0.269753
0.523755 0.382730 0.432073
0.276260 0.692223 0.105465
0.984565 0.388750 0.896777
0.416647 0.786224 0.526029
0.794195 0.886930 0.578718
0.348284 0.496024 0.496410
0.806992 0.573065 0.800416
0.250052 0.681518 0.893498
0.595165 0.928004 0.910922
0.806806 0.745480 0.789297
0.887880 0.333874 0.021460
0.585238 0.385827 0.826077
0.224021 0.334753 0.009517
0.304104 0.671297 0.375342
0.577615 0.191006 0.364273
0.429226 0.870369 0.865756
0.146532 0.735481 0.001717
0.754276 0.373320 0.328934
0.808112 0.521070 0.174570
0.137890 0.664711 0.703799
0.961083 0.184489 0.612019
0.613529 0.462925 0.815720
0.731669 0.257866 0.880325
0.398240 0.605316 0.643973
0.580511 0.656872 0.476436
0.745520 0.657693 0.840566
0.183082 0.294074 0.466773
0.843984 0.202558 0.410201
0.548424 0.037832 0.073838
0.157925 0.683247 0.573237
0.667703 0.791655 0.881928
0.160398 0.235543 0.905776
0.018790 0.288733 0.204308
0.081897 0.679084 0.520498
0.222267 0.378688 0.980983
0.388609 0.238084 0.855843
0.120922 0.052288 0.136219
0.300676 0.709740 0.194982
0.467393 0.080231 0.980170
0.070029 0.979290 0.124670
0.317126 0.755088 0.845434
0.035218 0.392857 0.358221
0.171605 0.826027 0.022578
0.404888 0.406307 0.813572
0.763751 0.355552 0.729137
0.202420 0.117289 0.444938
0.067153 0.842064 0.248482
0.437820 0.569829 0.765650
0.276618 0.798588 0.179052
0.997765 0.154203 0.073004
0.973750 0.145983 0.562094
0.034814 0.983229 0.362047
0.387934 0.762539 0.020297
0.708993 0.573089 0.471228
0.461920 0.432795 0.162020
0.319168 0.095517 0.128448
0.912566 0.918159 0.893359
0.171927 0.450106 0.041266
0.589099 0.282502 0.126198
0.543591 0.708431 0.531813
0.552015 0.366364 0.181554
0.301450 0.540989 0.085515
0.921598 0.371857 0.178304
0.416729 0.205786 0.826846
0.030397 0.887158 0.713593
0.406990 0.334341 0.063497
0.884747 0.152253 0.567085
0.720052 0.861999 0.947627
0.993048 0.317370 0.112264
0.797364 0.066408 0.817126
0.218879 0.805015 0.172096
0.331056 0.041625 0.725267
0.586885 0.601865 0.821345
0.881454 0.453767 0.423991
0.680581 0.433577 0.122114
0.422616 0.037391 0.696990
0.868808 0.534093 0.899440
0.493452 0.632759 0.042343
0.594713 0.674361 0.947407
0.701821 0.115895 0.933327
0.737100 0.567902 0.987539
0.007042 0.441950 0.632106
0.012852 0.197427 0.481859
0.353210 0.058499 0.475350
0.650394 0.004534 0.666804
0.763921 0.025463 0.563570
0.035589 0.503845 0.839648
0.367845 0.599584 0.119028
0.620099 0.433556 0.571799
0.384412 0.493337 0.221589
0.505333 0.905900 0.381773
0.997195 0.709702 0.617688
0.220877 0.728089 0.339945
0.927158 0.245051 0.536136
0.931262 0.318684 0.082976
0.510820 0.755882 0.782771
0.053627 0.621985 0.803190
0.075849 0.915454 0.766818
0.740798 0.292376 0.973017
0.790443 0.154720 0.666622
0.986711 0.667541 0.040865
0.640077 0.672624 0.859357
0.466760 0.826549 0.369986
0.226491 0.055255 0.795303
0.967168 0.984744 0.604676
0.396546 0.119977 0.063777
0.426396 0.808156 0.381035
0.579305 0.440775 0.454637
0.853287 0.117150 0.255615
0.411892 0.550901 0.411326
0.947513 0.831347 0.268528
0.301339 0.208852 0.234409
0.742388 0.145559 0.650392
0.542301 0.968465 0.873170
0.517237 0.081085 0.885928
0.027429 0.285695 0.716066
0.831468 0.739382 0.930481
0.685582 0.464575 0.958830
0.220322 0.445028 0.639870
0.961325 0.852558 0.513288
0.898490 0.268057 0.010403
0.524438 0.124734 0.852682
0.763166 0.053022 0.094925
0.530986 0.799421 0.557677
0.493119 0.272169 0.872912
0.568852 0.036028 0.306165
0.194526 0.116897 0.434283
0.321241 0.985151 0.744224
0.899990 0.658448 0.476058
0.575282 0.028606 0.609392
0.111085 0.447698 0.268731
0.546284 0.543479 0.084139
0.029970 0.580467 0.025398
0.193422 0.136966 0.064771
0.232803 0.509250 0.467294
0.675427 0.247574 0.474050
0.609516 0.459471 0.543696
0.218901 0.322479 0.854734
0.649519 0.851554 0.106601
0.742485 0.856327 0.293574
0.896789 0.143764 0.610554
0.395493 0.091245 0.182692
0.153458 0.751817 0.696469
0.948175 0.840457 0.546840
0.814206 0.480104 0.737200
0.517523 0.932836 0.062830
0.085243 0.956078 0.851523
0.619244 0.455053 0.719981
0.685192 0.654767 0.802033
0.531755 0.678775 0.698500
0.453896 0.396100 0.171051
0.048519 0.577563 0.043399
0.463425 0.896620 0.697198
0.389718 0.186745 0.857843
0.310863 0.266592 0.188139
0.563992 0.798807 0.844426
0.976430 0.712481 0.025884
0.012222 0.479410 0.269028
0.363953 0.459140 0.589025
0.679718 0.916584 0.466062
0.929995 0.033470 0.921678
0.045137 0.260283 0.222301
0.928381 0.541391 0.396489
0.113490 0.731437 0.576199
0.269306 0.134742 0.281884
0.118795 0.164938 0.431633
0.925461 0.156402 0.073299
0.484306 0.159994 0.938703
0.440092 0.715338 0.476601
0.981730 0.519672 0.229635
0.992647 0.445114 0.311191
0.861501 0.169082 0.137204
0.179710 0.270488 0.272297
0.003978 0.142840 0.083098
0.039705 0.309191 0.203873
0.581970 0.822827 0.129332
0.342816 0.041346 0.663493
0.952367 0.797475 0.516438
0.875530 0.561077 0.397993
0.762583 0.461997 0.009703
0.457622 0.518891 0.270465
0.732017 0.975771 0.040777
0.752703 0.992829 0.733265
0.547224 0.498672 0.068432
0.192778 0.042667 0.889505
0.682622 0.326094 0.277595
0.383613 0.431148 0.325958
0.921543 0.008649 0.065210
0.520499 0.463735 0.089588
0.927605 0.165745 0.254301
0.152088 0.975971 0.016405
0.932403 0.112619 0.298866
0.237835 0.556705 0.173732
0.152548 0.705174 0.570163
0.812852 0.925927 0.991537
0.958649 0.663422 0.611853
0.685190 0.254438 0.336156
0.779200 0.431864 0.929600
0.985674 0.257813 0.659420
0.858403 0.705391 0.086053
0.369910 0.598902 0.804910
0.438915 0.933967 0.259599
0.193953 0.562949 0.620663
0.718498 0.290607 0.849114
0.982174 0.013748 0.440195
0.246985 0.521068 0.737945
0.839062 0.973573 0.169012
0.569856 0.270471 0.025550
0.214981 0.104951 0.742660
0.126130 0.351518 0.716284
0.448385 0.458508 0.899596
0.312090 0.780496 0.957311
0.802046 0.438811 0.846533
0.163116 0.133560 0.140972
0.036793 0.997685 0.828139
0.934634 0.502027 0.451451
0.974372 0.140095 0.929616
0.662290 0.485762 0.108310
0.759796 0.116361 0.638183
0.557113 0.566224 0.253810
0.773861 0.421699 0.231834
0.578044 0.208254 0.110026
0.055499 0.157737 0.400622
0.456181 0.485568 0.255198
0.037219 0.434015 0.433621
0.535813 0.093040 0.348473
0.698270 0.575791 0.150669
0.630453 0.136537 0.151355
0.584811 0.112704 0.670082
0.247471 0.695422 0.522953
0.322221 0.393080 0.463065
0.082849 0.435459 0.452252
0.335103 0.379788 0.325780
0.017394 0.779438 0.423033
0.898823 0.481859 0.535986
0.365200 0.164182 0.569921
0.370568 0.634597 0.063597
0.198211 0.467221 0.769458
0.826733 0.109267 0.882087
0.063384 0.737632 0.878967
0.434154 0.573685 0.520442
0.310564 0.078310 0.014225
0.631969 0.426209 0.905327
0.264931 0.502956 0.319793
0.818001 0.914890 0.470561
0.063838 0.721442 0.494767
0.271658 0.345405 0.510219
0.408058 0.332753 0.999460
0.727298 0.109575 0.384780
0.064329 0.993652 0.903636
0.141670 0.937186 0.940052
0.513727 0.467060 0.801914
0.456930 0.220026 0.712288
0.470685 0.999124 0.338551
0.925991 0.141962 0.551217
0.940229 0.496396 0.022119
0.289717 0.076629 0.434745
0.985933 0.469702 0.031477
0.934517 0.514255 0.530798
0.323128 0.672866 0.998876
0.759640 0.643077 0.314334
0.898779 0.356715 0.921590
0.173798 0.442333 0.301414
0.835063 0.951060 0.539084
0.284519 0.858627 0.300026
0.220848 0.479479 0.371673
0.856707 0.989972 0.591092
0.671611 0.198670 0.266144
0.040707 0.830616 0.093461
0.967347 0.646059 0.687013
0.412395 0.306654 0.177989
0.964847 0.591275 0.674485
0.437086 0.011116 0.938729
0.487872 0.179489 0.642206
0.390812 0.043953 0.048539
0.874334 0.009133 0.740135
0.586822 0.884697 0.373460
0.668949 0.014715 0.720499
0.350097 0.398511 0.031189
0.270902 0.185126 0.561394
0.119725 0.365686 0.807873
0.721662 0.328710 0.801272
0.758686 0.719844 0.357647
0.257925 0.440249 0.528101
0.391857 0.764594 0.955174
0.897310 0.249623 0.159508
0.182282 0.843971 0.276171
0.797183 0.607223 0.808062
0.827722 0.007735 0.897421
0.395619 0.227954 0.439222
0.284301 0.111769 0.107506
0.747032 0.404713 0.786368
0.763622 0.105882 0.363638
0.703396 0.962843 0.807669
0.605732 0.586878 0.056963
0.327273 0.237366 0.340446
0.727792 0.263353 0.445504
0.270394 0.428078 0.494004
0.974092 0.034612 0.149825
0.571291 0.352184 0.278252
0.298145 0.339591 0.015545
0.748054 0.117138 0.592853
0.800922 0.160207 0.287308
0.366155 0.332549 0.301449
0.905946 0.814285 0.634256
0.829735 0.628251 0.165949
0.255054 0.282063 0.429488
0.622986 0.418398 0.968398
0.488268 0.074636 0.532351
0.676506 0.045290 0.504901
0.941256 0.702442 0.757015
0.262475 0.414483 0.275013
0.169223 0.508055 0.870160
0.615810 0.059580 0.874983
0.666561 0.938610 0.285581
0.189205 0.699432 0.098606
0.915753 0.027386 0.612213
0.434374 0.661423 0.494848
0.058558 0.150460 0.815154
0.081124 0.473882 0.784882
0.301904 0.055399 0.697897
0.750477 0.484734 0.852786
0.321052 0.878365 0.939148
0.617980 0.687530 0.718664
0.205424 0.072849 0.347493
0.996604 0.117288 0.050561
0.018501 0.293555 0.736366
0.921184 0.993904 0.846591
0.315159 0.171413 0.209398
0.938743 0.337712 0.467187
0.344733 0.335783 0.626035
0.014090 0.106751 0.969705
0.434651 0.373019 0.524351
0.110769 0.327689 0.039713
0.110717 0.685936 0.584138
0.497262 0.579977 0.697970
0.233052 0.909744 0.520972
0.601982 0.174478 0.341634
0.108170 0.392168 0.289428
0.786835 0.902856 0.851348
0.766579 0.688714 0.818137
0.926406 0.914541 0.810078
0.451587 0.299839 0.374100
0.955335 0.847823 0.942987
0.715837 0.925616 0.332097
0.869308 0.700914 0.832048
0.241467 0.557263 0.126546
0.605862 0.804738 0.309706
0.017823 0.684398 0.377502
0.139781 0.487769 0.599656
0.956320 0.662496 0.626368
0.990328 0.214228 0.671554
0.332331 0.603139 0.493499
0.098676 0.674463 0.976365
0.883687 0.671883 0.440801
0.663909 0.448632 0.672953
0.627301 0.519078 0.272387
0.038047 0.881575 0.270940
0.676830 0.302578 0.777961
0.962060 0.138838 0.192522
0.644567 0.437330 0.585530
0.650495 0.528062 0.775402
0.878868 0.833105 0.677236
0.522795 0.710071 0.205260
0.453845 0.404598 0.264620
0.767915 0.129095 0.808808
0.112679 0.321693 0.157781
0.852917 0.746252 0.084375
0.287826 0.501771 0.511222
0.143879 0.968875 0.616760
0.929026 0.410329 0.038409
0.404482 0.549196 0.964723
0.808157 0.822965 0.295337
0.727011 0.396554 0.142311
0.054553 0.282852 0.275370
0.073957 0.672847 0.538244
0.134790 0.465934 0.951042
0.891403 0.646963 0.994940
0.882073 0.256415 0.257518
0.917636 0.627476 0.150243
0.575441 0.535174 0.030999
0.743610 0.059728 0.358265
0.415485 0.967993 0.240984
0.725719 0.613705 0.745622
0.065400 0.692512 0.450652
0.869761 0.182162 0.731125
0.672281 0.249498 0.554133
0.327023 0.952194 0.968601
0.132029 0.287979 0.974595
0.232303 0.939354 0.521973
0.558862 0.199216 0.427538
0.306710 0.793376 0.607139
0.421367 0.906428 0.209611
0.375700 0.632301 0.235228
0.267474 0.251703 0.510540
0.330335 0.706213 0.011108
0.399790 0.478357 0.732601
0.746104 0.080446 0.426212
0.839381 0.856876 0.027161
0.378243 0.303258 0.754029
0.870503 0.778510 0.724481
0.458217 0.257194 0.098672
0.988067 0.526729 0.757324
0.178615 0.301505 0.798604
0.177631 0.022259 0.262417
0.254231 0.754648 0.911316
0.402413 0.742748 0.089995
0.357083 0.412200 0.795486
0.169302 0.593997 0.648716
0.719710 0.917854 0.654399
0.528300 0.035714 0.884908
0.522997 0.531406 0.620837
0.017979 0.810010 0.344727
0.519832 0.322677 0.574931
0.337268 0.743636 0.221273
0.275263 0.414336 0.393382
0.520842 0.666392 0.626867
0.222565 0.319951 0.568844
0.424441 0.007305 0.933653
0.326577 0.398671 0.098880
0.527411 0.237807 0.103422
0.835231 0.118518 0.070393
0.805245 0.945764 0.666639
0.040047 0.357179 0.170224
0.941458 0.578859 0.713646
0.306897 0.586185 0.691314
0.296433 0.852218 0.931827
0.561196 0.533417 0.361379
0.787916 0.174054 0.085065
0.841935 0.884227 0.457690
0.079492 0.896973 0.679074
0.868402 0.473944 0.236709
0.822866 0.536705 0.223362
0.738966 0.123527 0.419828
0.507201 0.910700 0.603284
0.470616 0.807444 0.321375
0.679327 0.650295 0.462662
0.071919 0.907482 0.371464
0.387196 0.985041 0.543868
0.379883 0.718232 0.448858
0.342743 0.052931 0.240072
0.764241 0.965864 0.731080
0.295831 0.120644 0.989779
0.083504 0.988759 0.482777
0.687746 0.638348 0.329558
0.339848 0.212169 0.464697
0.973566 0.729663 0.516363
0.098278 0.631639 0.283147
0.992492 0.662244 0.985559
0.903022 0.556482 0.191756
0.077070 0.849719 0.075618
0.299385 0.004980 0.445395
0.368721 0.316280 0.493935
0.321812 0.499353 0.819276
0.742789 0.185009 0.217039
0.690324 0.677549 0.170275
0.570933 0.144148 0.291898
0.467105 0.791164 0.416103
0.033595 0.609027 0.944746
0.495644 0.216620 0.287145
0.807465 0.869074 0.581884
0.020678 0.720890 0.799492
0.727046 0.264600 0.582163
0.106900 0.066150 0.546422
0.701461 0.373160 0.501686
0.733993 0.064511 0.758631
0.943675 0.209460 0.622590
0.165009 0.685689 0.766976
0.280815 0.366535 0.361760
0.860036 0.078740 0.878862
0.204861 0.992284 0.684414
0.066423 0.354632 0.417146
0.398742 0.750122 0.982108
0.333480 0.973226 0.880548
0.631111 0.260605 0.874697
0.883404 0.699067 0.887849
0.256685 0.922496 0.772926
0.503795 0.073746 0.269847
0.233471 0.104063 0.868442
0.247432 0.312404 0.711953
0.974118 0.090237 0.514097
0.567565 0.633944 0.430287
0.261553 0.489344 0.589513
0.006437 0.815442 0.671069
0.186187 0.647742 0.427711
0.022128 0.666990 0.244788
0.158480 0.388092 0.241559
0.576287 0.052604 0.059891
0.716895 0.279991 0.387111
0.573273 0.838787 0.175904
0.966149 0.994396 0.135793
0.467644 0.687644 0.147824
0.606405 0.269564 0.390792
0.336632 0.551711 0.319903
0.487242 0.772951 0.849959
0.795646 0.564733 0.864176
0.517299 0.319167 0.009992
0.339194 0.031480 0.104050
0.338311 0.990143 0.014900
0.694221 0.663637 0.147789
0.578522 0.877244 0.401877
0.805456 0.996164 0.123510
0.586105 0.631493 0.690795
0.156694 0.490713 0.412462
0.593331 0.616962 0.132765
0.246892 0.902034 0.014565
0.294946 0.685118 0.658607
0.443699 0.298884 0.639889
0.344655 0.405883 0.773772
0.865725 0.459830 0.019094
0.119230 0.114620 0.225219
0.191395 0.727011 0.038209
0.731593 0.703793 0.387565
0.560480 0.474747 0.045048
0.879430 0.413811 0.737183
0.688471 0.471475 0.399148
0.900105 0.819987 0.653437
0.390201 0.346259 0.359640
0.702998 0.002713 0.680536
0.225284 0.778735 0.914906
0.700996 0.763902 0.558684
0.097521 0.119168 0.800787
0.049134 0.914711 0.481346
0.561919 0.280297 0.992842
0.231278 0.876672 0.610523
0.550401 0.345530 0.056235
0.854676 0.868414 0.118512
0.314488 0.461811 0.363340
0.125112 0.470218 0.727737
0.824466 0.854426 0.741106
0.541900 0.243312 0.523026
0.069805 0.102852 0.145745
0.945638 0.337764 0.277968
0.938759 0.544931 0.155174
0.799306 0.538392 0.872827
0.031959 0.855329 0.932183
0.759547 0.743997 0.864442
0.337237 0.608540 0.470427
0.634128 0.542814 0.335277
0.388185 0.589436 0.822759
0.074896 0.263377 0.142428
0.574910 0.728116 0.288903
0.311818 0.512117 0.363953
0.810325 0.740921 0.674054
0.211594 0.909295 0.751098
0.860819 0.326605 0.925885
0.687558 0.227367 0.439930
0.977452 0.010029 0.755962
0.406148 0.050736 0.970820
0.928773 0.454103 0.467538
0.861497 0.972457 0.738214
0.792289 0.388618 0.452319
0.135932 0.650632 0.632236
0.667146 0.680163 0.081864
0.559652 0.696679 0.233472
0.164790 0.624207 0.957333
0.627404 0.954718 0.773684
0.196338 0.675562 0.371618
0.652261 0.644278 0.687983
0.524541 0.708264 0.758395
0.935495 0.398552 0.361491
0.808535 0.289548 0.412674
0.757914 0.012259 0.346562
0.242808 0.187958 0.725716
0.566409 0.348834 0.967680
0.815850 0.549820 0.456335
0.835698 0.481801 0.517698
0.630550 0.470544 0.210296
0.925044 0.981034 0.744953
0.182751 0.843244 0.098417
0.761514 0.426284 0.905541
0.049331 0.304613 0.046164
0.995657 0.650306 0.234475
0.242971 0.973138 0.525994
0.419076 0.359162 0.501260
0.911606 0.016991 0.882907
0.132513 0.780572 0.015641
0.292356 0.974171 0.342166
0.403587 0.625089 0.001164
0.755607 0.738244 0.046419
0.340729 0.072185 0.143996
0.506593 0.776750 0.226637
0.354218 0.797394 0.443297
0.223904 0.824020 0.338373
0.943779 0.465563 0.290071
0.764303 0.238398 0.023901
0.278763 0.501190 0.462327
0.697696 0.990171 0.382422
0.325975 0.204062 0.129485
0.295982 0.033053 0.148833
0.465464 0.099414 0.385425
0.656880 0.364828 0.413752
0.244064 0.241427 0.698147
0.900916 0.329806 0.229876
0.751092 0.109743 0.722947
0.627150 0.306096 0.501307
0.079858 0.843671 0.682530
0.724895 0.567571 0.377859
0.092095 0.459166 0.477218
0.216366 0.323250 0.386367
0.850775 0.043365 0.111770
0.556598 0.237350 0.071355
0.901394 0.960014 0.553195
0.364133 0.385680 0.638901
0.141106 0.093174 0.202891
0.484981 0.236325 0.606773
0.586950 0.516949 0.895597
0.441856 0.401609 0.668121
0.283410 0.682465 0.060031
0.980157 0.695218 0.290347
0.178004 0.954229 0.822630
0.985483 0.218660 0.372503
0.565303 0.949458 0.326332
0.224276 0.603496 0.404700
0.434253 0.922863 0.042153
0.382263 0.248945 0.230901
0.276170 0.449862 0.625288
0.357674 0.807926 0.042978
0.503234 0.813629 0.033995
0.761899 0.041586 0.409012
0.274207 0.936313 0.132824
0.250895 0.890979 0.507121
0.532514 0.344286 0.150008
0.494656 0.766761 0.539128
0.599458 0.452613 0.075239
0.332238 0.241940 0.756534
0.067926 0.646801 0.063486
0.832943 0.718998 0.771726
0.809598 0.355940 0.405662
0.999025 0.047267 0.048479
0.834662 0.068349 0.520722
0.232237 0.425969 0.091282
0.750647 0.123922 0.938919
0.437157 0.945898 0.817835
0.873236 0.839513 0.010461
0.618305 0.262088 0.388878
0.838039 0.173743 0.090633
0.846744 0.118835 0.043079
0.931908 0.284077 0.682310
0.975192 0.629071 0.587598
0.445273 0.106609 0.566290
0.426136 0.163195 0.853321
0.732668 0.683036 0.414229
0.360437 0.133212 0.185291
0.801099 0.717988 0.085881
0.225320 0.333013 0.513453
0.852198 0.748962 0.739168
0.347385 0.099722 0.420210
0.901044 0.879813 0.186187
0.987571 0.145574 0.429343
0.962607 0.491330 0.576485
0.454736 0.012504 0.150783
0.571503 0.784551 0.841742
0.791837 0.676033 0.045868
0.800131 0.152738 0.203163
0.865233 0.395796 0.317019
0.201307 0.964141 0.043120
0.613640 0.044399 0.678781
0.772501 0.793054 0.112970
0.303397 0.304647 0.419241
0.716494 0.503594 0.265116
0.077443 0.020377 0.476533
0.095294 0.523661 0.709295
0.464148 0.547847 0.764116
0.486287 0.299650 0.056653
0.807217 0.738462 0.940560
0.117255 0.882472 0.713114
0.099248 0.872365 0.441162
0.171097 0.640916 0.907636
0.379192 0.955707 0.625002
0.596348 0.138120 0.522614
0.951663 0.686346 0.616074
0.553311 0.552414 0.969715
0.547805 0.316692 0.362198
0.312196 0.409537 0.828602
0.748242 0.493215 0.618517
0.923764 0.295361 0.977863
0.733191 0.194841 0.761690
0.189309 0.603103 0.355419
0.087270 0.282421 0.948819
0.806577 0.055575 0.371853
0.973562 0.982853 0.148241
0.146872 0.061248 0.299393
0.395275 0.579568 0.917726
0.586030 0.712022 0.798152
0.953380 0.483258 0.670903
0.642476 0.613426 0.558350
0.217768 0.805520 0.350387
0.022795 0.335302 0.279391
0.859761 0.709763 0.555385
0.495747 0.804854 0.357833
0.386560 0.219184 0.779887
0.324745 0.441352 0.301120
0.171804 0.728122 0.429761
0.314486 0.405694 0.472763
0.871662 0.832199 0.268194
0.935081 0.286185 0.572309
0.176405 0.005632 0.611359
0.054199 0.318848 0.894822
0.600822 0.663042 0.549701
0.080721 0.143019 0.940676
0.997837 0.053236 0.411380
0.301432 0.478807 0.023729
0.638808 0.090628 0.351645
0.960372 0.957945 0.500043
0.207832 0.934474 0.517678
0.494170 0.710291 0.361686
0.706816 0.827948 0.303506
0.857773 0.156705 0.213345
0.876574 0.330830 0.232787
0.275052 0.464765 0.205423
0.644202 0.217540 0.282625
0.052487 0.718861 0.687462
0.931283 0.456730 0.948414
0.831241 0.197148 0.808140
0.864260 0.972818 0.068597
0.183059 0.680252 0.820639
0.471190 0.633862 0.700230
0.697205 0.916308 0.142888
0.503197 0.077976 0.964735
0.865742 0.825774 0.451409
0.426792 0.076795 0.684170
0.565950 0.354099 0.229416
0.230855 0.338736 0.304333
0.366660 0.716967 0.233309
0.237578 0.772083 0.524947
0.055797 0.677703 0.074268
0.100017 0.939762 0.496145
0.062688 0.637588 0.174184
0.831881 0.893739 0.122613
0.101984 0.390665 0.125684
0.255397 0.058654 0.667111
0.970903 0.540185 0.777738
0.331312 0.417401 0.131645
0.631304 0.362503 0.422095
0.814816 0.148089 0.052594
0.032595 0.353197 0.562647
0.762402 0.570173 0.362279
0.303834 0.638947 0.236017
0.658366 0.070287 0.233461
0.616850 0.464119 0.256437
0.302556 0.677455 0.476839
0.946892 0.017699 0.330946
0.776302 0.399753 0.487469
0.202073 0.192175 0.400597
0.468980 0.398981 0.705737
0.442579 0.801924 0.348790
0.474172 0.540850 0.247521
0.317381 0.004660 0.977746
0.781096 0.327010 0.949312
0.660404 0.168893 0.397631
0.469095 0.227624 0.392780
0.411072 0.899716 0.840372
0.051666 0.854326 0.446580
0.329799 0.052745 0.072289
0.405638 0.724849 0.206075
0.183738 0.548396 0.717458
0.250515 0.281711 0.903860
0.121625 0.432984 0.484222
0.784478 0.272995 0.619605
0.037745 0.417414 0.932579
0.787375 0.800473 0.734044
0.030039 0.991868 0.287183
0.172106 0.016524 0.379752
0.341018 0.588902 0.972631
0.691712 0.636196 0.779298
0.846670 0.034976 0.437555
0.888292 0.816841 0.608356
0.925641 0.340719 0.814616
0.840864 0.557807 0.876216
0.847685 0.052302 0.006532
0.087756 0.433127 0.883279
0.740771 0.389764 0.191508
0.801803 0.611240 0.865280
0.986936 0.820338 0.190955
0.133779 0.586082 0.857777
0.013989 0.195491 0.114892
0.467013 0.871982 0.346727
0.987715 0.543219 0.425834
0.394856 0.716511 0.232530
0.632140 0.334563 0.925616
0.056406 0.108812 0.279907
0.402112 0.819312 0.041480
0.575941 0.985660 0.361617
0.215942 0.618474 0.993670
0.094946 0.660259 0.955269
0.031134 0.598501 0.097020
0.740308 0.332360 0.896425
0.644991 0.237427 0.173207
0.861786 0.284955 0.670881
0.917245 0.496505 0.896774
0.904547 0.504543 0.359809
0.123172 0.811941 0.556973
0.017680 0.855800 0.103374
0.989034 0.838928 0.221656
0.419868 0.768814 0.850288
0.598190 0.309303 0.532543
0.447633 0.777394 0.951352
0.150644 0.240862 0.908944
0.345142 0.726690 0.363768
0.886284 0.160613 0.589868
0.423418 0.111557 0.456265
0.771330 0.823921 0.502919
0.173523 0.491674 0.315438
0.332670 0.966504 0.177315
0.222906 0.744686 0.865028
0.026744 0.235073 0.366882
0.498794 0.606198 0.051578
0.811819 0.768436 0.169807
0.177949 0.816390 0.456338
0.457923 0.437367 0.948444
0.640914 0.576036 0.782363
0.875664 0.588417 0.323642
0.665663 0.560769 0.921024
0.320598 0.485537 0.045155
0.900811 0.862875 0.317602
0.626357 0.582362 0.268654
0.777204 0.324401 0.360107
0.563987 0.967232 0.857323
0.168655 0.589840 0.739369
0.489365 0.914944 0.740305
0.891133 0.987756 0.554992
0.032452 0.621492 0.616040
0.568511 0.176741 0.744709
0.771570 0.222102 0.308578
0.413779 0.912898 0.096048
0.230599 0.451693 0.135660
0.300649 0.046164 0.624637
0.820582 0.219038 0.696676
0.519119 0.302402 0.541567
0.709874 0.847881 0.983298
0.016739 0.287332 0.232557
0.588788 0.537561 0.224747
0.599860 0.089124 0.946797
0.489786 0.841940 0.727480
0.684673 0.187608 0.748171
0.314324 0.542903 0.734997
0.981301 0.328261 0.006722
0.024474 0.791320 0.958673
0.301399 0.728447 0.896437
0.350863 0.463555 0.946031
0.156902 0.971742 0.756847
0.146578 0.292941 0.602419
0.561718 0.484181 0.761653
0.756149 0.678235 0.557017
0.581064 0.321463 0.882308
0.152772 0.331723 0.837341
0.845343 0.171960 0.461130
0.580176 0.759083 0.034114
0.629735 0.826025 0.243285
0.248249 0.465215 0.925168
0.671106 0.859463 0.821928
0.941852 0.258132 0.116066
0.967390 0.146805 0.838369
0.184511 0.991488 0.563623
0.775352 0.718023 0.168372
0.304255 0.013774 0.650638
0.212440 0.289393 0.493917
0.688486 0.159745 0.902060
0.320649 0.518584 0.297951
0.956457 0.879051 0.276036
0.326029 0.222728 0.767083
0.475170 0.460155 0.454685
0.700771 0.922065 0.358760
0.371159 0.460958 0.471200
0.205491 0.050937 0.119165
0.447130 0.959109 0.157243
0.766842 0.435836 0.843852
0.797047 0.334014 0.937233
0.761691 0.076008 0.040582
0.405916 0.772491 0.016313
0.515664 0.153230 0.487462
0.067067 0.580429 0.015360
0.323673 0.813602 0.156496
0.569562 0.522529 0.396341
0.281482 0.544444 0.691341
0.860363 0.511810 0.262492
0.651219 0.605304 0.036591
0.740604 0.891550 0.816855
0.132079 0.625752 0.101443
0.430175 0.132017 0.860825
0.233673 0.761395 0.153724
0.915165 0.087593 0.284231
0.168272 0.202160 0.991656
0.011356 0.797544 0.597137
0.942009 0.497545 0.203491
0.553259 0.653459 0.726827
0.485147 0.345873 0.323278
0.812658 0.879982 0.244158
0.851201 0.512220 0.159919
0.536718 0.910300 0.318723
0.295619 0.997080 0.793082
0.888539 0.182151 0.030653
0.738284 0.955631 0.763848
0.922538 0.165426 0.209731
0.608698 0.096664 0.354496
0.299647 0.739795 0.718261
0.707013 0.373092 0.797324
0.348416 0.675553 0.006714
0.661854 0.014112 0.361554
0.751905 0.272595 0.950838
0.623385 0.656070 0.096473
0.022778 0.527237 0.451261
0.527963 0.433218 0.677488
0.363509 0.452063 0.105997
0.177436 0.508460 0.074731
0.543439 0.473575 0.482524
0.811654 0.122589 0.398334
0.156988 0.688994 0.834147
0.340038 0.274912 0.206062
0.122195 0.463699 0.324474
0.110785 0.789454 0.759801
0.097308 0.439944 0.165211
0.969641 0.404173 0.318714
0.249556 0.334839 0.973839
0.743389 0.246967 0.673728
0.101596 0.482066 0.391632
0.170186 0.460414 0.969479
0.959069 0.295277 0.618404
0.973680 0.430601 0.920868
0.209058 0.802057 0.290352
0.344909 0.150584 0.463465
0.499640 0.284788 0.119824
0.050561 0.388341 0.475693
0.082595 0.682813 0.091473
0.851025 0.104313 0.701552
0.400556 0.354760 0.844085
0.162601 0.106947 0.190900
0.906765 0.605440 0.081845
0.423617 0.378603 0.059198
0.804844 0.884071 0.016225
0.372205 0.522454 0.154797
0.445745 0.183347 0.441290
0.898434 0.317325 0.543164
0.143930 0.849591 0.736213
0.284186 0.816972 0.932304
0.733117 0.221857 0.985361
0.792909 0.704371 0.653270
0.421732 0.542341 0.242868
0.037111 0.998922 0.868359
0.099412 0.380441 0.977548
0.342672 0.641867 0.668791
0.181567 0.800308 0.605419
0.707307 0.798540 0.294661
0.915967 0.599838 0.742786
0.583997 0.222394 0.588466
0.843854 0.250612 0.623374
0.736240 0.305483 0.084226
0.495962 0.934061 0.067207
0.628396 0.943419 0.516185
0.368738 0.462560 0.310081
0.530387 0.005836 0.237444
0.712678 0.877350 0.173038
0.631098 0.827596 0.173102
0.549780 0.007190 0.166147
0.017227 0.137905 0.688878
0.256355 0.309343 0.287241
0.382692 0.342803 0.787356
0.868277 0.602653 0.200907
0.770518 0.963260 0.655692
0.099431 0.932415 0.107361
0.515911 0.904077 0.484679
0.161450 0.831341 0.204216
0.703177 0.554987 0.905091
0.062729 0.975753 0.902556
0.310291 0.640154 0.569168
0.990325 0.662771 0.615482
0.931310 0.840437 0.644921
0.692583 0.653759 0.115702
0.377473 0.590356 0.670516
0.013151 0.921003 0.607535
0.733099 0.027664 0.365409
0.343686 0.303775 0.656000
0.379001 0.623833 0.811488
0.863696 0.701874 0.475632
0.738976 0.042238 0.734000
0.954779 0.737338 0.514708
0.502963 0.433769 0.742423
0.868527 0.697343 0.693304
0.155442 0.490644 0.580422
0.211376 0.633286 0.600927
0.744341 0.383424 0.467935
0.543411 0.225904 0.913089
0.114767 0.964826 0.411446
0.843722 0.443727 0.683851
0.355640 0.986546 0.829573
0.584754 0.737761 0.017437
0.332928 0.283723 0.884024
0.298358 0.540968 0.162375
0.538295 0.816419 0.631552
0.495610 0.363340 0.991196
0.967783 0.769655 0.171109
0.866421 0.397751 0.498983
0.105656 0.878477 0.063684
0.992139 0.004580 0.674223
0.203891 0.532772 0.843582
0.277610 0.225087 0.129565
0.726521 0.413420 0.413753
0.919737 0.735363 0.342220
0.111270 0.528659 0.358183
0.129131 0.632184 0.030457
0.550946 0.515736 0.739320
0.174011 0.195203 0.539647
0.024858 0.502896 0.148390
0.517974 0.128589 0.428325
0.227981 0.243208 0.478968
0.899924 0.414260 0.360306
0.274350 0.567712 0.843253
0.595076 0.362065 0.675237
0.966918 0.784883 0.716439
0.153829 0.236541 0.819778
0.573686 0.044939 0.486239
0.790380 0.241224 0.066191
0.599468 0.719934 0.272553
0.061627 0.604848 0.605303
0.682013 0.808613 0.252227
0.163643 0.596598 0.598755
0.795069 0.934346 0.875165
0.969356 0.180130 0.609545
0.289386 0.876904 0.027217
0.891299 0.837260 0.699183
0.027932 0.753667 0.073593
0.068983 0.414931 0.255079
0.005452 0.126505 0.611706
0.282570 0.917138 0.497556
0.162063 0.695021 0.276083
0.317434 0.371878 0.929427
0.013270 0.388761 0.480061
0.448981 0.577132 0.351375
0.751425 0.494847 0.755999
0.609978 0.099303 0.756135
0.728701 0.543323 0.557590
0.532534 0.044703 0.980722
0.874143 0.800784 0.664677
0.071010 0.373165 0.653634
0.511202 0.937762 0.767515
0.380081 0.330199 0.265361
0.951289 0.526273 0.595682
0.358033 0.077987 0.622328
0.238934 0.024007 0.956155
0.518342 0.044462 0.634626
0.524886 0.125225 0.665432
0.282851 0.264779 0.255652
0.890984 0.874640 0.740942
0.767134 0.196779 0.426113
0.799506 0.210727 0.254917
0.805063 0.031519 0.278938
0.699450 0.047818 0.720108
0.418881 0.348229 0.071348
0.882244 0.970134 0.259187
0.057512 0.088621 0.661462
0.436472 0.380480 0.612641
0.574945 0.778004 0.514189
0.050003 0.671104 0.543717
0.680554 0.920823 0.967064
0.340392 0.532371 0.061010
0.737915 0.242443 0.555205
0.971707 0.829886 0.512510
0.937417 0.269175 0.354016
0.463045 0.452040 0.069742
0.053082 0.391293 0.918144
0.042647 0.760168 0.361836
0.074715 0.913486 0.538025
0.594201 0.074616 0.606667
0.733209 0.335790 0.960512
0.697196 0.306355 0.863258
0.761294 0.408193 0.399472
0.732325 0.544739 0.799817
0.514321 0.394590 0.422012
0.295568 0.724408 0.759467
0.836441 0.667695 0.230857
0.449434 0.588886 0.533216
0.900526 0.082538 0.866478
0.164065 0.340756 0.453463
0.217117 0.710390 0.967252
0.317084 0.565141 0.207266
0.591646 0.370546 0.226632
0.140980 0.074937 0.715747
0.731311 0.725536 0.004096
0.239263 0.448046 0.524944
0.265762 0.727203 0.814365
0.144990 0.334695 0.742595
0.787686 0.627695 0.115971
0.546290 0.424832 0.151813
0.273778 0.539952 0.588527
0.626969 0.187935 0.509562
0.217115 0.500668 0.725428
0.829785 0.751954 0.936658
0.845222 0.586348 0.502590
0.881687 0.860325 0.993756
0.090488 0.636603 0.116881
0.829412 0.297729 0.803105
0.284515 0.546378 0.992624
0.243751 0.158860 0.616237
0.875132 0.929248 0.872913
0.790998 0.205982 0.975944
0.684209 0.328944 0.737683
0.458626 0.031154 0.658775
0.164525 0.254231 0.567525
0.751083 0.561542 0.829323
0.743807 0.070620 0.901608
0.600091 0.530260 0.454568
0.377268 0.318982 0.228671
0.852821 0.261187 0.161611
0.082500 0.280585 0.031784
0.878872 0.669943 0.514056
0.940843 0.422528 0.445364
0.532548 0.223311 0.302894
0.638850 0.983013 0.322495
0.678266 0.048848 0.595159
0.965459 0.032577 0.930646
0.851291 0.928996 0.992422
0.809696 0.984459 0.768351
0.856000 0.679632 0.693315
0.997231 0.177172 0.075800
0.467987 0.798782 0.927384
0.834691 0.011384 0.025460
0.493813 0.626542 0.604865
0.827680 0.395929 0.465465
0.143837 0.925597 0.925719
0.732975 0.623166 0.037334
0.265353 0.935219 0.135380
0.915138 0.895306 0.527555
0.287003 0.010625 0.436141
0.358121 0.059329 0.988774
0.527131 0.164131 0.232986
0.323834 0.003290 0.156362
0.014128 0.574274 0.621495
0.813001 0.061511 0.317726
0.979878 0.366815 0.144765
0.736876 0.882014 0.441701
0.889131 0.598068 0.238117
0.178510 0.036055 0.225869
0.315010 0.687248 0.030375
0.906208 0.226471 0.447623
0.837803 0.823527 0.454458
0.294177 0.944580 0.673009
0.893905 0.566950 0.755260
0.828954 0.025804 0.452515
0.572050 0.255974 0.675800
0.643815 0.624544 0.390827
0.291869 0.359881 0.452102
0.699923 0.890235 0.250513
0.186281 0.003542 0.559486
0.675354 0.246796 0.900014
0.121151 0.225832 0.173362
0.220805 0.930461 0.027721
0.165992 0.216589 0.785130
0.126925 0.115196 0.114363
0.872070 0.728989 0.897381
0.251113 0.282736 0.862530
0.884908 0.443007 0.780667
0.550194 0.502567 0.222211
0.661738 0.100573 0.656986
0.931876 0.727986 0.492952
0.115335 0.272115 0.330549
0.364653 0.053158 0.665378
0.512046 0.161086 0.871768
0.480423 0.847479 0.509549
0.752047 0.064217 0.147135
0.391460 0.148739 0.396298
0.219544 0.382655 0.845814
0.555407 0.972837 0.856891
0.829999 0.449241 0.619314
0.253046 0.684112 0.607116
0.423275 0.145834 0.722355
0.923990 0.495590 0.370002
0.562772 0.912334 0.092197
0.334742 0.066347 0.322433
0.265875 0.819687 0.319592
0.136394 0.940659 0.448881
0.367764 0.574477 0.008459
0.112800 0.185646 0.026049
0.967618 0.652138 0.386001
0.705097 0.417441 0.904638
0.116480 0.818622 0.236601
0.919581 0.950934 0.648934
0.366763 0.306363 0.398705
0.133335 0.713565 0.248534
0.927710 0.694318 0.087949
0.937736 0.620687 0.706434
0.980187 0.087513 0.435850
0.571198 0.503944 0.786349
0.697949 0.647174 0.515423
0.567513 0.037545 0.788669
0.616052 0.702652 0.770853
0.712072 0.101109 0.001758
0.900673 0.851532 0.771615
0.138111 0.918465 0.412603
0.035835 0.335997 0.810994
0.928269 0.835194 0.225158
0.018870 0.299961 0.897104
0.162763 0.435825 0.898308
0.724932 0.839571 0.774103
0.763951 0.828601 0.558207
0.145280 0.668956 0.573227
0.301196 0.588183 0.114148
0.766599 0.715675 0.218312
0.916368 0.073668 0.533702
0.431234 0.510703 0.137344
0.723268 0.448153 0.485497
0.861317 0.198878 0.019292
0.666718 0.251813 0.126878
0.204581 0.092115 0.142172
0.428935 0.442888 0.457028
0.704313 0.607905 0.588645
0.251079 0.312248 0.510713
0.859347 0.783636 0.729650
0.939215 0.817819 0.872624
0.393310 0.318243 0.378126
0.663113 0.794992 0.691548
0.107836 0.281215 0.924561
0.302396 0.752232 0.687280
0.558043 0.502697 0.046684
0.699205 0.770187 0.738253
0.798753 0.252802 0.811145
0.309341 0.436364 0.832252
0.539933 0.993221 0.562215
0.269140 0.756817 0.292539
0.208806 0.604298 0.043473
0.512250 0.884182 0.012236
0.742759 0.942806 0.224310
0.656881 0.761219 0.209158
0.453069 0.508560 0.468011
0.123516 0.317126 0.267075
0.535659 0.941902 0.479702
0.931943 0.811481 0.982869
0.399659 0.845758 0.122777
0.982287 0.569320 0.783512
0.119138 0.059566 0.911403
0.221471 0.040591 0.264374
0.411430 0.701600 0.511618
0.834303 0.251249 0.069760
0.080713 0.134312 0.421111
0.495676 0.582971 0.880406
0.484938 0.263634 0.562643
0.269000 0.786646 0.228341
0.328085 0.463016 0.049873
0.272421 0.235688 0.784588
0.896658 0.787648 0.588980
0.981158 0.727637 0.608821
0.401969 0.154501 0.428393
0.800875 0.134688 0.981779
0.571541 0.217629 0.550813
0.576832 0.331971 0.959905
0.320127 0.284501 0.216764
0.890820 0.439957 0.703990
0.137001 0.232607 0.859673
0.215612 0.859704 0.898102
0.302504 0.186407 0.680593
0.444734 0.267609 0.621665
0.663379 0.687506 0.573311
0.956464 0.556364 0.876815
0.989833 0.480782 0.107755
0.207463 0.332485 0.376985
0.859544 0.903605 0.572594
0.367511 0.050013 0.015825
0.780222 0.132727 0.450615
0.403919 0.719729 0.345493
0.475421 0.287142 0.112642
0.972918 0.093269 0.040042
0.631182 0.193742 0.947429
0.408817 0.100520 0.959796
0.510848 0.117322 0.486447
0.419425 0.323529 0.861607
0.922620 0.774686 0.150478
0.662873 0.401893 0.037655
0.731576 0.192528 0.058874
0.858711 0.092174 0.460225
0.939426 0.749716 0.342515
0.056738 0.919314 0.719025
0.053358 0.147040 0.226574
0.715472 0.002549 0.667125
0.052086 0.163333 0.337439
0.381968 0.509772 0.643513
0.529095 0.150820 0.307728
0.229040 0.464342 0.032110
0.739522 0.046969 0.458554
0.989947 0.422953 0.589798
0.466942 0.467264 0.954705
0.551426 0.852757 0.427740
0.543937 0.144432 0.824268
0.327642 0.234046 0.635849
0.464255 0.338309 0.754469
0.357834 0.491329 0.313344
0.146315 0.685009 0.868674
0.973219 0.282401 0.125255
0.551584 0.698122 0.535860
0.602923 0.505936 0.065494
0.899941 0.654462 0.128447
0.026672 0.148402 0.464824
0.208196 0.796152 0.459205
0.857195 0.405675 0.257348
0.985192 0.329209 0.637035
0.742775 0.275785 0.449994
0.054528 0.305640 0.831495
0.630095 0.733951 0.713276
0.774235 0.022417 0.143058
0.387673 0.830764 0.299728
0.550564 0.372990 0.533399
0.708333 0.703924 0.348653
0.379328 0.894280 0.193471
0.442181 0.553309 0.270103
0.131508 0.505147 0.174721
0.491700 0.201793 0.688395
0.483216 0.589274 0.880493
0.058441 0.935897 0.732059
0.791999 0.954123 0.776650
0.813303 0.548730 0.275800
0.002717 0.709728 0.099476
0.332755 0.798987 0.917239
0.140880 0.044540 0.065177
0.747562 0.181321 0.853874
0.954058 0.088391 0.572797
0.738607 0.358832 0.069287
0.010571 0.253508 0.836454
0.482008 0.345343 0.102541
0.735405 0.041775 0.761010
0.772994 0.579091 0.277161
0.047534 0.642985 0.044463
0.397956 0.059428 0.424472
0.788622 0.533438 0.674323
0.189652 0.748175 0.647825
0.327592 0.368703 0.456642
0.861473 0.800020 0.899208
0.370127 0.821646 0.316511
0.140260 0.578006 0.097435
0.051855 0.525719 0.481468
0.913929 0.840027 0.867850
0.303301 0.595087 0.020891
0.956082 0.515121 0.098379
0.806531 0.615103 0.301704
0.141940 0.305481 0.824573
0.894949 0.471205 0.906209
0.325123 0.009103 0.579770
0.269536 0.084718 0.373615
0.224850 0.696542 0.718902
0.762846 0.146882 0.863547
0.255532 0.083337 0.876346
0.362240 0.323862 0.193400
0.971545 0.024893 0.195795
0.375171 0.323796 0.978548
0.521131 0.134072 0.697036
0.608947 0.498328 0.568477
0.349106 0.373337 0.438595
0.467403 0.667839 0.835558
0.399240 0.110754 0.900530
0.805390 0.669453 0.235651
0.213147 0.678832 0.381332
0.667462 0.413954 0.472831
0.529066 0.254215 0.995197
0.049394 0.660211 0.795786
0.815108 0.651435 0.366116
0.534053 0.707092 0.834085
0.701824 0.331719 0.887396
0.366909 0.736258 0.173215
0.197888 0.217269 0.025400
0.993821 0.711692 0.574121
0.776015 0.611122 0.843909
0.065626 0.303823 0.381511
0.348820 0.120216 0.640228
0.663530 0.097099 0.227570
0.922730 0.244102 0.034095
0.594293 0.738985 0.201825
0.162194 0.734421 0.781187
0.246341 0.153036 0.138645
0.721266 0.048663 0.428233
0.075058 0.848712 0.751663
0.094459 0.188511 0.849089
0.078387 0.626533 0.142321
0.658647 0.451051 0.481405
0.338522 0.470933 0.149492
0.295709 0.119110 0.161284
0.879386 0.400476 0.837498
0.292249 0.405722 0.284710
0.139865 0.189054 0.757735
0.090018 0.695170 0.066345
0.708565 0.334559 0.179466
0.180325 0.199375 0.844512
0.930860 0.883326 0.443732
0.184647 0.762903 0.236529
0.832964 0.678610 0.805519
0.518847 0.710181 0.934722
0.746750 0.736935 0.669707
0.653336 0.591132 0.405927
0.599624 0.796092 0.813782
0.054414 0.796372 0.568415
0.667211 0.509603 0.923352
0.389477 0.645593 0.085440
0.082209 0.592813 0.424244
0.426291 0.532568 0.871691
0.403631 0.625853 0.593951
0.518519 0.687883 0.859598
0.443133 0.923364 0.650961
0.105416 0.634256 0.327751
0.311836 0.864993 0.910090
0.135644 0.865379 0.130295
0.223305 0.988757 0.226383
0.883338 0.644367 0.351101
0.977821 0.288240 0.704233
0.045806 0.831669 0.028254
0.992944 0.576036 0.875821
0.839900 0.891985 0.408708
0.275324 0.641031 0.443264
0.574983 0.670827 0.713961
0.519770 0.416550 0.198065
0.697504 0.325659 0.331109
0.881096 0.090046 0.519602
0.327482 0.835977 0.607858
0.698920 0.472176 0.178992
0.042925 0.075407 0.921231
0.837038 0.389982 0.125520
0.592231 0.478763 0.006219
0.061337 0.691637 0.456464
0.130245 0.629181 0.695589
0.303891 0.096218 0.954090
0.003398 0.465351 0.356190
0.434737 0.323096 0.988055
0.911412 0.818464 0.940166
0.456794 0.273815 0.683632
0.817686 0.362363 0.912619
0.641854 0.485647 0.727977
0.699575 0.832636 0.495594
0.334167 0.755143 0.141568
0.924274 0.393255 0.448007
0.289195 0.004188 0.847797
0.660032 0.124359 0.835847
0.589106 0.272819 0.018059
0.015318 0.792469 0.414872
0.096680 0.467097 0.929853
0.434369 0.522623 0.536132
0.566611 0.580870 0.691075
0.278258 0.294090 0.001643
0.094067 0.080541 0.637491
0.485960 0.811503 0.834239
0.105616 0.528219 0.802810
0.584585 0.617224 0.731551
0.854843 0.550192 0.549881
0.254146 0.313149 0.979931
0.072921 0.554072 0.473518
0.456210 0.777764 0.068121
0.591799 0.721319 0.858018
0.994263 0.129652 0.292125
0.938675 0.576686 0.597353
0.004309 0.611025 0.108072
0.503164 0.157896 0.976015
0.154656 0.228445 0.372255
0.153606 0.330228 0.960399
0.016602 0.908540 0.576112
0.908889 0.457349 0.322305
0.654179 0.131167 0.945261
0.069988 0.278181 0.885594
0.977771 0.159438 0.688652
0.081014 0.922430 0.622325
0.307909 0.672997 0.101673
0.143281 0.144925 0.819023
0.789750 0.733124 0.144880
0.363235 0.136756 0.346045
0.363125 0.542536 0.790139
0.604998 0.660686 0.069105
0.677175 0.097897 0.642242
0.099078 0.295893 0.872832
0.249599 0.504339 0.760506
0.892075 0.405360 0.452500
0.915026 0.280761 0.146123
0.707660 0.879537 0.518954
0.875021 0.729103 0.067988
0.058453 0.920698 0.361572
0.023164 0.293271 0.917778
0.069914 0.102347 0.660342
0.660472 0.642623 0.319821
0.837950 0.436146 0.787492
0.070433 0.057543 0.647125
0.366857 0.327022 0.904362
0.476183 0.187528 0.040258
0.129832 0.706484 0.248680
0.474107 0.597582 0.949900
0.089833 0.010252 0.451643
0.015389 0.955261 0.632082
0.859712 0.274873 0.791120
0.649342 0.674749 0.896711
0.376039 0.736120 0.438622
0.307842 0.212373 0.572224
0.917952 0.490252 0.138847
0.832898 0.788450 0.478238
0.589268 0.222932 0.935863
0.429809 0.204720 0.914440
0.984013 0.159697 0.702867
0.512438 0.461993 0.390442
0.223774 0.586230 0.304174
0.410075 0.293534 0.790504
0.013908 0.334598 0.320413
0.903344 0.063864 0.775824
0.557367 0.887329 0.513212
0.835542 0.859724 0.554582
0.017741 0.051384 0.163045
0.164328 0.713827 0.054101
0.315283 0.184872 0.348273
0.191218 0.323697 0.670973
0.925040 0.841572 0.682066
0.023736 0.626931 0.290731
0.065186 0.539263 0.452634
0.533740 0.529781 0.282138
0.868814 0.502775 0.953974
0.804226 0.679903 0.625240
0.911158 0.278993 0.186731
0.124552 0.667438 0.866830
0.860814 0.733598 0.673089
0.745348 0.256887 0.380967
0.200231 0.832331 0.696004
0.254752 0.046398 0.026236
0.314085 0.041027 0.892966
0.805776 0.333679 0.610952
0.047933 0.753007 0.374195
0.551418 0.948538 0.130093
0.559835 0.321119 0.882334
0.303843 0.528145 0.184496
0.311728 0.444049 0.692161
0.188011 0.228243 0.248940
0.585294 0.279212 0.480259
0.287179 0.435947 0.673407
0.857732 0.855387 0.264350
0.574641 0.198086 0.526650
0.414133 0.078965 0.753798
0.841958 0.893423 0.612201
0.988896 0.637586 0.846291
0.669278 0.218804 0.883070
0.284323 0.580782 0.887145
0.320749 0.267584 0.923525
0.777466 0.423203 0.027216
0.403105 0.043138 0.964302
0.271477 0.771837 0.299410
0.380476 0.564698 0.784179
0.596672 0.806208 0.653043
0.900973 0.848470 0.175408
0.581263 0.373299 0.058087
0.226667 0.266345 0.621374
0.914467 0.857923 0.665058
0.565856 0.395632 0.271145
0.756126 0.040766 0.338774
0.708226 0.580168 0.837257
0.403856 0.542415 0.718387
0.023587 0.333610 0.147694
0.087355 0.627524 0.685698
0.181508 0.902070 0.370890
0.005390 0.233590 0.374740
0.812249 0.714475 0.313406
0.538864 0.892657 0.525280
0.868300 0.156499 0.449028
0.392888 0.761843 0.171058
0.197071 0.887998 0.186371
0.839607 0.897959 0.774340
0.961519 0.583747 0.168270
0.592812 0.766027 0.687757
0.635139 0.797484 0.287245
0.651716 0.122585 0.366967
0.650362 0.853593 0.854451
0.137427 0.194053 0.246175
0.590235 0.363523 0.633534
0.946409 0.054702 0.627935
0.604972 0.892730 0.632769
0.054600 0.015548 0.091083
0.381545 0.408769 0.823937
0.102854 0.648362 0.977593
0.087590 0.292149 0.512049
0.330059 0.079384 0.254029
0.357928 0.544256 0.126206
0.857866 0.497888 0.545499
0.943463 0.674467 0.868870
0.134560 0.662934 0.706928
0.866835 0.696085 0.339931
0.894811 0.687115 0.643505
0.653834 0.515417 0.199629
0.069529 0.930118 0.562315
0.354551 0.232754 0.295694
0.940721 0.749118 0.328459
0.460948 0.316698 0.194084
0.120410 0.498632 0.241222
0.049996 0.385112 0.451866
0.376475 0.914370 0.903407
0.117889 0.502097 0.900446
0.387431 0.814040 0.812224
0.032386 0.036999 0.655695
0.338813 0.867801 0.902099
0.095505 0.007231 0.675366
0.098135 0.628543 0.730201
0.109118 0.821325 0.463191
0.607193 0.567660 0.121691
0.819042 0.788203 0.981450
0.494412 0.323728 0.092922
0.233545 0.508789 0.106925
0.708107 0.917996 0.346298
0.828054 0.392018 0.539762
0.787617 0.295594 0.775213
0.047387 0.769048 0.287746
0.955988 0.115437 0.063166
0.721541 0.646343 0.654499
0.457422 0.266323 0.473482
0.368617 0.718244 0.311860
0.662845 0.765038 0.861991
0.616883 0.636276 0.944386
0.065689 0.196168 0.412547
0.984213 0.718955 0.263181
0.060750 0.186335 0.913436
0.824655 0.824982 0.521357
0.654392 0.468435 0.823117
0.792388 0.995440 0.647705
0.072331 0.323139 0.222628
0.906857 0.645644 0.987332
0.677252 0.626208 0.408100
0.234832 0.072070 0.177128
0.582426 0.033510 0.184524
0.577006 0.239179 0.863217
0.142856 0.909630 0.269130
0.208359 0.395841 0.691777
0.913055 0.653006 0.270632
0.192043 0.196329 0.395435
0.337102 0.158678 0.137785
0.962826 0.303472 0.131243
0.062968 0.308198 0.000635
0.673181 0.086426 0.260899
0.434237 0.079722 0.834764
0.815743 0.588414 0.559547
0.599822 0.544399 0.210702
0.059613 0.838581 0.960232
0.173325 0.573381 0.383629
0.075989 0.801952 0.219571
0.516048 0.449736 0.670899
0.060457 0.892096 0.132985
0.865843 0.198150 0.064720
0.439542 0.703706 0.308600
0.680084 0.416597 0.664597
0.335965 0.032376 0.015574
0.267321 0.384832 0.883902
0.025007 0.861602 0.691723
0.374101 0.503336 0.639750
0.294883 0.318548 0.081355
0.373018 0.733476 0.123867
0.043772 0.785067 0.007897
0.777240 0.131533 0.406247
0.533463 0.772700 0.178124
0.591518 0.278204 0.321898
0.369123 0.302694 0.338652
0.285103 0.039803 0.211909
0.557877 0.080927 0.474488
0.382406 0.440036 0.617098
0.208636 0.517352 0.685052
0.223758 0.052170 0.939997
0.923367 0.763070 0.661049
0.792872 0.107907 0.496889
0.721916 0.212287 0.007445
0.254192 0.889112 0.502765
0.686039 0.285245 0.374175
0.638124 0.387506 0.445525
0.848101 0.905486 0.393792
0.143488 0.473958 0.044858
0.113600 0.573508 0.614738
0.490715 0.490167 0.744008
0.045368 0.644147 0.470809
0.474181 0.794175 0.454454
0.844739 0.358560 0.205005
0.588938 0.299794 0.349020
0.376504 0.610916 0.684770
0.444861 0.528571 0.699785
0.983500 0.370737 0.362751
0.693140 0.653824 0.789416
0.823822 0.423732 0.813016
0.229528 0.997092 0.404502
0.204588 0.484325 0.885378
0.445938 0.757435 0.396913
0.732628 0.712874 0.519027
0.482134 0.778819 0.195996
0.624214 0.990059 0.764894
0.866834 0.955415 0.442653
0.545774 0.140078 0.798495
0.859235 0.294671 0.910921
0.331583 0.897606 0.092662
0.081325 0.889271 0.072547
0.046882 0.363087 0.390865
0.691375 0.384323 0.188911
0.396373 0.046994 0.529308
0.748297 0.636127 0.933196
0.999854 0.579044 0.764196
0.848473 0.302620 0.530256
0.744022 0.563084 0.051945
0.802695 0.693348 0.077948
0.341339 0.892368 0.727396
0.167575 0.871217 0.680176
0.184479 0.617691 0.781659
0.182194 0.104177 0.593888
0.015184 0.569948 0.409632
0.075459 0.664439 0.297998
0.806243 0.597196 0.068468
0.614491 0.023325 0.995084
0.955936 0.817281 0.381557
0.250839 0.000509 0.065647
0.995127 0.224641 0.097388
0.652635 0.110890 0.523682
0.028326 0.761428 0.311599
0.564661 0.070772 0.101604
0.382936 0.779619 0.563278
0.002442 0.159687 0.275969
0.693294 0.643437 0.543287
0.829957 0.782916 0.218029
0.899763 0.752410 0.205510
0.322050 0.000043 0.957908
0.699396 0.563073 0.954174
0.199295 0.146858 0.981269
0.850524 0.421136 0.345623
0.385728 0.607906 0.801556
0.637806 0.311810 0.366716
0.621962 0.622005 0.154023
0.338223 0.172671 0.533668
0.241867 0.247211 0.330205
0.826309 0.596287 0.305039
0.381608 0.545505 0.479874
0.747643 0.771359 0.159317
0.665742 0.498273 0.622253
0.388777 0.884904 0.226781
0.734631 0.323168 0.633317
0.895428 0.119186 0.830600
0.443195 0.503051 0.843027
0.672943 0.766988 0.663593
0.527140 0.201259 0.227334
0.602228 0.620438 0.908632
0.360755 0.024283 0.569525
0.721960 0.845265 0.133698
0.242462 0.210289 0.293011
0.573956 0.472718 0.968844
0.739246 0.332046 0.207946
0.317447 0.196364 0.613349
0.777762 0.415654 0.473235
0.193355 0.138417 0.262735
0.890780 0.377953 0.981945
0.739239 0.882812 0.603967
0.317875 0.864957 0.173115
0.932629 0.747240 0.625501
0.792139 0.028691 0.643930
0.316906 0.393462 0.607640
0.792206 0.802080 0.852110
0.692429 0.089656 0.091245
0.078241 0.996171 0.910188
0.889781 0.164255 0.650875
0.352270 0.703009 0.854639
0.589540 0.304922 0.459678
0.082676 0.858337 0.531987
0.199710 0.076333 0.645985
0.027331 0.691262 0.494632
0.052401 0.456312 0.489254
0.410568 0.671059 0.011082
0.262880 0.407169 0.296111
0.843910 0.536564 0.277029
0.730211 0.835199 0.784948
0.316914 0.907962 0.082565
0.192955 0.450464 0.998379
0.579915 0.247872 0.364245
0.399339 0.012347 0.016777
0.713019 0.874891 0.078345
0.129296 0.238769 0.983209
0.130291 0.351599 0.329445
0.975182 0.139565 0.580935
0.735177 0.586826 0.318183
0.677632 0.755420 0.699749
0.956585 0.482604 0.754954
0.650352 0.297927 0.380114
0.307825 0.254748 0.908338
0.876481 0.155530 0.101125
0.487370 0.550647 0.107005
0.531359 0.081781 0.344863
0.432981 0.274218 0.232068
0.675645 0.433835 0.591737
0.406198 0.488238 0.190971
0.663497 0.423133 0.104150
0.635698 0.050359 0.958423
0.300438 0.178869 0.555412
0.840144 0.667808 0.109389
0.048538 0.854739 0.341705
0.895642 0.201881 0.274291
0.302223 0.082651 0.163513
0.044350 0.265840 0.881094
0.509256 0.821046 0.124023
0.347496 0.105802 0.732996
0.191507 0.745614 0.433717
0.912488 0.063540 0.558418
0.683393 0.220731 0.397269
0.642407 0.889376 0.457266
0.740523 0.751997 0.039148
0.895305 0.955667 0.559429
0.668700 0.047269 0.401991
0.488034 0.956177 0.712889
0.674064 0.419281 0.927431
0.891020 0.093914 0.948491
0.389108 0.798476 0.255328
0.787088 0.057461 0.498756
0.434231 0.650793 0.527902
0.350198 0.897097 0.705023
0.861809 0.314604 0.849663
0.511978 0.850036 0.471720
0.625649 0.618965 0.313033
0.359796 0.588287 0.442718
0.322696 0.857925 0.808192
0.974147 0.312832 0.214986
0.328229 0.463966 0.059857
0.747484 0.592753 0.799669
0.266360 0.159825 0.238132
0.464680 0.556651 0.803668
0.309814 0.679595 0.975916
0.958294 0.345749 0.361164
0.106001 0.393675 0.789712
0.748404 0.605870 0.351638
0.330918 0.902816 0.798169
0.790250 0.745821 0.515328
0.215561 0.592247 0.630445
0.267506 0.047653 0.095874
0.684717 0.115747 0.462706
0.804506 0.533174 0.840438
0.340068 0.039417 0.731097
0.111466 0.079096 0.509930
0.390435 0.323475 0.196187
0.769648 0.673737 0.624926
0.397978 0.282086 0.642217
0.870242 0.149063 0.923457
0.568883 0.469605 0.078854
0.970180 0.912501 0.877828
0.987535 0.315019 0.666934
0.644874 0.977976 0.913455
0.297510 0.006419 0.711280
0.679646 0.629841 0.583531
0.156916 0.798961 0.626689
0.912080 0.508508 0.409708
0.620797 0.968122 0.995898
0.605422 0.310755 0.746810
0.210932 0.412419 0.201521
0.290248 0.704220 0.614712
0.570395 0.662874 0.233249
0.446932 0.622289 0.491973
0.432924 0.832017 0.382630
0.704413 0.467477 0.857672
0.599472 0.149440 0.313048
0.079714 0.916017 0.561829
0.069982 0.453461 0.165850
0.365510 0.435962 0.529966
0.048999 0.770610 0.750415
0.259135 0.724741 0.372336
0.464344 0.217296 0.886134
0.438124 0.443970 0.556698
0.040031 0.551708 0.872897
0.845446 0.945853 0.721695
0.445884 0.196671 0.463855
0.689214 0.191455 0.412156
0.472014 0.621455 0.142182
0.013087 0.698508 0.783276
0.052075 0.947365 0.484718
0.695025 0.601755 0.030794
0.285729 0.878977 0.793508
0.846385 0.517826 0.351816
0.306683 0.249207 0.808525
0.037725 0.133795 0.462050
0.152353 0.842121 0.620744
0.095064 0.467584 0.375138
0.462259 0.193972 0.523115
0.776569 0.028114 0.627967
0.723457 0.333227 0.842562
0.916187 0.130272 0.444802
0.247074 0.346895 0.763898
0.165428 0.967204 0.483675
0.151876 0.235548 0.171691
0.027473 0.773651 0.239785
0.567008 0.309478 0.846745
0.097373 0.127540 0.377929
0.225091 0.431453 0.074115
0.679052 0.361698 0.233235
0.039181 0.706473 0.852214
0.143934 0.757000 0.357756
0.249976 0.185259 0.632957
0.534448 0.488549 0.511596
0.932111 0.197124 0.425180
0.120358 0.709285 0.139620
0.862987 0.706202 0.191945
0.012550 0.720858 0.830440
0.388544 0.752406 0.978767
0.352440 0.694581 0.242373
0.268326 0.387474 0.402097
0.605912 0.894438 0.036135
0.256901 0.949853 0.166562
0.399664 0.384927 0.944979
0.178041 0.002385 0.118006
0.224458 0.023457 0.101728
0.574237 0.328074 0.808792
0.955599 0.764809 0.822337
0.589020 0.911852 0.699792
0.126388 0.031029 0.403255
0.742604 0.823506 0.046602
0.769969 0.988850 0.508488
0.019438 0.544995 0.555352
0.879430 0.603639 0.911459
0.696819 0.191386 0.613660
0.293409 0.221801 0.527368
0.770000 0.830278 0.371827
0.796733 0.972273 0.932260
0.266360 0.460963 0.828144
0.057815 0.152797 0.605809
0.529216 0.350609 0.237622
0.881646 0.592519 0.070034
0.603001 0.293046 0.618790
0.638226 0.613173 0.926142
0.315354 0.611553 0.462903
0.881042 0.331497 0.188541
0.313323 0.585925 0.458728
0.761685 0.569469 0.473409
0.872772 0.773629 0.638056
0.010759 0.107032 0.987919
0.971544 0.267411 0.708370
0.406663 0.921142 0.779598
0.863033 0.445895 0.056702
0.073636 0.757235 0.808230
0.846378 0.600893 0.919253
0.180991 0.565567 0.680675
0.648825 0.058977 0.661458
0.931919 0.596611 0.815909
0.150225 0.024039 0.900363
0.375893 0.000939 0.149683
0.973900 0.960062 0.417167
0.690996 0.150782 0.030311
0.404517 0.847053 0.459714
0.888049 0.954247 0.164918
0.544710 0.126911 0.096129
0.520828 0.859961 0.736953
0.333879 0.125620 0.854699
0.202995 0.039549 0.435051
0.389233 0.788237 0.313417
0.877809 0.677021 0.566806
0.163623 0.862597 0.153505
0.915554 0.483282 0.378566
0.332401 0.821407 0.119549
0.287040 0.163523 0.193513
0.437664 0.861613 0.157449
0.505451 0.835108 0.505367
0.709418 0.353241 0.308801
0.808756 0.901494 0.112395
0.752805 0.476371 0.353894
0.742812 0.540216 0.361479
0.201561 0.726674 0.423602
0.582452 0.863399 0.953567
0.983213 0.355788 0.752499
0.451353 0.859228 0.809467
0.625607 0.607195 0.283270
0.362157 0.872256 0.428515
0.140200 0.255407 0.632410
0.571638 0.679488 0.051669
0.500638 0.691899 0.684409
0.780872 0.438049 0.417357
0.083322 0.214937 0.751995
0.420370 0.528889 0.470905
0.055950 0.873363 0.831882
0.221685 0.886974 0.681302
0.457751 0.038727 0.315682
0.883849 0.774006 0.320047
0.535857 0.407832 0.175751
0.817100 0.921220 0.530411
0.543418 0.995572 0.643603
0.167898 0.753975 0.298140
0.136165 0.743541 0.049375
0.378118 0.822505 0.665522
0.051360 0.786972 0.029102
0.947595 0.737339 0.431534
0.352051 0.415654 0.742363
0.798730 0.011614 0.287691
0.620888 0.276962 0.636930
0.829612 0.551194 0.639151
0.439187 0.820715 0.082487
0.268057 0.148054 0.727546
0.885098 0.705395 0.432300
0.096763 0.734490 0.434558
0.223945 0.570475 0.278510
0.123015 0.084722 0.787944
0.697469 0.497325 0.095150
0.316444 0.309574 0.075115
0.580806 0.255902 0.901993
0.163699 0.222099 0.498983
0.938444 0.878563 0.701788
0.209432 0.760075 0.240041
0.104970 0.940641 0.004952
0.484388 0.844266 0.366299
0.820941 0.391688 0.514402
0.334051 0.480668 0.518995
0.437030 0.640425 0.886343
0.492755 0.855744 0.389216
0.005151 0.636086 0.292694
0.465155 0.374829 0.150348
0.300555 0.278153 0.364077
0.482915 0.972354 0.372318
0.808357 0.411288 0.118629
0.446359 0.278639 0.147408
0.134123 0.779971 0.061005
0.448253 0.878109 0.620466
0.754476 0.466128 0.210474
0.339706 0.314378 0.355421
0.512737 0.012015 0.263229
0.160572 0.864827 0.748446
0.104495 0.528926 0.395635
0.467895 0.762914 0.145344
0.567958 0.754509 0.684506
0.106734 0.732311 0.600849
0.338148 0.460122 0.381590
0.936834 0.073080 0.660436
0.661185 0.096157 0.275904
0.659755 0.663137 0.715682
0.602505 0.315797 0.495016
0.425711 0.221861 0.636830
0.605606 0.894186 0.197240
0.133874 0.367237 0.559257
0.326607 0.250752 0.988667
0.440835 0.885384 0.605966
0.090011 0.260428 0.278563
0.362592 0.293610 0.289274
0.464282 0.182164 0.052520
0.772391 0.735389 0.077639
0.746245 0.519697 0.417313
0.110746 0.479558 0.536432
0.015961 0.464052 0.305908
0.428990 0.303790 0.694050
0.302113 0.626948 0.894926
0.137653 0.110978 0.710410
0.168927 0.619382 0.233057
0.415817 0.721370 0.946250
0.527054 0.662927 0.980864
0.726137 0.407227 0.618424
0.212815 0.276248 0.559152
0.090644 0.814627 0.123380
0.486396 0.805072 0.625743
0.746343 0.928546 0.156109
0.081638 0.055496 0.782443
0.319191 0.835742 0.782553
0.019672 0.037161 0.873099
0.699588 0.304567 0.876970
0.591997 0.979707 0.345469
0.312637 0.783687 0.633110
0.865959 0.169779 0.575875
0.687588 0.667126 0.398876
0.701765 0.109799 0.467534
0.535608 0.591877 0.452873
0.587841 0.594604 0.979338
0.102721 0.661349 0.708314
0.206984 0.420003 0.701158
0.700876 0.878500 0.046076
0.658352 0.623309 0.022384
0.942457 0.300290 0.926677
0.799900 0.012268 0.752912
0.870677 0.358620 0.632827
0.983256 0.523421 0.116510
0.706541 0.059989 0.770748
0.438657 0.674295 0.474771
0.336389 0.734108 0.723870
0.370189 0.072829 0.787720
0.975671 0.225695 0.129294
0.303182 0.247479 0.147944
0.311459 0.398554 0.575170
0.634798 0.673388 0.573227
0.262238 0.738025 0.268182
0.192721 0.517210 0.464675
0.243994 0.948428 0.555265
0.697133 0.484809 0.338219
0.109603 0.464471 0.934728
0.596185 0.752443 0.555275
0.124568 0.743917 0.992210
0.491367 0.129501 0.714266
0.521031 0.831991 0.747395
0.526921 0.080133 0.923347
0.736092 0.192673 0.300514
0.310287 0.588596 0.128756
0.783601 0.421048 0.352286
0.793670 0.686180 0.858669
0.801158 0.770900 0.180728
0.306661 0.069386 0.951784
0.921647 0.291220 0.940579
0.916330 0.272544 0.632452
0.364855 0.779929 0.883330
0.507622 0.410490 0.616104
0.591657 0.117192 0.935714
0.316342 0.472644 0.289181
0.620662 0.676214 0.293823
0.719444 0.080483 0.542122
0.049785 0.347934 0.365350
0.766029 0.298087 0.043841
0.390901 0.102964 0.798045
0.076736 0.784776 0.856263
0.366961 0.136134 0.096403
0.586110 0.558555 0.710609
0.001612 0.052734 0.018340
0.681724 0.897030 0.344572
0.231721 0.340486 0.760168
0.526326 0.292691 0.539510
0.840721 0.227353 0.013867
0.325262 0.399696 0.889226
0.712035 0.473741 0.556799
0.265656 0.304809 0.932439
0.089837 0.913607 0.720246
0.945489 0.976159 0.706755
0.498299 0.671010 0.195508
0.766175 0.227261 0.822911
0.925619 0.932237 0.899230
0.793077 0.460128 0.660584
0.070251 0.196483 0.676843
0.939279 0.355506 0.968190
0.020900 0.310316 0.833010
0.877601 0.046487 0.196374
0.420315 0.337704 0.270933
0.494722 0.605627 0.030093
0.239490 0.614202 0.127104
0.848310 0.941980 0.368332
0.561205 0.346681 0.146045
0.910458 0.135719 0.636455
0.990984 0.785599 0.575271
0.618907 0.768737 0.935683
0.369852 0.134054 0.079085
0.006999 0.490826 0.732374
0.397959 0.988160 0.390683
0.141728 0.380230 0.164267
0.320401 0.964611 0.830023
0.635690 0.473223 0.728910
0.005959 0.563516 0.291364
0.545628 0.000732 0.736555
0.241617 0.698454 0.966322
0.822071 0.432129 0.195203
0.826297 0.187566 0.094441
0.592044 0.732387 0.922267
0.891429 0.161208 0.565556
0.872200 0.814295 0.948157
0.220011 0.816663 0.853447
0.081380 0.888074 0.509703
0.070402 0.582318 0.202452
0.652584 0.137315 0.266936
0.238520 0.952996 0.696916
0.923085 0.764908 0.449103
0.279856 0.437209 0.703218
0.971880 0.558462 0.830407
0.897888 0.877749 0.308983
0.452687 0.720345 0.395627
0.219321 0.057512 0.199242
0.423557 0.477762 0.138822
0.964693 0.184027 0.530468
0.541172 0.665693 0.893329
0.769622 0.945837 0.367901
0.228068 0.503747 0.800318
0.700979 0.806140 0.983402
0.936755 0.565925 0.366007
0.089977 0.188089 0.047423
0.535582 0.562286 0.108446
0.903081 0.212563 0.469712
0.053171 0.382969 0.683631
0.503516 0.742568 0.591747
0.218759 0.053458 0.908653
0.402506 0.027497 0.556825
0.015420 0.907187 0.847853
0.905485 0.247502 0.543595
0.937519 0.147546 0.902897
0.933033 0.095742 0.281841
0.503323 0.295642 0.192843
0.529688 0.356577 0.673938
0.688621 0.672694 0.637240
0.550271 0.542792 0.489115
0.813603 0.277208 0.473559
0.938735 0.255026 0.685272
0.488797 0.858633 0.844760
0.433951 0.732746 0.623748
0.445966 0.114476 0.247214
0.016855 0.616029 0.970082
0.821980 0.992384 0.414080
0.393333 0.828021 0.694813
0.804840 0.233327 0.191977
0.336071 0.209525 0.030769
0.991993 0.327316 0.391817
0.312290 0.118079 0.052629
0.099386 0.226566 0.092202
0.584291 0.569326 0.448746
0.180877 0.149588 0.806920
0.356105 0.037838 0.283913
0.546501 0.472769 0.934673
0.462347 0.378970 0.430728
0.489394 0.799982 0.978928
0.160658 0.239313 0.676153
0.148225 0.792382 0.751685
0.096539 0.552189 0.976835
0.505367 0.138087 0.962684
0.718179 0.921164 0.375591
0.075179 0.619464 0.608494
0.840687 0.066883 0.622483
0.424492 0.097220 0.260760
0.655038 0.893954 0.812590
0.944978 0.043755 0.557941
0.201523 0.225282 0.247329
0.648581 0.484311 0.957677
0.138960 0.925260 0.097188
0.934943 0.423207 0.637561
0.305189 0.445883 0.744284
0.936953 0.501272 0.296923
0.783916 0.358556 0.425257
0.268287 0.873100 0.744332
0.924115 0.396357 0.210938
0.302298 0.702433 0.435741
0.241505 0.714919 0.871463
0.870663 0.000509 0.119895
0.968239 0.327285 0.363117
0.465716 0.156179 0.761634
0.536353 0.905316 0.763916
0.165833 0.194570 0.543439
0.060343 0.571125 0.044411
0.823572 0.666868 0.323666
0.578262 0.198274 0.589868
0.818228 0.224836 0.121244
0.589216 0.712658 0.200712
0.394702 0.253184 0.342294
0.767766 0.300262 0.108161
0.215116 0.891911 0.317400
0.607315 0.937920 0.793717
0.561818 0.697819 0.262205
0.208055 0.002006 0.112903
0.707299 0.177725 0.921047
0.930473 0.623769 0.920096
0.382072 0.002132 0.686917
0.487913 0.296321 0.437604
0.721510 0.165069 0.899113
0.584900 0.446662 0.314297
0.704944 0.013166 0.920879
0.231759 0.025663 0.411334
0.309450 0.778608 0.389081
0.233444 0.299636 0.739260
0.062181 0.150255 0.982648
0.977735 0.500770 0.807413
0.264523 0.113544 0.686220
0.269291 0.682640 0.275301
0.404381 0.555569 0.418337
0.646508 0.479734 0.712991
0.650826 0.421781 0.467159
0.606550 0.335993 0.908740
0.035318 0.094931 0.990540
0.422840 0.020265 0.650121
0.393828 0.508965 0.931533
0.038734 0.489886 0.445374
0.434270 0.320804 0.509296
0.846989 0.532967 0.381773
0.274286 0.074404 0.105518
0.083901 0.426969 0.626049
0.350095 0.622324 0.717426
0.119827 0.840696 0.635781
0.729164 0.463083 0.652290
0.276485 0.898561 0.877350
0.726670 0.673984 0.481604
0.212668 0.445183 0.208496
0.948631 0.549756 0.966643
0.661100 0.646331 0.759829
0.684627 0.910362 0.059079
0.211804 0.624038 0.213841
0.815832 0.892300 0.841235
0.337100 0.531352 0.420228
0.212399 0.040027 0.392456
0.153761 0.982595 0.732524
0.171111 0.814046 0.883864
0.060019 0.488908 0.100100
0.680620 0.736979 0.078939
0.905604 0.194731 0.054915
0.119621 0.317261 0.589950
0.782093 0.111328 0.704504
0.659651 0.586126 0.134772
0.387219 0.136234 0.461389
0.438702 0.001105 0.013638
0.361072 0.056615 0.068108
0.778432 0.369503 0.000463
0.919790 0.175906 0.200546
0.490382 0.592661 0.269935
0.237484 0.993366 0.749810
0.521265 0.077623 0.380439
0.978348 0.484929 0.314934
0.768647 0.218964 0.340135
0.682961 0.521576 0.165312
0.234559 0.794378 0.680925
0.969789 0.428278 0.172219
0.832659 0.635686 0.138454
0.062927 0.809948 0.476866
0.084107 0.878553 0.864327
0.181684 0.912923 0.852369
0.959544 0.595747 0.783556
0.032004 0.003791 0.447153
0.030131 0.763351 0.733599
0.670978 0.258532 0.210838
0.636480 0.570836 0.519421
0.422100 0.012675 0.061931
0.805917 0.512712 0.248445
0.951272 0.688524 0.884790
0.844476 0.953576 0.777239
0.612997 0.474266 0.593581
0.874097 0.006948 0.619083
0.776852 0.063422 0.127889
0.378044 0.830336 0.076748
0.432474 0.468310 0.700757
0.443790 0.498555 0.353741
0.149243 0.202778 0.294157
0.894006 0.836372 0.196154
0.968102 0.812772 0.519631
0.348738 0.529122 0.403941
0.111748 0.570675 0.517040
0.087156 0.650031 0.752726
0.732755 0.529749 0.630637
0.664345 0.694175 0.811454
0.979433 0.416300 0.552584
0.988630 0.145318 0.761760
0.201753 0.685094 0.285557
0.476821 0.474610 0.672977
0.892072 0.408012 0.723850
0.717290 0.419786 0.224178
0.167400 0.697193 0.665865
0.072295 0.632229 0.634583
0.783951 0.167768 0.718753
0.008412 0.119476 0.270370
0.014515 0.295406 0.109046
0.117936 0.625070 0.104629
0.405227 0.052432 0.130041
0.615793 0.736981 0.635653
0.479086 0.479694 0.252724
0.415724 0.918877 0.327576
0.807767 0.128223 0.238506
0.366686 0.659488 0.871951
0.997249 0.742469 0.630826
0.881231 0.709679 0.802618
0.344215 0.305580 0.248603
0.640974 0.306017 0.071710
0.413103 0.459851 0.427730
0.618316 0.520812 0.472658
0.323347 0.567416 0.285752
0.464714 0.674142 0.563759
0.132423 0.467195 0.508755
0.719431 0.326703 0.821734
0.034621 0.361053 0.061913
0.067656 0.505973 0.103333
0.603572 0.057920 0.302681
0.007421 0.431813 0.275019
0.902596 0.165555 0.775046
0.304176 0.004034 0.235380
0.850543 0.074969 0.410395
0.637533 0.335390 0.390405
0.590739 0.446263 0.226707
0.475432 0.299046 0.762058
0.696802 0.304868 0.579818
0.134979 0.389673 0.772639
0.843062 0.031627 0.049649
0.217475 0.408785 0.871630
0.934302 0.338733 0.724685
0.400041 0.514335 0.366804
0.423037 0.436706 0.325953
0.095726 0.308611 0.421842
0.051186 0.650742 0.558455
0.005193 0.946276 0.377854
0.118529 0.599981 0.274339
0.892509 0.778699 0.800016
0.178774 0.628858 0.683062
0.060865 0.721111 0.828357
0.891813 0.546115 0.412440
0.832540 0.233931 0.767481
0.465025 0.498979 0.250220
0.632624 0.527178 0.985019
0.204118 0.269574 0.702107
0.446367 0.672314 0.231025
0.556797 0.604228 0.720940
0.067504 0.537076 0.809041
0.382364 0.403063 0.992647
0.660935 0.458405 0.133755
0.793134 0.091472 0.888286
0.042213 0.020602 0.287600
0.638179 0.328397 0.434326
0.795739 0.337837 0.687488
0.800603 0.786831 0.135694
0.110665 0.350611 0.549852
0.814801 0.698302 0.490248
0.553775 0.605375 0.858539
0.087325 0.700900 0.301705
0.867039 0.111688 0.305054
0.558837 0.339950 0.622444
0.788006 0.437727 0.664177
0.214344 0.415934 0.894749
0.968603 0.334679 0.414471
0.642405 0.471481 0.861027
0.628848 0.976376 0.058367
0.325026 0.240137 0.566329
0.461333 0.628856 0.340980
0.067056 0.029445 0.265550
0.532743 0.839079 0.401616
0.300966 0.923821 0.769149
0.067942 0.548835 0.017988
0.354280 0.931108 0.809398
0.895434 0.940101 0.110228
0.150837 0.081699 0.147262
0.211411 0.244442 0.078191
0.294300 0.769658 0.819983
0.240115 0.748787 0.586457
0.817946 0.850041 0.854844
0.384714 0.927625 0.800807
0.305024 0.995868 0.908288
0.221370 0.513510 0.351410
0.925363 0.128202 0.047303
0.706483 0.659536 0.023821
0.930578 0.541600 0.168605
0.130362 0.554202 0.522103
0.786596 0.511318 0.519003
0.169816 0.059205 0.185631
0.801915 0.044960 0.058152
0.084909 0.728514 0.825935
0.597028 0.887879 0.794430
0.923042 0.431395 0.659138
0.883931 0.688034 0.767845
0.533488 0.896056 0.614346
0.481914 0.691913 0.356812
0.270684 0.748522 0.420514
0.656198 0.260503 0.977408
0.233401 0.737392 0.773703
0.797118 0.210973 0.224312
0.628138 0.688407 0.152621
0.815063 0.136198 0.285891
0.161101 0.605890 0.567747
0.613427 0.987903 0.657106
0.814506 0.815040 0.309771
0.881033 0.943740 0.687950
0.271562 0.973615 0.576993
0.453392 0.390366 0.837708
0.022231 0.159820 0.498669
0.228806 0.605606 0.506021
0.456379 0.889217 0.761651
0.403128 0.901941 0.803386
0.571053 0.912984 0.666712
0.448046 0.742281 0.590248
0.979165 0.535306 0.202657
0.821445 0.028913 0.747700
0.927320 0.649879 0.734008
0.763152 0.227371 0.451163
0.534094 0.955067 0.722735
0.167369 0.142778 0.472672
0.937413 0.060993 0.362177
0.639477 0.719609 0.197797
0.421373 0.074536 0.802193
0.831476 0.022301 0.201703
0.099594 0.432955 0.915363
0.105667 0.101280 0.918340
0.853517 0.249035 0.714033
0.477675 0.756686 0.192228
0.426276 0.278399 0.314654
0.537287 0.165396 0.248249
0.705669 0.026213 0.165351
0.380603 0.683572 0.399908
0.647296 0.397778 0.703341
0.939907 0.490546 0.823058
0.038925 0.689187 0.096121
0.260084 0.826521 0.796282
0.021658 0.836746 0.397143
0.365748 0.363688 0.579686
0.350534 0.487188 0.748274
0.505438 0.784316 0.239356
0.106150 0.048339 0.017793
0.425273 0.001611 0.856687
0.446187 0.304101 0.211062
0.353017 0.948785 0.141439
0.295348 0.422623 0.041257
0.615628 0.913535 0.392519
0.011728 0.587491 0.655538
0.615897 0.571748 0.642109
0.403541 0.376109 0.098741
0.984143 0.057375 0.740745
0.656860 0.767830 0.093847
0.159807 0.823325 0.102705
0.650642 0.067286 0.969190
0.192063 0.323497 0.808412
0.218049 0.700859 0.517141
0.406127 0.622835 0.861777
0.556927 0.057472 0.567370
0.487472 0.032223 0.415484
0.820749 0.308212 0.719026
0.134935 0.367748 0.749778
0.429731 0.415827 0.900087
0.458877 0.142185 0.815141
0.249599 0.542358 0.802783
0.479850 0.513202 0.832834
0.969125 0.159638 0.201441
0.041683 0.293180 0.528877
0.895468 0.256320 0.919346
0.899753 0.100541 0.954919
0.388266 0.480812 0.406612
0.760760 0.146063 0.630186
0.645720 0.592287 0.108970
0.099243 0.377884 0.606946
0.150619 0.162465 0.558035
0.125172 0.509079 0.146954
0.618299 0.011495 0.678642
0.112583 0.303188 0.215937
0.837814 0.842862 0.381379
0.560525 0.747468 0.850908
0.388428 0.765460 0.802400
0.256230 0.322651 0.111394
0.388609 0.562668 0.313693
0.752924 0.001362 0.626785
0.873394 0.197202 0.946556
0.031112 0.280665 0.018860
0.620801 0.197857 0.091249
0.456316 0.848600 0.113373
0.707814 0.181458 0.896332
0.946551 0.516438 0.190447
0.400748 0.656599 0.990080
0.263893 0.034396 0.727059
0.962203 0.201840 0.105253
0.376358 0.864207 0.911193
0.371332 0.138393 0.415805
0.342302 0.122777 0.187787
0.976534 0.033704 0.402554
0.112821 0.481266 0.850418
0.434185 0.527941 0.342545
0.502951 0.177294 0.681842
0.213945 0.667845 0.917042
0.606494 0.506320 0.372619
0.873435 0.263084 0.715189
0.463786 0.343173 0.822005
0.180812 0.825916 0.928173
0.804652 0.576374 0.081348
0.071151 0.130155 0.393187
0.641739 0.721348 0.888149
0.546668 0.900268 0.400580
0.307721 0.321992 0.373339
0.813920 0.046957 0.709624
0.644196 0.099502 0.819045
0.418315 0.523962 0.756145
0.408471 0.733618 0.279366
0.131198 0.413445 0.249605
0.860259 0.183991 0.538337
0.323704 0.887741 0.760339
0.729898 0.609623 0.720686
0.492862 0.442123 0.016224
0.535187 0.729389 0.920819
0.282045 0.803040 0.394628
0.482720 0.763646 0.401525
0.926656 0.537240 0.128713
0.531517 0.002125 0.110645
0.550174 0.927090 0.067498
0.256361 0.422699 0.800164
0.765136 0.013280 0.342297
0.689166 0.070909 0.362324
0.565434 0.606118 0.541249
0.780791 0.564395 0.971903
0.730864 0.683685 0.717676
0.081634 0.874097 0.884392
0.668849 0.588303 0.208273
0.984711 0.071164 0.756700
0.994744 0.140497 0.586085
0.127660 0.636812 0.096136
0.755011 0.873365 0.693614
0.083950 0.734756 0.465839
0.266195 0.930067 0.358318
0.983886 0.953279 0.254264
0.083788 0.817642 0.685642
0.843027 0.202514 0.472388
0.632924 0.321713 0.906645
0.113061 0.032161 0.560756
0.456936 0.901733 0.945539
0.245240 0.320542 0.069703
0.425464 0.594461 0.202322
0.205235 0.166292 0.325893
0.114664 0.409123 0.090483
0.054505 0.945403 0.793185
0.421049 0.298532 0.633367
0.582147 0.168987 0.493595
0.332563 0.930188 0.331022
0.181426 0.699468 0.310358
0.708465 0.506618 0.857506
0.029444 0.960701 0.685102
0.710550 0.940598 0.242057
0.688121 0.339350 0.621540
0.113089 0.473354 0.269142
0.176466 0.649809 0.758433
0.160238 0.863170 0.769023
0.350967 0.359218 0.996806
0.779724 0.498523 0.254839
0.168887 0.590497 0.960892
0.958993 0.667665 0.580019
0.482307 0.198511 0.359165
0.551987 0.094299 0.081922
0.071447 0.043725 0.085662
0.364110 0.993011 0.880441
0.725244 0.086568 0.829484
0.962560 0.605366 0.267376
0.749393 0.109286 0.457545
0.180780 0.875422 0.970304
0.976817 0.830351 0.602121
0.806883 0.319265 0.084481
0.820418 0.811371 0.177971
0.245162 0.935059 0.930550
0.816171 0.572771 0.364699
0.692817 0.122534 0.872137
0.130644 0.525907 0.015485
0.668724 0.550065 0.515689
0.349181 0.926139 0.494675
0.700494 0.854852 0.011557
0.966668 0.960479 0.128916
0.708450 0.229712 0.139923
0.114480 0.957797 0.488479
0.751840 0.267140 0.346406
0.777988 0.207800 0.089425
0.060407 0.759835 0.235795
0.811661 0.764553 0.057144
0.277633 0.066855 0.180087
0.055844 0.059296 0.460017
0.838789 0.884316 0.515800
0.196293 0.463535 0.602516
0.709169 0.183992 0.189679
0.859221 0.515604 0.774710
0.949818 0.442397 0.108003
0.692484 0.717903 0.570636
0.451717 0.765131 0.274677
0.506171 0.797974 0.566223
0.919989 0.159227 0.737419
0.724794 0.233945 0.873443
0.390846 0.346130 0.377654
0.103313 0.084513 0.524025
0.681608 0.851568 0.445745
0.569308 0.210513 0.002571
0.265178 0.606205 0.978643
0.642318 0.165389 0.185745
0.922353 0.003743 0.049873
0.377978 0.140100 0.020519
0.905744 0.161336 0.088833
0.512689 0.302746 0.572876
0.038389 0.967680 0.186842
0.916575 0.006846 0.862118
0.412996 0.268074 0.686097
0.117782 0.930996 0.118868
0.194620 0.859412 0.445399
0.525274 0.930869 0.556789
0.210482 0.637659 0.005403
0.048704 0.506981 0.415970
0.563749 0.541474 0.218501
0.242414 0.302713 0.638892
0.888449 0.079415 0.401880
0.958670 0.739429 0.829416
0.461511 0.989278 0.778875
0.824242 0.647892 0.558949
0.676007 0.274562 0.316880
0.493807 0.848010 0.548838
0.545445 0.983557 0.193382
0.918239 0.967806 0.337106
0.592665 0.134915 0.791937
0.432884 0.618609 0.861340
0.042284 0.787578 0.840796
0.584255 0.620225 0.886613
0.702011 0.153224 0.357893
0.887471 0.440481 0.794018
0.928992 0.456061 0.766847
0.386468 0.528562 0.023265
0.309491 0.818485 0.613564
0.682224 0.394476 0.747921
0.751751 0.749628 0.115288
0.639027 0.415523 0.567484
0.595399 0.188256 0.948417
0.641098 0.096453 0.298270
0.153417 0.250533 0.914444
0.063901 0.642512 0.724430
0.834009 0.633178 0.327579
0.650244 0.735937 0.058367
0.957009 0.231974 0.997370
0.022898 0.313098 0.021446
0.564109 0.697451 0.508833
0.405444 0.206929 0.410895
0.126878 0.291201 0.859865
0.951397 0.328015 0.711881
0.359342 0.556802 0.926440
0.019029 0.684912 0.137254
0.688240 0.675605 0.470619
0.209569 0.103929 0.108231
0.798677 0.211528 0.279367
0.707468 0.590316 0.889287
0.417720 0.118879 0.451467
0.518568 0.267381 0.580579
0.871479 0.241335 0.748343
0.636357 0.563319 0.154973
0.870859 0.603563 0.890942
0.722870 0.464354 0.487529
0.404072 0.696650 0.014188
0.337801 0.098680 0.671124
0.529340 0.060920 0.102758
0.094767 0.143223 0.132948
0.701226 0.679791 0.422671
0.346180 0.383097 0.664465
0.435836 0.544438 0.155237
0.640860 0.182519 0.907481
0.636678 0.359552 0.894488
0.902070 0.492112 0.841464
0.686616 0.164122 0.090756
0.841705 0.768174 0.212046
0.094653 0.368498 0.658874
0.275733 0.832220 0.432767
0.442328 0.275133 0.209298
0.733224 0.450321 0.674428
0.944689 0.366390 0.081877
0.300760 0.860047 0.125412
0.759801 0.880143 0.027997
0.543098 0.268784 0.854330
0.559394 0.555746 0.212280
0.849777 0.172109 0.000828
0.721705 0.455699 0.882974
0.184218 0.511740 0.014960
0.494747 0.696481 0.964086
0.216352 0.812231 0.281202
0.695555 0.013145 0.383353
0.143935 0.403236 0.730289
0.345755 0.515779 0.497341
0.138439 0.317077 0.197250
0.430954 0.895678 0.579793
0.580878 0.952909 0.899887
0.345661 0.561326 0.613393
0.232940 0.753221 0.882770
0.387701 0.400084 0.587748
0.550578 0.626349 0.969313
0.200485 0.785923 0.056979
0.914002 0.337765 0.669642
0.034457 0.505484 0.845758
0.617900 0.174591 0.054767
0.494139 0.826762 0.588747
0.669092 0.927038 0.216104
0.922726 0.441334 0.143905
0.702103 0.088773 0.116266
0.300853 0.648104 0.618666
0.790050 0.024876 0.484446
0.673318 0.414113 0.298156
0.842174 0.933643 0.029035
0.022021 0.889348 0.486110
0.256082 0.473344 0.117899
0.215702 0.235307 0.745549
0.143312 0.608817 0.400367
0.908180 0.910097 0.451208
0.104629 0.815207 0.200130
0.415760 0.829252 0.866063
0.070650 0.818061 0.942960
0.212550 0.701366 0.438384
0.283862 0.113093 0.485615
0.622680 0.774581 0.947851
0.458983 0.915618 0.540832
0.986393 0.569154 0.306488
0.188210 0.971238 0.614349
0.219726 0.101004 0.544021
0.712661 0.838609 0.502627
0.791116 0.830987 0.911731
0.902298 0.047203 0.753470
0.356758 0.386321 0.604592
0.278573 0.655537 0.226269
0.395145 0.012256 0.088121
0.028518 0.364662 0.810569
0.774773 0.320541 0.461686
0.151104 0.106016 0.194083
0.353604 0.402229 0.135820
0.860120 0.905236 0.531907
0.994696 0.957010 0.704543
0.504311 0.439410 0.944335
0.959212 0.461844 0.449994
0.036652 0.380706 0.690993
0.598367 0.086800 0.899742
0.422745 0.632203 0.369189
0.274145 0.260538 0.654118
0.336597 0.480330 0.231801
0.038162 0.498700 0.476695
0.760586 0.481716 0.263386
0.010157 0.193859 0.735553
0.818747 0.457863 0.761796
0.082700 0.129777 0.160981
0.282655 0.811046 0.536069
0.495385 0.715115 0.055059
0.391622 0.154799 0.737956
0.962916 0.534790 0.212801
0.596286 0.213411 0.321374
0.083047 0.897578 0.460700
0.804311 0.622188 0.275693
0.711329 0.662142 0.820977
0.167529 0.286479 0.888250
0.640041 0.444292 0.308827
0.022320 0.740632 0.058126
0.655220 0.995206 0.627539
0.627862 0.432393 0.219444
0.706959 0.567626 0.478904
0.690875 0.694773 0.236614
0.068555 0.765686 0.253449
0.844392 0.917850 0.761834
0.763641 0.011597 0.546375
0.518569 0.732552 0.630316
0.486585 0.266530 0.714106
0.607430 0.198514 0.998090
0.093638 0.803103 0.984252
0.603788 0.295582 0.477399
0.010217 0.032066 0.021761
0.022989 0.958508 0.709891
0.439305 0.922728 0.655720
0.193930 0.664601 0.440392
0.161301 0.443183 0.641421
0.951282 0.008405 0.776209
0.362860 0.289922 0.477401
0.254331 0.751667 0.324780
0.555844 0.617156 0.177207
0.731900 0.162401 0.024689
0.964072 0.897463 0.777518
0.884963 0.413453 0.183023
0.582160 0.945223 0.312747
0.498967 0.025077 0.111660
0.841296 0.723669 0.576277
0.158148 0.110742 0.910260
0.686200 0.572489 0.086993
0.725186 0.537239 0.342567
0.367177 0.055413 0.225714
0.866725 0.466704 0.008135
0.204549 0.739104 0.999147
0.471110 0.939318 0.772569
0.028416 0.360771 0.681533
0.015051 0.295057 0.920017
0.264481 0.071288 0.566140
0.225035 0.957830 0.371920
0.924226 0.631185 0.774242
0.755736 0.134883 0.186442
0.657154 0.348093 0.442840
0.233989 0.506311 0.045556
0.144008 0.398507 0.314819
0.255922 0.470527 0.607689
0.334862 0.928003 0.843725
0.349630 0.223526 0.854304
0.052086 0.917456 0.832526
0.887823 0.346133 0.613771
0.508764 0.384983 0.913116
0.925593 0.633176 0.058332
0.569484 0.215281 0.545439
0.691134 0.371188 0.358493
0.766606 0.001233 0.304735
0.192411 0.701372 0.380748
0.949195 0.572851 0.271958
0.924089 0.299033 0.459536
0.888171 0.338993 0.759157
0.010627 0.054430 0.353116
0.334810 0.831998 0.786251
0.462159 0.864514 0.978164
0.484270 0.976632 0.679594
0.870565 0.189536 0.531950
0.579041 0.403907 0.695716
0.638790 0.865617 0.088123
0.562722 0.377091 0.172661
0.706355 0.645855 0.610473
0.182974 0.680810 0.380821
0.176950 0.028657 0.693744
0.155134 0.170563 0.116889
0.074430 0.211284 0.530127
0.501361 0.553769 0.966674
0.184988 0.819423 0.986363
0.606047 0.663663 0.805381
0.080123 0.146524 0.575585
0.220192 0.135355 0.648851
0.496482 0.414627 0.709972
0.122204 0.196338 0.382834
0.476708 0.293319 0.867022
0.307873 0.752140 0.199054
0.747674 0.077176 0.472234
0.014586 0.235745 0.842076
0.447183 0.948423 0.605634
0.203706 0.371336 0.175717
0.191368 0.236865 0.667028
0.489632 0.149180 0.001242
0.675365 0.619864 0.514708
0.387178 0.242172 0.585268
0.494992 0.455714 0.812102
0.142871 0.634879 0.495775
0.706841 0.454461 0.279630
0.654842 0.940967 0.275791
0.814536 0.054974 0.558843
0.638336 0.762438 0.793937
0.807839 0.920847 0.139780
0.145167 0.455069 0.633185
0.640515 0.249712 0.820614
0.053152 0.519169 0.639439
0.622842 0.938181 0.738138
0.803407 0.931795 0.197446
0.732222 0.155582 0.103267
0.862671 0.457662 0.091269
0.466170 0.197321 0.770681
0.516517 0.604248 0.935893
0.720971 0.196889 0.478376
0.966132 0.598468 0.980628
0.053945 0.937981 0.540832
0.584826 0.328414 0.408904
0.939876 0.138382 0.338784
0.753331 0.685305 0.501268
0.717239 0.541739 0.008521
0.218132 0.782956 0.413178
0.835658 0.430334 0.433004
0.905924 0.174744 0.537941
0.132856 0.496130 0.221237
0.968980 0.799560 0.218871
0.224304 0.459718 0.779572
0.613255 0.809627 0.066638
0.668150 0.624354 0.648816
0.976053 0.254627 0.049157
0.584896 0.045985 0.114341
0.456293 0.274078 0.728556
0.712388 0.196295 0.133373
0.572453 0.002073 0.050256
0.512619 0.079904 0.213665
0.251848 0.700344 0.216660
0.204653 0.410965 0.063497
0.520592 0.084880 0.950647
0.622690 0.704655 0.877781
0.116927 0.570212 0.821227
0.395001 0.313345 0.050271
0.768006 0.087114 0.541727
0.011526 0.525043 0.641265
0.571882 0.457690 0.314008
0.523543 0.505635 0.591085
0.752854 0.292231 0.855967
0.123781 0.871334 0.383818
0.612478 0.280698 0.209095
0.881064 0.090399 0.206516
0.727720 0.870601 0.701963
0.768783 0.770351 0.350585
0.755403 0.091472 0.466503
0.598561 0.228386 0.813543
0.070368 0.547536 0.588627
0.437618 0.557141 0.442122
0.172961 0.323116 0.191069
0.772720 0.618430 0.394230
0.610045 0.788166 0.608360
0.176417 0.841560 0.306726
0.595679 0.302333 0.772151
0.293750 0.882922 0.587168
0.182367 0.658355 0.785560
0.555400 0.403631 0.311653
0.550191 0.999880 0.635119
0.193980 0.740621 0.242411
0.485998 0.610118 0.013897
0.935637 0.488403 0.325443
0.488624 0.962142 0.571292
0.547019 0.991666 0.941087
0.593776 0.221362 0.187685
0.077647 0.666939 0.614574
0.594392 0.524054 0.548572
0.243481 0.691415 0.380223
0.298092 0.269353 0.342322
0.195390 0.504073 0.333225
0.754683 0.866576 0.201241
0.676139 0.411050 0.992758
0.754632 0.627977 0.153377
0.128734 0.137297 0.526868
0.257681 0.204561 0.134971
0.844060 0.554653 0.707019
0.322802 0.364866 0.763549
0.896322 0.609400 0.447263
0.174638 0.194685 0.486728
0.176571 0.134967 0.502014
0.238639 0.136453 0.186141
0.763819 0.174068 0.811071
0.399274 0.587185 0.944902
0.571769 0.290294 0.333902
0.164814 0.309453 0.164716
0.047691 0.657401 0.653397
0.207872 0.677513 0.954430
0.398914 0.525759 0.391717
0.065073 0.126243 0.572221
0.760653 0.243485 0.413536
0.581352 0.317665 0.261739
0.704567 0.902245 0.473935
0.548309 0.557020 0.032162
0.166805 0.220783 0.779827
0.585953 0.406326 0.376240
0.673609 0.528699 0.724465
0.756642 0.435981 0.156403
0.879543 0.636897 0.345479
0.458813 0.184439 0.881633
0.018007 0.422534 0.611622
0.115247 0.408585 0.771792
0.610042 0.242473 0.431192
0.442755 0.023567 0.722886
0.812411 0.254191 0.481439
0.341951 0.798619 0.654215
0.236297 0.217747 0.343993
0.310327 0.700748 0.297928
0.838592 0.539469 0.346726
0.603587 0.237750 0.348477
0.406392 0.665941 0.894118
0.927521 0.810453 0.075788
0.126959 0.080420 0.061889
0.976300 0.617741 0.100846
0.997502 0.426674 0.356492
0.303454 0.434877 0.582709
0.359781 0.940810 0.853925
0.215640 0.993368 0.688224
0.145967 0.615367 0.526548
0.932204 0.142837 0.139034
0.481524 0.183448 0.566312
0.416098 0.918808 0.536808
0.943710 0.959653 0.905148
0.155017 0.886686 0.827323
0.945785 0.306121 0.828191
0.550138 0.230143 0.805766
0.113660 0.281002 0.531773
0.919606 0.075277 0.656864
0.272665 0.383370 0.412505
0.726846 0.137718 0.048880
0.469210 0.896017 0.689411
0.864663 0.940707 0.282405
0.586655 0.596817 0.524013
0.203801 0.876508 0.362390
0.436510 0.569864 0.534782
0.013776 0.705725 0.173514
0.657962 0.577080 0.106490
0.376976 0.752419 0.099872
0.263428 0.306879 0.492617
0.760834 0.258729 0.529185
0.113512 0.390292 0.209609
0.274055 0.596790 0.041532
0.380694 0.549551 0.314146
0.422831 0.521802 0.224066
0.207234 0.493085 0.933786
0.610765 0.751164 0.735171
0.104459 0.866408 0.004738
0.299770 0.234931 0.505840
0.806297 0.862665 0.455759
0.690516 0.270472 0.282581
0.613211 0.293138 0.123194
0.517857 0.722422 0.712324
0.606950 0.091032 0.160185
0.575826 0.558768 0.761277
0.316904 0.912567 0.281771
0.111161 0.184143 0.998678
0.487054 0.444097 0.958896
0.585162 0.861879 0.669510
0.616484 0.422730 0.619499
0.683275 0.710109 0.091382
0.054472 0.521947 0.001986
0.793860 0.084698 0.172740
0.519056 0.055979 0.111609
0.495324 0.320036 0.593471
0.346792 0.350909 0.360267
0.762815 0.345328 0.933267
0.845617 0.078521 0.770440
0.007236 0.653492 0.770179
0.471990 0.099019 0.461683
0.334724 0.856307 0.983194
0.268079 0.266470 0.481194
0.486439 0.275753 0.793269
0.389959 0.980515 0.430881
0.737054 0.819634 0.786455
0.908688 0.832521 0.823401
0.714128 0.705984 0.089459
0.913834 0.316428 0.115556
0.035413 0.277701 0.310578
0.506263 0.267273 0.713080
0.695398 0.521166 0.626393
0.868669 0.974528 0.132074
0.768422 0.962686 0.460722
0.451095 0.573453 0.656227
0.921229 0.033601 0.770666
0.749073 0.134173 0.377951
0.727104 0.659326 0.289333
0.808255 0.229423 0.065497
0.450443 0.096074 0.076657
0.890224 0.432604 0.317943
0.045854 0.391732 0.874728
0.048892 0.689653 0.856352
0.295926 0.730426 0.612638
0.240097 0.789613 0.663344
0.413178 0.000751 0.101396
0.891689 0.105713 0.222442
0.154420 0.444026 0.647747
0.411136 0.560479 0.359110
0.698407 0.624549 0.644462
0.302133 0.494725 0.804159
0.383580 0.730256 0.430139
0.411546 0.425719 0.222398
0.843416 0.129231 0.873788
0.708864 0.469054 0.021005
0.289348 0.045987 0.389722
0.133605 0.005792 0.411789
0.723895 0.535424 0.802507
0.247185 0.866660 0.835799
0.216372 0.292401 0.665551
0.825103 0.332893 0.270765
0.742241 0.341537 0.171840
0.386822 0.392164 0.779252
0.792556 0.370498 0.074109
0.968303 0.766223 0.270693
0.083812 0.251307 0.573430
0.896779 0.698713 0.036836
0.580688 0.337996 0.719908
0.493985 0.550177 0.519934
0.724380 0.449683 0.232009
0.555760 0.190048 0.984005
0.958716 0.892075 0.756046
0.965664 0.054780 0.469816
0.277273 0.406753 0.651095
0.317391 0.837355 0.625022
0.608019 0.643996 0.046311
0.854955 0.984958 0.794610
0.469223 0.255646 0.381545
0.849321 0.559743 0.476592
0.326639 0.277689 0.320556
0.602438 0.585599 0.634565
0.339549 0.227648 0.143354
0.214519 0.310344 0.445397
0.731174 0.626506 0.302371
0.833221 0.109387 0.194434
0.177424 0.861921 0.480855
0.413317 0.962976 0.876979
0.569943 0.351026 0.247583
0.909770 0.381307 0.756383
0.941182 0.064397 0.788662
0.905811 0.839462 0.897285
0.913718 0.184332 0.580094
0.654389 0.615818 0.139519
0.867155 0.010750 0.886772
0.358933 0.854097 0.343172
0.450863 0.605977 0.003242
0.520874 0.785326 0.075172
0.130964 0.303855 0.957038
0.834275 0.410612 0.907970
0.345080 0.236777 0.656169
0.113014 0.083023 0.999448
0.324515 0.300114 0.061172
0.615941 0.138622 0.519024
0.911698 0.336810 0.665867
0.580033 0.979543 0.747019
0.493975 0.595994 0.278566
0.731115 0.871921 0.127710
0.954408 0.827558 0.565754
0.168673 0.264297 0.600963
0.320603 0.041534 0.553152
0.387144 0.096692 0.164855
0.709787 0.632303 0.632134
0.630818 0.730469 0.236786
0.181511 0.432950 0.064185
0.282118 0.365895 0.817964
0.813272 0.066491 0.124610
0.687572 0.002789 0.027635
0.047420 0.551591 0.116218
0.861678 0.471021 0.678352
0.416655 0.970966 0.163841
0.215596 0.436836 0.484350
0.365232 0.950098 0.012714
0.842459 0.710744 0.599067
0.530938 0.992382 0.918209
0.913536 0.129383 0.836309
0.466360 0.985032 0.076997
0.572407 0.066631 0.421372
0.047537 0.238479 0.250354
0.458471 0.904660 0.237895
0.064798 0.134177 0.241428
0.258384 0.944104 0.911989
0.432990 0.224715 0.425445
0.624634 0.145046 0.400612
0.732109 0.364318 0.713925
0.526353 0.329178 0.923278
0.455055 0.659010 0.760343
0.909449 0.252084 0.426991
0.735570 0.949831 0.842473
0.633351 0.977869 0.358585
0.362300 0.031690 0.314204
0.060064 0.686478 0.875796
0.671545 0.032913 0.862895
0.954356 0.705464 0.397130
0.309812 0.073210 0.552244
0.778484 0.713143 0.624829
0.871259 0.101830 0.708691
0.890442 0.776156 0.471203
0.855282 0.484429 0.744138
0.590309 0.070116 0.345166
0.255811 0.685915 0.063085
0.733024 0.927214 0.766640
0.312988 0.395396 0.291586
0.953352 0.497651 0.306646
0.415487 0.000091 0.268938
0.790861 0.639953 0.205050
0.273474 0.581889 0.125340
0.797556 0.617596 0.280673
0.103267 0.893384 0.948791
0.575418 0.254502 0.179114
0.149300 0.319919 0.076257
0.737722 0.128937 0.020012
0.724521 0.832520 0.397281
0.972609 0.650884 0.613191
0.969006 0.576118 0.928636
0.598790 0.468262 0.658312
0.898299 0.466121 0.615146
0.324897 0.612344 0.000256
0.598436 0.002021 0.316868
0.756354 0.361477 0.178757
0.274136 0.162105 0.700587
0.370583 0.024254 0.257760
0.736483 0.624155 0.960917
0.119477 0.296766 0.401911
0.080513 0.401894 0.904327
0.163877 0.687042 0.360018
0.619280 0.938787 0.627374
0.557462 0.747456 0.772272
0.263208 0.145962 0.450646
0.193659 0.344987 0.658430
0.970097 0.131034 0.156940
0.000296 0.566022 0.107808
0.759138 0.667496 0.546285
0.302627 0.010093 0.802134
0.521113 0.997297 0.891013
0.744289 0.852581 0.319814
0.506790 0.069537 0.991298
0.672217 0.032933 0.684285
0.346013 0.140622 0.787173
0.048329 0.031629 0.260224
0.854919 0.516091 0.863478
0.704119 0.656652 0.590006
0.752030 0.757904 0.111417
0.527641 0.888286 0.909080
0.298474 0.890290 0.106009
0.344603 0.094072 0.604745
0.562510 0.204648 0.457119
0.851795 0.519489 0.372163
0.151983 0.297558 0.188690
0.123066 0.674366 0.165154
0.960549 0.991369 0.990430
0.277148 0.849580 0.271816
0.458610 0.624163 0.880277
0.654651 0.255229 0.497236
0.100203 0.161085 0.121847
0.169144 0.288975 0.161884
0.657122 0.388837 0.163669
0.270383 0.143979 0.389508
0.889932 0.123321 0.554315
0.319351 0.650963 0.556657
0.133558 0.912569 0.479215
0.647895 0.461356 0.107890
0.946328 0.012271 0.272485
0.419101 0.168268 0.035143
0.143472 0.447368 0.763326
0.081777 0.414869 0.545699
0.787167 0.340394 0.262585
0.816970 0.339723 0.431779
0.008366 0.235880 0.283796
0.502640 0.035693 0.636325
0.934095 0.789545 0.792966
0.360076 0.337045 0.605010
0.559547 0.528087 0.017638
0.886244 0.230033 0.447564
0.661847 0.044452 0.604669
0.199624 0.408910 0.993773
0.491550 0.965431 0.202991
0.959871 0.981949 0.563978
0.835294 0.192418 0.029412
0.646002 0.926229 0.097996
0.227486 0.431851 0.972081
0.126470 0.561016 0.538187
0.011149 0.539433 0.582486
0.324451 0.474193 0.976789
0.024725 0.577270 0.371369
0.747697 0.694588 0.972838
0.552579 0.516546 0.949643
0.443649 0.265825 0.219307
0.246248 0.949303 0.268409
0.917624 0.388631 0.891702
0.665417 0.768475 0.056243
0.412587 0.592926 0.195971
0.607066 0.931429 0.758987
0.374686 0.386896 0.832910
0.916302 0.809649 0.368491
0.582983 0.119495 0.537370
0.512472 0.525660 0.864155
0.524565 0.069794 0.823303
0.534297 0.132483 0.218985
0.450484 0.733876 0.471131
0.599655 0.036019 0.869903
0.942388 0.564322 0.991987
0.585937 0.499944 0.628669
0.611202 0.126983 0.191253
0.356703 0.155852 0.194231
0.814179 0.498903 0.959211
0.352944 0.543439 0.704346
0.179306 0.171839 0.558027
0.766847 0.743902 0.414567
0.774183 0.432635 0.028602
0.945636 0.356695 0.086166
0.136125 0.645636 0.085988
0.543523 0.312029 0.610194
0.310094 0.217371 0.879558
0.431520 0.348360 0.534363
0.836859 0.287015 0.959683
0.302148 0.677148 0.804019
0.673679 0.731356 0.144573
0.167794 0.161687 0.186103
0.711105 0.773625 0.611286
0.747544 0.453388 0.489674
0.038243 0.765369 0.345871
0.809396 0.172751 0.235075
0.355282 0.414959 0.213114
0.471474 0.515734 0.885050
0.554170 0.480133 0.910056
0.402215 0.403559 0.253563
0.690854 0.789311 0.842441
0.876705 0.522257 0.724287
0.697007 0.946661 0.269033
0.171723 0.684597 0.682478
0.432411 0.872852 0.115801
0.294016 0.407525 0.918986
0.636718 0.760903 0.174321
0.029623 0.057571 0.520993
0.147652 0.014855 0.445880
0.591447 0.370107 0.968998
0.275064 0.201114 0.931229
0.900645 0.589477 0.063845
0.958722 0.211668 0.538780
0.067162 0.954579 0.283704
0.205291 0.094369 0.579631
0.769122 0.876081 0.393146
0.387780 0.155848 0.660285
0.617413 0.042336 0.535218
0.990516 0.626440 0.673658
0.365454 0.960005 0.831567
0.768353 0.225127 0.559836
0.076979 0.051532 0.781751
0.602126 0.588786 0.996036
0.631624 0.137650 0.574578
0.474012 0.143408 0.471893
0.860554 0.809671 0.792929
0.061599 0.033179 0.250122
0.100856 0.287499 0.704302
0.807989 0.224444 0.446079
0.181878 0.209304 0.991670
0.278982 0.507230 0.067902
0.137716 0.862515 0.919001
0.281004 0.914522 0.064338
0.311258 0.145014 0.005896
0.176655 0.156164 0.828346
0.330297 0.794821 0.498485
0.847678 0.320561 0.522441
0.860853 0.897780 0.457857
0.735524 0.593471 0.099348
0.231114 0.162533 0.367687
0.182381 0.511898 0.009350
0.164013 0.391655 0.860514
0.673897 0.129937 0.776157
0.184529 0.196499 0.156020
0.735852 0.029981 0.945299
0.554990 0.894119 0.039697
0.711389 0.196237 0.473344
0.191498 0.258754 0.855118
0.676745 0.199189 0.125604
0.257323 0.072147 0.385513
0.075180 0.909009 0.765802
0.861932 0.356600 0.891332
0.930751 0.039875 0.496101
0.337968 0.317781 0.998813
0.885788 0.682291 0.542191
0.514943 0.239256 0.494459
0.972874 0.411836 0.654464
0.552244 0.158886 0.347959
0.934405 0.105966 0.566369
0.218612 0.624659 0.060172
0.635042 0.175841 0.992093
0.253626 0.283647 0.971422
0.657861 0.529942 0.046029
0.386171 0.001325 0.732316
0.630754 0.370440 0.123339
0.254411 0.841689 0.186373
0.153491 0.662030 0.805799
0.324264 0.331886 0.158504
0.524526 0.337331 0.810207
0.487807 0.807953 0.958062
0.082231 0.320389 0.082179
0.099197 0.458943 0.013095
0.696323 0.766469 0.787449
0.469177 0.846755 0.791408
0.537420 0.276873 0.252824
0.208106 0.837307 0.153797
0.411632 0.391311 0.023255
0.114595 0.108592 0.975761
0.812415 0.379194 0.443584
0.055625 0.457556 0.455531
0.442924 0.007599 0.355958
0.012476 0.988716 0.914101
0.917440 0.882675 0.351751
0.897519 0.815888 0.444151
0.883692 0.600870 0.945165
0.974696 0.465514 0.500603
0.837111 0.604262 0.247090
0.539292 0.810231 0.738010
0.274064 0.532293 0.848103
0.216961 0.518040 0.957649
0.015522 0.327466 0.960221
0.298389 0.064145 0.552594
0.809929 0.156647 0.506576
0.595521 0.640917 0.355935
0.659461 0.421898 0.501915
0.805541 0.243787 0.333236
0.723497 0.977557 0.363461
0.529725 0.599388 0.313453
0.335467 0.185840 0.094743
0.542672 0.403317 0.454107
0.862072 0.900847 0.937735
0.840128 0.283173 0.395798
0.003425 0.949302 0.975952
0.362586 0.761858 0.057745
0.391963 0.267918 0.541188
0.125476 0.848588 0.654020
0.392078 0.548863 0.474042
0.754072 0.115654 0.641189
0.164709 0.403794 0.983013
0.065395 0.418697 0.081276
0.467475 0.486503 0.430134
0.361648 0.359669 0.247083
0.663678 0.148199 0.470261
0.989573 0.879663 0.490676
0.814310 0.931030 0.605687
0.579456 0.645080 0.193635
0.489559 0.499855 0.450866
0.794669 0.578874 0.410219
0.751142 0.847088 0.840621
0.260309 0.905558 0.103752
0.790676 0.277761 0.556644
0.999642 0.740937 0.710734
0.021852 0.032479 0.726569
0.425109 0.317986 0.465058
0.364299 0.419134 0.348877
0.182824 0.518880 0.398174
0.116428 0.786052 0.061183
0.349341 0.915485 0.349590
0.765813 0.342576 0.421833
0.077902 0.744033 0.994472
0.472738 0.787279 0.932084
0.005936 0.948663 0.155241
0.510739 0.585610 0.965522
0.539644 0.090816 0.472584
0.124314 0.644203 0.663271
0.313455 0.366002 0.582418
0.936716 0.038952 0.156008
0.230082 0.033049 0.072087
0.122662 0.546388 0.048405
0.929258 0.439629 0.303010
0.797351 0.173593 0.738312
0.756496 0.167192 0.675570
0.325679 0.927168 0.559972
0.402597 0.926127 0.293611
0.392409 0.347051 0.363063
0.732295 0.499309 0.499874
0.210198 0.612755 0.483133
0.575997 0.433857 0.247121
0.047912 0.157548 0.573329
0.517239 0.603984 0.627407
0.541418 0.724406 0.542403
0.701774 0.036378 0.991212
0.001162 0.354154 0.428498
0.997702 0.786494 0.614885
0.875392 0.661254 0.655169
0.985707 0.330225 0.738963
0.758234 0.278919 0.880624
0.397931 0.410994 0.788608
0.358959 0.899736 0.426676
0.053505 0.219341 0.672357
0.152841 0.502673 0.146102
0.063526 0.018004 0.635750
0.106030 0.004242 0.585392
0.090480 0.742214 0.299325
0.488080 0.464854 0.262404
0.601831 0.170494 0.926414
0.820163 0.896927 0.255619
0.142126 0.955983 0.328879
0.146272 0.411358 0.377125
0.393030 0.705237 0.382836
0.428058 0.693150 0.719521
0.213196 0.684276 0.805144
0.160336 0.899729 0.080219
0.496176 0.249922 0.649160
0.915824 0.665940 0.362763
0.846740 0.654977 0.690016
0.169567 0.791515 0.446617
0.537099 0.455444 0.368176
0.877208 0.008049 0.015837
0.034117 0.313238 0.431277
0.798925 0.906706 0.429311
0.523579 0.672766 0.342503
0.682777 0.036519 0.281281
0.914022 0.327836 0.377653
0.235216 0.337161 0.856610
0.736504 0.409246 0.920317
0.216136 0.026840 0.969636
0.828571 0.114946 0.992951
0.536498 0.942259 0.373080
0.366772 0.982750 0.124376
0.789440 0.535911 0.759477
0.671170 0.607199 0.142732
0.392335 0.536605 0.355048
0.401145 0.032568 0.488828
0.646793 0.346137 0.442860
0.138500 0.208864 0.969280
0.619335 0.369094 0.501422
0.996170 0.965793 0.866739
0.440439 0.549456 0.256785
0.180293 0.128461 0.179784
0.223628 0.249455 0.287294
0.225062 0.544152 0.290092
0.720564 0.425383 0.128734
0.798387 0.223542 0.641403
0.708135 0.818096 0.361682
0.674369 0.418612 0.810708
0.690045 0.670505 0.683094
0.279947 0.539943 0.517631
0.252198 0.863782 0.719202
0.362771 0.519828 0.160077
0.422702 0.872922 0.265351
0.730598 0.731574 0.771030
0.429067 0.487970 0.213815
0.674009 0.029613 0.119441
0.982270 0.469170 0.932776
0.651509 0.543067 0.165095
0.024908 0.513612 0.885537
0.578522 0.177259 0.992066
0.220278 0.745603 0.948889
0.057315 0.532935 0.271099
0.389469 0.690576 0.957151
0.312105 0.896840 0.480894
0.237670 0.659168 0.085864
0.149526 0.719121 0.460291
0.534351 0.376163 0.607634
0.616289 0.715219 0.821845
0.481610 0.238854 0.358423
0.414837 0.557816 0.172870
0.413257 0.965384 0.999150
0.680197 0.593163 0.798562
0.624124 0.871095 0.849158
0.011980 0.996843 0.517291
0.338628 0.303285 0.414623
0.054858 0.114838 0.043728
0.022649 0.461160 0.435525
0.558909 0.792739 0.856782
0.588900 0.497531 0.081302
0.111140 0.517414 0.228230
0.089566 0.156014 0.777745
0.557370 0.808314 0.845711
0.177227 0.874891 0.663063
0.648008 0.868014 0.148189
0.766459 0.032256 0.759634
0.934354 0.618941 0.537671
0.377683 0.275585 0.288302
0.672036 0.588467 0.473362
0.264482 0.167055 0.526027
0.615180 0.766559 0.012458
0.533919 0.630972 0.257791
0.747302 0.431319 0.490629
0.192092 0.102103 0.505868
0.214073 0.962798 0.147015
0.109678 0.964440 0.583888
0.914888 0.138097 0.625588
0.342398 0.961706 0.037175
0.963218 0.098221 0.106010
0.308953 0.645133 0.479090
0.593700 0.203222 0.537839
0.306092 0.927049 0.972380
0.017824 0.012595 0.391773
0.610327 0.408530 0.724991
0.138567 0.329415 0.322915
0.044893 0.894642 0.776252
0.548616 0.476642 0.095847
0.389614 0.526856 0.880720
0.859695 0.467314 0.296980
0.648274 0.233609 0.173275
0.256775 0.892006 0.325102
0.704371 0.154416 0.168974
0.585743 0.783950 0.798395
0.850973 0.412479 0.582352
0.455502 0.136369 0.402016
0.942671 0.479753 0.206037
0.871594 0.097382 0.435144
0.394333 0.477267 0.765201
0.578474 0.610711 0.969577
0.930958 0.933045 0.041253
0.106308 0.073064 0.626778
0.049875 0.105090 0.488820
0.051608 0.964393 0.095997
0.914863 0.190286 0.530634
0.050970 0.207826 0.353076
0.829421 0.633147 0.518755
0.179258 0.955074 0.186908
0.896732 0.923968 0.893994
0.153932 0.931523 0.069377
0.567279 0.090328 0.271121
0.215080 0.634387 0.250292
0.277573 0.638786 0.627382
0.683166 0.941741 0.297820
0.030205 0.056912 0.005915
0.290990 0.121846 0.746895
0.721281 0.835494 0.185415
0.233490 0.192984 0.976768
0.680406 0.016884 0.611184
0.612575 0.236341 0.403182
0.576567 0.173051 0.070994
0.724280 0.653003 0.916492
0.972453 0.959814 0.432845
0.613703 0.745924 0.691979
0.287715 0.474230 0.932921
0.873602 0.956217 0.834207
0.394345 0.831679 0.265841
0.172017 0.509601 0.122824
0.926626 0.808439 0.716035
0.488572 0.928977 0.835939
0.617416 0.276372 0.529323
0.158374 0.521502 0.985247
0.102486 0.596219 0.610347
0.119811 0.387923 0.593922
0.322443 0.652640 0.420426
0.169143 0.310285 0.888703
0.896282 0.479904 0.463507
0.810458 0.258001 0.253606
0.197714 0.596083 0.815266
0.317632 0.623395 0.350720
0.114500 0.629926 0.104413
0.439881 0.306303 0.152870
0.433583 0.126472 0.987105
0.705169 0.419794 0.826244
0.457209 0.834567 0.082331
0.321536 0.383002 0.093229
0.238088 0.128055 0.968046
0.595213 0.970684 0.037004
0.572057 0.889056 0.124834
0.521364 0.708354 0.063161
0.934168 0.557405 0.503495
0.968297 0.774521 0.923181
0.740188 0.969746 0.465554
0.121312 0.487583 0.449794
0.092412 0.889542 0.981472
0.634539 0.668332 0.010507
0.382971 0.569502 0.475704
0.985597 0.437409 0.386929
0.809801 0.283443 0.871430
0.488346 0.580596 0.540638
0.385278 0.935864 0.800370
0.894190 0.724705 0.840103
0.437779 0.399681 0.401663
0.362580 0.354784 0.245345
0.661491 0.050410 0.426503
0.157322 0.820060 0.452037
0.637726 0.120370 0.316895
0.138630 0.750804 0.623445
0.999817 0.954598 0.450904
0.115992 0.431785 0.646811
0.769839 0.223016 0.160824
0.467415 0.817809 0.892139
0.298670 0.602195 0.179865
0.617038 0.578904 0.143654
0.790246 0.371300 0.297059
0.710620 0.339047 0.889715
0.265589 0.980670 0.029871
0.083555 0.192397 0.486750
0.313569 0.487780 0.803894
0.196199 0.942067 0.427307
0.416783 0.409291 0.114498
0.873469 0.742419 0.061480
0.671548 0.479359 0.569576
0.734941 0.438551 0.901043
0.551370 0.473287 0.766274
0.742762 0.735164 0.924811
0.434024 0.321792 0.249347
0.215072 0.016422 0.490795
0.644181 0.476171 0.988888
0.188928 0.787412 0.654151
0.683004 0.181157 0.985895
0.066887 0.466686 0.140716
0.216526 0.417206 0.675077
0.345749 0.995457 0.776276
0.173816 0.376997 0.378457
0.564320 0.688551 0.185601
0.217583 0.084983 0.355149
0.746897 0.390108 0.024529
0.677190 0.563038 0.857518
0.920118 0.859851 0.137438
0.303848 0.883208 0.882681
0.710852 0.078405 0.368167
0.769762 0.036958 0.260918
0.281510 0.643202 0.385677
0.490421 0.361052 0.820994
0.898754 0.687963 0.722940
0.083931 0.372955 0.470378
0.801570 0.846652 0.974941
0.121010 0.951669 0.554403
0.002569 0.839687 0.517328
0.257916 0.263992 0.998332
0.578328 0.058237 0.542551
0.494795 0.727758 0.503216
0.533596 0.009279 0.372163
0.600167 0.919478 0.112136
0.577777 0.582547 0.771532
0.205265 0.439479 0.598612
0.309547 0.631853 0.947249
0.072226 0.156830 0.739488
0.178472 0.257977 0.742105
0.939485 0.818385 0.213890
0.595477 0.440582 0.480354
0.468788 0.404938 0.385931
0.928551 0.267063 0.200447
0.407830 0.930175 0.708573
0.691552 0.293765 0.520426
0.535047 0.828182 0.621943
0.857975 0.495465 0.364421
0.829318 0.297781 0.604791
0.729627 0.756203 0.105001
0.447123 0.773493 0.291732
0.266902 0.464290 0.016353
0.018231 0.284358 0.323157
0.803945 0.970571 0.536211
0.786804 0.416599 0.757919
0.333679 0.771774 0.937062
0.735033 0.495678 0.637241
0.313931 0.484565 0.936615
0.533087 0.014287 0.325427
0.719803 0.956892 0.926125
0.389464 0.399933 0.524779
0.333562 0.576900 0.214407
0.829224 0.079941 0.054875
0.546145 0.881920 0.150998
0.655444 0.253625 0.102599
0.091028 0.350782 0.447313
0.488569 0.448618 0.157367
0.708374 0.481337 0.725807
0.110134 0.626458 0.183210
0.588961 0.904419 0.801669
0.975932 0.590869 0.450452
0.001324 0.550245 0.991548
0.314333 0.790219 0.516812
0.263641 0.040081 0.335298
0.878889 0.486010 0.022428
0.172404 0.670950 0.607874
0.129271 0.985106 0.872502
0.206555 0.542932 0.149981
0.331361 0.716777 0.548190
0.415630 0.350274 0.035364
0.431519 0.306325 0.053896
0.237362 0.105540 0.096561
0.535014 0.108237 0.398948
0.620958 0.498880 0.262099
0.202993 0.527810 0.734835
0.601383 0.132864 0.429052
0.635129 0.438130 0.396444
0.574208 0.858762 0.558247
0.793251 0.456010 0.475023
0.955999 0.727026 0.431455
0.347787 0.129104 0.516519
0.077403 0.525222 0.980576
0.677090 0.962378 0.685296
0.725571 0.347030 0.705930
0.431766 0.032150 0.974101
0.947263 0.533453 0.869229
0.905188 0.322439 0.271599
0.354410 0.015829 0.818650
0.346380 0.919197 0.515655
0.935294 0.274233 0.089714
0.817714 0.312408 0.170295
0.449207 0.543428 0.056076
0.901879 0.324958 0.960322
0.755742 0.465106 0.907399
0.592251 0.677976 0.271979
0.354746 0.892840 0.177138
0.240692 0.952562 0.026263
0.487271 0.898265 0.174217
0.717731 0.049957 0.444249
0.522600 0.625851 0.365701
0.779281 0.044165 0.823054
0.507705 0.537134 0.590092
0.790805 0.797315 0.654141
0.420862 0.900985 0.712035
0.403923 0.557158 0.538273
0.815626 0.269345 0.194993
0.353146 0.763468 0.898068
0.014443 0.227486 0.343457
0.491129 0.814660 0.460155
0.727991 0.110944 0.397540
0.458708 0.274998 0.294466
0.441482 0.334189 0.139906
0.760385 0.270555 0.810244
0.735003 0.836909 0.537872
0.783246 0.499741 0.633798
0.164715 0.741596 0.533023
0.612881 0.224475 0.802829
0.012353 0.195370 0.797377
0.675718 0.463477 0.964755
0.005040 0.489344 0.618863
0.003170 0.238289 0.551005
0.084608 0.384420 0.448435
0.133979 0.473878 0.682422
0.971881 0.563242 0.256373
0.721137 0.042310 0.697347
0.899070 0.632671 0.966696
0.129192 0.666503 0.320671
0.366635 0.819983 0.840538
0.084769 0.214552 0.690328
0.293177 0.609631 0.107721
0.402258 0.219535 0.306687
0.461613 0.534355 0.580049
0.750494 0.965980 0.798022
0.858775 0.647497 0.914402
0.249904 0.938110 0.352007
0.366599 0.649865 0.165055
0.263964 0.014934 0.496052
0.661551 0.395083 0.006902
0.563440 0.410419 0.231414
0.213291 0.748238 0.385830
0.392942 0.876074 0.469117
0.349189 0.761726 0.831959
0.214231 0.640793 0.326853
0.114816 0.190310 0.016959
0.863220 0.105567 0.110136
0.909952 0.218154 0.715175
0.076962 0.838250 0.588134
0.085452 0.668404 0.055790
0.414674 0.363765 0.882114
0.845374 0.733593 0.348934
0.862547 0.934097 0.791601
0.901783 0.795690 0.935686
0.126587 0.619647 0.417576
0.706450 0.727665 0.055164
0.895121 0.500428 0.360539
0.736562 0.435110 0.157806
0.225950 0.293275 0.015924
0.942842 0.500575 0.239047
0.456712 0.360259 0.709816
0.302256 0.889789 0.856565
0.533351 0.298416 0.782233
0.340160 0.075562 0.794721
0.983336 0.291488 0.481144
0.302918 0.834765 0.374544
0.032914 0.015606 0.874294
0.434546 0.041534 0.475665
0.355981 0.453244 0.399072
0.346482 0.162181 0.505761
0.416925 0.569447 0.977886
0.348427 0.112680 0.935028
0.666380 0.028367 0.567595
0.673766 0.576887 0.853550
0.104034 0.218515 0.744312
0.575440 0.214541 0.454831
0.597883 0.898309 0.683349
0.246754 0.890805 0.112674
0.283280 0.008340 0.797876
0.474555 0.726001 0.150706
0.072482 0.450522 0.650649
0.642187 0.619914 0.417811
0.113778 0.083185 0.443719
0.164971 0.918935 0.067609
0.159938 0.994185 0.421867
0.728319 0.597358 0.531404
0.778350 0.469113 0.446944
0.639746 0.799103 0.976127
0.374460 0.800361 0.229899
0.394650 0.068614 0.542025
0.029322 0.684619 0.355170
0.425390 0.530126 0.632579
0.985081 0.121821 0.563862
0.326325 0.671401 0.197161
0.276693 0.299698 0.986896
0.359459 0.918662 0.461249
0.722405 0.555801 0.396547
0.258139 0.376454 0.499922
0.037057 0.978105 0.767054
0.270141 0.629089 0.014233
0.180294 0.313600 0.417874
0.555754 0.822661 0.308720
0.111413 0.112129 0.929341
0.139598 0.575891 0.981086
0.676966 0.843311 0.767612
0.458114 0.794270 0.295798
0.576296 0.939566 0.605816
0.846479 0.608415 0.504545
0.848581 0.316234 0.418668
0.142278 0.568231 0.831955
0.290414 0.680805 0.907281
0.207420 0.403297 0.046550
0.372908 0.539701 0.967062
0.346877 0.014956 0.917122
0.296412 0.731018 0.502126
0.194384 0.496597 0.794207
0.953819 0.746721 0.637900
0.023659 0.850507 0.806948
0.734973 0.050114 0.559304
0.883747 0.018405 0.205502
0.705614 0.715354 0.614046
0.854471 0.216860 0.899343
0.952474 0.987743 0.160585
0.394069 0.102548 0.008640
0.027120 0.263646 0.159291
0.719854 0.895321 0.809597
0.762007 0.943152 0.883317
0.054312 0.596895 0.256285
0.277582 0.371300 0.898777
0.982990 0.167658 0.126530
0.692963 0.046419 0.626070
0.404692 0.189748 0.734027
0.829002 0.790100 0.495109
0.813639 0.914023 0.480182
0.371101 0.912655 0.382788
0.094334 0.644883 0.178365
0.096983 0.032487 0.761614
0.340263 0.557045 0.593523
0.354247 0.773512 0.802904
0.006031 0.363944 0.390862
0.351478 0.833631 0.747312
0.323020 0.427767 0.584837
0.917427 0.726903 0.577557
0.404490 0.592380 0.881828
0.645375 0.949635 0.877353
0.984395 0.689596 0.390442
0.560181 0.260280 0.464306
0.584477 0.494082 0.935854
0.179231 0.906180 0.407890
0.727573 0.334889 0.342993
0.715626 0.244085 0.109400
0.123830 0.667982 0.492172
0.003833 0.636483 0.560504
0.991192 0.282544 0.397897
0.479017 0.414469 0.288482
0.060295 0.169172 0.490971
0.939026 0.000655 0.196221
0.119956 0.418979 0.902728
0.714196 0.746506 0.551348
0.476224 0.836822 0.317941
0.007387 0.422114 0.522286
0.756729 0.801837 0.053088
0.306391 0.163183 0.050015
0.726963 0.758667 0.110172
0.352761 0.735115 0.034692
0.459900 0.036192 0.668921
0.660573 0.043821 0.751252
0.502004 0.928507 0.463972
0.327755 0.890259 0.879072
0.052302 0.616219 0.690067
0.284391 0.887039 0.946014
0.106994 0.039723 0.822756
0.429444 0.916885 0.403463
0.108111 0.813558 0.358656
0.894704 0.450388 0.818210
0.396973 0.917255 0.693040
0.530107 0.875195 0.269982
0.896120 0.037586 0.334227
0.826114 0.172201 0.226405
0.789062 0.874651 0.195209
0.430677 0.766448 0.416264
0.505980 0.283520 0.593013
0.350910 0.718687 0.164164
0.602085 0.196023 0.584301
0.107089 0.497432 0.348031
0.890092 0.395711 0.999347
0.355586 0.971265 0.932114
0.826232 0.356312 0.131836
0.299708 0.594775 0.868588
0.874438 0.550621 0.763252
0.130029 0.384875 0.944253
0.982995 0.838298 0.626530
0.697252 0.118265 0.051662
0.756673 0.364078 0.265751
0.414783 0.442113 0.155491
0.431851 0.114870 0.657639
0.704390 0.970786 0.126704
0.963887 0.713639 0.413166
0.114400 0.416627 0.470824
0.779266 0.044598 0.453936
0.607559 0.802568 0.922116
0.274994 0.106880 0.223086
0.178966 0.100255 0.400339
0.018295 0.631702 0.871590
0.769184 0.628619 0.130816
0.526978 0.319078 0.411202
0.010175 0.265577 0.752767
0.217906 0.058480 0.547355
0.380934 0.159889 0.501532
0.065880 0.429536 0.989624
0.363500 0.781207 0.324029
0.665588 0.608680 0.454018
0.908022 0.730372 0.319106
0.092491 0.156934 0.484136
0.111925 0.325743 0.711800
0.674649 0.441361 0.440395
0.762953 0.548002 0.209782
0.928860 0.286379 0.595683
0.596717 0.324521 0.080571
0.634983 0.995232 0.290202
0.689196 0.957594 0.927902
0.191236 0.173014 0.681945
0.234010 0.152076 0.325977
0.563925 0.427799 0.195538
0.057620 0.430217 0.398746
0.643084 0.474611 0.292786
0.714086 0.910397 0.360057
0.317994 0.216115 0.183342
0.689301 0.204909 0.933254
0.447705 0.931504 0.191801
0.695169 0.993234 0.107375
0.994228 0.930913 0.709243
0.721525 0.110966 0.115070
0.587271 0.886618 0.370218
0.804491 0.401605 0.694587
0.094178 0.070858 0.962742
0.910149 0.885479 0.566562
0.369363 0.646387 0.556521
0.833840 0.104321 0.294501
0.320101 0.970929 0.753556
0.116193 0.982603 0.794619
0.284861 0.161881 0.317277
0.782340 0.393198 0.818448
0.131857 0.313561 0.791950
0.449533 0.497400 0.912791
0.733488 0.658409 0.116582
0.026049 0.328389 0.580647
0.216773 0.474178 0.335919
0.243514 0.862572 0.693668
0.198028 0.114176 0.396637
0.967155 0.110247 0.573804
0.303250 0.383721 0.084310
0.885399 0.563832 0.582654
0.736404 0.140364 0.128666
0.697916 0.833623 0.545716
0.607077 0.200423 0.890077
0.674312 0.999756 0.905424
0.963870 0.975390 0.229816
0.255311 0.525811 0.265173
0.162393 0.617043 0.784553
0.067385 0.962367 0.459012
0.423755 0.044857 0.112125
0.481836 0.545796 0.435020
0.311369 0.908330 0.779786
0.847715 0.708906 0.558198
0.591038 0.481888 0.703106
0.680467 0.416062 0.687698
0.505642 0.301014 0.844214
0.122992 0.050415 0.530435
0.544406 0.817697 0.860061
0.386889 0.803383 0.102126
0.138853 0.662845 0.385528
0.292168 0.211954 0.600570
0.789765 0.057349 0.413308
0.607307 0.531632 0.955322
0.019762 0.440449 0.671860
0.051223 0.693533 0.494518
0.219882 0.450846 0.590827
0.490242 0.997855 0.334783
0.745685 0.378490 0.851776
0.491972 0.383180 0.639435
0.634159 0.966837 0.387688
0.984579 0.611461 0.686718
0.096427 0.403384 0.344110
0.542308 0.864833 0.980256
0.140166 0.445162 0.943249
0.330309 0.649034 0.147070
0.845843 0.863373 0.812342
0.797574 0.546319 0.375099
0.935248 0.252327 0.004200
0.750549 0.934666 0.781286
0.752026 0.423035 0.730892
0.494911 0.219202 0.018113
0.189220 0.527087 0.876467
0.247719 0.228996 0.519809
0.071246 0.743293 0.103507
0.386722 0.126989 0.388126
0.423697 0.401315 0.903258
0.697303 0.091661 0.914378
0.733958 0.859083 0.919881
0.540149 0.764134 0.396323
0.561250 0.241908 0.223342
0.504443 0.783130 0.598655
0.692800 0.365159 0.920975
0.561867 0.106479 0.443807
0.145609 0.594004 0.057746
0.791048 0.854944 0.085700
0.914031 0.564457 0.763160
0.992451 0.247100 0.088390
0.962605 0.670001 0.129505
0.872568 0.064694 0.097655
0.537846 0.795109 0.614881
0.680974 0.365425 0.941600
0.822307 0.820069 0.839854
0.508885 0.678531 0.999219
0.723527 0.183399 0.621708
0.139423 0.861428 0.586696
0.398861 0.185623 0.268015
0.060585 0.312543 0.163451
0.551769 0.443005 0.106616
0.370295 0.674038 0.325572
0.888274 0.597979 0.785602
0.087073 0.526070 0.806762
0.987192 0.660833 0.759800
0.470763 0.742782 0.122014
0.609048 0.514546 0.540041
0.599601 0.865603 0.225387
0.662695 0.848634 0.750051
0.382635 0.073730 0.523314
0.570372 0.255268 0.054809
0.492808 0.314177 0.255111
0.585718 0.097722 0.883052
0.737986 0.966948 0.710185
0.042901 0.068117 0.858402
0.325890 0.451158 0.805875
0.407213 0.772141 0.899490
0.646262 0.044905 0.979930
0.135407 0.964834 0.531415
0.326778 0.588127 0.704656
0.111266 0.161586 0.524982
0.500566 0.265360 0.797559
0.841121 0.597178 0.547390
0.456514 0.940591 0.214830
0.733821 0.708332 0.213473
0.765071 0.001393 0.251631
0.999650 0.731213 0.770539
0.601044 0.007749 0.147757
0.944814 0.418482 0.740429
0.051660 0.952108 0.418399
0.925016 0.355520 0.183910
0.858026 0.480334 0.557360
0.115991 0.446459 0.766116
0.395614 0.358941 0.253880
0.765061 0.512689 0.265395
0.462691 0.890235 0.322407
0.607767 0.411942 0.726999
0.333473 0.558380 0.891577
0.897880 0.765824 0.713413
0.728599 0.041407 0.481942
0.489987 0.815242 0.186272
0.583361 0.010395 0.740592
0.289402 0.537361 0.508592
0.852706 0.847007 0.385486
0.532494 0.959888 0.510940
0.802279 0.442295 0.901499
0.305566 0.274272 0.056042
0.939078 0.637198 0.540115
0.138890 0.112970 0.103875
0.500340 0.690740 0.872875
0.045791 0.589026 0.365658
0.512369 0.729608 0.370191
0.223182 0.536500 0.099611
0.836410 0.776433 0.353623
0.262765 0.750683 0.359046
0.849536 0.532660 0.730991
0.749469 0.929950 0.159876
0.523376 0.263973 0.252956
0.990207 0.868533 0.996007
0.564783 0.910311 0.230816
0.735708 0.495707 0.229585
0.243649 0.897224 0.960188
0.465690 0.886715 0.498893
0.539291 0.568768 0.952893
0.746629 0.963963 0.030202
0.918164 0.678384 0.273919
0.981984 0.176747 0.723695
0.429494 0.854652 0.896667
0.042703 0.764801 0.869771
0.879350 0.990243 0.068336
0.559611 0.360289 0.482520
0.688413 0.213412 0.810430
0.027953 0.710921 0.984869
0.116074 0.177799 0.433587
0.738119 0.595403 0.251080
0.554844 0.967082 0.334341
0.930654 0.173887 0.679966
0.808610 0.134994 0.328303
0.496716 0.331095 0.765328
0.034934 0.305290 0.980858
0.185142 0.315834 0.564006
0.313052 0.962987 0.306550
0.356143 0.137780 0.089446
0.948146 0.208667 0.593542
0.991681 0.660914 0.452214
0.329880 0.377943 0.196304
0.984821 0.455421 0.363370
0.067737 0.379784 0.131922
0.410404 0.829465 0.365687
0.910502 0.680314 0.269657
0.709930 0.130832 0.806875
0.449653 0.312626 0.941030
0.621852 0.202453 0.479635
0.044885 0.296732 0.657624
0.678173 0.515614 0.688588
0.451754 0.753203 0.151125
0.613530 0.071226 0.809474
0.536446 0.169555 0.809191
0.969104 0.847665 0.669426
0.725686 0.268834 0.799247
0.103917 0.007557 0.121961
0.467550 0.065215 0.052355
0.391718 0.129688 0.782667
0.065124 0.364313 0.807058
0.911400 0.020182 0.756359
0.499771 0.986111 0.775855
0.504331 0.408615 0.180173
0.615419 0.440112 0.243575
0.410782 0.720792 0.509806
0.651587 0.585371 0.791092
0.595444 0.820856 0.708495
0.690449 0.087032 0.027129
0.660177 0.008612 0.399987
0.086152 0.687270 0.003582
0.540125 0.278490 0.796139
0.530043 0.732019 0.342914
0.528751 0.440572 0.618254
0.081557 0.592894 0.069840
0.875557 0.317161 0.111594
0.458705 0.586845 0.565174
0.618417 0.563075 0.931053
0.800451 0.130364 0.829095
0.642687 0.011936 0.587184
0.236880 0.462723 0.698398
0.757648 0.740828 0.923489
0.860945 0.888909 0.704576
0.010127 0.655636 0.383115
0.386636 0.619476 0.630728
0.352937 0.019222 0.584651
0.592293 0.879199 0.433852
0.815394 0.793394 0.649301
0.550129 0.369791 0.334582
0.409718 0.388591 0.048642
0.789063 0.493769 0.977158
0.552352 0.768679 0.904675
0.676966 0.658914 0.684596
0.273998 0.985354 0.132844
0.229819 0.374005 0.571645
0.970380 0.800488 0.711518
0.410499 0.311069 0.977444
0.534733 0.274516 0.801734
0.620432 0.581954 0.854355
0.329080 0.732569 0.361637
0.143700 0.629294 0.719791
0.129905 0.719022 0.992119
0.218746 0.869860 0.882213
0.483491 0.725899 0.283066
0.875659 0.699576 0.618115
0.138165 0.012395 0.933961
0.710958 0.325652 0.240451
0.850355 0.117673 0.568081
0.514687 0.501588 0.485621
0.313930 0.518265 0.971305
0.054047 0.885451 0.453640
0.421539 0.737994 0.663541
0.316632 0.067982 0.501086
0.446251 0.899724 0.043683
0.298761 0.374753 0.834377
0.678223 0.738166 0.367105
0.309667 0.472265 0.378697
0.877461 0.064536 0.408453
0.842314 0.009808 0.138739
0.626511 0.645997 0.885670
0.610100 0.927464 0.251173
0.204270 0.205452 0.316053
0.432352 0.950663 0.674713
0.508060 0.058104 0.513899
0.104405 0.887331 0.775037
0.876707 0.638328 0.746265
0.241763 0.284671 0.379692
0.169563 0.539223 0.270079
0.725034 0.272250 0.314352
0.491499 0.821812 0.469280
0.091932 0.564839 0.665843
0.959690 0.521067 0.685415
0.080168 0.415753 0.948408
0.312840 0.414742 0.955462
0.924437 0.121779 0.584298
0.259580 0.880166 0.765011
0.055912 0.830691 0.554219
0.248805 0.495727 0.361100
0.833178 0.327302 0.187057
0.542462 0.235104 0.640821
0.176236 0.623307 0.310285
0.041231 0.305202 0.376114
0.101777 0.627151 0.403200
0.649220 0.840122 0.674946
0.988525 0.130718 0.388157
0.987883 0.671365 0.037772
0.268047 0.099428 0.469242
0.932868 0.124736 0.698251
0.579678 0.903807 0.547288
0.154036 0.356580 0.693980
0.865783 0.512836 0.610196
0.433622 0.823558 0.726405
0.771361 0.343260 0.646796
0.996340 0.167691 0.797490
0.650381 0.767610 0.997170
0.065917 0.141803 0.044006
0.136311 0.210507 0.119121
0.188913 0.075686 0.699540
0.350232 0.041179 0.390058
0.317764 0.758219 0.620253
0.464961 0.300192 0.223652
0.835291 0.222161 0.169512
0.034595 0.763659 0.410155
0.542497 0.548443 0.533361
0.879555 0.556122 0.153341
0.777116 0.950470 0.690901
0.995434 0.961592 0.948620
0.352722 0.577033 0.457724
0.767129 0.830382 0.437508
0.403312 0.801423 0.017935
0.339764 0.732689 0.532961
0.551762 0.108455 0.929763
0.657130 0.381888 0.280113
0.385769 0.046305 0.224071
0.226414 0.028957 0.544543
0.099326 0.219036 0.293090
0.792565 0.372865 0.123840
0.072052 0.960951 0.732413
0.225014 0.831859 0.474187
0.938389 0.874268 0.518364
0.262415 0.252768 0.772446
0.249010 0.644051 0.406383
0.818116 0.145399 0.980937
0.200285 0.970697 0.662480
0.985849 0.526640 0.311370
0.921860 0.552221 0.221688
0.304888 0.792311 0.812937
0.012931 0.872570 0.471432
0.984519 0.725307 0.665774
0.006960 0.700507 0.763751
0.461687 0.171412 0.431980
0.678557 0.236860 0.578276
0.744119 0.484422 0.076599
0.373011 0.651850 0.347014
0.460590 0.874513 0.330368
0.608407 0.754748 0.910042
0.388997 0.021219 0.184152
0.538567 0.781571 0.347539
0.044507 0.556035 0.876573
0.995793 0.557198 0.410242
0.627240 0.269282 0.678924
0.088278 0.250685 0.791814
0.238062 0.383785 0.009798
0.264883 0.272892 0.064751
0.950559 0.365899 0.792855
0.533814 0.911664 0.369860
0.379923 0.414097 0.438903
0.174838 0.529631 0.764971
0.205153 0.551843 0.649232
0.163994 0.686823 0.094419
0.345964 0.294919 0.646849
0.717403 0.764130 0.288387
0.079432 0.138897 0.776616
0.383136 0.557264 0.882843
0.504788 0.306178 0.810912
0.799856 0.834342 0.370117
0.362658 0.058829 0.198961
0.151229 0.256315 0.504416
0.744899 0.584769 0.140177
0.752079 0.629759 0.840150
0.369151 0.907539 0.737202
0.855618 0.971410 0.953883
0.534628 0.510910 0.181391
0.377096 0.740250 0.938345
0.046249 0.796317 0.355021
0.222781 0.240480 0.409908
0.619615 0.814049 0.329185
0.683766 0.722270 0.548530
0.739312 0.774065 0.966570
0.834436 0.385355 0.591082
0.134488 0.276351 0.670692
0.515800 0.555905 0.754435
0.592075 0.361466 0.985494
0.346259 0.393248 0.100103
0.523276 0.639421 0.772962
0.816538 0.899960 0.095163
0.069068 0.862561 0.123439
0.032506 0.914502 0.710215
0.355159 0.613045 0.147097
0.856725 0.261447 0.068878
0.151707 0.107807 0.496015
0.319649 0.304058 0.152916
0.427863 0.936226 0.037010
0.121155 0.355544 0.348858
0.122642 0.855550 0.284202
0.462229 0.698557 0.893114
0.393280 0.130673 0.843004
0.405601 0.456887 0.821904
0.652805 0.010311 0.130229
0.030114 0.956631 0.526149
0.979032 0.001832 0.689429
0.785615 0.539302 0.043029
0.381500 0.777871 0.075769
0.657855 0.495731 0.387659
0.208874 0.965515 0.184752
0.695545 0.644353 0.647521
0.779561 0.994975 0.965514
0.388042 0.389158 0.935817
0.814118 0.997811 0.067123
0.117325 0.513183 0.847421
0.943595 0.355701 0.024267
0.236014 0.459247 0.638471
0.902777 0.274502 0.824934
0.695379 0.316302 0.745636
0.153339 0.875643 0.500669
0.170492 0.333408 0.388333
0.117647 0.955505 0.995094
0.604047 0.571797 0.342515
0.202446 0.115590 0.865950
0.278574 0.837349 0.724629
0.596910 0.170636 0.790411
0.643727 0.861279 0.301535
0.622049 0.443454 0.108506
0.514990 0.839620 0.739651
0.575245 0.803487 0.893484
0.830557 0.182955 0.137196
0.796757 0.510209 0.782895
0.219492 0.979069 0.793057
0.841711 0.491179 0.969635
0.289782 0.648465 0.540137
0.592277 0.180607 0.069167
0.621141 0.548898 0.722780
0.865741 0.695345 0.027300
0.106752 0.579170 0.142544
0.129807 0.169857 0.671542
0.691367 0.838452 0.462701
0.821833 0.605261 0.941882
0.656995 0.518827 0.811743
0.517533 0.470870 0.097272
0.050717 0.352328 0.624344
0.990978 0.135520 0.369057
0.169063 0.264552 0.066715
0.847315 0.928952 0.854206
0.574754 0.283734 0.658061
0.166185 0.728421 0.211287
0.246170 0.503247 0.995008
0.921481 0.411630 0.806948
0.222389 0.394778 0.700446
0.746536 0.606128 0.939500
0.345129 0.208127 0.088023
0.140403 0.222090 0.037551
0.246268 0.964592 0.879198
0.139091 0.420331 0.428542
0.488750 0.952965 0.865096
0.965183 0.265112 0.168358
0.312020 0.353953 0.582203
0.707084 0.905931 0.904773
0.949313 0.535414 0.246556
0.087061 0.501399 0.835724
0.206682 0.337309 0.863000
0.044399 0.462200 0.480786
0.614421 0.149886 0.284712
0.526803 0.308369 0.794044
0.292306 0.400963 0.864584
0.916236 0.286041 0.152245
0.935771 0.317822 0.804197
0.876923 0.944757 0.403829
0.396072 0.995953 0.655801
0.608767 0.028305 0.488742
0.293149 0.688869 0.838128
0.560143 0.443609 0.067281
0.724800 0.912040 0.328267
0.315494 0.162238 0.958692
0.903883 0.790612 0.028328
0.606021 0.870643 0.399932
0.319972 0.935639 0.416671
0.301509 0.880640 0.148414
0.842987 0.301648 0.470104
0.787699 0.252128 0.074317
0.166809 0.250848 0.380370
0.908471 0.280302 0.543304
0.576040 0.186468 0.656377
0.470449 0.351607 0.134406
0.537314 0.562286 0.850685
0.906739 0.092040 0.077560
0.893264 0.559501 0.365207
0.439603 0.594632 0.661130
0.827463 0.944041 0.518810
0.818084 0.759840 0.653648
0.540895 0.726060 0.212171
0.695330 0.292366 0.030447
0.965962 0.864324 0.573709
0.178201 0.466801 0.752015
0.981379 0.898287 0.545048
0.855917 0.288094 0.711229
0.874585 0.510228 0.592786
0.542957 0.755505 0.936044
0.280254 0.331049 0.682922
0.223363 0.359188 0.301548
0.946596 0.255422 0.560862
0.954932 0.925208 0.541614
0.992566 0.229731 0.873342
0.939893 0.340965 0.547557
0.061053 0.702663 0.843908
0.904938 0.836608 0.022275
0.143974 0.188368 0.736358
0.600821 0.069729 0.656201
0.066927 0.562029 0.639450
0.387927 0.428214 0.531908
0.461315 0.873283 0.340684
0.201923 0.913982 0.783794
0.799307 0.807361 0.930542
0.768288 0.444227 0.132549
0.774135 0.378622 0.896069
0.665729 0.481044 0.231879
0.997111 0.118234 0.031344
0.341331 0.320331 0.806373
0.358253 0.744734 0.729447
0.749422 0.935084 0.726706
0.573892 0.233763 0.651431
0.431211 0.353904 0.565234
0.208466 0.868189 0.285186
0.868354 0.626078 0.251113
0.623217 0.687942 0.384424
0.545872 0.346161 0.735074
0.403210 0.684278 0.095287
0.705092 0.372307 0.140281
0.392815 0.135272 0.644230
0.981087 0.613581 0.193641
0.163811 0.441622 0.862343
0.129764 0.609540 0.242754
0.554504 0.961791 0.085559
0.716517 0.139544 0.131905
0.465131 0.052133 0.609055
0.020762 0.639301 0.524098
0.351698 0.646742 0.255833
0.203489 0.382967 0.352922
0.707443 0.860373 0.321072
0.454200 0.051593 0.077793
0.849871 0.845056 0.855709
0.203911 0.170958 0.191189
0.552332 0.997453 0.074963
0.214749 0.746672 0.688407
0.506395 0.733149 0.563570
0.161559 0.590579 0.071845
0.339358 0.496867 0.215293
0.243974 0.318716 0.841732
0.998544 0.470523 0.431394
0.139593 0.846510 0.462827
0.092774 0.465607 0.252264
0.688596 0.203482 0.648467
0.873015 0.206511 0.760306
0.571605 0.264181 0.429402
0.400286 0.932106 0.927850
0.683775 0.255690 0.379535
0.450023 0.991378 0.358882
0.084009 0.863684 0.519691
0.902027 0.466999 0.394501
0.099122 0.551976 0.235748
0.999773 0.861554 0.852114
0.118277 0.866764 0.541148
0.645739 0.676794 0.041486
0.609473 0.161310 0.904006
0.467540 0.320549 0.324075
0.294576 0.458855 0.253367
0.234199 0.241368 0.517350
0.964365 0.976604 0.117390
0.513739 0.595345 0.379898
0.010166 0.041700 0.270889
0.232512 0.220041 0.641022
0.023858 0.784640 0.913774
0.347314 0.782428 0.003528
0.302496 0.290555 0.905275
0.044502 0.755708 0.042820
0.134345 0.841995 0.299481
0.496782 0.553937 0.731875
0.633537 0.525293 0.625320
0.557309 0.420479 0.214784
0.976355 0.921435 0.199584
0.055243 0.852923 0.782582
0.102929 0.886821 0.023446
0.973075 0.399029 0.980379
0.789099 0.102406 0.991428
0.607015 0.729701 0.252329
0.983785 0.519417 0.318906
0.930388 0.082785 0.253155
0.495301 0.631087 0.891881
0.983119 0.317570 0.722719
0.925435 0.150367 0.144875
0.231643 0.055064 0.021841
0.617557 0.789153 0.730502
0.041439 0.726639 0.825195
0.432331 0.467777 0.668000
0.956873 0.733433 0.989766
0.275297 0.203450 0.805731
0.968170 0.447077 0.488110
0.518663 0.227882 0.678520
0.322174 0.800254 0.494803
0.693047 0.842159 0.059697
0.520230 0.396996 0.956093
0.529626 0.795468 0.923393
0.890607 0.714747 0.564807
0.249279 0.808169 0.372849
0.018558 0.391311 0.897335
0.753681 0.215053 0.052489
0.243286 0.049375 0.235508
0.206352 0.543159 0.671490
0.725419 0.356903 0.606678
0.689152 0.221204 0.768477
0.148688 0.003028 0.908680
0.644357 0.420444 0.221165
0.633339 0.717058 0.938438
0.159850 0.534041 0.431625
0.018300 0.505453 0.283548
0.353225 0.652157 0.531072
0.717098 0.024598 0.757643
0.875731 0.040975 0.904201
0.444030 0.238498 0.012439
0.204943 0.227141 0.590132
0.992315 0.359384 0.819062
0.719265 0.038100 0.217702
0.540971 0.693989 0.021445
0.476359 0.490373 0.496673
0.609699 0.104073 0.210084
0.087906 0.949221 0.879130
0.010297 0.834867 0.470115
0.095269 0.112750 0.186327
0.512708 0.685662 0.123322
0.148309 0.512196 0.566746
0.723802 0.331630 0.020577
0.567950 0.731058 0.040288
0.866342 0.096988 0.837175
0.493170 0.249135 0.508550
0.262971 0.653067 0.365915
0.135500 0.052571 0.011104
0.800198 0.469656 0.513840
0.175324 0.812866 0.491952
0.102612 0.243102 0.028134
0.714668 0.953262 0.637105
0.831312 0.187791 0.155003
0.035234 0.054906 0.051095
0.681743 0.345270 0.417496
0.454524 0.946392 0.419320
0.959159 0.868112 0.259106
0.392861 0.701931 0.353495
0.729386 0.357954 0.157519
0.096561 0.296080 0.278231
0.041851 0.868122 0.107605
0.685390 0.332563 0.867215
0.315004 0.634474 0.425612
0.139658 0.646575 0.987115
0.560184 0.448275 0.502963
0.213785 0.157312 0.446907
0.923582 0.465945 0.844610
0.141389 0.676628 0.642818
0.661817 0.985017 0.927649
0.824664 0.435626 0.908584
0.901585 0.117443 0.898011
0.587975 0.004716 0.937136
0.738718 0.989340 0.568263
0.351254 0.368195 0.075565
0.878172 0.629734 0.164508
0.773754 0.404296 0.255938
0.878750 0.901591 0.508151
0.866983 0.677129 0.157947
0.902373 0.875164 0.928927
0.472234 0.537651 0.151097
0.222849 0.489552 0.030462
0.563682 0.934838 0.981758
0.169964 0.165243 0.244184
0.132075 0.502942 0.981337
0.627480 0.698065 0.806637
0.608731 0.325594 0.009832
0.134821 0.089435 0.848453
0.466817 0.291770 0.745177
0.467202 0.413264 0.544962
0.019829 0.519398 0.618245
0.694618 0.238415 0.272137
0.686857 0.560160 0.644586
0.233068 0.073289 0.309007
0.440860 0.094499 0.724408
0.121696 0.874309 0.873009
0.318506 0.119735 0.200423
0.709846 0.417315 0.120420
0.425388 0.087678 0.762513
0.102224 0.455765 0.528797
0.465765 0.868531 0.183627
0.835147 0.857118 0.081080
0.771383 0.550376 0.739424
0.572730 0.333889 0.366245
0.146494 0.016804 0.482580
0.589873 0.841347 0.322926
0.432357 0.994589 0.399217
0.116883 0.943032 0.628966
0.092425 0.870181 0.422846
0.839078 0.795131 0.354490
0.813929 0.458982 0.626288
0.276031 0.209480 0.335681
0.175747 0.114924 0.393290
0.760821 0.932546 0.129538
0.214792 0.811679 0.534913
0.675925 0.615423 0.294234
0.471979 0.648149 0.809565
0.548290 0.866971 0.196379
0.645794 0.397402 0.231077
0.790827 0.423288 0.414760
0.378838 0.586048 0.795462
0.435485 0.911189 0.087727
0.446663 0.793321 0.223575
0.303649 0.077819 0.666709
0.932401 0.510219 0.512188
0.370475 0.407644 0.176994
0.253227 0.462007 0.911095
0.257857 0.922213 0.175110
0.538829 0.068514 0.744206
0.302251 0.376003 0.484885
0.834211 0.324191 0.396175
0.077372 0.979271 0.884631
0.503963 0.043944 0.353166
0.910054 0.409524 0.215965
0.618971 0.264727 0.429256
0.257102 0.700700 0.853045
0.221891 0.484213 0.034690
0.631204 0.759666 0.470165
0.882862 0.903308 0.102669
0.329478 0.224429 0.593895
0.062246 0.067081 0.339038
0.943943 0.296022 0.940544
0.982818 0.788871 0.050291
0.004942 0.145385 0.880355
0.472590 0.747196 0.984451
0.862540 0.271009 0.795411
0.523893 0.416327 0.924580
0.990607 0.563748 0.461495
0.887530 0.158685 0.317338
0.964066 0.176738 0.389454
0.603268 0.755473 0.399074
0.901529 0.939103 0.830500
0.115059 0.040392 0.569664
0.603285 0.216684 0.333256
0.262403 0.997291 0.061715
0.350320 0.500591 0.219240
0.463466 0.167759 0.736560
0.398203 0.059487 0.926044
0.937463 0.695106 0.133874
0.859172 0.145142 0.943099
0.188172 0.809918 0.211049
0.233206 0.743628 0.535569
0.876423 0.021858 0.287139
0.168520 0.847292 0.447287
0.250389 0.503070 0.391844
0.435363 0.711278 0.578027
0.982922 0.470506 0.572004
0.633428 0.601904 0.358600
0.817702 0.775570 0.658813
0.436699 0.845202 0.503090
0.336525 0.611458 0.893140
0.851090 0.287439 0.958374
0.630919 0.320929 0.632915
0.347099 0.850980 0.144549
0.442804 0.151601 0.548843
0.622775 0.919870 0.584514
0.294932 0.133834 0.099153
0.170144 0.474061 0.211313
0.723942 0.471832 0.606175
0.471873 0.950429 0.286294
0.683969 0.504739 0.243587
0.692438 0.581295 0.562227
0.086272 0.753715 0.442518
0.789609 0.498616 0.942388
0.879032 0.755100 0.527510
0.505922 0.897542 0.778670
0.993880 0.956999 0.735864
0.510387 0.899986 0.427843
0.230127 0.347028 0.656423
0.554509 0.473805 0.466859
0.486690 0.743680 0.001507
0.443356 0.333390 0.419890
0.057917 0.487493 0.978656
0.171305 0.387327 0.366455
0.149068 0.953832 0.525593
0.526289 0.344043 0.115349
0.529704 0.079819 0.390012
0.649387 0.486116 0.201715
0.584455 0.406375 0.764044
0.647408 0.662826 0.756038
0.482953 0.507137 0.486167
0.322232 0.286222 0.251730
0.038875 0.394873 0.141568
0.531593 0.331751 0.503358
0.237177 0.975637 0.299000
0.442703 0.644137 0.261256
0.734669 0.416167 0.251225
0.566670 0.910817 0.709850
0.647240 0.370651 0.737091
0.186253 0.031680 0.758559
0.467232 0.389255 0.627590
0.974191 0.622266 0.945416
0.831476 0.857548 0.213226
0.296960 0.367608 0.484932
0.936387 0.431096 0.005891
0.927586 0.743216 0.092395
0.704902 0.177973 0.197304
0.986655 0.897570 0.662149
0.484260 0.416327 0.712175
0.877849 0.710359 0.409905
0.415580 0.396973 0.714640
0.300013 0.341783 0.803006
0.454151 0.832788 0.128223
0.316912 0.665199 0.275584
0.725923 0.159236 0.376262
0.926972 0.402395 0.615236
0.484607 0.627900 0.383345
0.396476 0.069968 0.287918
0.212094 0.100798 0.134371
0.196969 0.080618 0.215249
0.338578 0.385698 0.201546
0.753759 0.221702 0.123387
0.652393 0.351074 0.594381
0.795633 0.233375 0.133937
0.904263 0.325448 0.785524
0.023819 0.450030 0.899832
0.976227 0.285869 0.547186
0.606837 0.091494 0.045309
0.997796 0.255440 0.949902
0.733003 0.488488 0.810215
0.531004 0.090522 0.787149
0.755167 0.058087 0.645284
0.742904 0.481881 0.965668
0.149143 0.868317 0.617227
0.634347 0.011927 0.070188
0.562151 0.769982 0.521261
0.333418 0.147758 0.010536
0.382010 0.889849 0.916252
0.737803 0.307890 0.625538
0.019640 0.287374 0.802620
0.005890 0.804628 0.133477
0.029421 0.289829 0.828828
0.608617 0.953231 0.540843
0.214606 0.961230 0.509969
0.558389 0.815390 0.568669
0.945677 0.506061 0.789387
0.275607 0.053306 0.123271
0.783779 0.963562 0.748926
0.696513 0.506666 0.192401
0.333321 0.241913 0.947363
0.909829 0.882483 0.828309
0.696697 0.070220 0.047803
0.633176 0.408687 0.370960
0.417098 0.617112 0.629784
0.895073 0.897753 0.291024
0.105768 0.733305 0.769204
0.562611 0.912831 0.119274
0.269472 0.328214 0.095029
0.865287 0.048604 0.792275
0.412252 0.777156 0.874309
0.386309 0.396547 0.690304
0.243387 0.437357 0.772042
0.082782 0.370991 0.295444
0.068396 0.451461 0.164414
0.204078 0.893515 0.363888
0.990732 0.764663 0.155854
0.754235 0.553267 0.904788
0.375554 0.530571 0.068894
0.563996 0.755979 0.831948
0.222403 0.780240 0.774741
0.415405 0.350061 0.261068
0.050900 0.030354 0.427108
0.830965 0.749849 0.775150
0.901153 0.380043 0.860661
0.470080 0.674959 0.847747
0.295549 0.819330 0.103662
0.558855 0.797267 0.449116
0.699797 0.012802 0.957863
0.232040 0.231540 0.910509
0.542108 0.519771 0.268597
0.738915 0.024822 0.167949
0.712167 0.128315 0.327590
0.264339 0.202654 0.997750
0.946808 0.439107 0.892032
0.156997 0.723911 0.990500
0.533648 0.665617 0.850739
0.115405 0.644618 0.923198
0.006206 0.680022 0.937522
0.208604 0.892331 0.740216
0.496530 0.042844 0.014718
0.940130 0.717345 0.821395
0.115813 0.113519 0.551611
0.026056 0.879474 0.091830
0.022754 0.619422 0.044823
0.008975 0.859091 0.571011
0.134608 0.592435 0.428624
0.620162 0.116711 0.604869
0.545216 0.449851 0.310549
0.384230 0.436978 0.276685
0.729665 0.493358 0.575175
0.676050 0.362495 0.501064
0.357692 0.390314 0.948505
0.142476 0.911743 0.348021
0.652244 0.565363 0.395207
0.919386 0.859190 0.553486
0.290870 0.712824 0.740333
0.781978 0.163220 0.525043
0.682373 0.666918 0.033566
0.933541 0.923461 0.209130
0.172463 0.100500 0.918893
0.433373 0.295329 0.488162
0.338072 0.538801 0.602566
0.816031 0.766224 0.515248
0.729991 0.501054 0.114506
0.081840 0.438519 0.595327
0.355649 0.773814 0.611548
0.253886 0.200576 0.766414
0.018318 0.822687 0.602724
0.798160 0.587192 0.949810
0.024431 0.091943 0.827201
0.608317 0.296624 0.962302
0.198239 0.637803 0.559988
0.725737 0.126383 0.154945
0.708459 0.391723 0.568370
0.747930 0.448969 0.429415
0.826219 0.046896 0.800947
0.981910 0.305842 0.503389
0.917536 0.704508 0.813041
0.820626 0.596283 0.605769
0.301719 0.504247 0.911526
0.892330 0.653331 0.598682
0.680218 0.217991 0.493235
0.569502 0.804919 0.069523
0.015317 0.279623 0.054321
0.889141 0.040209 0.215822
0.862167 0.506551 0.940606
0.394638 0.923032 0.551868
0.224359 0.652379 0.420154
0.427987 0.996290 0.657157
0.412734 0.708411 0.583735
0.088047 0.895825 0.942673
0.511140 0.452190 0.308906
0.181869 0.592336 0.125109
0.790423 0.956742 0.455479
0.418065 0.118856 0.485939
0.833656 0.306855 0.459127
0.341608 0.229017 0.976654
0.798099 0.337247 0.294763
0.689012 0.931904 0.034881
0.601549 0.617112 0.117452
0.778622 0.844484 0.022576
0.806565 0.958059 0.728492
0.279051 0.923007 0.213512
0.695115 0.867201 0.226495
0.613669 0.813226 0.204763
0.021020 0.921738 0.627817
0.229761 0.620305 0.589527
0.633152 0.161280 0.329983
0.405984 0.339900 0.196638
0.916315 0.837694 0.367716
0.136612 0.227326 0.984466
0.731451 0.085770 0.051045
0.980352 0.189866 0.308009
0.712735 0.380393 0.701561
0.269018 0.243450 0.950599
0.832684 0.096946 0.252721
0.318259 0.820523 0.798939
0.958093 0.958941 0.717966
0.996872 0.671047 0.091677
0.867281 0.977309 0.713105
0.696654 0.764373 0.522967
0.886143 0.202250 0.594915
0.153822 0.231778 0.103983
0.242480 0.833610 0.000034
0.076289 0.832503 0.426449
0.126032 0.859828 0.747966
0.118975 0.410159 0.990786
0.112402 0.411880 0.397022
0.817057 0.478931 0.672711
0.307826 0.008089 0.759011
0.200198 0.582883 0.854212
0.422029 0.891280 0.022721
0.587436 0.349808 0.188334
0.256074 0.729590 0.863000
0.839804 0.434437 0.490767
0.430634 0.556439 0.655497
0.772812 0.422673 0.585728
0.688785 0.338093 0.618109
0.338832 0.489883 0.467970
0.932032 0.109949 0.955695
0.439717 0.934442 0.048341
0.587897 0.610415 0.494498
0.276609 0.682552 0.691241
0.769288 0.510953 0.072747
0.998151 0.956935 0.779872
0.844704 0.082256 0.380765
0.757287 0.702103 0.068797
0.832714 0.585698 0.288140
0.254927 0.064543 0.433467
0.161830 0.532119 0.164496
0.568994 0.242242 0.764510
0.777618 0.638469 0.169225
0.320416 0.678894 0.976073
0.831791 0.307116 0.386835
0.833238 0.824973 0.460125
0.017083 0.113424 0.330798
0.163659 0.026175 0.955047
0.843171 0.936509 0.391973
0.691269 0.728573 0.447031
0.653031 0.131879 0.649599
0.706588 0.464506 0.187276
0.461026 0.355958 0.100380
0.407559 0.393178 0.956210
0.805893 0.206005 0.730047
0.817802 0.122905 0.314507
0.743454 0.743886 0.624299
0.962233 0.997799 0.977006
0.944417 0.840211 0.285357
0.362723 0.681420 0.559697
0.791109 0.900444 0.651686
0.599201 0.077503 0.830448
0.132302 0.062227 0.053638
0.259515 0.778076 0.921595
0.649062 0.195690 0.124305
0.362329 0.779170 0.146594
0.411086 0.642313 0.906741
0.735282 0.370399 0.220133
0.983327 0.943598 0.574608
0.073178 0.869926 0.439736
0.223093 0.604699 0.399241
0.845533 0.855240 0.195290
0.526338 0.814456 0.715488
0.029198 0.311618 0.649706
0.991123 0.707639 0.523788
0.318235 0.505995 0.027566
0.320819 0.210736 0.221295
0.134552 0.023827 0.805248
0.642582 0.554447 0.493491
0.247593 0.565483 0.163811
0.677573 0.504120 0.298569
0.259841 0.796857 0.308309
0.340481 0.322731 0.161512
0.244736 0.928756 0.755604
0.331359 0.885079 0.821644
0.120883 0.537117 0.285639
0.247078 0.626978 0.513227
0.139165 0.661121 0.862072
0.694829 0.934353 0.722310
0.165073 0.160673 0.315747
0.560309 0.924839 0.284629
0.413048 0.458346 0.301103
0.802284 0.926215 0.616775
0.289433 0.523759 0.621085
0.215553 0.373751 0.963150
0.080300 0.190420 0.468667
0.170978 0.437543 0.934103
0.799210 0.846968 0.025459
0.631311 0.563009 0.183266
0.461121 0.212130 0.110953
0.933374 0.609749 0.159338
0.276401 0.431604 0.653899
0.338509 0.721413 0.673764
0.180809 0.798818 0.782389
0.009640 0.116145 0.942048
0.361678 0.514710 0.526867
0.413467 0.734584 0.615132
0.682973 0.551580 0.238096
0.790693 0.396262 0.178774
0.942480 0.799698 0.698704
0.952544 0.723295 0.350384
0.462144 0.617321 0.817162
0.593101 0.142588 0.970692
0.889263 0.110343 0.456551
0.366215 0.349899 0.043388
0.676335 0.945445 0.083709
0.827412 0.080581 0.904495
0.199318 0.354541 0.383944
0.760540 0.783064 0.239891
0.711964 0.890653 0.011490
0.326001 0.551998 0.617718
0.333529 0.074071 0.898598
0.180665 0.015991 0.717968
0.337267 0.738824 0.873639
0.782386 0.193000 0.590579
0.478707 0.874333 0.363167
0.983764 0.463005 0.125055
0.111969 0.163354 0.565855
0.375904 0.183244 0.107932
0.861030 0.160920 0.864362
0.397834 0.394853 0.179761
0.568006 0.960337 0.352265
0.041912 0.493915 0.284210
0.549955 0.920056 0.987469
0.540654 0.785447 0.939672
0.209133 0.406890 0.519702
0.949039 0.522610 0.292962
0.772997 0.313783 0.126013
0.651680 0.416480 0.776856
0.636088 0.956904 0.430487
0.298386 0.680036 0.817695
0.429444 0.708562 0.162657
0.222806 0.602494 0.029721
0.403881 0.394381 0.802741
0.757614 0.649979 0.471788
0.934425 0.621746 0.788512
0.464337 0.550814 0.407933
0.877014 0.954902 0.913659
0.279234 0.023669 0.172939
0.363663 0.829494 0.220866
0.101030 0.419175 0.392046
0.122510 0.701467 0.407765
0.367773 0.037564 0.461152
0.619355 0.551383 0.691665
0.789497 0.747126 0.993050
0.914533 0.195544 0.034807
0.674427 0.103116 0.914732
0.199130 0.719132 0.419610
0.939334 0.000966 0.083460
0.327243 0.044327 0.293979
0.871370 0.664747 0.297595
0.599207 0.544565 0.775970
0.711367 0.852126 0.239880
0.511154 0.891182 0.331153
0.244256 0.979176 0.395568
0.780176 0.489646 0.769327
0.049827 0.159327 0.049417
0.338809 0.994471 0.437150
0.528395 0.359746 0.017289
0.050140 0.733709 0.844472
0.306860 0.353127 0.879221
0.121220 0.042885 0.442720
0.115538 0.266786 0.139385
0.591917 0.813167 0.700158
0.178224 0.920711 0.981328
0.259112 0.204946 0.630472
0.174464 0.837383 0.270975
0.707367 0.354988 0.785903
0.168549 0.012788 0.520494
0.166189 0.474610 0.777988
0.774787 0.539411 0.511861
0.929764 0.350574 0.022944
0.138716 0.312354 0.572965
0.161859 0.901150 0.848785
0.353267 0.141509 0.819383
0.791962 0.515274 0.100776
0.887956 0.080972 0.227076
0.224010 0.943458 0.453738
0.337089 0.159944 0.521393
0.394307 0.045976 0.687215
0.836201 0.303104 0.761110
0.901235 0.908371 0.200997
0.838748 0.141736 0.443157
0.465287 0.655009 0.706207
0.499103 0.880266 0.360288
0.075445 0.550437 0.340821
0.463583 0.632541 0.008015
0.681511 0.151234 0.960738
0.054088 0.972156 0.298399
0.330421 0.762799 0.603780
0.279757 0.896050 0.284834
0.345114 0.963760 0.446978
0.718105 0.386566 0.370766
0.626334 0.827561 0.569920
0.357063 0.448580 0.100147
0.349191 0.362966 0.170860
0.266792 0.680278 0.271377
0.905027 0.549925 0.077496
0.822470 0.078674 0.589212
0.661113 0.457762 0.411535
0.849234 0.500509 0.992051
0.154051 0.083923 0.236136
0.219088 0.817639 0.664996
0.098380 0.721163 0.157710
0.863168 0.949889 0.607657
0.737028 0.901184 0.878729
0.767854 0.430495 0.812515
0.728146 0.162165 0.244826
0.036032 0.735257 0.782389
0.881301 0.215140 0.632267
0.085766 0.705863 0.863930
0.398740 0.614393 0.198181
0.343755 0.450234 0.308942
0.709901 0.717783 0.141552
0.491663 0.684034 0.058697
0.715656 0.612271 0.339405
0.061472 0.544459 0.763333
0.630377 0.160327 0.937682
0.035100 0.004970 0.580191
0.288126 0.243617 0.094730
0.254178 0.066800 0.312191
0.052458 0.514286 0.792409
0.728991 0.292797 0.984563
0.836636 0.890779 0.842292
0.811007 0.436629 0.694643
0.986629 0.381318 0.943770
0.713190 0.173610 0.344939
0.096978 0.696697 0.118608
0.944289 0.356796 0.449784
0.968205 0.145748 0.758091
0.383166 0.123900 0.317257
0.575799 0.252758 0.492780
0.972666 0.826033 0.465477
0.580147 0.716651 0.044434
0.821508 0.872829 0.701265
0.889537 0.114605 0.525711
0.866209 0.192020 0.341231
0.096968 0.791123 0.132190
0.776723 0.486778 0.797345
0.776415 0.766812 0.794589
0.170082 0.574009 0.557994
0.701385 0.751523 0.430360
0.189833 0.624181 0.448149
0.371899 0.476319 0.208708
0.984505 0.629630 0.022397
0.253307 0.453046 0.728195
0.943358 0.773958 0.551895
0.470293 0.335100 0.713840
0.071647 0.114259 0.358810
0.389167 0.609950 0.563386
0.932730 0.077429 0.643121
0.495171 0.815056 0.182289
0.110521 0.831101 0.954433
0.959456 0.601885 0.277638
0.624663 0.403723 0.083230
0.344321 0.339738 0.661751
0.268726 0.132779 0.442779
0.446211 0.117864 0.283381
0.917853 0.145181 0.817584
0.632002 0.998704 0.695043
0.697642 0.571345 0.502448
0.343862 0.946885 0.631832
0.614024 0.865215 0.333482
0.342018 0.079573 0.981922
0.391001 0.568393 0.795169
0.087670 0.738137 0.784360
0.657549 0.646119 0.981531
0.436154 0.428089 0.923744
0.941397 0.213035 0.620693
0.468432 0.115409 0.081530
0.781743 0.797737 0.874176
0.825453 0.706602 0.226204
0.999964 0.070255 0.113184
0.549580 0.575780 0.014242
0.033132 0.332004 0.162161
0.582988 0.396529 0.842415
0.221909 0.741952 0.034304
0.535182 0.825864 0.513846
0.901651 0.356970 0.571390
0.102888 0.296893 0.013669
0.593044 0.050423 0.756293
0.400749 0.690331 0.843660
0.605848 0.496013 0.001755
0.974412 0.911234 0.458814
0.369577 0.049855 0.932315
0.144414 0.260954 0.637307
0.659852 0.386325 0.683299
0.200392 0.047125 0.527957
0.562420 0.055751 0.722878
0.943315 0.795007 0.051375
0.412715 0.957841 0.828320
0.865727 0.077803 0.692846
0.788934 0.647501 0.650086
0.512269 0.769071 0.464305
0.243837 0.825577 0.474663
0.377813 0.824446 0.706562
0.079165 0.453228 0.044690
0.527521 0.379944 0.127347
0.473934 0.271163 0.454268
0.649970 0.565787 0.521360
0.719394 0.337721 0.530830
0.103553 0.929435 0.726000
0.436211 0.261132 0.215309
0.982861 0.277721 0.490732
0.341990 0.779244 0.947257
0.801712 0.585700 0.935059
0.201835 0.129475 0.865676
0.241629 0.933712 0.656102
0.509561 0.184678 0.656734
0.463721 0.555883 0.450180
0.411278 0.650269 0.364271
0.498266 0.454559 0.940257
0.142101 0.324488 0.447561
0.064183 0.215617 0.173707
0.557503 0.016430 0.082334
0.631317 0.387079 0.033658
0.783981 0.119213 0.507064
0.999788 0.093038 0.021829
0.071025 0.759995 0.489718
0.079712 0.412633 0.765814
0.318100 0.234477 0.746835
0.686817 0.280326 0.631138
0.358621 0.605075 0.157089
0.304971 0.338172 0.122461
0.856965 0.857307 0.725511
0.756788 0.453906 0.963541
0.867074 0.304076 0.988272
0.636565 0.832464 0.163412
0.121132 0.987542 0.704182
0.252964 0.583815 0.410211
0.324161 0.179412 0.926754
0.690334 0.127407 0.530831
0.104283 0.386724 0.087380
0.324838 0.508856 0.050495
0.368100 0.665440 0.220322
0.418750 0.254702 0.841167
0.644759 0.844489 0.130335
0.903930 0.561038 0.899421
0.274377 0.253093 0.015424
0.420702 0.218313 0.862338
0.205139 0.702136 0.156615
0.560489 0.450292 0.195915
0.834017 0.057480 0.675155
0.825829 0.467789 0.456542
0.071850 0.337957 0.714488
0.752334 0.590373 0.476986
0.966201 0.317089 0.020560
0.091131 0.871465 0.474664
0.142100 0.343027 0.078755
0.000848 0.043300 0.663005
0.343270 0.555876 0.990514
0.529849 0.593519 0.998937
0.978252 0.705171 0.634224
0.959251 0.066756 0.716301
0.930190 0.347164 0.855090
0.253288 0.908244 0.174982
0.156256 0.504419 0.578767
0.932409 0.912054 0.590999
0.595796 0.590635 0.385425
0.483142 0.164931 0.204494
0.900219 0.683625 0.191938
0.574313 0.775369 0.757331
0.638802 0.629658 0.658291
0.663409 0.481035 0.471565
0.965632 0.406140 0.526215
0.724279 0.504184 0.282747
0.297175 0.344627 0.973556
0.506307 0.354898 0.285684
0.539452 0.416398 0.106290
0.158092 0.727598 0.852573
0.500273 0.233677 0.598698
0.113203 0.299380 0.349350
0.071281 0.416411 0.873683
0.603319 0.181944 0.832575
0.639938 0.748659 0.854430
0.246515 0.455005 0.153583
0.227240 0.790572 0.708215
0.443217 0.018926 0.887019
0.189964 0.764077 0.532840
0.016241 0.737637 0.865575
0.250784 0.996496 0.008351
0.858811 0.287191 0.934598
0.699268 0.330914 0.487649
0.243461 0.195726 0.525621
0.626127 0.232328 0.781610
0.034870 0.857029 0.871121
0.233060 0.305681 0.156693
0.776569 0.808653 0.693385
0.810538 0.705375 0.011160
0.980261 0.645735 0.111797
0.503532 0.868092 0.382791
0.436263 0.936920 0.962387
0.443082 0.492557 0.317282
0.228079 0.504274 0.549468
0.209353 0.628987 0.730756
0.931558 0.220606 0.514336
0.758999 0.263887 0.726759
0.294073 0.748972 0.007867
0.431404 0.741627 0.856750
0.500057 0.266280 0.846613
0.722469 0.943709 0.041252
0.323196 0.212354 0.718338
0.171399 0.309161 0.658235
0.525457 0.060016 0.961380
0.637228 0.893840 0.025605
0.693406 0.502592 0.925192
0.401579 0.357759 0.619841
0.424451 0.532906 0.469095
0.157165 0.846374 0.435009
0.680303 0.043455 0.141485
0.380642 0.355919 0.698582
0.422526 0.057219 0.940709
0.383025 0.521416 0.378912
0.785269 0.561512 0.471893
0.770682 0.000417 0.603594
0.356129 0.280595 0.176213
0.594848 0.895557 0.788083
0.971195 0.740685 0.236294
0.645242 0.801531 0.874132
0.187180 0.298330 0.191509
0.529069 0.259173 0.382684
0.424821 0.043536 0.172333
0.194164 0.773821 0.845670
0.089105 0.287282 0.975068
0.201547 0.599336 0.251907
0.639328 0.087316 0.986498
0.039042 0.772148 0.711009
0.310401 0.801788 0.359984
0.264854 0.345568 0.232571
0.175978 0.455177 0.316948
0.545143 0.668886 0.487559
0.401270 0.539792 0.434995
0.349142 0.246158 0.802272
0.673573 0.603771 0.679237
0.961561 0.988261 0.900520
0.458441 0.875350 0.605929
0.460323 0.602032 0.820708
0.179134 0.095685 0.151873
0.046507 0.741208 0.554867
0.402241 0.253308 0.588313
0.152465 0.428965 0.768350
0.235949 0.630765 0.831912
0.467580 0.187635 0.786023
0.015371 0.837926 0.805089
0.866421 0.399318 0.907675
0.988993 0.186258 0.748466
0.931411 0.202417 0.485035
0.056205 0.722435 0.015979
0.314598 0.004501 0.927191
0.845895 0.563245 0.061125
0.852993 0.282349 0.929141
0.816141 0.809855 0.268863
0.222039 0.985120 0.289274
0.769330 0.672412 0.116524
0.905556 0.183706 0.832854
0.425945 0.989918 0.408690
0.486091 0.393926 0.963830
0.907326 0.261904 0.324066
0.678672 0.722994 0.493150
0.569470 0.345826 0.666333
0.353324 0.339070 0.554519
0.148561 0.901429 0.629480
0.573280 0.080263 0.709888
0.618085 0.127451 0.696231
0.053512 0.190643 0.311180
0.490152 0.622653 0.822821
0.699038 0.811519 0.182394
0.089117 0.599884 0.186329
0.835497 0.968724 0.929457
0.393118 0.537087 0.020866
0.124335 0.731711 0.103530
0.893121 0.236699 0.031737
0.436580 0.787511 0.445847
0.527484 0.615006 0.171617
0.643517 0.034777 0.713286
0.042151 0.174261 0.346499
0.413391 0.817324 0.230282
0.651979 0.918434 0.296500
0.305010 0.166585 0.040651
0.141353 0.697436 0.569315
0.708009 0.764783 0.808034
0.317226 0.966450 0.437435
0.891700 0.690608 0.498877
0.313795 0.295372 0.139809
0.174921 0.594308 0.544721
0.295262 0.124023 0.518187
0.151133 0.488248 0.989049
0.561135 0.211183 0.220786
0.075825 0.484220 0.768108
0.495490 0.178982 0.217686
0.820924 0.285329 0.247846
0.855789 0.978774 0.375711
0.654788 0.809419 0.107211
0.433290 0.755795 0.106756
0.059038 0.010017 0.447905
0.810804 0.802912 0.869518
0.467560 0.577296 0.566418
0.087923 0.016143 0.675921
0.608571 0.574016 0.298273
0.944347 0.427454 0.065865
0.597475 0.206391 0.626377
0.962475 0.786584 0.451144
0.123332 0.198042 0.534361
0.932710 0.710908 0.510527
0.418645 0.933108 0.098393
0.910280 0.875520 0.078761
0.525073 0.307992 0.871584
0.504926 0.582181 0.756691
0.785423 0.870663 0.567114
0.924400 0.832889 0.271057
0.880183 0.659143 0.352463
0.167185 0.287711 0.576576
0.787019 0.453846 0.262490
0.547731 0.832735 0.163514
0.820001 0.666436 0.512571
0.036745 0.660933 0.425379
0.867132 0.103954 0.120333
0.324068 0.134965 0.159818
0.302630 0.303572 0.278304
0.937472 0.823333 0.860301
0.150347 0.149889 0.806908
0.007583 0.813326 0.307729
0.779699 0.595339 0.637902
0.036030 0.764486 0.825592
0.471684 0.058215 0.041475
0.422842 0.179092 0.925338
0.772634 0.359202 0.408802
0.834557 0.812774 0.272322
0.690806 0.340352 0.271062
0.155919 0.845515 0.905493
0.386819 0.513357 0.168897
0.041660 0.842559 0.837736
0.101075 0.357053 0.857490
0.676093 0.272216 0.471283
0.622695 0.570461 0.140911
0.289237 0.339617 0.642505
0.077265 0.215975 0.384425
0.720347 0.714917 0.863516
0.173048 0.050094 0.176154
0.268431 0.334248 0.463991
0.334820 0.960464 0.965473
0.876893 0.017745 0.179435
0.863619 0.568586 0.706924
0.483414 0.531540 0.816169
0.345307 0.991480 0.187624
0.560521 0.847554 0.647538
0.804662 0.420295 0.619516
0.260290 0.082539 0.339108
0.567551 0.532144 0.839293
0.156977 0.640873 0.964482
0.384657 0.455974 0.641654
0.260371 0.515497 0.071665
0.024365 0.549486 0.312892
0.389156 0.729666 0.869760
0.314073 0.900168 0.777438
0.336205 0.532707 0.626323
0.645030 0.302424 0.000772
0.756160 0.250676 0.170738
0.947395 0.801463 0.921463
0.273166 0.299992 0.738889
0.604853 0.236658 0.952851
0.319426 0.426961 0.953366
0.969072 0.387933 0.559521
0.613981 0.493747 0.548695
0.150665 0.094547 0.018494
0.839368 0.884512 0.570148
0.750639 0.455478 0.374816
0.072396 0.035782 0.183061
0.858233 0.482055 0.539616
0.094529 0.711978 0.836568
0.687700 0.471358 0.302066
0.624094 0.823370 0.356495
0.083388 0.056871 0.190126
0.166706 0.069689 0.519546
0.647971 0.872969 0.661192
0.449168 0.707343 0.988903
0.411264 0.628524 0.023813
0.063126 0.854980 0.700062
0.175063 0.486518 0.796649
0.100926 0.439810 0.114269
0.410736 0.746706 0.682470
0.470844 0.432524 0.672382
0.887080 0.221102 0.382327
0.655854 0.128432 0.732148
0.178549 0.099242 0.415620
0.203144 0.148714 0.482024
0.740441 0.933654 0.251005
0.766093 0.851279 0.333394
0.103441 0.889924 0.965139
0.311991 0.581537 0.177823
0.260195 0.692532 0.252430
0.840413 0.596675 0.658497
0.720361 0.442850 0.671849
0.161766 0.302319 0.258449
0.697004 0.470619 0.656208
0.641167 0.459361 0.373623
0.372819 0.377593 0.262015
0.773216 0.969515 0.856684
0.017188 0.714549 0.348474
0.535851 0.290363 0.777248
0.737118 0.803595 0.361007
0.923782 0.242025 0.016148
0.826545 0.217715 0.002108
0.174275 0.854579 0.711451
0.190156 0.648341 0.065112
0.816646 0.650669 0.628347
0.441266 0.404364 0.801697
0.516669 0.463460 0.586525
0.968094 0.744306 0.926370
0.730363 0.583811 0.447348
0.318080 0.022366 0.495535
0.570044 0.572816 0.088445
0.883183 0.809121 0.594788
0.608801 0.293810 0.060684
0.100715 0.983356 0.438956
0.110092 0.494580 0.838512
0.342501 0.160766 0.776285
0.598530 0.353078 0.489495
0.104764 0.186109 0.694169
0.611006 0.292543 0.129481
0.909805 0.994000 0.095898
0.239188 0.340718 0.823853
0.582532 0.143879 0.404455
0.858729 0.860388 0.433224
0.772703 0.595551 0.104368
0.319571 0.180962 0.090645
0.231743 0.680604 0.352545
0.731614 0.045063 0.891177
0.157421 0.731811 0.385699
0.269895 0.800678 0.504823
0.324827 0.871246 0.827758
0.073295 0.975193 0.445470
0.863412 0.402962 0.335987
0.231496 0.900250 0.433385
0.769539 0.402626 0.708196
0.407115 0.014626 0.285987
0.525056 0.111382 0.417946
0.981130 0.750578 0.028055
0.679292 0.686365 0.119960
0.191860 0.098139 0.578066
0.156487 0.168769 0.143658
0.093662 0.725735 0.282455
0.855351 0.325085 0.616373
0.744680 0.309153 0.221422
0.149754 0.920992 0.361572
0.702831 0.727593 0.031710
0.822250 0.770151 0.535364
0.876229 0.499750 0.469189
0.312374 0.965244 0.258344
0.124613 0.697385 0.585173
0.870718 0.847911 0.460665
0.501967 0.497785 0.750862
0.443694 0.169334 0.971531
0.266973 0.400916 0.557572
0.729711 0.327605 0.301204
0.996064 0.048331 0.480578
0.632498 0.084026 0.665924
0.082248 0.704994 0.920329
0.429648 0.352674 0.882650
0.747897 0.073569 0.912937
0.593381 0.489932 0.793307
0.727019 0.190270 0.121368
0.719071 0.944464 0.643756
0.511544 0.753883 0.257236
0.942271 0.445001 0.063658
0.200711 0.303911 0.337138
0.641654 0.144993 0.455933
0.495444 0.996569 0.075011
0.582591 0.197262 0.980211
0.594971 0.698190 0.548536
0.795563 0.358676 0.731152
0.413664 0.804034 0.089385
0.693740 0.342450 0.784338
0.386946 0.695950 0.616329
0.714007 0.631574 0.084716
0.400477 0.396217 0.772921
0.438157 0.664968 0.941781
0.234646 0.514733 0.254289
0.220545 0.083551 0.571740
0.823145 0.175599 0.482483
0.961436 0.343926 0.156603
0.553699 0.420881 0.864901
0.909125 0.979086 0.186472
0.903105 0.893498 0.263188
0.866885 0.414896 0.079728
0.882751 0.272658 0.251514
0.456573 0.423689 0.069915
0.351874 0.668723 0.270980
0.525518 0.300653 0.310928
0.589135 0.059310 0.590465
0.382616 0.431262 0.650091
0.193545 0.184846 0.348273
0.696098 0.751320 0.629204
0.274897 0.718505 0.648286
0.020008 0.265876 0.483770
0.376189 0.980317 0.248411
0.115225 0.872884 0.526494
0.156903 0.396688 0.502660
0.116454 0.293330 0.328445
0.944729 0.815136 0.152589
0.151871 0.997510 0.944960
0.148526 0.386265 0.138449
0.581981 0.444155 0.877397
0.573815 0.165542 0.515812
0.359463 0.437545 0.003831
0.939859 0.805848 0.445275
0.026022 0.630891 0.364738
0.732643 0.758589 0.991082
0.292381 0.972996 0.154318
0.941793 0.425323 0.024547
0.938370 0.341036 0.336547
0.556817 0.937982 0.422387
0.613262 0.086480 0.326539
0.369372 0.444854 0.961402
0.680338 0.421753 0.247231
0.956988 0.283949 0.660544
0.307803 0.019600 0.908235
0.311657 0.427233 0.775083
0.926435 0.638693 0.884773
0.111388 0.540696 0.328032
0.023131 0.292592 0.554254
0.792873 0.275751 0.019943
0.891525 0.019342 0.153372
0.727358 0.498906 0.189219
0.810425 0.293735 0.349683
0.533039 0.973565 0.215334
0.483676 0.710361 0.217301
0.136448 0.054657 0.121614
0.081000 0.454953 0.475638
0.258345 0.440270 0.581772
0.612093 0.667904 0.017314
0.148816 0.971157 0.216412
0.376332 0.896691 0.494293
0.595586 0.759256 0.971291
0.295767 0.318082 0.868397
0.052342 0.047178 0.481556
0.158446 0.823992 0.169091
0.228607 0.880446 0.924250
0.076502 0.885321 0.477405
0.979674 0.662313 0.596700
0.602392 0.900543 0.945190
0.531178 0.192416 0.399516
0.138573 0.566970 0.392461
0.632689 0.639763 0.855856
0.814183 0.507610 0.676960
0.732825 0.927293 0.988523
0.592010 0.068665 0.918961
0.565641 0.666179 0.734250
0.601664 0.768037 0.899764
0.969254 0.447015 0.888045
0.556298 0.171305 0.499102
0.599100 0.669377 0.189693
0.277594 0.241390 0.385582
0.849679 0.148267 0.065846
0.091528 0.657921 0.050336
0.744261 0.188746 0.233443
0.042723 0.095763 0.880620
0.285516 0.357531 0.727290
0.788569 0.321701 0.114504
0.285087 0.003313 0.342904
0.409975 0.251700 0.282689
0.773869 0.241754 0.270038
0.017279 0.821603 0.381987
0.840472 0.894278 0.111274
0.797655 0.967629 0.428771
0.794406 0.407899 0.818198
0.329915 0.299878 0.960271
0.451337 0.986352 0.777377
0.547569 0.397994 0.483193
0.107171 0.573946 0.390772
0.344729 0.879147 0.629025
0.844345 0.675158 0.326008
0.076414 0.275222 0.445680
0.275479 0.860603 0.367152
0.174740 0.938775 0.677394
0.841726 0.048162 0.161458
0.170064 0.514629 0.819583
0.760296 0.480520 0.888474
0.241009 0.278561 0.929588
0.956107 0.675479 0.028300
0.737741 0.648963 0.299022
0.776037 0.860603 0.272489
0.025925 0.084884 0.977862
0.461501 0.298924 0.890085
0.525693 0.428145 0.400646
0.681434 0.841516 0.231142
0.754755 0.820406 0.979519
0.149448 0.383306 0.897371
0.780474 0.019160 0.675559
0.003569 0.556181 0.111060
0.163663 0.273126 0.676343
0.307790 0.695346 0.455827
0.200808 0.636321 0.274144
0.059688 0.862141 0.682331
0.495404 0.103546 0.673969
0.209621 0.118982 0.502475
0.548536 0.357137 0.610570
0.583288 0.215945 0.101574
0.588646 0.440972 0.324840
0.276037 0.788923 0.086758
0.450126 0.060002 0.686223
0.269753 0.035434 0.081773
0.563833 0.386329 0.359825
0.266056 0.431883 0.989530
0.517345 0.292654 0.202299
0.577188 0.953864 0.903236
0.272368 0.171718 0.536979
0.452971 0.997678 0.167504
0.807088 0.083561 0.240654
0.387558 0.998143 0.339118
0.924691 0.549432 0.100961
0.886178 0.907638 0.740446
0.147015 0.084883 0.194232
0.600864 0.602296 0.910271
0.592366 0.195940 0.072903
0.160213 0.847431 0.750864
0.940491 0.006735 0.700722
0.732081 0.156477 0.422458
0.410747 0.189516 0.157582
0.599795 0.033868 0.409214
0.297227 0.630736 0.331863
0.230556 0.253358 0.904245
0.148197 0.063341 0.731259
0.606524 0.323772 0.863553
0.752544 0.385144 0.919954
0.565614 0.035812 0.625463
0.052995 0.393449 0.517040
0.381798 0.943838 0.088806
0.581434 0.619941 0.485420
0.851453 0.623187 0.225371
0.060042 0.113526 0.747958
0.103846 0.482958 0.980018
0.994590 0.264322 0.731588
0.983000 0.712838 0.734055
0.199717 0.504396 0.377845
0.372640 0.417968 0.746760
0.864045 0.536527 0.679269
0.653083 0.113637 0.185890
0.708265 0.045451 0.566974
0.544496 0.382803 0.705034
0.452479 0.537622 0.963723
0.763025 0.799704 0.158292
0.321204 0.463318 0.870404
0.856176 0.194556 0.147730
0.582215 0.590866 0.183126
0.367963 0.854600 0.541786
0.421869 0.299226 0.800781
0.065078 0.284948 0.860348
0.735431 0.258362 0.339856
0.691933 0.295972 0.344647
0.053301 0.975177 0.172934
0.151853 0.201458 0.273725
0.025153 0.546225 0.499642
0.868693 0.217267 0.077864
0.493412 0.618460 0.845686
0.847375 0.420943 0.178821
0.474565 0.240459 0.835092
0.157404 0.934434 0.184251
0.075681 0.211867 0.651361
0.624207 0.806948 0.317775
0.979357 0.488802 0.945335
0.898523 0.739671 0.666659
0.133514 0.206790 0.028677
0.708329 0.645194 0.109152
0.932694 0.239474 0.151762
0.066561 0.987608 0.772573
0.676776 0.102737 0.468734
0.863760 0.116121 0.398148
0.920091 0.743638 0.721387
0.788454 0.063735 0.951082
0.167206 0.943417 0.195717
0.490572 0.720699 0.289484
0.331607 0.282493 0.592034
0.601788 0.688591 0.360687
0.667623 0.468990 0.841163
0.246963 0.693430 0.845885
0.734959 0.731355 0.512215
0.536650 0.730201 0.951694
0.286183 0.093840 0.261577
0.243556 0.212197 0.087212
0.003634 0.254238 0.120187
0.637582 0.717547 0.870344
0.455883 0.395915 0.559662
0.164265 0.971294 0.760758
0.878681 0.338898 0.074609
0.245902 0.549832 0.564577
0.110114 0.831893 0.213528
0.134137 0.853735 0.286967
0.464518 0.029004 0.761096
0.312099 0.130928 0.692520
0.790209 0.919769 0.870072
0.379507 0.460488 0.980322
0.065418 0.666534 0.630827
0.233203 0.962094 0.271711
0.087548 0.681089 0.639843
0.817659 0.339924 0.026594
0.635012 0.244247 0.222089
0.158568 0.718789 0.397943
0.485302 0.699378 0.960464
0.268017 0.577556 0.571142
0.314552 0.455421 0.695214
0.758951 0.983186 0.167998
0.116279 0.382777 0.363278
0.045438 0.430947 0.043132
0.665535 0.751427 0.625539
0.394435 0.137552 0.883219
0.360288 0.722910 0.526074
0.961797 0.809633 0.765868
0.137829 0.921405 0.005176
0.432521 0.518453 0.955654
0.435636 0.046517 0.750379
0.445155 0.736696 0.109394
0.201778 0.598105 0.701700
0.678551 0.332512 0.088255
0.585135 0.084488 0.295436
0.142668 0.554309 0.452720
0.910802 0.951226 0.658672
0.325000 0.325053 0.607539
0.962248 0.476245 0.115913
0.102843 0.940404 0.723144
0.951691 0.778596 0.167395
0.556650 0.845949 0.533362
0.649783 0.364745 0.900025
0.020927 0.532952 0.784666
0.447573 0.230168 0.348570
0.661579 0.966555 0.182531
0.574616 0.239859 0.707890
0.226189 0.596251 0.646594
0.206154 0.519434 0.732934
0.552420 0.204842 0.728003
0.838569 0.922655 0.092403
0.846299 0.351235 0.845899
0.369832 0.122309 0.284598
0.401768 0.634829 0.635385
0.481146 0.852232 0.009474
0.551207 0.506921 0.047144
0.344973 0.234444 0.247283
0.486769 0.580217 0.230044
0.364853 0.245904 0.794990
0.346365 0.270601 0.128400
0.178790 0.130602 0.956093
0.102757 0.901963 0.143045
0.509246 0.447870 0.821791
0.418202 0.808994 0.209131
0.786000 0.560579 0.939496
0.487422 0.398455 0.211553
0.344767 0.423465 0.528517
0.289967 0.189168 0.845080
0.366236 0.609453 0.031177
0.671328 0.481646 0.578321
0.367326 0.407778 0.357696
0.803490 0.628640 0.064612
0.453794 0.218948 0.688744
0.563141 0.785875 0.797487
0.856667 0.566847 0.946454
0.401728 0.260534 0.760802
0.423183 0.383773 0.322904
0.105236 0.875720 0.653965
0.881924 0.223022 0.218335
0.704406 0.309615 0.218995
0.805122 0.912389 0.201264
0.661203 0.027012 0.685209
0.159448 0.131198 0.636423
0.785420 0.371372 0.492973
0.686296 0.026584 0.882238
0.589288 0.819011 0.309609
0.150901 0.040669 0.650411
0.905271 0.120019 0.306641
0.276576 0.856261 0.037875
0.492964 0.779476 0.326557
0.447230 0.859885 0.853956
0.118457 0.736525 0.439214
0.099593 0.242893 0.808790
0.680887 0.333772 0.978499
0.625721 0.192730 0.342129
0.275260 0.445085 0.309368
0.544941 0.195924 0.616746
0.322813 0.017072 0.239773
0.939781 0.421387 0.177999
0.070292 0.377808 0.824202
0.042781 0.592769 0.371500
0.445847 0.804941 0.005470
0.050322 0.558970 0.737790
0.705458 0.527729 0.206236
0.428183 0.166373 0.694411
0.865995 0.677196 0.963469
0.129826 0.063065 0.647268
0.916421 0.124433 0.567861
0.469127 0.245416 0.152813
0.131537 0.492470 0.594021
0.029374 0.681892 0.165227
0.701863 0.952482 0.834347
0.571496 0.049233 0.995121
0.110825 0.007671 0.472709
0.482708 0.390171 0.359829
0.322628 0.226502 0.325259
0.364505 0.872732 0.998630
0.869326 0.410387 0.245465
0.903625 0.055853 0.839245
0.894605 0.280330 0.042674
0.312609 0.412280 0.510492
0.765254 0.799019 0.263832
0.956469 0.811670 0.934895
0.992331 0.290904 0.353993
0.799071 0.068603 0.167059
0.020707 0.027943 0.908165
0.774431 0.799720 0.477780
0.807177 0.578998 0.385987
0.073141 0.414050 0.504076
0.579519 0.476229 0.012139
0.802998 0.856111 0.134680
0.165946 0.768149 0.562877
0.172888 0.473363 0.926541
0.331422 0.781626 0.178047
0.301497 0.226486 0.375266
0.618867 0.422700 0.364520
0.663107 0.156126 0.321218
0.181917 0.509103 0.698154
0.583671 0.422011 0.051605
0.034604 0.246304 0.426807
0.008587 0.006059 0.385640
0.492733 0.824154 0.078277
0.495637 0.001653 0.141362
0.204716 0.857245 0.930309
0.702696 0.154756 0.543880
0.143770 0.723969 0.974617
0.944748 0.760794 0.566889
0.280849 0.744345 0.650133
0.252565 0.125612 0.034248
0.928681 0.217876 0.902366
0.867731 0.203888 0.046435
0.747814 0.924831 0.119383
0.657931 0.514831 0.072113
0.293411 0.342306 0.855064
0.604591 0.967816 0.078756
0.842876 0.865832 0.058203
0.266564 0.842465 0.025604
0.676398 0.892856 0.441078
0.273970 0.412740 0.694577
0.460040 0.339128 0.137293
0.235833 0.615378 0.446114
0.541630 0.351959 0.929476
0.680658 0.895848 0.725111
0.177146 0.658403 0.302479
0.348557 0.750248 0.837985
0.272665 0.640742 0.604740
0.571672 0.590535 0.221483
0.004036 0.556264 0.839814
0.679027 0.810205 0.434059
0.709460 0.840175 0.279629
0.310226 0.519623 0.247103
0.727519 0.622690 0.563738
0.914943 0.798597 0.796173
0.492768 0.402748 0.853331
0.963149 0.453786 0.858024
0.467555 0.089586 0.773852
0.358725 0.690686 0.662791
0.837617 0.816607 0.621569
0.637994 0.375305 0.509163
0.246056 0.876247 0.836626
0.148910 0.232445 0.331036
0.041345 0.766293 0.818833
0.591953 0.201018 0.166188
0.321562 0.412506 0.428616
0.992868 0.808077 0.081489
0.002927 0.505405 0.235564
0.399407 0.590555 0.342521
0.541872 0.246072 0.427474
0.134372 0.980490 0.499278
0.268258 0.006489 0.721081
0.564075 0.841205 0.660656
0.207194 0.887798 0.622493
0.834858 0.564787 0.136401
0.787750 0.923287 0.492665
0.222161 0.464527 0.984109
0.847604 0.430111 0.276561
0.964097 0.155609 0.007193
0.463792 0.327165 0.522379
0.254591 0.429182 0.749251
0.863107 0.307739 0.058550
0.019947 0.917717 0.116132
0.413285 0.553999 0.951572
0.271110 0.326667 0.707840
0.240770 0.141757 0.797439
0.721385 0.102495 0.148682
0.098891 0.150283 0.812915
0.156585 0.481798 0.431844
0.163889 0.060184 0.978078
0.432696 0.523355 0.045842
0.594196 0.468434 0.115416
0.746638 0.347293 0.449177
0.268879 0.561319 0.878352
0.369727 0.684461 0.926820
0.592961 0.643181 0.731960
0.249045 0.374335 0.683640
0.664311 0.117391 0.245413
0.118010 0.027161 0.492205
0.655973 0.861794 0.047184
0.462051 0.216710 0.282300
0.703794 0.006336 0.341376
0.671465 0.512038 0.635638
0.284885 0.566715 0.291836
0.687711 0.332264 0.343590
0.597901 0.759452 0.886170
0.913611 0.845878 0.632209
0.795546 0.937473 0.316900
0.784052 0.279268 0.553903
0.344391 0.523428 0.613292
0.117122 0.273996 0.498224
0.021124 0.720361 0.425372
0.047083 0.195719 0.075047
0.170063 0.673458 0.301837
0.720896 0.710576 0.606851
0.379461 0.426991 0.631234
0.182146 0.122857 0.921367
0.034191 0.947925 0.215870
0.954165 0.061824 0.479535
0.113314 0.977199 0.323556
0.805427 0.040087 0.859116
0.095344 0.878503 0.136657
0.340044 0.166571 0.535450
0.956052 0.531687 0.377777
0.164697 0.794538 0.173662
0.525480 0.972836 0.150030
0.963731 0.819646 0.597500
0.989746 0.863195 0.688241
0.058765 0.331755 0.142192
0.664637 0.364347 0.199561
0.974583 0.417568 0.799863
0.426229 0.392863 0.534527
0.858127 0.795027 0.204922
0.197941 0.774881 0.682434
0.734391 0.771142 0.812423
0.449648 0.519674 0.252086
0.065455 0.267327 0.115907
0.701286 0.764418 0.493802
0.956532 0.013032 0.554896
0.151007 0.901781 0.377796
0.855869 0.426618 0.981965
0.402214 0.812491 0.004646
0.766962 0.590391 0.668559
0.667521 0.094783 0.714342
0.609171 0.144831 0.570655
0.880471 0.695679 0.441850
0.285034 0.594837 0.849966
0.874271 0.440920 0.724295
0.311521 0.187072 0.010362
0.575058 0.082561 0.708479
0.215610 0.110994 0.337935
0.083494 0.588696 0.652359
0.457394 0.827567 0.585162
0.936469 0.398409 0.535712
0.773240 0.326165 0.557223
0.001880 0.681824 0.335843
0.740820 0.784264 0.399725
0.098232 0.722607 0.542789
0.792631 0.148497 0.629121
0.178591 0.573894 0.021232
0.764542 0.769294 0.770237
0.527798 0.546639 0.370587
0.586198 0.189695 0.528145
0.088512 0.665034 0.736702
0.171769 0.677318 0.039658
0.161063 0.056381 0.423726
0.084512 0.824656 0.034551
0.451113 0.366872 0.372648
0.964187 0.399082 0.395975
0.578973 0.495413 0.526168
0.520729 0.906228 0.670804
0.153072 0.228156 0.029790
0.631293 0.180876 0.274681
0.794633 0.762470 0.218155
0.094454 0.050342 0.618496
0.174376 0.989248 0.941961
0.929005 0.755431 0.531879
0.804618 0.871537 0.224087
0.579587 0.978494 0.973163
0.055684 0.769093 0.298060
0.332047 0.624214 0.781772
0.854877 0.925799 0.546895
0.683354 0.867376 0.469983
0.536594 0.658538 0.731205
0.125599 0.960966 0.008452
0.749745 0.818843 0.539448
0.799076 0.547021 0.062404
0.594360 0.294427 0.153282
0.501254 0.578390 0.129053
0.633988 0.939909 0.385298
0.889479 0.108884 0.175723
0.108265 0.826606 0.742289
0.488971 0.024675 0.836031
0.514127 0.384828 0.866159
0.497407 0.858688 0.817464
0.896360 0.506632 0.358664
0.177942 0.656552 0.410420
0.131981 0.560094 0.571924
0.317468 0.988986 0.058290
0.751053 0.845757 0.872261
0.057248 0.609539 0.537276
0.898216 0.250809 0.994343
0.054226 0.850741 0.043377
0.593047 0.694281 0.705505
0.100087 0.557017 0.058307
0.430014 0.055385 0.963963
0.990608 0.672850 0.383203
0.087191 0.831464 0.043119
0.668892 0.143603 0.817021
0.338686 0.798604 0.087850
0.383736 0.913532 0.812632
0.318195 0.007327 0.275337
0.759100 0.746315 0.614311
0.544411 0.378711 0.993126
0.282312 0.278105 0.315358
0.086757 0.373914 0.301791
0.103734 0.579408 0.107616
0.941605 0.984213 0.007763
0.412348 0.829427 0.502971
0.148795 0.836403 0.708924
0.847397 0.330529 0.720522
0.738033 0.291971 0.315914
0.548969 0.863338 0.919310
0.965133 0.960262 0.388588
0.604010 0.182104 0.139692
0.021517 0.867310 0.801551
0.272898 0.411094 0.359561
0.449907 0.933884 0.464650
0.540169 0.608647 0.108275
0.866699 0.119577 0.002187
0.189729 0.073260 0.972091
0.777113 0.214289 0.891260
0.006287 0.514431 0.724651
0.976878 0.138785 0.186773
0.334915 0.630375 0.277123
0.954482 0.379887 0.329569
0.057113 0.003222 0.482707
0.728917 0.355308 0.415688
0.344410 0.094582 0.848715
0.591582 0.497524 0.841628
0.261921 0.192488 0.365325
0.803727 0.216261 0.678774
0.544507 0.116688 0.076854
0.126250 0.544496 0.646026
0.647979 0.757679 0.512367
0.398446 0.936452 0.171475
0.547843 0.817927 0.185877
0.952632 0.396874 0.452596
0.328078 0.038189 0.122468
0.777221 0.118246 0.756268
0.469435 0.381086 0.918049
0.459121 0.468322 0.170506
0.270860 0.805226 0.227031
0.990853 0.951864 0.078804
0.775467 0.557320 0.833463
0.585315 0.824700 0.452266
0.934555 0.392165 0.582893
0.460930 0.834197 0.185526
0.393697 0.105838 0.087141
0.041657 0.316230 0.211815
0.337996 0.508526 0.917070
0.606976 0.765337 0.611441
0.391934 0.175444 0.463996
0.386945 0.549105 0.511147
0.422883 0.719172 0.790040
0.021060 0.263830 0.265933
0.745365 0.583922 0.265878
0.955977 0.512127 0.250956
0.726734 0.341684 0.029764
0.347379 0.151638 0.936484
0.891179 0.294068 0.031867
0.602174 0.624787 0.361184
0.267036 0.163326 0.041173
0.154108 0.941236 0.077081
0.275171 0.266150 0.120303
0.370140 0.799446 0.489156
0.472544 0.330972 0.666283
0.010125 0.992479 0.672307
0.384026 0.220639 0.350724
0.491534 0.537639 0.077488
0.084874 0.665695 0.556082
0.967154 0.234269 0.134168
0.412266 0.944981 0.569190
0.695438 0.543376 0.744062
0.980136 0.750857 0.111333
0.015651 0.398261 0.800686
0.127261 0.770500 0.484264
0.007116 0.005937 0.471798
0.203122 0.370163 0.369640
0.944233 0.679034 0.219176
0.009415 0.249204 0.412649
0.152041 0.179670 0.188628
0.136198 0.815878 0.946578
0.002035 0.872760 0.747237
0.835858 0.765346 0.244579
0.125303 0.496358 0.932361
0.616835 0.381386 0.328406
0.943738 0.554205 0.845771
0.932927 0.774655 0.995950
0.230457 0.210437 0.499395
0.540130 0.588658 0.357287
0.807016 0.404135 0.804287
0.954816 0.048838 0.873068
0.924480 0.882464 0.490632
0.893581 0.086546 0.956528
0.955088 0.270840 0.623205
0.979534 0.329561 0.466395
0.691057 0.675425 0.174195
0.297181 0.673844 0.645793
0.608575 0.604064 0.891757
0.280264 0.845833 0.503256
0.936341 0.865272 0.981459
0.434896 0.988975 0.340655
0.172755 0.426614 0.726713
0.491982 0.957372 0.128745
0.241487 0.399382 0.581152
0.730997 0.411622 0.116164
0.499556 0.929571 0.929039
0.804728 0.213562 0.853459
0.469251 0.659793 0.943730
0.275559 0.758818 0.204493
0.627518 0.924582 0.813467
0.381432 0.615285 0.770202
0.772796 0.170259 0.968401
0.166232 0.784433 0.312319
0.193191 0.726228 0.068987
0.324597 0.059795 0.902772
0.594984 0.201348 0.063940
0.337222 0.485708 0.271450
0.078379 0.192912 0.888152
0.769363 0.313991 0.058215
0.942185 0.116479 0.594342
0.797733 0.090744 0.570775
0.215321 0.359990 0.702760
0.586546 0.106905 0.891631
0.613648 0.321204 0.502586
0.676294 0.740444 0.348283
0.315833 0.285609 0.817298
0.443358 0.018066 0.642248
0.531748 0.188446 0.558256
0.360858 0.649957 0.217240
0.618901 0.412042 0.541790
0.643274 0.488898 0.977894
0.519214 0.357464 0.260375
0.083438 0.376389 0.289581
0.849654 0.056822 0.879816
0.309363 0.668865 0.647023
0.136543 0.648650 0.398043
0.451802 0.411278 0.591170
0.603427 0.617274 0.752772
0.057917 0.485425 0.724384
0.939287 0.360791 0.480947
0.371433 0.704746 0.432877
0.049082 0.740909 0.098534
0.848987 0.901286 0.872057
0.222332 0.225230 0.951495
0.557341 0.168735 0.427224
0.129304 0.930400 0.444498
0.365500 0.982740 0.505820
0.522224 0.642066 0.774913
0.567917 0.621512 0.400656
0.159735 0.785291 0.454436
0.442904 0.790297 0.465427
0.665509 0.501838 0.849475
0.162755 0.373129 0.870796
0.391406 0.059200 0.500734
0.129269 0.342332 0.953372
0.401418 0.116214 0.631858
0.286991 0.124654 0.666546
0.620776 0.506058 0.987762
0.401542 0.335456 0.233698
0.341083 0.243521 0.865706
0.855102 0.344063 0.169400
0.358787 0.307317 0.847170
0.313872 0.439227 0.365419
0.804466 0.009487 0.290923
0.439759 0.137195 0.544064
0.739516 0.566564 0.860463
0.399862 0.377101 0.714614
0.138276 0.525297 0.174532
0.134087 0.137019 0.808156
0.791993 0.203459 0.457049
0.859998 0.294644 0.595220
0.414779 0.622388 0.481213
0.152594 0.133760 0.763937
0.852171 0.117425 0.941289
0.799034 0.301478 0.473532
0.155531 0.410578 0.720024
0.207727 0.534186 0.197646
0.286366 0.087850 0.468981
0.966588 0.543835 0.628152
0.561112 0.695131 0.836234
0.963434 0.328615 0.769327
0.250716 0.131068 0.766922
0.856449 0.277045 0.533631
0.374064 0.927835 0.658869
0.176916 0.714193 0.221052
0.215116 0.178211 0.882918
0.184790 0.935514 0.800537
0.817646 0.896551 0.232577
0.433179 0.467451 0.471564
0.085623 0.396475 0.663616
0.314984 0.647599 0.170940
0.015380 0.780811 0.011249
0.921395 0.126440 0.052677
0.360977 0.011315 0.960886
0.265917 0.761952 0.902756
0.951523 0.852008 0.122088
0.875953 0.082229 0.499318
0.460159 0.714396 0.940566
0.813588 0.219888 0.835665
0.370590 0.596402 0.205860
0.843108 0.983716 0.737698
0.932932 0.342431 0.721965
0.261435 0.314195 0.093200
0.597024 0.464869 0.428249
0.327126 0.688029 0.802401
0.215712 0.745177 0.810307
0.401548 0.842665 0.914917
0.290545 0.410351 0.632206
0.909477 0.188900 0.557515
0.038797 0.034064 0.273279
0.950659 0.538335 0.156483
0.002283 0.934902 0.742194
0.594100 0.192902 0.940750
0.503911 0.484136 0.982058
0.376328 0.377460 0.298710
0.477715 0.236980 0.441659
0.757336 0.282500 0.993646
0.731230 0.312708 0.101022
0.736923 0.213347 0.738344
0.017312 0.484062 0.947838
0.972348 0.633389 0.291354
0.434457 0.933368 0.621071
0.751208 0.646781 0.670567
0.274169 0.893810 0.408661
0.848801 0.987182 0.820416
0.964506 0.838277 0.375840
0.891913 0.822464 0.930826
0.544666 0.474521 0.117487
0.292047 0.352221 0.286015
0.692259 0.346496 0.690371
0.001044 0.653220 0.815177
0.820787 0.378886 0.493176
0.756428 0.398146 0.248518
0.263217 0.304762 0.898149
0.533614 0.358983 0.016883
0.053266 0.186063 0.966667
0.484677 0.957122 0.303493
0.014822 0.351453 0.713409
0.229789 0.818700 0.695086
0.735279 0.746188 0.217965
0.867512 0.065270 0.517642
0.226297 0.137386 0.447766
0.267921 0.779159 0.442066
0.822007 0.380555 0.486455
0.685955 0.128606 0.694332
0.336551 0.552012 0.622295
0.755306 0.421410 0.557796
0.205592 0.425508 0.463064
0.046642 0.438977 0.148805
0.072296 0.820620 0.156004
0.254088 0.048264 0.679322
0.916426 0.736710 0.971600
0.656091 0.878342 0.317714
0.962039 0.267802 0.738434
0.743468 0.123484 0.202932
0.949512 0.370557 0.883085
0.275888 0.582104 0.212981
0.987171 0.015164 0.760867
0.408577 0.199086 0.082012
0.074001 0.014729 0.105154
0.539124 0.295233 0.127186
0.197333 0.040384 0.271808
0.329627 0.738125 0.999591
0.069434 0.137805 0.820939
0.815125 0.200849 0.924975
0.997420 0.371882 0.260229
0.892422 0.862797 0.290770
0.891820 0.439017 0.046671
0.521555 0.853343 0.553125
0.777540 0.429582 0.930403
0.579825 0.678810 0.593070
0.851015 0.971776 0.034391
0.383200 0.096320 0.821122
0.464812 0.595952 0.440882
0.927886 0.124142 0.792190
0.912991 0.927040 0.370950
0.991067 0.534334 0.404073
0.495955 0.125353 0.025934
0.590198 0.068006 0.163121
0.965175 0.327229 0.532570
0.025370 0.184235 0.229202
0.033851 0.634765 0.658053
0.127137 0.485005 0.460146
0.853671 0.536892 0.293627
0.802628 0.823967 0.176466
0.922948 0.109004 0.781180
0.671383 0.360455 0.700079
0.831127 0.458584 0.511455
0.016193 0.959623 0.506967
0.582056 0.962805 0.168697
0.463794 0.523099 0.349205
0.853035 0.260735 0.323369
0.175577 0.096417 0.423208
0.121094 0.600642 0.878111
0.432582 0.119941 0.647685
0.641487 0.779044 0.143438
0.307090 0.077954 0.172697
0.393728 0.947896 0.038196
0.550817 0.919235 0.045969
0.692300 0.766822 0.846896
0.150818 0.292374 0.525499
0.778359 0.323010 0.017117
0.303881 0.516950 0.697003
0.304145 0.965672 0.368863
0.828322 0.082795 0.518377
0.720109 0.642746 0.015901
0.839675 0.752796 0.463182
0.552945 0.957378 0.273563
0.649148 0.889029 0.288550
0.030078 0.191810 0.456243
0.778390 0.525401 0.339290
0.871503 0.214762 0.452176
0.438311 0.425487 0.395791
0.090028 0.318096 0.353401
0.881047 0.807919 0.938841
0.325553 0.583283 0.169770
0.834474 0.651493 0.946234
0.909899 0.878354 0.724458
0.896041 0.113701 0.420070
0.820246 0.933820 0.253707
0.171228 0.856379 0.693935
0.498019 0.482809 0.889906
0.203557 0.218138 0.977076
0.626396 0.158229 0.098433
0.196052 0.669757 0.064148
0.329860 0.445458 0.644884
0.426270 0.331522 0.946320
0.893646 0.233753 0.101930
0.182316 0.826641 0.234562
0.746766 0.825734 0.139145
0.700598 0.611327 0.709797
0.379370 0.787998 0.657100
0.416617 0.937783 0.798544
0.939985 0.863865 0.841872
0.593991 0.203902 0.043994
0.487153 0.392088 0.141839
0.158620 0.569974 0.782623
0.603940 0.723508 0.670541
0.897120 0.095666 0.691132
0.974063 0.873273 0.207577
0.419291 0.149652 0.805260
0.802846 0.516968 0.525376
0.484200 0.260368 0.659311
0.410968 0.903402 0.248632
0.967128 0.522623 0.817997
0.453808 0.797127 0.518327
0.277312 0.118145 0.494247
0.526938 0.945083 0.229603
0.715653 0.724566 0.920544
0.638251 0.344571 0.500533
0.367697 0.106030 0.606549
0.630186 0.762043 0.907665
0.904208 0.048543 0.586237
0.004748 0.325188 0.598930
0.952667 0.083622 0.007304
0.866056 0.828531 0.260433
0.193164 0.946888 0.374072
0.572967 0.525433 0.242786
0.578300 0.552359 0.001125
0.973422 0.910593 0.511229
0.906434 0.650682 0.292848
0.602246 0.044994 0.311409
0.931745 0.429892 0.200695
0.760712 0.710029 0.182275
0.046442 0.967329 0.509740
0.441888 0.253407 0.922997
0.685552 0.983968 0.266249
0.800863 0.609857 0.035610
0.781396 0.268265 0.388473
0.559229 0.376859 0.113343
0.911109 0.203855 0.214896
0.311125 0.501695 0.580768
0.426155 0.221562 0.036359
0.559418 0.546133 0.929708
0.683699 0.337846 0.316179
0.505492 0.102149 0.617499
0.135085 0.124243 0.175613
0.420823 0.304269 0.603525
0.833221 0.627895 0.465151
0.088188 0.977255 0.098374
0.895647 0.435051 0.281320
0.910546 0.957700 0.175416
0.294571 0.195840 0.572534
0.502958 0.151733 0.421901
0.491141 0.666413 0.837201
0.769841 0.406000 0.904387
0.945786 0.752196 0.955559
0.859799 0.238785 0.670954
0.083114 0.450193 0.687021
0.626194 0.006329 0.183295
0.117150 0.561030 0.857545
0.174538 0.376977 0.611411
0.391377 0.942554 0.830908
0.073005 0.894044 0.534616
0.925342 0.391179 0.674578
0.595053 0.800915 0.553916
0.740961 0.090900 0.415777
0.746561 0.560393 0.239716
0.244080 0.945538 0.769137
0.627268 0.744920 0.683609
0.982760 0.930585 0.101591
0.219803 0.420767 0.287720
0.419255 0.458456 0.458448
0.988478 0.625615 0.705933
0.111059 0.324638 0.108385
0.058667 0.498605 0.471403
0.896321 0.685077 0.098130
0.414598 0.823430 0.528692
0.957567 0.436851 0.290796
0.773568 0.979839 0.063859
0.930809 0.722685 0.913625
0.412746 0.822096 0.297715
0.884889 0.699467 0.477166
0.786857 0.136744 0.407887
0.373318 0.377798 0.237796
0.269301 0.920095 0.316017
0.194148 0.775076 0.146278
0.735360 0.520804 0.345794
0.735523 0.451495 0.991686
0.120794 0.520177 0.068581
0.419314 0.626572 0.696654
0.869722 0.337845 0.340572
0.514127 0.501937 0.102342
0.547397 0.092202 0.010884
0.015424 0.006734 0.314794
0.412049 0.501708 0.188684
0.137035 0.953838 0.127736
0.194427 0.614686 0.586787
0.435940 0.455193 0.856866
0.229346 0.207589 0.437222
0.809476 0.458884 0.270919
0.780727 0.035470 0.465729
0.604824 0.159230 0.645992
0.404919 0.190149 0.292183
0.907503 0.369895 0.463645
0.961645 0.263880 0.509425
0.383274 0.151082 0.898574
0.586925 0.928952 0.966639
0.264944 0.346297 0.096349
0.351931 0.248830 0.466778
0.587791 0.640039 0.961172
0.565678 0.900732 0.813680
0.894928 0.747159 0.654797
0.258075 0.937882 0.006000
0.074766 0.484569 0.069393
0.498875 0.744137 0.623157
0.058419 0.546601 0.572818
0.614890 0.562477 0.447332
0.972678 0.234163 0.070448
0.069612 0.095346 0.823724
0.135663 0.968742 0.534709
0.348121 0.369384 0.185931
0.118779 0.666093 0.885670
0.618443 0.269024 0.662877
0.168916 0.880355 0.875698
0.147862 0.803727 0.062537
0.297547 0.910580 0.602244
0.436879 0.094126 0.204571
0.661401 0.432646 0.513840
0.178217 0.224853 0.272125
0.864357 0.366995 0.999364
0.224059 0.444710 0.611923
0.000923 0.700110 0.223917
0.470579 0.384561 0.809892
0.677961 0.608977 0.035944
0.187044 0.736074 0.391463
0.750782 0.884360 0.831325
0.493773 0.847342 0.404230
0.186883 0.842767 0.041743
0.994583 0.639368 0.786438
0.363351 0.643260 0.933865
0.590712 0.366339 0.153468
0.546251 0.001317 0.535169
0.004640 0.526125 0.168652
0.201070 0.864573 0.383664
0.002433 0.839483 0.379933
0.774936 0.664083 0.466970
0.964573 0.747045 0.133056
0.621544 0.294306 0.049119
0.633574 0.697004 0.547317
0.070846 0.833585 0.562978
0.684046 0.415065 0.690276
0.825359 0.825716 0.611828
0.187418 0.459388 0.312441
0.373014 0.112266 0.192329
0.687929 0.644227 0.415515
0.686519 0.113925 0.912169
0.957752 0.181297 0.155187
0.003761 0.029188 0.078468
0.594331 0.888750 0.110658
0.908768 0.551453 0.473936
0.452350 0.171500 0.952957
0.298221 0.797969 0.240912
0.929959 0.231094 0.966786
0.382401 0.266997 0.914400
0.042995 0.247296 0.673698
0.258182 0.415699 0.823086
0.645471 0.615355 0.599192
0.156228 0.829397 0.408099
0.900980 0.595823 0.028353
0.018376 0.601242 0.095261
0.142392 0.859587 0.318174
0.797937 0.508684 0.708883
0.877893 0.185319 0.877265
0.219048 0.392066 0.180793
0.384283 0.378466 0.472011
0.447307 0.587628 0.978593
0.875043 0.298987 0.274935
0.358231 0.787257 0.245029
0.603411 0.892561 0.476943
0.196321 0.092943 0.312495
0.352730 0.826609 0.813252
0.130666 0.187064 0.989950
0.252674 0.471150 0.838136
0.661814 0.355244 0.670819
0.997830 0.019600 0.399706
0.603035 0.582273 0.882749
0.937635 0.980619 0.645134
0.826964 0.772165 0.624615
0.623204 0.802279 0.777832
0.027886 0.146355 0.822864
0.467187 0.235644 0.585372
0.150460 0.983700 0.654480
0.950208 0.241424 0.777532
0.260187 0.948353 0.762612
0.301686 0.709778 0.925093
0.808603 0.968838 0.745570
0.071294 0.516160 0.349755
0.417851 0.227337 0.138632
0.167876 0.864116 0.206406
0.198592 0.620140 0.612525
0.506274 0.793404 0.750938
0.770293 0.180755 0.348128
0.266012 0.803883 0.598079
0.035482 0.888653 0.799191
0.997450 0.516474 0.105964
0.104226 0.899591 0.873132
0.728810 0.156684 0.687094
0.643462 0.328805 0.201202
0.499578 0.587449 0.694035
0.999048 0.825749 0.656523
0.139029 0.472970 0.658388
0.325129 0.305715 0.429040
0.528945 0.807380 0.220376
0.931186 0.818150 0.574017
0.024590 0.672597 0.042817
0.291187 0.275293 0.483619
0.683028 0.625546 0.683191
0.077170 0.430071 0.760780
0.299874 0.887149 0.900373
0.873709 0.662688 0.632089
0.364705 0.119719 0.130425
0.237482 0.882348 0.159679
0.381895 0.597954 0.826480
0.458835 0.763715 0.744069
0.563782 0.994074 0.167570
0.187691 0.855438 0.768230
0.897438 0.132113 0.986809
0.576787 0.118744 0.425288
0.216453 0.891305 0.280384
0.511761 0.476396 0.978860
0.288630 0.382073 0.829968
0.792345 0.628106 0.612581
0.615918 0.498486 0.830446
0.447118 0.165519 0.651544
0.996654 0.474167 0.638385
0.895464 0.442642 0.577408
0.590235 0.486472 0.270046
0.222922 0.446355 0.334157
0.870152 0.272046 0.223067
0.461421 0.982892 0.386179
0.964263 0.902548 0.683266
0.352877 0.535459 0.794159
0.290121 0.302445 0.001024
0.174412 0.406953 0.123489
0.805758 0.805812 0.139206
0.040490 0.944298 0.506226
0.303094 0.671081 0.664820
0.029998 0.236576 0.311542
0.021869 0.702440 0.518276
0.325851 0.446885 0.283253
0.740169 0.590925 0.504968
0.343771 0.791998 0.419412
0.325610 0.496854 0.107401
0.298148 0.732098 0.919653
0.816112 0.277779 0.310339
0.029363 0.153246 0.587952
0.481661 0.957690 0.812490
0.262584 0.347850 0.756102
0.649021 0.010260 0.347417
0.554537 0.323250 0.699940
0.849367 0.611173 0.528402
0.423861 0.228224 0.711907
0.870181 0.891026 0.655024
0.078507 0.007432 0.190832
0.332264 0.167769 0.351886
0.044593 0.054211 0.113140
0.735418 0.594644 0.820554
0.207724 0.796421 0.139847
0.115334 0.791034 0.316511
0.605964 0.801905 0.942401
0.544049 0.022841 0.408418
0.625546 0.080908 0.003654
0.301391 0.947646 0.399070
0.614109 0.018270 0.075675
0.405753 0.872200 0.792186
0.824505 0.540132 0.120097
0.651463 0.069580 0.527669
0.814405 0.456941 0.856184
0.943366 0.415348 0.351649
0.503711 0.314200 0.301726
0.537225 0.395887 0.274721
0.572952 0.089244 0.428175
0.177832 0.928911 0.954859
0.129226 0.970963 0.787338
0.955712 0.141887 0.192806
0.431035 0.847952 0.010801
0.561914 0.569492 0.651102
0.224157 0.534031 0.348190
0.067005 0.769004 0.569701
0.826666 0.221786 0.670855
0.661326 0.840974 0.102704
0.883340 0.444500 0.086475
0.789515 0.121460 0.560231
0.241882 0.502078 0.514181
0.802457 0.752599 0.618552
0.184364 0.606237 0.383295
0.956854 0.749834 0.623957
0.897908 0.548413 0.655722
0.263976 0.894549 0.410832
0.179836 0.468155 0.075936
0.060849 0.442143 0.379687
0.024733 0.783352 0.291404
0.978340 0.470110 0.387774
0.011844 0.922967 0.984123
0.497333 0.640949 0.192745
0.354394 0.495756 0.252814
0.485336 0.306298 0.125126
0.438775 0.076623 0.002451
0.467102 0.854097 0.751442
0.988147 0.134928 0.047300
0.725100 0.115980 0.967648
0.416754 0.111669 0.326054
0.083873 0.579432 0.099041
0.793399 0.626212 0.690225
0.934935 0.456627 0.252957
0.546733 0.318141 0.076267
0.142492 0.316969 0.552587
0.005420 0.330887 0.734216
0.945443 0.251222 0.348718
0.302295 0.606817 0.959620
0.835209 0.932704 0.279184
0.948904 0.114515 0.863790
0.805945 0.065216 0.726561
0.579807 0.985110 0.593506
0.066456 0.418777 0.016937
0.828377 0.909747 0.736817
0.882709 0.683098 0.442900
0.537684 0.677238 0.333583
0.973348 0.480416 0.550839
0.130885 0.371670 0.930722
0.452168 0.622551 0.359047
0.330653 0.428874 0.742229
0.201769 0.778237 0.336569
0.066567 0.006088 0.801330
0.138475 0.557668 0.152641
0.708861 0.558361 0.210661
0.311564 0.435972 0.463727
0.627871 0.338456 0.327112
0.054471 0.359066 0.977334
0.451698 0.125971 0.436820
0.115436 0.810317 0.648846
0.601561 0.328968 0.381406
0.907368 0.190792 0.792334
0.074666 0.891451 0.655327
0.898335 0.474882 0.644857
0.820096 0.413944 0.294325
0.591181 0.749660 0.783901
0.363253 0.898120 0.845851
0.510012 0.802009 0.344672
0.803968 0.991511 0.409433
0.137427 0.468501 0.667006
0.805717 0.112888 0.602637
0.846384 0.934496 0.682057
0.606502 0.156539 0.070458
0.641891 0.368869 0.708484
0.829333 0.093524 0.464646
0.709625 0.386874 0.318061
0.705326 0.055064 0.186257
0.422039 0.055972 0.096983
0.702030 0.530987 0.751822
0.854727 0.738625 0.161443
0.009048 0.919749 0.450488
0.528739 0.650265 0.233529
0.123522 0.401210 0.033155
0.202897 0.886386 0.203938
0.999037 0.339079 0.736345
0.987798 0.176234 0.722993
0.069390 0.073419 0.738679
0.183419 0.548100 0.420801
0.916275 0.916478 0.990244
0.740907 0.843547 0.502786
0.118774 0.896935 0.405010
0.456325 0.892836 0.617926
0.369249 0.500336 0.883256
0.519005 0.912775 0.989359
0.550357 0.426157 0.388993
0.679873 0.796581 0.197412
0.947185 0.149195 0.608452
0.564508 0.152182 0.429495
0.608321 0.378526 0.918698
0.062203 0.609912 0.765151
0.453198 0.306892 0.786953
0.123524 0.538418 0.162857
0.253773 0.292006 0.407841
0.195698 0.884197 0.550070
0.766981 0.464178 0.247485
0.295086 0.419089 0.913427
0.691134 0.328179 0.043266
0.310778 0.684124 0.663354
0.567425 0.931149 0.604449
0.418853 0.673711 0.851381
0.338870 0.138914 0.109499
0.422794 0.950969 0.100229
0.307806 0.315089 0.755176
0.154841 0.189968 0.402840
0.523646 0.811800 0.549148
0.856239 0.157739 0.682811
0.623946 0.878840 0.590225
0.898187 0.619545 0.184181
0.351626 0.344617 0.124135
0.328797 0.744460 0.343302
0.315845 0.489940 0.832443
0.957114 0.808008 0.592825
0.827350 0.027334 0.715087
0.484830 0.308311 0.681208
0.423642 0.746046 0.786944
0.589871 0.421677 0.558230
0.703671 0.087093 0.509893
0.998272 0.980286 0.305945
0.047540 0.769139 0.151212
0.724780 0.326581 0.175485
0.334988 0.175141 0.113684
0.382204 0.281664 0.032961
0.208771 0.063922 0.538248
0.084841 0.118172 0.711400
0.563465 0.549278 0.248069
0.955988 0.807543 0.661290
0.704093 0.066340 0.456282
0.522966 0.578742 0.599314
0.094886 0.834164 0.829418
0.251796 0.949425 0.046201
0.753063 0.879919 0.057186
0.915748 0.244616 0.864387
0.638105 0.089204 0.785029
0.209658 0.641236 0.350878
0.196027 0.440824 0.401203
0.561216 0.254893 0.146307
0.697465 0.478318 0.252188
0.629374 0.257873 0.754894
0.823088 0.315924 0.429218
0.849403 0.570595 0.391418
0.951736 0.437179 0.647790
0.610911 0.370481 0.139831
0.800036 0.171725 0.487476
0.808092 0.290978 0.839218
0.479146 0.858261 0.840246
0.178316 0.880047 0.085670
0.030902 0.138253 0.497297
0.514237 0.405252 0.698734
0.774243 0.926950 0.316620
0.885277 0.627738 0.530824
0.599249 0.194987 0.857003
0.611352 0.218156 0.292339
0.795198 0.827625 0.143028
0.926400 0.883281 0.564819
0.751296 0.914837 0.119658
0.552366 0.835526 0.445587
0.525505 0.142516 0.616675
0.870409 0.978094 0.343843
0.204751 0.093909 0.334067
0.691552 0.940606 0.807009
0.426214 0.600177 0.392179
0.971813 0.493745 0.726127
0.180473 0.808390 0.330050
0.917535 0.752505 0.071243
0.423946 0.264671 0.166766
0.150552 0.766153 0.093477
0.280336 0.599988 0.737205
0.878812 0.104765 0.315127
0.342694 0.850240 0.128163
0.571999 0.926668 0.733651
0.493197 0.544940 0.537464
0.356299 0.011211 0.161553
0.456703 0.425788 0.495911
0.177631 0.305225 0.159277
0.230759 0.139685 0.024256
0.279400 0.500883 0.022944
0.461372 0.467325 0.485788
0.786719 0.292546 0.806601
0.042497 0.127006 0.413276
0.294934 0.041762 0.681414
0.524248 0.988992 0.829543
0.231967 0.871250 0.686881
0.020499 0.520929 0.436809
0.619482 0.783077 0.774866
0.375926 0.875359 0.618529
0.087842 0.964437 0.232639
0.502963 0.816144 0.058689
0.437192 0.610372 0.215354
0.152383 0.895989 0.920225
0.019395 0.714274 0.703575
0.801284 0.695829 0.095219
0.595037 0.851951 0.541878
0.890305 0.102939 0.255014
0.155832 0.089549 0.430232
0.159638 0.977460 0.874110
0.271511 0.888403 0.048325
0.333331 0.399855 0.189603
0.064985 0.024882 0.456986
0.213214 0.459283 0.033814
0.258280 0.703648 0.351227
0.458730 0.493959 0.724872
0.689851 0.813177 0.898452
0.377155 0.922801 0.773991
0.788339 0.581511 0.024436
0.260575 0.415177 0.083080
0.482241 0.335832 0.949274
0.111105 0.144723 0.217581
0.164811 0.281676 0.793526
0.205836 0.654144 0.625449
0.201346 0.081882 0.414993
0.703688 0.027990 0.501217
0.795174 0.895052 0.221783
0.326282 0.507993 0.898443
0.073655 0.930576 0.533264
0.790634 0.612777 0.120113
0.300926 0.978274 0.976413
0.519435 0.478035 0.382608
0.918026 0.075199 0.728850
0.285834 0.812819 0.446773
0.840462 0.452981 0.331803
0.495664 0.011319 0.482473
0.854255 0.423449 0.646010
0.746022 0.312162 0.290956
0.904846 0.003941 0.773147
0.160305 0.520946 0.032154
0.983796 0.919952 0.551643
0.243991 0.811775 0.058751
0.565562 0.539309 0.628547
0.040454 0.554696 0.003109
0.407860 0.975391 0.082299
0.334395 0.470243 0.784854
0.305057 0.782549 0.532144
0.286142 0.304722 0.162122
0.779388 0.520277 0.292235
0.126320 0.822125 0.501595
0.175799 0.455054 0.838066
0.508675 0.249484 0.911757
0.436182 0.545084 0.530327
0.092921 0.677895 0.762639
0.104362 0.404658 0.995321
0.721729 0.523100 0.822895
0.107242 0.041710 0.966816
0.295103 0.326121 0.403392
0.226182 0.856479 0.714199
0.950917 0.720259 0.591102
0.653542 0.121290 0.939587
0.476027 0.755751 0.837189
0.235135 0.144011 0.430307
0.432154 0.990630 0.548222
0.985871 0.342532 0.464795
0.992600 0.485817 0.718095
0.631618 0.677182 0.005749
0.461706 0.920687 0.151488
0.257137 0.135759 0.027536
0.419376 0.124794 0.054667
0.970661 0.228289 0.592675
0.882280 0.965107 0.962845
0.016985 0.701675 0.074003
0.135922 0.612352 0.123864
0.962774 0.117453 0.391659
0.316671 0.497257 0.159065
0.847887 0.643893 0.746357
0.548606 0.681561 0.174720
0.042550 0.824954 0.605898
0.537692 0.564148 0.432808
0.530466 0.315485 0.425781
0.918653 0.985124 0.135521
0.465571 0.325097 0.027818
0.207601 0.769265 0.915341
0.681850 0.421074 0.334715
0.852226 0.851363 0.565590
0.345725 0.125026 0.974560
0.382487 0.078833 0.057178
0.259270 0.930964 0.766490
0.399662 0.674980 0.360624
0.972785 0.800161 0.202229
0.943768 0.880025 0.493025
0.097200 0.679902 0.498024
0.894303 0.206617 0.447815
0.458641 0.555149 0.401692
0.008789 0.636850 0.759759
0.893573 0.280320 0.522229
0.605611 0.877634 0.146416
0.213996 0.016805 0.811411
0.685853 0.166406 0.232290
0.998804 0.957865 0.776414
0.611985 0.315288 0.362494
0.428055 0.395240 0.767445
0.888884 0.201992 0.861817
0.364145 0.192922 0.168830
0.888216 0.250229 0.262730
0.896498 0.930172 0.034029
0.158157 0.701738 0.357448
0.330060 0.666906 0.405975
0.224684 0.904960 0.721713
0.319154 0.573382 0.783396
0.109214 0.975808 0.626144
0.465165 0.074673 0.064942
0.559529 0.692609 0.035255
0.799949 0.388524 0.112985
0.180190 0.288248 0.514745
0.853841 0.180858 0.737876
0.417660 0.236205 0.980487
0.952690 0.167961 0.676691
0.802993 0.252415 0.267465
0.202741 0.372721 0.126581
0.242472 0.015518 0.887336
0.911735 0.250199 0.341557
0.674755 0.876014 0.714513
0.802697 0.411576 0.657866
0.423847 0.168318 0.452018
0.086178 0.037684 0.633839
0.692007 0.542707 0.699834
0.246823 0.712264 0.976946
0.660600 0.362513 0.559108
0.132445 0.099762 0.176666
0.931447 0.315474 0.780281
0.884032 0.192810 0.052715
0.973544 0.982949 0.685231
0.083475 0.076781 0.648731
0.254528 0.106068 0.274633
0.955613 0.243128 0.038193
0.236994 0.471146 0.156779
0.367048 0.986356 0.857043
0.679160 0.638667 0.365172
0.220601 0.274640 0.514887
0.929574 0.253930 0.167808
0.640107 0.951955 0.833388
0.169619 0.520630 0.059789
0.362245 0.808591 0.772026
0.380487 0.662226 0.886277
0.915570 0.959439 0.735741
0.967329 0.019810 0.267675
0.321649 0.984582 0.234519
0.203347 0.653988 0.048440
0.851394 0.123498 0.162840
0.596009 0.688619 0.545054
0.806912 0.518362 0.597135
0.841138 0.594444 0.135646
0.129288 0.779359 0.045754
0.518673 0.448025 0.273483
0.080572 0.097290 0.955298
0.351488 0.167170 0.302925
0.518034 0.417671 0.303885
0.841157 0.305833 0.559501
0.225090 0.088326 0.859084
0.152102 0.639702 0.063386
0.245612 0.867436 0.515709
0.809464 0.443053 0.064253
0.416187 0.256434 0.988130
0.988134 0.179737 0.094338
0.214089 0.104930 0.338193
0.176539 0.604964 0.987158
0.394920 0.735995 0.816128
0.958802 0.336471 0.075654
0.198291 0.991744 0.270321
0.284723 0.297599 0.211265
0.166003 0.377898 0.904405
0.641019 0.955817 0.045920
0.370169 0.936469 0.344848
0.333376 0.077624 0.282275
0.765221 0.471413 0.100232
0.474793 0.557380 0.230849
0.674143 0.322635 0.051501
0.240909 0.011346 0.667432
0.290671 0.182770 0.294529
0.339332 0.216820 0.701118
0.660568 0.692523 0.030387
0.100623 0.712856 0.786528
0.657964 0.867278 0.050664
0.218942 0.947918 0.863517
0.283649 0.664749 0.871311
0.342898 0.202061 0.170391
0.987142 0.744455 0.643442
0.223400 0.884604 0.475766
0.070519 0.886695 0.052340
0.813345 0.474438 0.342062
0.371561 0.934572 0.912615
0.053812 0.879357 0.268075
0.483994 0.098316 0.519558
0.696090 0.849429 0.589925
0.101726 0.688885 0.902718
0.766501 0.859328 0.892863
0.139321 0.282123 0.570135
0.843739 0.594151 0.304667
0.988085 0.709584 0.678827
0.212440 0.729007 0.448818
0.097312 0.147971 0.195906
0.896459 0.203533 0.344141
0.031654 0.099607 0.835016
0.642916 0.544417 0.830914
0.946244 0.994735 0.945431
0.289997 0.403712 0.037340
0.210265 0.925205 0.725999
0.310649 0.506834 0.058283
0.291248 0.804011 0.014187
0.013366 0.374184 0.975674
0.408916 0.875370 0.000363
0.226967 0.233231 0.384710
0.795221 0.232870 0.157448
0.708690 0.952573 0.947340
0.027419 0.244991 0.752078
0.096435 0.927379 0.695746
0.901463 0.934986 0.026246
0.665545 0.738169 0.123251
0.633441 0.940546 0.306112
0.942768 0.531785 0.074682
0.640218 0.057862 0.857893
0.747421 0.839312 0.571972
0.880469 0.468424 0.881133
0.370124 0.050121 0.198060
0.702125 0.097692 0.989997
0.521026 0.042788 0.318092
0.902184 0.990887 0.072442
0.774411 0.024208 0.799280
0.797819 0.756480 0.291841
0.111237 0.170693 0.104894
0.093725 0.443723 0.228517
0.607287 0.386952 0.224519
0.130091 0.771469 0.032102
0.380696 0.229606 0.730463
0.182753 0.179938 0.548592
0.117052 0.974623 0.857875
0.603097 0.579135 0.197562
0.774738 0.207226 0.582041
0.998630 0.604012 0.823223
0.352993 0.088296 0.096072
0.505538 0.607133 0.551450
0.126240 0.801036 0.209288
0.873421 0.253722 0.654821
0.774943 0.867630 0.916582
0.725592 0.916144 0.376938
0.106811 0.509439 0.458857
0.952337 0.964690 0.574306
0.942208 0.308348 0.281981
0.881318 0.725554 0.583058
0.203949 0.860079 0.840727
0.714625 0.861226 0.908404
0.714195 0.043938 0.043868
0.538500 0.079764 0.417988
0.293772 0.492146 0.378950
0.156196 0.614925 0.510352
0.855539 0.792968 0.014300
0.044869 0.361050 0.279790
0.789111 0.458004 0.520140
0.340286 0.685278 0.305412
0.336751 0.190059 0.946629
0.951550 0.496559 0.775196
0.503341 0.071265 0.068614
0.297357 0.962191 0.394127
0.633999 0.052007 0.199937
0.541343 0.528341 0.806579
0.869631 0.868481 0.792195
0.449677 0.159541 0.220952
0.435136 0.528504 0.231668
0.910874 0.858475 0.266915
0.265958 0.137639 0.260489
0.988404 0.340206 0.202875
0.828151 0.392571 0.114403
0.218347 0.321917 0.586104
0.603367 0.012036 0.827417
0.146674 0.979477 0.786427
0.434478 0.358098 0.612984
0.708253 0.596577 0.991091
0.209790 0.583502 0.994041
0.516772 0.004839 0.497460
0.535492 0.843729 0.158357
0.132397 0.808733 0.618569
0.428301 0.747315 0.534872
0.226069 0.214452 0.784664
0.622030 0.368753 0.389367
0.629889 0.974806 0.232055
0.312936 0.538487 0.187007
0.322791 0.939053 0.390250
0.408963 0.185909 0.995551
0.328287 0.378672 0.122988
0.781907 0.487115 0.071534
0.679101 0.858750 0.908207
0.854103 0.917636 0.722569
0.037422 0.479362 0.369138
0.351682 0.423397 0.509227
0.438119 0.952688 0.364125
0.295672 0.141705 0.219406
0.211674 0.730886 0.195301
0.612744 0.190825 0.163357
0.969033 0.002966 0.337728
0.457571 0.061149 0.506685
0.242981 0.401424 0.436711
0.493693 0.886643 0.910637
0.773568 0.427119 0.112841
0.449137 0.073567 0.047419
0.246960 0.724208 0.836377
0.828473 0.501941 0.839744
0.029157 0.139216 0.062029
0.214830 0.344295 0.406066
0.139703 0.365006 0.983072
0.394551 0.067607 0.496002
0.779978 0.039247 0.420714
0.233906 0.671706 0.100505
0.508675 0.926958 0.987744
0.229908 0.667687 0.415186
0.700013 0.822954 0.672073
0.249918 0.403909 0.503631
0.576406 0.656538 0.090066
0.883690 0.014220 0.977905
0.359205 0.790825 0.668753
0.158862 0.454861 0.940208
0.389087 0.975921 0.539165
0.119569 0.185465 0.750260
0.340911 0.521283 0.806759
0.633965 0.669050 0.990879
0.220287 0.025191 0.047362
0.581154 0.129422 0.085255
0.819977 0.728636 0.957896
0.015623 0.710677 0.115383
0.456398 0.381706 0.178388
0.193054 0.918815 0.696107
0.094081 0.230086 0.948020
0.674686 0.854045 0.033927
0.930540 0.956025 0.754128
0.203246 0.659561 0.815408
0.216939 0.931554 0.141547
0.968051 0.084642 0.940381
0.617830 0.201184 0.747380
0.595214 0.813342 0.559587
0.838223 0.866799 0.942612
0.283158 0.332765 0.774166
0.909046 0.668349 0.870712
0.902477 0.221291 0.288819
0.075646 0.513351 0.707238
0.879525 0.690678 0.521131
0.074602 0.201858 0.234284
0.751475 0.799941 0.915066
0.960927 0.929879 0.574040
0.463576 0.371403 0.682496
0.033878 0.297209 0.584008
0.436152 0.002803 0.733552
0.383823 0.833331 0.821512
0.528379 0.838440 0.627364
0.144184 0.024973 0.545281
0.253235 0.981919 0.613235
0.566358 0.460003 0.336338
0.446469 0.311895 0.008565
0.460873 0.527386 0.998849
0.123328 0.973587 0.149333
0.928843 0.888303 0.798315
0.295929 0.218455 0.006868
0.254395 0.684369 0.785051
0.061795 0.488789 0.799104
0.443222 0.203385 0.159211
0.844728 0.809714 0.197966
0.479834 0.552486 0.251870
0.898321 0.023259 0.395205
0.976378 0.402479 0.690382
0.118416 0.149332 0.078214
0.440947 0.793579 0.546676
0.881349 0.499216 0.365907
0.814454 0.559604 0.543246
0.665806 0.436962 0.278320
0.197091 0.524884 0.154736
0.562411 0.524938 0.469759
0.939288 0.597169 0.571924
0.617635 0.424812 0.637821
0.053432 0.383467 0.586447
0.015620 0.765222 0.017092
0.177935 0.691710 0.307927
0.412463 0.561328 0.440369
0.891958 0.176089 0.872840
0.467999 0.923652 0.550083
0.343921 0.234045 0.596355
0.148871 0.161180 0.551321
0.939395 0.606843 0.518583
0.858765 0.149363 0.869128
0.771577 0.479091 0.343258
0.015105 0.964851 0.008510
0.468769 0.914010 0.623234
0.808156 0.576203 0.357817
0.733112 0.992098 0.506794
0.907321 0.664355 0.054189
0.607030 0.240856 0.624481
0.406853 0.479136 0.966860
0.260067 0.812910 0.011695
0.190644 0.384669 0.063327
0.211337 0.133059 0.517310
0.176549 0.114917 0.802694
0.030927 0.652817 0.289961
0.570711 0.267607 0.673538
0.861186 0.688762 0.045368
0.506897 0.956935 0.248862
0.254154 0.041578 0.842059
0.552273 0.104669 0.143689
0.902186 0.748975 0.800110
0.061894 0.211929 0.561215
0.970197 0.445438 0.471129
0.131467 0.234572 0.386878
0.914253 0.374408 0.194607
0.078468 0.059225 0.984317
0.105449 0.568037 0.628497
0.777253 0.654154 0.605314
0.759701 0.908061 0.088823
0.720899 0.111882 0.884542
0.967819 0.755524 0.273175
0.067137 0.258485 0.111522
0.202230 0.499414 0.010539
0.134467 0.750088 0.835964
0.776877 0.705454 0.492401
0.879362 0.708679 0.674149
0.779820 0.912635 0.285739
0.539503 0.540839 0.512405
0.058769 0.121527 0.771453
0.117645 0.222868 0.941540
0.511345 0.853345 0.987356
0.680570 0.452251 0.687532
0.074754 0.850075 0.179285
0.917960 0.978722 0.800422
0.995781 0.633871 0.230932
0.504840 0.582689 0.552733
0.327661 0.466725 0.903049
0.753587 0.716984 0.910895
0.331986 0.124357 0.792849
0.108514 0.573737 0.765779
0.258628 0.463994 0.741486
0.575748 0.999611 0.509350
0.464796 0.432371 0.192479
0.411560 0.367373 0.876759
0.886819 0.380285 0.844031
0.133668 0.818582 0.668790
0.319900 0.270762 0.480891
0.485102 0.693769 0.415034
0.429419 0.686625 0.756570
0.914598 0.846432 0.099282
0.578025 0.759546 0.037414
0.496404 0.116732 0.261154
0.964074 0.157599 0.680515
0.444296 0.767200 0.158676
0.662451 0.223726 0.231731
0.355971 0.061621 0.520516
0.270233 0.958782 0.277978
0.448108 0.242211 0.520984
0.627543 0.827904 0.078717
0.567125 0.634947 0.256376
0.861515 0.781478 0.988532
0.458827 0.825706 0.680054
0.306711 0.753413 0.704335
0.552761 0.544421 0.081229
0.010729 0.839016 0.179105
0.585983 0.175702 0.075009
0.231602 0.395141 0.000573
0.113603 0.793388 0.422750
0.375184 0.398131 0.161075
0.155050 0.429321 0.939734
0.797250 0.014562 0.620957
0.794419 0.290752 0.383138
0.331967 0.350595 0.044895
0.934301 0.063924 0.185414
0.987665 0.526234 0.184823
0.591996 0.212476 0.270115
0.994016 0.659670 0.544668
0.931127 0.726934 0.615599
0.452931 0.352263 0.123434
0.608377 0.876217 0.905213
0.875245 0.295121 0.661619
0.945957 0.211161 0.770198
0.433311 0.001516 0.573366
0.819082 0.841033 0.410450
0.596104 0.638509 0.704043
0.416078 0.611341 0.906942
0.589250 0.450426 0.273954
0.230356 0.862518 0.880127
0.930286 0.090222 0.824279
0.604458 0.810118 0.105437
0.946021 0.117328 0.154384
0.388924 0.099115 0.766299
0.774138 0.530853 0.751238
0.395961 0.799443 0.331669
0.063867 0.974744 0.588058
0.548141 0.118634 0.542324
0.721092 0.734104 0.817273
0.035407 0.908199 0.060996
0.871599 0.230905 0.089098
0.243978 0.674021 0.923718
0.445433 0.452901 0.308343
0.378678 0.385891 0.228573
0.633733 0.389359 0.282869
0.931238 0.278402 0.448006
0.818499 0.507689 0.011806
0.233830 0.612331 0.007034
0.442525 0.653547 0.965906
0.370469 0.600702 0.176890
0.943940 0.045202 0.425411
0.456505 0.195752 0.180884
0.058978 0.275684 0.962939
0.852045 0.766023 0.567335
0.020463 0.334632 0.916048
0.011739 0.377741 0.108357
0.029045 0.652215 0.609470
0.507874 0.901175 0.445436
0.431495 0.463874 0.876465
0.797964 0.547805 0.325059
0.566299 0.320163 0.375070
0.140983 0.250280 0.088918
0.934317 0.677749 0.442156
0.482114 0.973345 0.957669
0.363699 0.566330 0.423801
0.259296 0.400265 0.603668
0.745176 0.961822 0.551609
0.079971 0.607249 0.537244
0.995192 0.996707 0.705073
0.235764 0.745033 0.078700
0.025577 0.435763 0.032954
0.790930 0.055034 0.807347
0.531614 0.995107 0.009732
0.264053 0.538924 0.134376
0.197653 0.981389 0.536429
0.504636 0.669396 0.214476
0.393422 0.557961 0.693783
0.628003 0.078258 0.312299
0.656892 0.726688 0.869700
0.334353 0.341840 0.072215
0.834265 0.330980 0.197381
0.251348 0.488327 0.157599
0.378110 0.483107 0.575210
0.205350 0.997031 0.871661
0.235335 0.517449 0.104113
0.893165 0.848211 0.045670
0.770226 0.530947 0.776580
0.614799 0.563377 0.559994
0.795995 0.782739 0.422648
0.084444 0.551227 0.370902
0.210217 0.743033 0.930671
0.901794 0.801530 0.897682
0.731874 0.452541 0.927097
0.086338 0.726419 0.809221
0.652020 0.501237 0.435381
0.301064 0.428556 0.317092
0.676801 0.233896 0.000156
0.162196 0.518800 0.235422
0.438390 0.924621 0.472619
0.572370 0.944181 0.655964
0.947956 0.645958 0.658149
0.797308 0.734814 0.922374
0.608900 0.656062 0.756004
0.568872 0.239206 0.317348
0.890368 0.435725 0.721310
0.651104 0.247653 0.468779
0.436197 0.434482 0.115977
0.686758 0.154944 0.665179
0.900242 0.204267 0.549464
0.846140 0.444498 0.190368
0.627811 0.272661 0.038932
0.923490 0.890266 0.775706
0.406324 0.410531 0.691205
0.116106 0.752003 0.242497
0.277083 0.111876 0.135049
0.313324 0.518724 0.471806
0.542455 0.303963 0.190322
0.205041 0.856471 0.094404
0.335131 0.097996 0.919825
0.844372 0.608351 0.371357
0.352498 0.981282 0.597288
0.498916 0.631954 0.204380
0.819899 0.735077 0.311350
0.891996 0.932846 0.130028
0.839965 0.630893 0.168899
0.010540 0.835599 0.257206
0.270407 0.820955 0.113923
0.056594 0.847066 0.428113
0.278516 0.730416 0.122668
0.297214 0.507490 0.328911
0.407830 0.113549 0.260986
0.961486 0.609345 0.956668
0.616008 0.315554 0.598331
0.153167 0.316582 0.855795
0.726493 0.112759 0.074404
0.320520 0.930313 0.198352
0.366145 0.517130 0.509147
0.403024 0.440538 0.904783
0.935264 0.925515 0.871242
0.793233 0.709588 0.284680
0.773950 0.234563 0.757959
0.840027 0.426528 0.427036
0.418172 0.553351 0.772961
0.517782 0.829611 0.069555
0.527878 0.686577 0.960663
0.794936 0.260868 0.938332
0.910427 0.779217 0.060071
0.217379 0.404269 0.704374
0.132465 0.801738 0.089731
0.417345 0.126098 0.608613
0.236942 0.289219 0.403070
0.867825 0.329114 0.981048
0.250125 0.501836 0.596383
0.298156 0.388830 0.980485
0.747665 0.146528 0.425376
0.539062 0.370369 0.082273
0.721066 0.146873 0.278299
0.533450 0.725264 0.537319
0.283036 0.973586 0.833605
0.966686 0.613574 0.240675
0.805847 0.168741 0.967201
0.322782 0.407421 0.117762
0.320310 0.453600 0.406585
0.342534 0.091043 0.139300
0.992386 0.035194 0.358689
0.104863 0.752497 0.366267
0.287153 0.364773 0.056693
0.246741 0.174286 0.510754
0.312100 0.329096 0.917773
0.029434 0.255437 0.438366
0.791974 0.030516 0.035594
0.899703 0.241739 0.760192
0.882544 0.581203 0.145193
0.519305 0.281696 0.358035
0.528231 0.680252 0.339352
0.095084 0.745121 0.203141
0.706762 0.487149 0.739649
0.516079 0.140748 0.848583
0.533890 0.671852 0.139984
0.212372 0.162510 0.376113
0.964957 0.839869 0.054372
0.562559 0.550287 0.070654
0.269023 0.608518 0.106814
0.603031 0.465103 0.389055
0.931554 0.374012 0.586262
0.958526 0.465031 0.747743
0.754635 0.704086 0.751397
0.338011 0.033227 0.104448
0.892234 0.388976 0.343932
0.522059 0.517607 0.838025
0.454705 0.354961 0.128869
0.301180 0.508123 0.353762
0.139011 0.452437 0.812376
0.849164 0.515900 0.689501
0.345980 0.714526 0.173204
0.264710 0.983766 0.074367
0.327765 0.387605 0.983646
0.981252 0.651988 0.982025
0.775690 0.641823 0.015234
0.009095 0.091160 0.067680
0.405868 0.749609 0.192102
0.414161 0.195348 0.473182
0.161427 0.348105 0.348685
0.897729 0.146072 0.048164
0.884005 0.711623 0.630882
0.240783 0.323128 0.560929
0.417161 0.792454 0.054963
0.255708 0.776887 0.918579
0.826740 0.119458 0.426676
0.404514 0.758360 0.050328
0.454687 0.882434 0.113175
0.214177 0.221955 0.594963
0.067735 0.094638 0.726959
0.184831 0.766663 0.189694
0.638418 0.222370 0.596446
0.868607 0.359395 0.822722
0.280740 0.999269 0.159241
0.349152 0.075086 0.666796
0.705350 0.575083 0.145942
0.995018 0.225603 0.407596
0.799171 0.180763 0.982393
0.910672 0.898838 0.171080
0.542678 0.681582 0.872994
0.806979 0.879009 0.341568
0.863717 0.368649 0.433386
0.038648 0.826434 0.108959
0.665470 0.455940 0.916047
0.368318 0.299040 0.427259
0.905909 0.778364 0.750639
0.983059 0.471042 0.979827
0.753502 0.146995 0.255716
0.951599 0.142688 0.956340
0.008156 0.979783 0.040397
0.453216 0.007966 0.129764
0.352314 0.621387 0.467200
0.685323 0.341692 0.557813
0.586042 0.053433 0.036751
0.945680 0.539650 0.655780
0.015845 0.545395 0.518150
0.706419 0.139968 0.334755
0.894925 0.064375 0.212304
0.479142 0.677550 0.690330
0.248564 0.882374 0.965971
0.905385 0.935533 0.304985
0.719765 0.442732 0.602802
0.485897 0.918539 0.331583
0.948658 0.488815 0.144716
0.131405 0.049907 0.379192
0.682931 0.540283 0.762229
0.918011 0.262458 0.492550
0.004646 0.676455 0.317502
0.616486 0.489390 0.456008
0.981353 0.707476 0.919623
0.503263 0.754487 0.296291
0.680815 0.559012 0.535201
0.860358 0.128937 0.831550
0.838601 0.717352 0.954320
0.151580 0.039957 0.609690
0.224145 0.955832 0.600507
0.536371 0.140407 0.992107
0.847843 0.068232 0.013063
0.437140 0.522200 0.936273
0.560202 0.625066 0.797943
0.791147 0.426873 0.973998
0.389189 0.878607 0.922595
0.744334 0.455792 0.508814
0.204716 0.064046 0.291785
0.330035 0.976790 0.256242
0.332857 0.041485 0.335324
0.897284 0.132473 0.982367
0.670134 0.536997 0.786486
0.493861 0.674805 0.031796
0.090755 0.532796 0.260393
0.747435 0.361490 0.512024
0.606517 0.782142 0.742157
0.448982 0.574039 0.165824
0.528171 0.674935 0.056322
0.471463 0.615089 0.797510
0.609171 0.121489 0.079014
0.335073 0.067998 0.233530
0.411216 0.016849 0.464026
0.842104 0.765272 0.918172
0.792648 0.218588 0.114590
0.008030 0.043509 0.715640
0.900919 0.178627 0.011212
0.512556 0.886746 0.886255
0.591393 0.315197 0.677358
0.125176 0.665687 0.600805
0.453457 0.932486 0.389874
0.085788 0.997266 0.530016
0.793044 0.022738 0.626367
0.998838 0.972983 0.860369
0.851841 0.638428 0.605449
0.459957 0.618723 0.213916
0.548997 0.364855 0.058765
0.843861 0.686472 0.493874
0.770332 0.505843 0.181546
0.511665 0.834716 0.523146
0.631026 0.302270 0.930422
0.407919 0.093965 0.149652
0.276435 0.633870 0.814772
0.327758 0.911592 0.442205
0.669044 0.387827 0.500794
0.804006 0.064820 0.782371
0.795681 0.190924 0.714881
0.982331 0.510260 0.737436
0.578973 0.978812 0.105060
0.910358 0.318176 0.907274
0.770914 0.722671 0.354522
0.640341 0.995247 0.249798
0.767193 0.179004 0.821642
0.207059 0.461490 0.533771
0.109911 0.546544 0.256692
0.285618 0.433325 0.163272
0.199362 0.117119 0.722965
0.799555 0.537086 0.538901
0.712823 0.122608 0.834227
0.793113 0.371110 0.933539
0.933262 0.258080 0.726391
0.488414 0.965658 0.774705
0.371004 0.420617 0.609964
0.468006 0.287422 0.400086
0.371985 0.043767 0.133694
0.803700 0.707825 0.692322
0.260242 0.734907 0.454671
0.717992 0.960880 0.374593
0.136190 0.570981 0.180436
0.605976 0.423616 0.932718
0.491636 0.180944 0.497398
0.416257 0.655652 0.869702
0.159087 0.517430 0.849061
0.266044 0.399155 0.255078
0.607358 0.606785 0.795102
0.344030 0.692350 0.530538
0.014118 0.001268 0.871172
0.903371 0.667773 0.515067
0.470914 0.448327 0.495919
0.571139 0.726737 0.687067
0.276726 0.146824 0.176356
0.493120 0.684864 0.597990
0.808360 0.121092 0.335145
0.261563 0.972736 0.909673
0.970023 0.276263 0.745808
0.308978 0.299718 0.735934
0.859685 0.092197 0.013884
0.985489 0.458395 0.511865
0.381600 0.311528 0.289804
0.787827 0.234498 0.314702
0.474656 0.743433 0.946783
0.478355 0.899222 0.889922
0.917162 0.071349 0.624999
0.173122 0.927008 0.822219
0.712134 0.092436 0.363555
0.065324 0.633356 0.162777
0.358679 0.463538 0.605313
0.501678 0.297981 0.699215
0.027599 0.735108 0.745303
0.461820 0.069057 0.905065
0.450782 0.983752 0.333005
0.514597 0.322458 0.435588
0.789893 0.622831 0.046259
0.998831 0.695476 0.004521
0.596027 0.023529 0.637070
0.120819 0.008878 0.994652
0.823099 0.247062 0.899205
0.498067 0.899599 0.505547
0.358927 0.610849 0.778596
0.666230 0.743912 0.903410
0.885611 0.901833 0.926563
0.116220 0.142149 0.305517
0.047321 0.158156 0.506488
0.636986 0.894740 0.356494
0.050499 0.302569 0.719295
0.096336 0.725527 0.372943
0.100048 0.575205 0.667340
0.669511 0.623307 0.536553
0.361539 0.744970 0.297841
0.888617 0.364863 0.074400
0.522796 0.927699 0.716704
0.819196 0.454952 0.983232
0.908999 0.913980 0.998134
0.898844 0.147285 0.713059
0.745961 0.752876 0.382703
0.447550 0.630218 0.521429
0.980341 0.400585 0.754828
0.762774 0.347012 0.098556
0.791161 0.062478 0.611825
0.482154 0.867120 0.379154
0.087656 0.880314 0.051687
0.582630 0.369321 0.184951
0.283856 0.803715 0.459843
0.130164 0.683281 0.956673
0.748093 0.060179 0.180156
0.854348 0.004790 0.990302
0.540377 0.855623 0.595487
0.579045 0.515716 0.620220
0.634130 0.288448 0.074517
0.497174 0.759381 0.977538
0.746550 0.843332 0.976605
0.411525 0.581977 0.422767
0.896677 0.233607 0.408829
0.218167 0.084393 0.441752
0.418334 0.782337 0.586387
0.548759 0.639702 0.473508
0.964771 0.168470 0.546909
0.447078 0.480788 0.318897
0.159143 0.036925 0.496374
0.554494 0.104365 0.409480
0.551099 0.383468 0.879034
0.997797 0.903631 0.653813
0.150539 0.414041 0.556202
0.681463 0.774123 0.420542
0.142778 0.168752 0.224279
0.191744 0.129476 0.432410
0.185242 0.509885 0.019334
0.295082 0.183918 0.435975
0.855380 0.736661 0.692706
0.778739 0.368896 0.482770
0.575222 0.734806 0.400000
0.526463 0.606223 0.687155
0.901715 0.936440 0.743057
0.682881 0.399785 0.534845
0.733881 0.581735 0.955628
0.330182 0.367118 0.160842
0.383611 0.905471 0.829010
0.096980 0.856685 0.022048
0.892480 0.136734 0.034493
0.664457 0.473466 0.720678
0.893667 0.453999 0.296296
0.724198 0.257412 0.827331
0.903555 0.300905 0.113161
0.814142 0.095324 0.839420
0.463160 0.315782 0.347702
0.808312 0.786953 0.502051
0.295000 0.817117 0.763841
0.573939 0.244747 0.466637
0.915975 0.156087 0.798037
0.113969 0.510293 0.548137
0.499995 0.667660 0.664701
0.094442 0.079213 0.575350
0.322098 0.098134 0.588115
0.214055 0.028962 0.877771
0.147680 0.312559 0.273285
0.500020 0.780625 0.773044
0.872948 0.971645 0.489800
0.017058 0.672361 0.283896
0.263606 0.274824 0.678022
0.555244 0.089133 0.383787
0.010159 0.983265 0.930549
0.092228 0.886780 0.391502
0.240217 0.037949 0.183013
0.774670 0.551109 0.196434
0.129446 0.138214 0.444832
0.247443 0.512005 0.078372
0.380879 0.181005 0.521987
0.754850 0.414410 0.620152
0.426022 0.305988 0.196495
0.314754 0.561126 0.013403
0.755381 0.069115 0.922613
0.901319 0.364774 0.848831
0.496320 0.287708 0.204061
0.655020 0.289579 0.801357
0.587913 0.787219 0.099853
0.050671 0.188301 0.967757
0.320412 0.201483 0.267648
0.506962 0.703086 0.957669
0.040225 0.753095 0.787233
0.449838 0.177795 0.324107
0.368882 0.210990 0.199524
0.480338 0.584106 0.743181
0.355937 0.152831 0.194338
0.860755 0.431819 0.415998
0.609834 0.959995 0.076631
0.365583 0.553081 0.409245
0.557534 0.450070 0.565482
0.863530 0.851314 0.947108
0.864029 0.085351 0.744895
0.619111 0.709771 0.372164
0.366906 0.431864 0.000271
0.861160 0.177904 0.197352
0.113487 0.144430 0.299607
0.106896 0.896099 0.647124
0.130077 0.747110 0.458823
0.738202 0.704398 0.160689
0.653196 0.239633 0.955842
0.579925 0.188895 0.982809
0.086093 0.761969 0.968371
0.895654 0.416336 0.499509
0.993853 0.873210 0.882548
0.087429 0.294407 0.142621
0.387701 0.497774 0.351054
0.086627 0.270555 0.523823
0.676802 0.311417 0.037057
0.332659 0.600200 0.208258
0.536347 0.395735 0.978489
0.279380 0.031743 0.376586
0.380137 0.991306 0.982152
0.698861 0.686009 0.082919
0.235287 0.128805 0.776793
0.394302 0.081483 0.758990
0.656082 0.989209 0.741922
0.669942 0.254936 0.405381
0.162769 0.538796 0.230457
0.620778 0.427525 0.998469
0.783859 0.400270 0.157719
0.505350 0.355573 0.680498
0.341443 0.205384 0.232055
0.149970 0.055643 0.717686
0.065507 0.401967 0.037495
0.678413 0.162797 0.322615
0.902103 0.736068 0.631585
0.655275 0.131932 0.295012
0.643068 0.859752 0.855274
0.552004 0.591311 0.563588
0.822386 0.050062 0.442272
0.880915 0.844164 0.674250
0.795991 0.457300 0.842984
0.511579 0.044437 0.276971
0.169034 0.600457 0.608706
0.176263 0.640759 0.154220
0.327111 0.125377 0.318155
0.379795 0.275698 0.828052
0.757722 0.183556 0.313677
0.124438 0.796878 0.911645
0.175952 0.259866 0.693427
0.991555 0.626551 0.988750
0.099307 0.709315 0.665286
0.400273 0.749670 0.671168
0.486662 0.213501 0.630623
0.267816 0.918684 0.775200
0.351486 0.748461 0.568586
0.159954 0.980821 0.064495
0.654102 0.070469 0.592438
0.010353 0.887937 0.245019
0.810590 0.673544 0.887247
0.501027 0.190220 0.774820
0.638711 0.222033 0.379300
0.087293 0.821915 0.657463
0.585525 0.174491 0.636317
0.129028 0.384688 0.897497
0.527134 0.441921 0.183061
0.063131 0.308643 0.739473
0.313186 0.303070 0.349322
0.003148 0.529374 0.034102
0.572430 0.693141 0.693623
0.286704 0.101831 0.280648
0.805934 0.200074 0.095668
0.675975 0.771084 0.409957
0.331686 0.813119 0.237823
0.489976 0.375234 0.565514
0.235379 0.100430 0.554293
0.814256 0.294222 0.045549
0.298133 0.220978 0.847765
0.297555 0.866052 0.542155
0.776578 0.964026 0.368346
0.363178 0.818900 0.011597
0.993014 0.656676 0.828909
0.591678 0.251928 0.125374
0.410033 0.588758 0.204038
0.306124 0.488247 0.318755
0.451769 0.748812 0.996744
0.518087 0.632441 0.250793
0.655112 0.955606 0.774106
0.421736 0.394935 0.765237
0.028414 0.680427 0.940131
0.767930 0.805448 0.262145
0.459689 0.730009 0.261207
0.186257 0.589691 0.625214
0.340961 0.030473 0.092440
0.869830 0.706711 0.185382
0.394577 0.093528 0.657589
0.639556 0.208624 0.328602
0.012632 0.915909 0.156429
0.388937 0.867582 0.098889
0.292568 0.842063 0.883960
0.193572 0.446518 0.036778
0.253662 0.069899 0.873902
0.796039 0.363153 0.311101
0.027934 0.531938 0.935828
0.611163 0.218125 0.624137
0.201366 0.877743 0.829292
0.092156 0.168508 0.437073
0.547957 0.427379 0.330940
0.448752 0.803232 0.921796
0.569575 0.614197 0.060302
0.714782 0.620514 0.866339
0.137851 0.839091 0.878465
0.728193 0.070499 0.334511
0.105533 0.986461 0.746781
0.931631 0.786304 0.681523
0.134166 0.716249 0.675271
0.890855 0.070794 0.768591
0.473748 0.953284 0.013446
0.520937 0.719905 0.261536
0.117921 0.992446 0.852035
0.838332 0.568309 0.700054
0.499164 0.852851 0.714288
0.412466 0.055775 0.575631
0.172800 0.243321 0.851984
0.058331 0.953558 0.889075
0.656678 0.038181 0.161773
0.556058 0.138404 0.896671
0.090050 0.118112 0.882314
0.825450 0.694973 0.837610
0.105189 0.108713 0.024585
0.225899 0.697199 0.602553
0.406540 0.128570 0.354561
0.791909 0.770400 0.308461
0.985259 0.076608 0.271626
0.667350 0.565781 0.933635
0.410837 0.041636 0.434186
0.761117 0.045384 0.393137
0.367220 0.691982 0.440891
0.924808 0.269155 0.629276
0.139930 0.170628 0.721733
0.840704 0.266264 0.720625
0.953091 0.478886 0.415291
0.595038 0.449998 0.453272
0.316718 0.289909 0.935559
0.509503 0.029729 0.040048
0.531864 0.819754 0.166112
0.458489 0.258145 0.331335
0.209890 0.153589 0.333118
0.295349 0.294288 0.412753
0.370413 0.141125 0.367946
0.218077 0.976612 0.256972
0.644494 0.208395 0.898646
0.202551 0.179468 0.138854
0.428333 0.750713 0.573555
0.150270 0.359958 0.259718
0.759223 0.044391 0.931207
0.127212 0.764941 0.028297
0.689325 0.974623 0.789888
0.002671 0.808749 0.500348
0.273987 0.910238 0.805150
0.861867 0.947739 0.029501
0.793486 0.123732 0.815033
0.087656 0.768220 0.582884
0.055707 0.321011 0.699879
0.844794 0.540208 0.602915
0.698945 0.915951 0.204187
0.181501 0.203097 0.359421
0.662545 0.996620 0.925760
0.417093 0.692809 0.225471
0.819589 0.863216 0.689625
0.497148 0.787860 0.854960
0.409427 0.452269 0.950021
0.005506 0.782094 0.638982
0.000528 0.441796 0.145260
0.152200 0.923689 0.914987
0.067467 0.800495 0.517930
0.497931 0.194218 0.386207
0.671438 0.463857 0.702548
0.919428 0.922863 0.427399
0.999201 0.445617 0.744559
0.896914 0.526017 0.729759
0.361006 0.952548 0.237557
0.182509 0.831454 0.832122
0.733706 0.463701 0.798785
0.717614 0.637453 0.051432
0.370840 0.904544 0.011180
0.106121 0.634709 0.527010
0.919892 0.286815 0.660343
0.929258 0.606027 0.756903
0.936683 0.568861 0.828902
0.111173 0.406166 0.651553
0.069299 0.225522 0.863601
0.108391 0.905844 0.939545
0.123734 0.658117 0.504643
0.684554 0.796317 0.443833
0.456284 0.463349 0.668223
0.866310 0.854828 0.295578
0.905790 0.121601 0.693912
0.481481 0.842635 0.505941
0.250698 0.616086 0.284595
0.718306 0.170456 0.390805
0.776807 0.792605 0.016821
0.911115 0.601510 0.044409
0.792697 0.501660 0.889855
0.810012 0.027132 0.111712
0.274071 0.738811 0.610079
0.974761 0.177088 0.444521
0.949306 0.088023 0.943615
0.689748 0.493528 0.805057
0.813874 0.106273 0.404704
0.542901 0.377979 0.005357
0.627589 0.357407 0.294171
0.507896 0.501425 0.543643
0.876061 0.140195 0.039138
0.279143 0.797850 0.662419
0.270498 0.113009 0.723308
0.052468 0.337148 0.117217
0.682333 0.652344 0.375191
0.698909 0.380000 0.459776
0.123009 0.394115 0.500100
0.493569 0.418665 0.617857
0.011701 0.539157 0.417417
0.081320 0.526631 0.668313
0.581504 0.904333 0.012247
0.629997 0.842421 0.599303
0.009724 0.667700 0.421621
0.545286 0.108893 0.078230
0.580598 0.202539 0.872774
0.166091 0.096446 0.971109
0.948771 0.563385 0.555542
0.199043 0.984778 0.744719
0.597896 0.095579 0.320343
0.832591 0.215179 0.977317
0.170782 0.540272 0.229337
0.849182 0.959596 0.324187
0.159251 0.963498 0.215407
0.784623 0.914283 0.693269
0.757072 0.283964 0.389044
0.283787 0.893145 0.800727
0.865500 0.459684 0.348053
0.372784 0.555130 0.071574
0.860643 0.998843 0.228730
0.419905 0.283150 0.342702
0.912107 0.140223 0.829128
0.156962 0.213001 0.558892
0.618825 0.590458 0.282720
0.500188 0.587132 0.299511
0.707575 0.593312 0.944270
0.621061 0.558831 0.764994
0.945517 0.724353 0.162076
0.630212 0.998767 0.308698
0.344285 0.719226 0.473164
0.366745 0.022099 0.615634
0.685405 0.057663 0.964552
0.190416 0.449172 0.629230
0.383690 0.849823 0.222954
0.550028 0.832127 0.703050
0.066960 0.204394 0.744320
0.354124 0.912671 0.384363
0.379453 0.670091 0.180226
0.265958 0.837281 0.565230
0.050808 0.080045 0.797333
0.477369 0.262854 0.883503
0.247132 0.494948 0.783879
0.229584 0.782994 0.320688
0.342048 0.155500 0.548178
0.846790 0.556592 0.477116
0.579673 0.253537 0.086967
0.138169 0.709021 0.238904
0.180906 0.543840 0.361542
0.384909 0.405580 0.753771
0.483466 0.029769 0.694203
0.791775 0.653985 0.415645
0.069304 0.504755 0.400947
0.440299 0.811699 0.723679
0.102508 0.531866 0.356546
0.532926 0.916346 0.422318
0.987739 0.175362 0.296853
0.172135 0.716372 0.086415
0.911624 0.753464 0.155384
0.210815 0.913138 0.122716
0.309092 0.965457 0.003360
0.947059 0.409519 0.489215
0.922062 0.871724 0.949399
0.195477 0.511935 0.931101
0.537347 0.567338 0.218176
0.933443 0.281177 0.104210
0.825493 0.917434 0.049583
0.388371 0.160914 0.829674
0.325407 0.072575 0.479573
0.241633 0.804026 0.848133
0.168381 0.614620 0.984838
0.183652 0.518845 0.648793
0.106971 0.076643 0.824359
0.984237 0.821359 0.826254
0.483020 0.037549 0.294883
0.084486 0.284338 0.486728
0.747047 0.625528 0.005773
0.219153 0.376636 0.761693
0.877238 0.761304 0.731868
0.884494 0.295248 0.385288
0.587423 0.841959 0.924847
0.034097 0.834215 0.282033
0.349241 0.706848 0.433732
0.992447 0.791986 0.488967
0.585936 0.893832 0.842648
0.707988 0.074546 0.964889
0.531859 0.437912 0.558961
0.243145 0.742311 0.805041
0.096383 0.122554 0.983992
0.983607 0.032050 0.560936
0.365331 0.624019 0.311000
0.043563 0.982477 0.905721
0.484968 0.441384 0.793269
0.290290 0.439541 0.656659
0.249248 0.064540 0.857475
0.843980 0.123195 0.097938
0.919866 0.482833 0.087703
0.901044 0.872991 0.618967
0.411348 0.467777 0.443306
0.830210 0.067792 0.781915
0.416286 0.171850 0.524088
0.075987 0.521440 0.096539
0.378586 0.831643 0.961780
0.904100 0.280770 0.724328
0.722100 0.533247 0.408665
0.605965 0.154843 0.639130
0.324588 0.778464 0.590742
0.917983 0.530651 0.567716
0.983459 0.657358 0.700304
0.555329 0.373508 0.716180
0.505275 0.329342 0.712191
0.289016 0.282783 0.601793
0.610649 0.711257 0.347785
0.781794 0.006812 0.132085
0.906207 0.017185 0.538778
0.185482 0.569721 0.703316
0.007767 0.861918 0.078856
0.400002 0.191179 0.588572
0.091763 0.168510 0.837384
0.661412 0.810163 0.178125
0.004938 0.693745 0.080134
0.855734 0.483140 0.038335
0.869940 0.560906 0.765418
0.669529 0.851065 0.031616
0.224206 0.710997 0.977204
0.913151 0.682595 0.594031
0.258241 0.568669 0.370178
0.950844 0.468799 0.740363
0.514781 0.008134 0.415414
0.704082 0.430215 0.796657
0.481554 0.029287 0.902082
0.656491 0.999321 0.678639
0.458179 0.371530 0.150027
0.202316 0.227636 0.462118
0.655058 0.155964 0.050610
0.318462 0.702159 0.025878
0.372987 0.157327 0.575563
0.659553 0.290334 0.865298
0.696027 0.297312 0.289221
0.210015 0.244557 0.798924
0.092769 0.047019 0.177726
0.460110 0.427465 0.657966
0.080336 0.977613 0.645271
0.342813 0.307707 0.103881
0.345431 0.862394 0.285913
0.557910 0.169916 0.873134
0.294280 0.652520 0.438792
0.601712 0.417567 0.456896
0.392955 0.612112 0.474301
0.509433 0.778230 0.020176
0.712110 0.192340 0.177851
0.574176 0.209019 0.406893
0.645419 0.180156 0.731214
0.200457 0.318596 0.346111
0.320423 0.293656 0.074778
0.465613 0.241312 0.174602
0.394771 0.901547 0.396765
0.077802 0.145964 0.467060
0.170662 0.354898 0.158072
0.872453 0.689768 0.581537
0.853437 0.509687 0.394354
0.576082 0.019733 0.557934
0.734234 0.974349 0.833226
0.884052 0.577796 0.713578
0.507027 0.058767 0.368935
0.413646 0.129591 0.105352
0.642074 0.390380 0.624276
0.468052 0.080217 0.881778
0.962667 0.029849 0.483336
0.920657 0.499634 0.852796
0.357566 0.175075 0.333192
0.042077 0.240517 0.555040
0.948284 0.868011 0.861343
0.676839 0.503930 0.623215
0.638058 0.494651 0.721468
0.199616 0.954407 0.053504
0.351277 0.268052 0.306534
0.139129 0.799022 0.468708
0.714164 0.584437 0.889994
0.624442 0.867471 0.526587
0.428217 0.424664 0.478413
0.331294 0.316903 0.534805
0.488474 0.665075 0.272962
0.514893 0.895224 0.143207
0.022464 0.870084 0.736615
0.833700 0.039053 0.967846
0.828486 0.491162 0.562971
0.295659 0.616542 0.875974
0.091905 0.511853 0.627888
0.870710 0.787902 0.252064
0.892070 0.876886 0.328424
0.147906 0.230684 0.086150
0.078906 0.878934 0.794605
0.926764 0.731854 0.197232
0.471788 0.570042 0.948112
0.332918 0.287156 0.700883
0.157223 0.712954 0.769738
0.660675 0.736447 0.256603
0.735262 0.475498 0.653044
0.024563 0.766842 0.013575
0.467692 0.836094 0.109182
0.113359 0.019852 0.402750
0.420320 0.109117 0.949542
0.582683 0.688539 0.839404
0.481615 0.558948 0.009980
0.134841 0.705343 0.679742
0.446467 0.716292 0.902080
0.209980 0.503221 0.659558
0.134353 0.193718 0.837462
0.421978 0.133563 0.808321
0.541611 0.485935 0.098789
0.165878 0.543255 0.596026
0.403584 0.343007 0.612555
0.713164 0.198834 0.186247
0.818180 0.390296 0.856937
0.232969 0.073874 0.529139
0.643309 0.279291 0.768897
0.902533 0.866595 0.766629
0.629127 0.404287 0.971046
0.315729 0.328126 0.361532
0.594511 0.103526 0.052104
0.688331 0.863873 0.555383
0.148510 0.054144 0.041023
0.451365 0.761173 0.554208
0.194827 0.220263 0.568269
0.377820 0.235228 0.130656
0.827167 0.351611 0.152534
0.415259 0.009571 0.490806
0.797202 0.715976 0.088769
0.208810 0.835379 0.331333
0.518998 0.327813 0.003675
0.636121 0.586551 0.191886
0.163493 0.693398 0.784718
0.840856 0.722983 0.089403
0.781111 0.189951 0.090455
0.214906 0.150373 0.119090
0.985217 0.689164 0.400938
0.806886 0.260084 0.047553
0.145765 0.671164 0.346558
0.634944 0.938379 0.173129
0.484723 0.801996 0.806261
0.875663 0.835607 0.885564
0.229237 0.089161 0.872128
0.682253 0.379751 0.616591
0.272286 0.198086 0.377149
0.651066 0.561412 0.603151
0.200287 0.565913 0.260484
0.667133 0.582836 0.927318
0.823413 0.940823 0.320528
0.636792 0.266215 0.755276
0.968086 0.275833 0.554087
0.544844 0.590577 0.488414
0.351133 0.566134 0.764577
0.214018 0.165112 0.528740
0.436810 0.416982 0.047117
0.369792 0.038445 0.570391
0.823386 0.549131 0.017591
0.446630 0.728886 0.229765
0.114582 0.352317 0.621602
0.580723 0.908768 0.068150
0.110531 0.523514 0.839836
0.696474 0.983202 0.439435
0.721570 0.696174 0.889808
0.394208 0.439832 0.938872
0.868006 0.372127 0.825841
0.743350 0.480485 0.658509
0.763154 0.785041 0.441958
0.635101 0.201207 0.707899
0.119610 0.055048 0.190638
0.978249 0.691985 0.399193
0.563914 0.677805 0.532736
0.495841 0.031799 0.449851
0.471245 0.581717 0.704878
0.100974 0.751638 0.741315
0.841973 0.884444 0.488070
0.056367 0.168124 0.715811
0.883592 0.595439 0.449476
0.882900 0.225265 0.739656
0.917777 0.791183 0.835698
0.806804 0.502205 0.633076
0.797514 0.894563 0.556082
0.337129 0.744894 0.294445
0.899646 0.359332 0.372804
0.741126 0.885095 0.484302
0.704456 0.758543 0.830196
0.607777 0.968357 0.489329
0.090422 0.010091 0.839372
0.772513 0.268897 0.497789
0.217126 0.105791 0.332956
0.468651 0.661017 0.077192
0.472537 0.341262 0.837329
0.125973 0.310097 0.264367
0.573193 0.941102 0.586786
0.110756 0.415483 0.742447
0.988878 0.357387 0.307518
0.268083 0.317849 0.482986
0.318346 0.801174 0.582249
0.729879 0.249131 0.226048
0.385825 0.737076 0.204096
0.432053 0.543338 0.749956
0.958684 0.679853 0.058491
0.897687 0.036579 0.333692
0.640275 0.410944 0.272831
0.457037 0.150140 0.769472
0.677210 0.475074 0.702750
0.815956 0.032115 0.872786
0.295696 0.883487 0.445776
0.902710 0.165588 0.046674
0.825702 0.543514 0.483974
0.218700 0.855360 0.877538
0.165834 0.077067 0.610453
0.792797 0.986621 0.828158
0.078399 0.828035 0.143321
0.584906 0.156610 0.112381
0.319209 0.455139 0.507638
0.515925 0.587187 0.533246
0.446805 0.829919 0.453243
0.229084 0.186669 0.672232
0.926443 0.419004 0.310673
0.343738 0.485890 0.410929
0.685264 0.615019 0.043037
0.288969 0.997556 0.987758
0.433836 0.978082 0.796505
0.193656 0.995295 0.482702
0.385696 0.503917 0.239521
0.885807 0.382215 0.729122
0.674255 0.309711 0.529374
0.868771 0.655187 0.059052
0.885948 0.155998 0.047819
0.470953 0.586290 0.011736
0.418124 0.913037 0.428976
0.220604 0.748170 0.044626
0.097530 0.456631 0.164767
0.091095 0.594902 0.535834
0.264882 0.134761 0.564650
0.875251 0.747419 0.952058
0.381942 0.727281 0.786150
0.609594 0.697991 0.396319
0.056734 0.854980 0.387621
0.574710 0.040284 0.847571
0.689816 0.917104 0.682750
0.573868 0.220975 0.430164
0.979055 0.523595 0.973250
0.179916 0.973726 0.532709
0.302803 0.956960 0.896606
0.552954 0.477171 0.820021
0.673451 0.863993 0.551340
0.806753 0.196656 0.961713
0.482938 0.220177 0.399623
0.494959 0.409623 0.545390
0.734808 0.410787 0.158940
0.930897 0.310828 0.491977
0.121633 0.519489 0.810954
0.766158 0.217653 0.131711
0.445569 0.191509 0.727861
0.932082 0.673574 0.529918
0.344780 0.774364 0.076213
0.576944 0.336515 0.042148
0.482274 0.109686 0.200300
0.167823 0.468859 0.200939
0.104369 0.955638 0.497869
0.309714 0.712552 0.906362
0.902856 0.888126 0.492116
0.527008 0.536013 0.988161
0.084169 0.368852 0.740074
0.998652 0.445737 0.407457
0.238718 0.727185 0.583028
0.831785 0.333341 0.711301
0.270452 0.078054 0.117518
0.386296 0.144067 0.874064
0.054864 0.916836 0.344507
0.446878 0.988609 0.898930
0.429154 0.367600 0.815202
0.209452 0.346411 0.777456
0.746153 0.561789 0.151001
0.612640 0.759758 0.323964
0.452261 0.788899 0.166812
0.960124 0.464239 0.646143
0.767609 0.234805 0.538767
0.104316 0.155888 0.899739
0.751434 0.629222 0.427266
0.488474 0.694365 0.964315
0.679031 0.911928 0.152842
0.892714 0.103357 0.663149
0.145609 0.419082 0.643427
0.433397 0.073940 0.108262
0.668773 0.744995 0.836416
0.192677 0.405327 0.256555
0.445468 0.228085 0.856090
0.667387 0.160185 0.762492
0.470565 0.012895 0.018063
0.135578 0.448637 0.828405
0.748074 0.875396 0.575231
0.343168 0.210473 0.210162
0.254622 0.004061 0.194952
0.136923 0.008476 0.232994
0.724015 0.797099 0.677507
0.292022 0.250674 0.827902
0.593384 0.049206 0.101925
0.726688 0.912826 0.270509
0.617799 0.349482 0.426655
0.790297 0.284510 0.144186
0.403805 0.680592 0.504574
0.737605 0.384409 0.113157
0.333564 0.277383 0.057998
0.850848 0.011732 0.321234
0.482382 0.892678 0.886864
0.435516 0.613889 0.977380
0.798293 0.431831 0.055854
0.524259 0.423606 0.878608
0.913186 0.488157 0.866673
0.870984 0.228245 0.701100
0.762818 0.125052 0.582144
0.611554 0.263773 0.828625
0.904143 0.870853 0.733513
0.083437 0.149304 0.674212
0.908557 0.321975 0.100763
0.495915 0.935658 0.858505
0.144236 0.789751 0.495407
0.720979 0.675624 0.038655
0.914679 0.691372 0.075586
0.438572 0.789447 0.962471
0.673445 0.261712 0.710653
0.115555 0.459588 0.826429
0.120340 0.909587 0.889144
0.131941 0.668543 0.359548
0.896444 0.816427 0.689335
0.918667 0.810703 0.804048
0.579474 0.764736 0.644423
0.869485 0.904345 0.463286
0.003030 0.032821 0.657336
0.320553 0.843961 0.832114
0.649018 0.321677 0.066848
0.984444 0.105629 0.665001
0.405949 0.607691 0.488950
0.301033 0.056546 0.306593
0.906627 0.055144 0.421866
0.458661 0.430766 0.280598
0.555257 0.124757 0.762999
0.967444 0.669409 0.721210
0.473059 0.656222 0.574547
0.963371 0.412962 0.753380
0.202202 0.332257 0.537373
0.617648 0.737749 0.223785
0.560959 0.723419 0.827370
0.076809 0.600361 0.029351
0.537751 0.519372 0.787317
0.021416 0.716681 0.704624
0.263968 0.015235 0.976910
0.161936 0.242670 0.931947
0.184495 0.767778 0.594094
0.753708 0.354235 0.984319
0.470697 0.494622 0.804966
0.379186 0.725038 0.258086
0.783166 0.498304 0.452731
0.959453 0.019714 0.322581
0.161931 0.497845 0.541637
0.414881 0.716030 0.060327
0.216530 0.152057 0.524943
0.215637 0.959669 0.732144
0.994792 0.919248 0.428898
0.359599 0.153889 0.136214
0.346278 0.514940 0.982689
0.396143 0.137321 0.679362
0.381702 0.020316 0.460019
0.972315 0.174228 0.878104
0.880417 0.559744 0.928836
0.959574 0.305884 0.633593
0.007854 0.106369 0.507291
0.290859 0.379898 0.622835
0.362234 0.819850 0.329681
0.122636 0.641061 0.936140
0.027294 0.880897 0.875939
0.698507 0.919935 0.974138
0.853303 0.802760 0.659112
0.450845 0.363948 0.489742
0.558153 0.449634 0.294632
0.464233 0.134837 0.045359
0.244190 0.617968 0.826358
0.075531 0.969560 0.967843
0.544136 0.881674 0.121117
0.690986 0.858075 0.184525
0.231585 0.062390 0.454721
0.686318 0.459838 0.296870
0.734160 0.010950 0.755553
0.143011 0.726275 0.077248
0.273410 0.901253 0.995448
0.023470 0.726396 0.840345
0.127509 0.515558 0.675174
0.158579 0.600564 0.890036
0.914693 0.570156 0.490918
0.223353 0.843145 0.209956
0.915518 0.060102 0.035039
0.050218 0.455212 0.353284
0.095052 0.405443 0.382384
0.631340 0.535585 0.830412
0.279867 0.556915 0.007801
0.420865 0.840377 0.551814
0.470713 0.277687 0.264509
0.181812 0.851147 0.121610
0.566480 0.642919 0.277820
0.896419 0.634430 0.892990
0.794736 0.878999 0.292079
0.618603 0.036784 0.838076
0.805806 0.945914 0.510635
0.370454 0.247332 0.136439
0.770408 0.186060 0.150810
0.312243 0.390954 0.059549
0.096646 0.555773 0.451162
0.659995 0.042055 0.535228
0.681291 0.465696 0.704219
0.327741 0.516989 0.441813
0.871854 0.156888 0.173903
0.542441 0.707401 0.003993
0.840940 0.946713 0.053290
0.935644 0.300399 0.020361
0.792961 0.475393 0.283868
0.738125 0.697268 0.538372
0.649627 0.655206 0.815452
0.816064 0.517587 0.062606
0.598364 0.378036 0.315710
0.448358 0.511587 0.381011
0.845106 0.124019 0.943291
0.132220 0.194774 0.487864
0.339844 0.072189 0.671048
0.346942 0.695867 0.861146
0.402813 0.321334 0.002892
0.288176 0.056805 0.090570
0.720017 0.586120 0.679423
0.211571 0.364543 0.662344
0.190338 0.537192 0.409105
0.571123 0.077577 0.055816
0.936016 0.564298 0.679716
0.616974 0.962845 0.562172
0.423950 0.055436 0.769767
0.099003 0.249408 0.375061
0.404705 0.523210 0.192885
0.591271 0.192160 0.233093
0.926250 0.734129 0.766791
0.148722 0.781796 0.329720
0.807423 0.461476 0.771161
0.871321 0.532488 0.212212
0.720011 0.762219 0.237513
0.194395 0.658601 0.433699
0.762998 0.917877 0.886709
0.754171 0.961530 0.315833
0.915979 0.593089 0.846700
0.330734 0.387319 0.573583
0.472729 0.025803 0.791388
0.153518 0.900963 0.465223
0.129717 0.608551 0.833088
0.043335 0.188858 0.949702
0.575856 0.655504 0.093054
0.020425 0.093885 0.452141
0.524225 0.500877 0.894442
0.743153 0.379134 0.385627
0.352993 0.380650 0.202087
0.339464 0.935871 0.896438
0.124268 0.871150 0.579510
0.885493 0.787746 0.070355
0.699939 0.756500 0.498997
0.805525 0.459119 0.913204
0.024374 0.498849 0.291513
0.183911 0.947916 0.950711
0.671149 0.142221 0.012121
0.593693 0.844872 0.660566
0.160913 0.257391 0.841224
0.441218 0.936953 0.160623
0.137221 0.212122 0.102110
0.693539 0.682025 0.835593
0.957572 0.138177 0.202351
0.626999 0.235417 0.062659
0.628782 0.836345 0.541242
0.679951 0.672404 0.581638
0.253701 0.188340 0.233334
0.775382 0.201457 0.213866
0.073076 0.333327 0.344358
0.627475 0.129447 0.732096
0.196065 0.175666 0.291229
0.933802 0.251728 0.853097
0.710923 0.093809 0.715967
0.019671 0.539904 0.674169
0.839947 0.007347 0.413004
0.681810 0.269299 0.791102
0.330997 0.382804 0.194841
0.693938 0.262240 0.817577
0.092111 0.466316 0.117937
0.971366 0.202412 0.296085
0.749116 0.155648 0.521368
0.755578 0.433620 0.389733
0.196241 0.652217 0.424174
0.316596 0.618674 0.333413
0.384171 0.048844 0.075497
0.395020 0.205433 0.159934
0.354811 0.424860 0.910979
0.622395 0.707461 0.803490
0.088833 0.790187 0.506019
0.206472 0.621479 0.068015
0.121907 0.081455 0.994423
0.997232 0.948299 0.019972
0.686813 0.712759 0.286496
0.392327 0.135705 0.791405
0.719566 0.163182 0.565316
0.302608 0.955635 0.886232
0.442320 0.601807 0.244908
0.610006 0.006792 0.428601
0.326631 0.724324 0.477018
0.966852 0.050700 0.829299
0.076077 0.429492 0.972090
0.078511 0.578629 0.819643
0.197661 0.356570 0.016672
0.472401 0.000401 0.674424
0.374090 0.061419 0.102351
0.987897 0.656824 0.822115
0.184144 0.334905 0.224161
0.186480 0.632042 0.262169
0.739202 0.391299 0.484628
0.990969 0.359754 0.271403
0.075628 0.792624 0.485581
0.143264 0.303644 0.710982
0.016440 0.626735 0.997884
0.818996 0.107368 0.405165
0.225663 0.830743 0.294073
0.457079 0.054428 0.464866
0.424333 0.244160 0.935516
0.841315 0.793632 0.998355
0.668619 0.071496 0.760026
0.851088 0.106063 0.326342
0.081860 0.458269 0.789952
0.440675 0.475891 0.008918
0.277769 0.265173 0.236143
0.602608 0.822889 0.652836
0.690670 0.942190 0.366834
0.697135 0.954785 0.355811
0.292448 0.834528 0.650274
0.869198 0.716299 0.247341
0.131607 0.063043 0.011525
0.031819 0.834536 0.074069
0.079070 0.427322 0.849483
0.734023 0.926726 0.443433
0.937480 0.303597 0.518226
0.125296 0.364775 0.475534
0.999335 0.808874 0.023895
0.025284 0.635890 0.243610
0.630833 0.965654 0.968567
0.014126 0.632625 0.661180
0.388061 0.588914 0.694584
0.864651 0.382682 0.480717
0.827151 0.482474 0.693636
0.722500 0.383295 0.343146
0.223795 0.299946 0.082736
0.297432 0.387081 0.214088
0.653449 0.836456 0.862346
0.818009 0.498891 0.946926
0.017580 0.483673 0.131565
0.956963 0.129523 0.783164
0.551028 0.939712 0.818237
0.956410 0.635534 0.463716
0.467789 0.254462 0.504396
0.966166 0.294305 0.108855
0.723239 0.651654 0.959876
0.040440 0.036126 0.851815
0.407561 0.373792 0.054391
0.697323 0.118149 0.472444
0.078115 0.630558 0.456308
0.902585 0.202558 0.292913
0.706467 0.995636 0.586137
0.000468 0.170132 0.630699
0.542610 0.782078 0.084627
0.010382 0.945560 0.592435
0.083107 0.359471 0.315292
0.330778 0.056773 0.267024
0.730948 0.610092 0.642041
0.661950 0.301123 0.321515
0.769705 0.671901 0.189672
0.374623 0.633775 0.970251
0.975570 0.674635 0.190200
0.243463 0.641029 0.682712
0.478725 0.992004 0.526853
0.888590 0.505665 0.491143
0.102970 0.454096 0.986538
0.252973 0.826281 0.108809
0.018142 0.667859 0.664770
0.133146 0.258405 0.086362
0.418256 0.870868 0.638922
0.150036 0.458820 0.010260
0.949249 0.247018 0.582058
0.080572 0.630099 0.849148
0.074232 0.539588 0.261054
0.808793 0.314885 0.857855
0.137007 0.904946 0.936872
0.208444 0.116696 0.148944
0.377715 0.767266 0.952464
0.309640 0.375696 0.389633
0.999455 0.203525 0.133833
0.639604 0.405850 0.098477
0.649199 0.325030 0.613149
0.699127 0.991134 0.497552
0.206089 0.063076 0.907810
0.091901 0.952336 0.200952
0.287634 0.980598 0.093333
0.516602 0.216109 0.146189
0.138763 0.606745 0.383934
0.689630 0.447579 0.639318
0.407580 0.495882 0.787197
0.823874 0.664569 0.596068
0.864244 0.466564 0.758866
0.662014 0.776786 0.598617
0.508021 0.101255 0.135660
0.529970 0.673133 0.517931
0.548439 0.172917 0.436349
0.327785 0.346624 0.096657
0.749784 0.744181 0.213579
0.232529 0.344454 0.619024
0.941502 0.712912 0.452856
0.886904 0.617546 0.679748
0.450953 0.481480 0.498845
0.083754 0.745415 0.731279
0.129312 0.277637 0.354957
0.503456 0.966363 0.114630
0.599319 0.588067 0.515441
0.232429 0.987273 0.385486
0.742486 0.880910 0.961841
0.700453 0.874988 0.766045
0.575673 0.355398 0.858353
0.794877 0.802106 0.435895
0.775722 0.033570 0.919559
0.277284 0.733862 0.470031
0.896841 0.191244 0.573330
0.397574 0.477355 0.153726
0.666690 0.745341 0.138425
0.054584 0.727346 0.300032
0.920718 0.345425 0.147754
0.516339 0.254458 0.340857
0.807133 0.397834 0.789936
0.041996 0.768431 0.508831
0.483873 0.364624 0.539073
0.198220 0.921067 0.004755
0.263287 0.506674 0.742634
0.618253 0.964949 0.030691
0.435984 0.128229 0.391981
0.530298 0.119367 0.089060
0.645797 0.066617 0.687018
0.978641 0.981222 0.506430
0.050940 0.010251 0.965772
0.103605 0.208990 0.238117
0.956217 0.292771 0.200335
0.807322 0.059261 0.740138
0.482805 0.073224 0.355150
0.951667 0.624928 0.693414
0.367405 0.732298 0.619787
0.080148 0.263381 0.518790
0.824342 0.724995 0.477159
0.991962 0.166633 0.356960
0.433821 0.627366 0.430413
0.029535 0.501981 0.514105
0.379082 0.525309 0.820921
0.634714 0.933580 0.149157
0.329213 0.052383 0.870793
0.997970 0.370215 0.259710
0.123555 0.346478 0.688390
0.319926 0.705973 0.396409
0.306825 0.663445 0.760789
0.971054 0.206259 0.503284
0.974469 0.703541 0.139818
0.945927 0.033487 0.230819
0.770542 0.607745 0.834775
0.341790 0.543993 0.460641
0.160956 0.077380 0.046617
0.434948 0.765134 0.520617
0.011161 0.306309 0.137501
0.769497 0.113077 0.772034
0.411842 0.030041 0.508352
0.465265 0.645990 0.039355
0.663380 0.245678 0.261082
0.519016 0.455365 0.745946
0.653096 0.780059 0.115459
0.009263 0.613931 0.504756
0.005256 0.145959 0.127016
0.868849 0.321038 0.091154
0.720705 0.858567 0.392382
0.670755 0.118174 0.654689
0.329454 0.689347 0.234159
0.258730 0.100170 0.639745
0.111304 0.223580 0.189927
0.158510 0.508555 0.896604
0.468699 0.327577 0.139844
0.072575 0.356531 0.522196
0.267651 0.100384 0.896705
0.303547 0.631388 0.884199
0.112251 0.783219 0.794328
0.583627 0.997949 0.796468
0.849171 0.047350 0.102552
0.078997 0.048346 0.813375
0.674963 0.353309 0.984623
0.995806 0.497544 0.800735
0.674607 0.432324 0.505426
0.951590 0.222648 0.175846
0.177538 0.451563 0.536274
0.700660 0.719855 0.599400
0.757406 0.234075 0.225808
0.533810 0.330058 0.784553
0.274341 0.622018 0.815074
0.236517 0.669449 0.204049
0.622811 0.315356 0.257787
0.633207 0.458533 0.804896
0.514826 0.393145 0.176581
0.203984 0.160452 0.456556
0.403875 0.666765 0.896610
0.531044 0.390022 0.627353
0.858788 0.307717 0.084048
0.232877 0.927855 0.149448
0.457573 0.698142 0.176782
0.681655 0.936828 0.775445
0.433137 0.498913 0.022426
0.654876 0.436086 0.171819
0.995869 0.805710 0.422566
0.748509 0.359908 0.856738
0.228266 0.307926 0.568376
0.070628 0.696948 0.052862
0.192917 0.074415 0.417638
0.319293 0.284622 0.840929
0.560582 0.551182 0.346881
0.266369 0.265686 0.736476
0.727315 0.374090 0.893106
0.997670 0.236450 0.739454
0.499220 0.992112 0.944792
0.030323 0.471491 0.447825
0.133838 0.888659 0.672820
0.918585 0.489970 0.994882
0.234881 0.089651 0.793098
0.393894 0.255226 0.110612
0.164379 0.132295 0.816684
0.282576 0.607457 0.305790
0.114747 0.809731 0.648208
0.113964 0.198653 0.922345
0.270365 0.908943 0.232256
0.110162 0.135008 0.172121
0.865920 0.541728 0.146055
0.989544 0.865682 0.890164
0.216039 0.781215 0.567004
0.098782 0.146812 0.834411
0.860134 0.681740 0.659230
0.602583 0.800512 0.137405
0.728835 0.943715 0.729506
0.333950 0.895920 0.895213
0.263938 0.487417 0.357790
0.949665 0.071439 0.290449
0.195461 0.092374 0.994612
0.957031 0.685924 0.073000
0.721894 0.403018 0.090732
0.597304 0.169664 0.016577
0.894830 0.634696 0.249532
0.292390 0.845579 0.715305
0.395798 0.571366 0.591072
0.159793 0.910955 0.323444
0.482825 0.795287 0.839878
0.671276 0.967138 0.278886
0.541190 0.061945 0.838625
0.664308 0.711217 0.447137
0.610451 0.583204 0.963933
0.994092 0.560479 0.316709
0.783634 0.410578 0.684588
0.153885 0.364412 0.909074
0.339462 0.888235 0.196003
0.076581 0.651509 0.076035
0.744195 0.132581 0.202106
0.146913 0.514935 0.382242
0.993903 0.138367 0.463169
0.800832 0.738655 0.078462
0.128031 0.503252 0.399081
0.415041 0.126528 0.315478
0.886567 0.335462 0.231590
0.587979 0.399855 0.895366
0.023226 0.725825 0.888557
0.156479 0.296648 0.755512
0.813830 0.244122 0.706062
0.981256 0.446335 0.076780
0.485725 0.610466 0.484150
0.908689 0.375251 0.587928
0.646359 0.615169 0.026319
0.069137 0.233153 0.589912
0.915489 0.632125 0.464398
0.073258 0.049293 0.771073
0.473513 0.183415 0.661372
0.648030 0.216639 0.040408
0.738516 0.303483 0.771788
0.802033 0.233304 0.222960
0.143313 0.916443 0.338087
0.223349 0.138799 0.416265
0.140664 0.051801 0.884097
0.190144 0.605601 0.815289
0.417008 0.000911 0.847637
0.845997 0.165372 0.689318
0.923512 0.022058 0.309615
0.632596 0.426074 0.871608
0.836508 0.224599 0.792123
0.915827 0.412481 0.996794
0.253512 0.470099 0.072381
0.759871 0.079398 0.953807
0.146749 0.972768 0.036604
0.147789 0.484170 0.235012
0.753287 0.716589 0.942801
0.305725 0.463103 0.602725
0.048202 0.716489 0.098995
0.005427 0.838057 0.299930
0.089891 0.352127 0.432579
0.870472 0.402859 0.540093
0.318311 0.092344 0.389755
0.895024 0.740826 0.469036
0.645365 0.130309 0.337024
0.299146 0.942459 0.860020
0.991373 0.359315 0.076767
0.198014 0.306401 0.975450
0.758157 0.510076 0.300461
0.943446 0.334204 0.144666
0.001177 0.100174 0.016402
0.719991 0.524205 0.381525
0.080673 0.067723 0.680725
0.100413 0.960063 0.985665
0.149416 0.725552 0.532729
0.352746 0.511153 0.869911
0.078537 0.533278 0.187808
0.900381 0.715038 0.934287
0.001898 0.538117 0.284836
0.259541 0.493612 0.881841
0.474562 0.539368 0.660676
0.175089 0.801825 0.503642
0.938218 0.561050 0.024083
0.780670 0.082336 0.929986
0.356751 0.487964 0.055717
0.180193 0.413383 0.253860
0.966259 0.682273 0.733713
0.024940 0.725805 0.153523
0.749983 0.233393 0.823905
0.357040 0.666234 0.567724
0.038479 0.238903 0.868089
0.195058 0.834359 0.841069
0.896857 0.312427 0.298950
0.744076 0.280842 0.661018
0.400523 0.609716 0.841109
0.114518 0.575494 0.575463
0.213998 0.893094 0.029880
0.522597 0.669165 0.491591
0.430328 0.940970 0.027439
0.262781 0.266778 0.090733
0.058930 0.590875 0.001284
0.446293 0.547565 0.983161
0.623887 0.045309 0.653548
0.305941 0.793820 0.194507
0.289571 0.332333 0.131815
0.332335 0.213776 0.765249
0.623931 0.395940 0.825939
0.831449 0.418055 0.940604
0.266938 0.163948 0.920201
0.877388 0.891897 0.192378
0.386532 0.644518 0.555344
0.229569 0.328928 0.421744
0.037973 0.809281 0.029740
0.012844 0.935709 0.837465
0.605162 0.764065 0.289841
0.696268 0.596329 0.256138
0.711732 0.536805 0.960971
0.584686 0.330404 0.451075
0.507099 0.420191 0.178045
0.173597 0.898569 0.873956
0.078348 0.949332 0.198965
0.160938 0.096817 0.970744
0.602478 0.624594 0.366764
0.263589 0.091299 0.827096
0.627428 0.579048 0.409204
0.301697 0.625156 0.884983
0.634565 0.804300 0.513344
0.278384 0.172236 0.395162
0.110189 0.977292 0.180143
0.049270 0.845142 0.991982
0.686040 0.728564 0.463483
0.525567 0.034756 0.740558
0.949479 0.437264 0.470487
0.082862 0.281350 0.033382
0.879590 0.810156 0.571539
0.780684 0.226104 0.151393
0.102538 0.399152 0.017305
0.563622 0.097884 0.059718
0.962515 0.746668 0.917087
0.397066 0.608425 0.354367
0.432639 0.031097 0.114253
0.875153 0.105559 0.910453
0.711465 0.681541 0.515143
0.075451 0.288482 0.489287
0.975956 0.946420 0.490932
0.761538 0.309508 0.732585
0.081194 0.109534 0.323909
0.497052 0.454676 0.597092
0.653708 0.755543 0.433957
0.901827 0.281918 0.378858
0.378785 0.932913 0.164805
0.172083 0.481733 0.379824
0.216723 0.462534 0.555154
0.556519 0.556931 0.143361
0.436553 0.050665 0.172057
0.959696 0.279859 0.807564
0.940529 0.128224 0.513793
0.277297 0.478785 0.386277
0.406869 0.674993 0.289308
0.681329 0.908301 0.983129
0.910459 0.369729 0.023328
0.292454 0.362005 0.047783
0.985488 0.748779 0.096538
0.264162 0.123109 0.493957
0.162400 0.954220 0.936358
0.368795 0.514448 0.462604
0.065368 0.664930 0.487581
0.070181 0.170164 0.456886
0.254044 0.481907 0.211694
0.603141 0.829503 0.656386
0.525603 0.506651 0.867941
0.677991 0.265303 0.793398
0.314591 0.101886 0.517771
0.224489 0.294060 0.045876
0.339151 0.235106 0.865551
0.167099 0.975784 0.813831
0.098634 0.840107 0.249597
0.417152 0.002864 0.317181
0.451730 0.931019 0.476250
0.131216 0.851376 0.101063
0.349821 0.262061 0.629782
0.575265 0.203880 0.101553
0.011424 0.107729 0.418000
0.015705 0.579467 0.856641
0.883814 0.751809 0.508421
0.562863 0.320324 0.681393
0.494743 0.047997 0.802787
0.418475 0.325010 0.742898
0.942398 0.474867 0.328036
0.362102 0.094857 0.627564
0.925250 0.142563 0.259202
0.014872 0.362459 0.365901
0.553873 0.500829 0.939157
0.807169 0.897927 0.061229
0.936682 0.282414 0.712873
0.848986 0.501834 0.564674
0.962648 0.532906 0.204497
0.537440 0.222220 0.451901
0.692155 0.913878 0.806071
0.223434 0.407950 0.656571
0.430963 0.489890 0.271888
0.974284 0.104998 0.712567
0.579140 0.533446 0.448942
0.412638 0.622497 0.153222
0.047325 0.996202 0.652159
0.720849 0.719987 0.001278
0.588205 0.509081 0.026314
0.939114 0.914625 0.349560
0.216756 0.606005 0.750078
0.368463 0.823190 0.394526
0.967213 0.430879 0.420260
0.370948 0.374417 0.911419
0.539557 0.156544 0.788302
0.064339 0.605053 0.493772
0.718811 0.606658 0.288172
0.681044 0.809873 0.338212
0.865648 0.124866 0.044012
0.816408 0.980352 0.333530
0.225777 0.400379 0.070686
0.071554 0.559231 0.548907
0.641377 0.960562 0.130246
0.970083 0.092264 0.150561
0.856779 0.877400 0.113901
0.630135 0.865297 0.632853
0.749855 0.841602 0.072954
0.503730 0.258761 0.534196
0.602592 0.078270 0.555455
0.684256 0.025950 0.607268
0.678781 0.628981 0.857170
0.732196 0.415360 0.200243
0.904137 0.450102 0.653159
0.151890 0.855654 0.265477
0.450044 0.916604 0.481720
0.257968 0.471772 0.527700
0.303460 0.368472 0.602356
0.607767 0.166249 0.817515
0.869857 0.825661 0.416610
0.480785 0.824695 0.139837
0.828146 0.430164 0.219698
0.812289 0.190186 0.976123
0.149875 0.754387 0.758614
0.252414 0.976383 0.669175
0.668921 0.957345 0.885476
0.214716 0.098418 0.585380
0.061612 0.870051 0.960632
0.130588 0.532578 0.832100
0.811953 0.141873 0.616090
0.489005 0.955357 0.813758
0.583067 0.053008 0.422601
0.003897 0.058499 0.224318
0.956204 0.757265 0.953307
0.188030 0.258040 0.340628
0.048638 0.471606 0.192185
0.347172 0.019090 0.953300
0.878641 0.158040 0.988214
0.698679 0.965317 0.472379
0.629928 0.822017 0.436755
0.382343 0.205996 0.071642
0.427868 0.947359 0.479996
0.013924 0.291459 0.234072
0.642565 0.835760 0.855953
0.371151 0.485625 0.892647
0.255547 0.375000 0.654891
0.251648 0.891390 0.699366
0.400984 0.004898 0.476085
0.070814 0.217289 0.968712
0.843231 0.653010 0.019636
0.324135 0.601482 0.167526
0.903183 0.551863 0.587381
0.844467 0.340927 0.962337
0.252080 0.435794 0.469067
0.422712 0.109255 0.270836
0.621945 0.588303 0.001736
0.183627 0.208066 0.407609
0.900777 0.341930 0.840615
0.338301 0.726821 0.814362
0.894139 0.609867 0.121571
0.951473 0.795355 0.139803
0.578380 0.579487 0.433066
0.192152 0.600085 0.646158
0.379935 0.507217 0.942098
0.874646 0.790287 0.440997
0.690313 0.326887 0.231880
0.321479 0.945088 0.432622
0.329819 0.599533 0.337025
0.855977 0.287899 0.356258
0.631168 0.747184 0.188012
0.642460 0.970001 0.590458
0.262265 0.679676 0.760867
0.436288 0.070666 0.406132
0.562804 0.966421 0.654104
0.454512 0.739128 0.053222
0.852937 0.008873 0.646017
0.476727 0.281910 0.182064
0.463414 0.070650 0.646190
0.239963 0.072086 0.744416
0.793842 0.266641 0.330132
0.035583 0.069833 0.820815
0.920801 0.720221 0.292324
0.475240 0.448331 0.048200
0.355828 0.127004 0.322723
0.818759 0.903440 0.795304
0.563808 0.392543 0.148708
0.516249 0.481727 0.625857
0.875652 0.679985 0.182837
0.245163 0.517869 0.012421
0.884506 0.064920 0.771490
0.145580 0.702160 0.977182
0.906978 0.442793 0.944210
0.878189 0.707523 0.243579
0.662440 0.558878 0.319566
0.725971 0.456402 0.403423
0.174560 0.471026 0.162456
0.717644 0.106272 0.544585
0.212171 0.919226 0.525744
0.024271 0.164953 0.461202
0.371118 0.927461 0.626290
0.785980 0.778169 0.610310
0.921950 0.460358 0.810280
0.628023 0.219817 0.435535
0.875175 0.566507 0.302103
0.912965 0.382955 0.854881
0.582982 0.334539 0.914204
0.112926 0.987248 0.376795
0.142269 0.591980 0.545813
0.129051 0.780177 0.879826
0.338461 0.436847 0.254258
0.247988 0.445930 0.351874
0.050658 0.731926 0.852602
0.832468 0.983710 0.508210
0.291102 0.647727 0.274639
0.714908 0.589943 0.429608
0.912665 0.532109 0.185323
0.740210 0.472416 0.229330
0.950728 0.633173 0.793330
0.499753 0.311350 0.730294
0.427194 0.903829 0.657732
0.950117 0.136252 0.122789
0.456931 0.391060 0.621132
0.162019 0.976963 0.418614
0.509938 0.575354 0.567459
0.933367 0.647536 0.668600
0.714855 0.840999 0.482118
0.424477 0.829131 0.452485
0.655986 0.375558 0.701474
0.965980 0.056768 0.923327
0.640269 0.341408 0.021155
0.407290 0.982506 0.663502
0.168639 0.186792 0.894528
0.850109 0.521796 0.840404
0.283394 0.267071 0.940093
0.809733 0.564275 0.747131
0.710713 0.714773 0.122997
0.514942 0.459998 0.990274
0.951904 0.972736 0.744738
0.755429 0.947752 0.768020
0.017356 0.052221 0.328736
0.793226 0.021915 0.916549
0.432436 0.947942 0.206056
0.816685 0.763031 0.257247
0.958880 0.269899 0.568307
0.403462 0.008325 0.934107
0.652021 0.558644 0.436420
0.330340 0.011917 0.230833
0.918228 0.092939 0.697186
0.224785 0.050450 0.464992
0.804993 0.680325 0.501748
0.064288 0.700970 0.980782
0.577615 0.975400 0.556798
0.762097 0.923565 0.005751
0.520510 0.501860 0.007958
0.383036 0.051802 0.660360
0.693217 0.045358 0.863900
0.573746 0.090269 0.027208
0.535101 0.782248 0.636953
0.123504 0.457134 0.996936
0.159725 0.870087 0.858487
0.364916 0.555016 0.954408
0.879999 0.842984 0.914842
0.918084 0.794968 0.174813
0.355751 0.814433 0.535541
0.323202 0.685399 0.980725
0.784764 0.538858 0.233437
0.071806 0.778622 0.586801
0.515916 0.101713 0.000071
0.976141 0.071657 0.287098
0.598134 0.345999 0.119438
0.921806 0.196320 0.105176
0.097661 0.302015 0.928331
0.010828 0.319455 0.696430
0.102184 0.746359 0.505771
0.193010 0.148578 0.906676
0.416473 0.127753 0.619953
0.394572 0.331682 0.374870
0.504167 0.021845 0.904721
0.266191 0.078396 0.673150
0.525449 0.360329 0.446158
0.915168 0.286963 0.305637
0.594114 0.455607 0.070008
0.454462 0.793062 0.441201
0.589316 0.193258 0.057893
0.044478 0.944603 0.731544
0.280915 0.912741 0.635538
0.364510 0.383713 0.876143
0.308787 0.862048 0.928549
0.806035 0.178200 0.030282
0.488812 0.414097 0.434508
0.043161 0.950165 0.751588
0.940302 0.940309 0.640958
0.544903 0.579526 0.128463
0.644694 0.347790 0.010816
0.851057 0.588882 0.565236
0.508350 0.545116 0.147400
0.796947 0.938462 0.301851
0.444981 0.738953 0.976118
0.543339 0.751650 0.519081
0.420903 0.973967 0.661431
0.213351 0.626323 0.104622
0.978098 0.702013 0.852647
0.380849 0.781112 0.494270
0.525520 0.073049 0.800287
0.286464 0.602773 0.370096
0.182312 0.839169 0.444407
0.846823 0.833627 0.845260
0.352743 0.666536 0.619776
0.860278 0.356220 0.523335
0.498263 0.334254 0.494320
0.327083 0.044678 0.602971
0.101958 0.635268 0.979133
0.517957 0.864521 0.383653
0.273394 0.383161 0.933533
0.714204 0.901704 0.846113
0.671391 0.692715 0.747864
0.172101 0.064659 0.365516
0.193623 0.964027 0.179071
0.848203 0.819674 0.222448
0.920137 0.585612 0.265811
0.837187 0.570710 0.106990
0.798694 0.076821 0.762659
0.166865 0.149238 0.275000
0.079334 0.257467 0.028901
0.294895 0.588725 0.415863
0.329766 0.771592 0.693344
0.555911 0.972952 0.467619
0.345223 0.755371 0.693170
0.530659 0.110643 0.887839
0.448657 0.822508 0.313818
0.413510 0.605533 0.115552
0.533145 0.777197 0.146873
0.537634 0.793814 0.491981
0.163821 0.877801 0.975805
0.438209 0.386665 0.378062
0.321138 0.579817 0.576739
0.213036 0.692603 0.603784
0.821441 0.111560 0.574164
0.341513 0.408344 0.417264
0.218413 0.749919 0.541405
0.368522 0.866999 0.830765
0.043064 0.364336 0.550100
0.063495 0.444458 0.589242
0.500667 0.922247 0.540075
0.035206 0.814286 0.225641
0.718268 0.975610 0.447207
0.294285 0.095288 0.258632
0.297360 0.393025 0.776471
0.332366 0.455974 0.853613
0.280817 0.245907 0.721749
0.414905 0.301848 0.460513
0.806664 0.397285 0.026202
0.293086 0.149994 0.141804
0.931172 0.408064 0.960692
0.753639 0.548796 0.709086
0.411038 0.937931 0.988585
0.270580 0.305733 0.524726
0.696276 0.817959 0.184902
0.754266 0.132435 0.512553
0.397412 0.608608 0.115981
0.332564 0.821159 0.080599
0.084018 0.114300 0.585207
0.643519 0.574624 0.255534
0.116976 0.222416 0.438894
0.027683 0.199294 0.978381
0.357162 0.548412 0.160588
0.707303 0.256305 0.094972
0.471469 0.107161 0.462885
0.873782 0.772896 0.229254
0.464862 0.733798 0.822482
0.072825 0.685405 0.433216
0.631357 0.815574 0.992288
0.077480 0.394922 0.574635
0.677816 0.710319 0.071274
0.855969 0.140436 0.672459
0.275350 0.186982 0.746701
0.770321 0.044424 0.527456
0.418221 0.179632 0.021327
0.306662 0.308320 0.749658
0.149569 0.120648 0.827974
0.720492 0.450949 0.490406
0.512840 0.428306 0.441509
0.542763 0.544494 0.711295
0.863227 0.131609 0.101324
0.214932 0.463074 0.753503
0.999615 0.756068 0.535753
0.827410 0.397641 0.839171
0.025140 0.432927 0.622106
0.652729 0.814853 0.801983
0.699199 0.042701 0.753048
0.199369 0.286166 0.927321
0.670529 0.369745 0.607660
0.815966 0.106108 0.796303
0.238660 0.736714 0.858531
0.937057 0.101166 0.741226
0.701508 0.227717 0.641388
0.938324 0.659865 0.550364
0.345667 0.836568 0.645360
0.008702 0.466094 0.341142
0.004340 0.339652 0.223073
0.697492 0.155776 0.413156
0.235230 0.923018 0.111554
0.127146 0.481925 0.885683
0.429863 0.272532 0.219504
0.622823 0.205137 0.264519
0.615913 0.190152 0.984309
0.860381 0.379128 0.883606
0.274022 0.764000 0.271651
0.436409 0.030561 0.192355
0.519595 0.092710 0.035431
0.277235 0.801843 0.486208
0.941434 0.518038 0.728916
0.599363 0.487886 0.816900
0.148205 0.603697 0.666752
0.852463 0.309022 0.692229
0.624659 0.297437 0.902939
0.404112 0.663542 0.317421
0.857462 0.655272 0.175274
0.672505 0.748179 0.169593
0.166250 0.984754 0.695350
0.434275 0.984768 0.327491
0.301089 0.662030 0.767629
0.866908 0.923877 0.593730
0.251628 0.382099 0.933661
0.778604 0.826834 0.877891
0.903553 0.180641 0.491080
0.140233 0.915962 0.826138
0.041591 0.570166 0.178866
0.500442 0.016948 0.126754
0.199224 0.511049 0.683792
0.201661 0.449956 0.708765
0.598368 0.210578 0.739660
0.051763 0.589194 0.486098
0.062001 0.467141 0.149767
0.161424 0.491909 0.746675
0.993641 0.709199 0.863931
0.047373 0.843542 0.087484
0.098398 0.718323 0.564265
0.037996 0.399387 0.768330
0.143772 0.721065 0.678986
0.905867 0.628378 0.769477
0.995375 0.046187 0.669251
0.118301 0.872743 0.598211
0.974274 0.929274 0.619284
0.386306 0.291464 0.966747
0.773424 0.399701 0.047340
0.801796 0.019538 0.982969
0.678644 0.751460 0.345202
0.720446 0.021484 0.606703
0.319530 0.813647 0.068917
0.730753 0.607815 0.567507
0.670524 0.037718 0.961139
0.935915 0.879813 0.334411
0.580599 0.605906 0.381656
0.092090 0.120629 0.085518
0.630851 0.081003 0.372984
0.464714 0.843993 0.783433
0.585697 0.809160 0.560393
0.337201 0.487669 0.696383
0.611361 0.733225 0.633439
0.468994 0.514607 0.871686
0.796378 0.117718 0.135580
0.875723 0.433813 0.707756
0.287756 0.738578 0.171975
0.433872 0.787928 0.792385
0.099676 0.560994 0.295562
0.829486 0.810101 0.745498
0.906322 0.222960 0.146761
0.753174 0.770115 0.907674
0.900993 0.261707 0.954544
0.135311 0.278900 0.906212
0.114838 0.872558 0.259412
0.204861 0.577959 0.069323
0.965069 0.680752 0.028489
0.744613 0.400909 0.001282
0.149883 0.539799 0.819426
0.991313 0.255602 0.544467
0.089220 0.473178 0.584260
0.231815 0.963156 0.032619
0.647888 0.227749 0.410138
0.992002 0.992633 0.019143
0.614237 0.592594 0.257743
0.105236 0.670519 0.157762
0.931792 0.981477 0.403711
0.459512 0.611428 0.682749
0.217553 0.086215 0.282447
0.197797 0.359514 0.299145
0.510346 0.457899 0.983374
0.917702 0.271469 0.873634
0.654631 0.507997 0.431712
0.170768 0.621009 0.463646
0.698492 0.654189 0.463775
0.335758 0.848466 0.193056
0.025318 0.534720 0.843185
0.308711 0.937730 0.520527
0.748414 0.556477 0.451026
0.097316 0.750856 0.743065
0.700815 0.720397 0.630166
0.716965 0.718149 0.843281
0.526585 0.709544 0.808662
0.481253 0.974962 0.921407
0.086629 0.266355 0.847996
0.715746 0.022486 0.385249
0.732031 0.869040 0.106641
0.354161 0.449044 0.698982
0.185226 0.840133 0.983462
0.750892 0.395381 0.123908
0.796448 0.467332 0.479034
0.171662 0.903982 0.737194
0.244648 0.709032 0.978295
0.874609 0.240305 0.877530
0.373304 0.601363 0.062076
0.933557 0.120540 0.292094
0.176963 0.002332 0.535278
0.130509 0.720394 0.595243
0.484930 0.372716 0.271451
0.017987 0.448109 0.930073
0.634759 0.414973 0.434714
0.375822 0.179808 0.970722
0.369580 0.056066 0.724988
0.907143 0.517195 0.408002
0.573462 0.376139 0.403773
0.608749 0.492825 0.404483
0.353162 0.652287 0.023745
0.939180 0.076673 0.274246
0.810840 0.584090 0.868365
0.514295 0.803687 0.883809
0.003739 0.316919 0.176356
0.867520 0.557331 0.185605
0.647051 0.928152 0.536853
0.031957 0.163104 0.808194
0.184395 0.683648 0.360713
0.574002 0.397652 0.305019
0.847838 0.645898 0.356480
0.053796 0.065403 0.702269
0.589867 0.659738 0.573256
0.125606 0.482486 0.385068
0.536501 0.023739 0.723635
0.213356 0.287349 0.848996
0.536415 0.210052 0.359118
0.906133 0.714507 0.453866
0.021544 0.458128 0.121710
0.306702 0.193458 0.047438
0.511997 0.716312 0.218327
0.647617 0.583842 0.734981
0.470133 0.790559 0.675883
0.657810 0.809288 0.646332
0.686278 0.575634 0.498294
0.138553 0.860987 0.904825
0.582420 0.380866 0.009131
0.080684 0.985645 0.868978
0.643090 0.541351 0.715293
0.669366 0.067215 0.756881
0.391881 0.058133 0.405155
0.208500 0.261983 0.410011
0.045933 0.837792 0.734953
0.338660 0.126568 0.797159
0.250680 0.486545 0.948363
0.810638 0.443310 0.119158
0.271549 0.007932 0.964938
0.162395 0.790009 0.893979
0.742470 0.020225 0.412106
0.377687 0.117478 0.877714
0.531960 0.152696 0.126682
0.714946 0.981029 0.044698
0.289121 0.380301 0.679032
0.931466 0.372068 0.496293
0.730970 0.999605 0.727184
0.033293 0.327355 0.652194
0.168556 0.627790 0.215875
0.480716 0.721895 0.462178
0.496170 0.721890 0.526503
0.617660 0.019255 0.891115
0.820466 0.164940 0.291312
0.208607 0.893088 0.159349
0.936368 0.671917 0.096303
0.005713 0.994913 0.339110
0.331716 0.230363 0.459858
0.838255 0.178635 0.015692
0.776326 0.308852 0.801182
0.270598 0.112186 0.106056
0.032421 0.276541 0.507489
0.755318 0.593198 0.578673
0.870956 0.547945 0.834424
0.571449 0.801841 0.466340
0.113617 0.265746 0.692971
0.259400 0.885106 0.190027
0.428011 0.642547 0.491676
0.006465 0.955611 0.723279
0.440705 0.738988 0.227229
0.455271 0.939302 0.392457
0.152448 0.036945 0.142258
0.205700 0.827754 0.387457
0.249994 0.973990 0.656521
0.338717 0.082391 0.385632
0.639229 0.952466 0.872142
0.691908 0.279307 0.967456
0.193216 0.755743 0.202596
0.295682 0.413899 0.957428
0.690351 0.248237 0.988558
0.970305 0.278417 0.249488
0.279362 0.423865 0.513055
0.287972 0.817538 0.575570
0.614446 0.326731 0.386844
0.647355 0.636874 0.220046
0.855747 0.952242 0.910426
0.995631 0.444331 0.950931
0.668854 0.248664 0.152452
0.948524 0.401972 0.427058
0.832232 0.399724 0.814070
0.312712 0.446680 0.138279
0.514352 0.433370 0.661042
0.260915 0.789207 0.037926
0.089395 0.765233 0.382842
0.906575 0.135059 0.110265
0.431701 0.563843 0.651994
0.522023 0.726892 0.966758
0.566830 0.911138 0.058765
0.120913 0.520106 0.563343
0.873872 0.778188 0.193931
0.194418 0.835180 0.335269
0.690178 0.916563 0.269306
0.982847 0.547055 0.031078
0.372396 0.097965 0.057355
0.778135 0.143533 0.214199
0.312833 0.229892 0.226027
0.329782 0.271115 0.767609
0.534267 0.232276 0.206917
0.408223 0.443149 0.857347
0.713577 0.089506 0.273405
0.627635 0.548488 0.738561
0.773571 0.529801 0.654439
0.149856 0.741430 0.428704
0.658583 0.844343 0.633840
0.290017 0.268114 0.417782
0.059877 0.672091 0.270119
0.233220 0.088960 0.553904
0.748535 0.593874 0.364197
0.870252 0.885708 0.259034
0.347832 0.912220 0.823406
0.600060 0.495172 0.493251
0.425235 0.194560 0.809350
0.909709 0.374889 0.272211
0.059332 0.523808 0.905754
0.334833 0.824175 0.913457
0.338101 0.989281 0.276621
0.247345 0.154699 0.778934
0.574457 0.459200 0.447447
0.678417 0.671027 0.141429
0.325981 0.198926 0.165530
0.452616 0.973767 0.995984
0.186034 0.737097 0.025810
0.199435 0.555408 0.938562
0.090104 0.486218 0.507532
0.508479 0.313898 0.486312
0.122360 0.881110 0.870791
0.309779 0.013556 0.612394
0.692131 0.338130 0.402211
0.156142 0.933980 0.880233
0.156340 0.105185 0.209615
0.379931 0.238021 0.322038
0.610509 0.064485 0.509051
0.638704 0.892187 0.542204
0.827420 0.748890 0.631850
0.281121 0.810841 0.596195
0.145525 0.315015 0.774743
0.779884 0.544579 0.906642
0.715354 0.896307 0.830069
0.364688 0.274288 0.141310
0.672626 0.321936 0.115888
0.534624 0.459177 0.579282
0.190235 0.707950 0.690106
0.953652 0.983559 0.662403
0.234295 0.022215 0.112056
0.163550 0.915715 0.422457
0.236048 0.432517 0.385002
0.056651 0.316201 0.111910
0.668359 0.515520 0.833941
0.259259 0.007239 0.437962
0.388914 0.389674 0.983011
0.116779 0.042474 0.675938
0.113160 0.249066 0.956046
0.492693 0.472663 0.214566
0.793849 0.218449 0.924410
0.517395 0.260482 0.983150
0.625065 0.764077 0.387973
0.728188 0.304817 0.803505
0.183839 0.698486 0.800000
0.602242 0.952438 0.039886
0.814116 0.724593 0.925142
0.058937 0.959978 0.160119
0.516283 0.910528 0.015794
0.677321 0.254622 0.984275
0.106606 0.624444 0.072008
0.151821 0.553140 0.296846
0.252112 0.646573 0.939760
0.714693 0.367315 0.948008
0.974230 0.902537 0.755793
0.033967 0.210195 0.281070
0.094443 0.938296 0.464188
0.715854 0.402602 0.919514
0.450663 0.288553 0.852721
0.181655 0.203772 0.786832
0.301060 0.631725 0.601035
0.349537 0.793640 0.215681
0.950588 0.225201 0.445579
0.135981 0.898565 0.672261
0.340899 0.745638 0.959163
0.826139 0.707341 0.484608
0.550668 0.571017 0.291485
0.998661 0.549750 0.649647
0.395260 0.563819 0.302394
0.234777 0.718763 0.274442
0.529109 0.010838 0.430447
0.954915 0.634265 0.929778
0.726777 0.085424 0.218878
0.229260 0.388337 0.377667
0.070457 0.217826 0.829307
0.102689 0.466643 0.530262
0.234270 0.020124 0.849396
0.900772 0.899223 0.362062
0.977025 0.244771 0.001457
0.631566 0.266073 0.854425
0.722681 0.256115 0.372297
0.382179 0.422192 0.940449
0.692883 0.997004 0.088280
0.963052 0.870507 0.059886
0.077370 0.454777 0.660738
0.884958 0.286407 0.190652
0.281918 0.208075 0.102000
0.620414 0.320809 0.321559
0.847701 0.137225 0.433800
0.585473 0.722127 0.412031
0.718543 0.645176 0.988062
0.463128 0.843032 0.746565
0.659930 0.843207 0.386013
0.234796 0.238253 0.432173
0.678065 0.650177 0.604706
0.923612 0.360610 0.143515
0.620481 0.765437 0.159868
0.827625 0.226006 0.676037
0.246522 0.119603 0.226034
0.075230 0.822114 0.150703
0.854573 0.395736 0.022816
0.601447 0.363568 0.685693
0.774528 0.590667 0.103136
0.016994 0.246573 0.164460
0.718581 0.492310 0.771119
0.315799 0.004194 0.138632
0.297582 0.590640 0.031278
0.667571 0.637408 0.520585
0.785215 0.115864 0.297713
0.303823 0.641248 0.667398
0.144773 0.530285 0.779813
0.042853 0.461702 0.421531
0.339750 0.255517 0.741168
0.415795 0.821630 0.680974
0.034169 0.796908 0.742554
0.354991 0.818379 0.550571
0.269013 0.776375 0.550632
0.169482 0.748587 0.621862
0.276746 0.106721 0.036548
0.241718 0.583029 0.339619
0.021992 0.594258 0.600553
0.161414 0.950070 0.130904
0.487955 0.741996 0.776477
0.367604 0.726325 0.989280
0.431567 0.667519 0.984077
0.583595 0.919762 0.850683
0.412666 0.030009 0.830873
0.540864 0.310488 0.500956
0.889195 0.131336 0.434523
0.741328 0.805586 0.991273
0.249412 0.988820 0.091735
0.189722 0.683254 0.993015
0.744019 0.007424 0.122040
0.496444 0.027718 0.846334
0.858702 0.675358 0.683178
0.238071 0.864675 0.854839
0.509078 0.143113 0.240905
0.488826 0.601850 0.698661
0.712773 0.084409 0.530842
0.739630 0.995862 0.817925
0.362814 0.733342 0.820946
0.301936 0.585459 0.646034
0.307458 0.521755 0.331757
0.641756 0.784182 0.821704
0.422253 0.593673 0.564266
0.218855 0.023609 0.480979
0.960338 0.275487 0.823937
0.535390 0.604067 0.702590
0.722404 0.671507 0.696771
0.891865 0.817164 0.015448
0.225939 0.638492 0.323831
0.238462 0.704807 0.484982
0.645647 0.083155 0.316015
0.853190 0.227249 0.697198
0.028264 0.841271 0.838833
0.915645 0.532656 0.746405
0.860233 0.563575 0.931725
0.475496 0.455253 0.105447
0.603132 0.719017 0.096705
0.197204 0.971665 0.876341
0.720616 0.135836 0.721602
0.876099 0.968131 0.235742
0.906196 0.596122 0.953033
0.042412 0.856816 0.253285
0.793429 0.285529 0.006752
0.743802 0.114933 0.326476
0.004556 0.840262 0.896762
0.178974 0.725620 0.758980
0.718388 0.958944 0.361111
0.902932 0.500447 0.572014
0.332391 0.408111 0.582944
0.168673 0.636683 0.200204
0.711695 0.743280 0.919669
0.783189 0.785037 0.117867
0.461394 0.993848 0.933472
0.704080 0.201459 0.447754
0.079807 0.947930 0.871666
0.375749 0.031599 0.462770
0.844418 0.880724 0.541922
0.789007 0.169214 0.015897
0.451335 0.912126 0.427419
0.564446 0.379618 0.652124
0.173201 0.757224 0.908872
0.640416 0.600752 0.299320
0.364545 0.326518 0.979611
0.296614 0.690696 0.081188
0.775140 0.418761 0.111318
0.335698 0.248854 0.911342
0.755527 0.607439 0.315183
0.371270 0.072509 0.591324
0.742963 0.547962 0.901135
0.237267 0.373557 0.343405
0.479775 0.807738 0.471957
0.791511 0.383408 0.678919
0.723332 0.360694 0.546709
0.178948 0.992294 0.829513
0.716814 0.377623 0.532128
0.875726 0.530220 0.491363
0.101589 0.071913 0.998045
0.751126 0.135410 0.055047
0.115921 0.960743 0.957080
0.779369 0.694893 0.476091
0.583098 0.153804 0.680209
0.620732 0.562345 0.987527
0.617851 0.371067 0.718780
0.997885 0.673611 0.312783
0.266959 0.038297 0.011044
0.608654 0.022910 0.342492
0.823003 0.334822 0.186716
0.548073 0.107353 0.704562
0.469836 0.547499 0.235898
0.010719 0.286259 0.391750
0.386811 0.600916 0.068345
0.828098 0.571203 0.191347
0.010396 0.041909 0.751256
0.126395 0.828256 0.945923
0.418909 0.979022 0.414809
0.548595 0.282278 0.889778
0.864475 0.793865 0.288004
0.458240 0.506834 0.060129
0.962508 0.709260 0.418617
0.438235 0.181013 0.347858
0.888306 0.644702 0.471114
0.399425 0.985619 0.453791
0.857925 0.585602 0.574540
0.269141 0.814283 0.506086
0.238795 0.458804 0.983841
0.692361 0.765842 0.558438
0.737306 0.230470 0.911657
0.277701 0.808729 0.661126
0.328898 0.998271 0.578811
0.174924 0.808847 0.405409
0.503017 0.218680 0.474740
0.787573 0.901414 0.421181
0.052463 0.014813 0.814005
0.089237 0.952080 0.729401
0.398831 0.508011 0.745597
0.147012 0.827278 0.645173
0.929034 0.233615 0.509096
0.709434 0.882515 0.632220
0.965440 0.541755 0.283263
0.066589 0.308112 0.012220
0.117419 0.117072 0.363506
0.661312 0.198365 0.630218
0.168766 0.268463 0.762985
0.511469 0.889210 0.487991
0.144051 0.232085 0.255031
0.058443 0.746428 0.152429
0.139186 0.122246 0.891230
0.823880 0.880035 0.196444
0.640729 0.912791 0.745413
0.051511 0.123982 0.273533
0.474543 0.333937 0.172921
0.654003 0.235949 0.354482
0.085061 0.317768 0.638868
0.974674 0.001235 0.523920
0.841816 0.271918 0.536976
0.448781 0.899616 0.480306
0.337399 0.414742 0.663793
0.226470 0.004774 0.833226
0.298611 0.415948 0.491711
0.225924 0.789197 0.500242
0.308340 0.150900 0.380952
0.077519 0.670085 0.995465
0.940861 0.644109 0.130358
0.185026 0.752390 0.010273
0.144218 0.480683 0.458270
0.852425 0.712860 0.300967
0.434065 0.545640 0.792242
0.764471 0.671930 0.722091
0.588585 0.987176 0.294781
0.900696 0.944750 0.136999
0.138665 0.067744 0.825969
0.842971 0.112108 0.027530
0.030606 0.130169 0.648584
0.173176 0.910455 0.548024
0.609653 0.166043 0.165263
0.267716 0.230994 0.529146
0.605872 0.187864 0.612801
0.304252 0.822754 0.894653
0.954084 0.655313 0.816774
0.122816 0.250637 0.041873
0.191549 0.931315 0.259345
0.006785 0.254538 0.401507
0.066287 0.078959 0.047460
0.305900 0.731353 0.809592
0.823863 0.942413 0.857896
0.879541 0.978054 0.872432
0.120183 0.937741 0.369607
0.946905 0.747850 0.862416
0.231089 0.689511 0.315038
0.044784 0.402825 0.557795
0.714407 0.531594 0.924102
0.484722 0.122633 0.713367
0.214255 0.831206 0.339775
0.793460 0.258594 0.550478
0.862949 0.418288 0.765567
0.657559 0.745185 0.836277
0.874487 0.805536 0.736234
0.856287 0.737500 0.802599
0.022531 0.776240 0.081526
0.870184 0.245634 0.413859
0.713596 0.847439 0.741745
0.552706 0.481785 0.875087
0.727936 0.676339 0.579174
0.005446 0.242695 0.174866
0.524925 0.233805 0.129274
0.702050 0.617149 0.789219
0.469041 0.005395 0.405402
0.575801 0.427075 0.342866
0.063262 0.541040 0.515715
0.168062 0.207125 0.019094
0.865718 0.671327 0.187244
0.997961 0.792250 0.706008
0.420199 0.141833 0.084580
0.903155 0.281200 0.838682
0.373922 0.000519 0.249076
0.285712 0.419226 0.733073
0.587845 0.057932 0.957024
0.105828 0.241202 0.859204
0.583715 0.829870 0.667956
0.316296 0.475644 0.158223
0.224299 0.704052 0.365634
0.462378 0.317601 0.195369
0.559535 0.396481 0.151564
0.525432 0.318960 0.019722
0.554702 0.315875 0.062387
0.055670 0.762687 0.596524
0.997250 0.994176 0.126280
0.984627 0.618009 0.972373
0.950313 0.057516 0.968045
0.304017 0.405290 0.160567
0.129075 0.378030 0.648845
0.536705 0.341813 0.364129
0.396185 0.531693 0.431478
0.328687 0.057185 0.451460
0.728793 0.959908 0.493187
0.615818 0.656160 0.513324
0.974262 0.699922 0.154072
0.541654 0.032693 0.526548
0.090769 0.151424 0.360124
0.818321 0.751081 0.369944
0.166195 0.617743 0.108062
0.152119 0.858569 0.953521
0.738696 0.990891 0.600938
0.536333 0.569577 0.061728
0.377561 0.938903 0.895950
0.900104 0.566153 0.163631
0.370715 0.657790 0.134895
0.010482 0.271776 0.844821
0.967058 0.043445 0.381240
0.185593 0.223462 0.458781
0.218716 0.531763 0.181797
0.956032 0.271784 0.234137
0.300501 0.684373 0.068672
0.419416 0.764174 0.719525
0.076132 0.324273 0.882427
0.866606 0.786294 0.123140
0.927917 0.099939 0.102434
0.176760 0.725766 0.948630
0.119312 0.382060 0.605940
0.440050 0.116766 0.915032
0.848831 0.622776 0.684324
0.447973 0.864612 0.324409
0.989383 0.750480 0.841165
0.928715 0.826096 0.230587
0.384596 0.395626 0.798933
0.285901 0.272313 0.635664
0.731003 0.733528 0.351243
0.119634 0.049964 0.115985
0.739837 0.442112 0.844561
0.475855 0.228320 0.429005
0.268323 0.346111 0.880738
0.324640 0.022753 0.530980
0.593046 0.808285 0.269044
0.548134 0.563787 0.361971
0.890510 0.554086 0.916757
0.018443 0.802877 0.985498
0.896757 0.246658 0.156297
0.169861 0.624744 0.255395
0.671156 0.572105 0.158186
0.153218 0.018645 0.490827
0.981901 0.095406 0.305362
0.895954 0.901186 0.564174
0.298669 0.850560 0.550513
0.075916 0.137473 0.822605
0.064396 0.113074 0.913320
0.277655 0.601356 0.254796
0.814062 0.825427 0.581193
0.139302 0.102217 0.725014
0.323990 0.034365 0.076123
0.825514 0.899506 0.398867
0.652860 0.562289 0.604467
0.152113 0.687359 0.064262
0.833017 0.957078 0.177086
0.470778 0.699177 0.967291
0.650442 0.133825 0.727768
0.967458 0.580846 0.208638
0.107350 0.378932 0.166674
0.675982 0.847484 0.520606
0.924159 0.149968 0.725611
0.319704 0.262822 0.946373
0.832043 0.685898 0.415556
0.394835 0.672784 0.073068
0.362042 0.893920 0.820744
0.503009 0.594266 0.181419
0.332192 0.256656 0.567101
0.871534 0.932694 0.028267
0.807529 0.773974 0.352972
0.581905 0.786616 0.497462
0.671391 0.219279 0.540912
0.581512 0.203191 0.538349
0.431881 0.962412 0.736620
0.903324 0.929347 0.227308
0.810197 0.248809 0.228377
0.817145 0.285240 0.694131
0.406752 0.198302 0.526219
0.341305 0.043491 0.777583
0.080158 0.740813 0.408466
0.397678 0.974435 0.146339
0.663681 0.426976 0.805416
0.583064 0.757423 0.574687
0.850851 0.579545 0.535264
0.298352 0.733702 0.285186
0.957680 0.224215 0.554345
0.718682 0.965814 0.365409
0.022740 0.479905 0.471313
0.736685 0.523452 0.687080
0.338315 0.197986 0.943978
0.906621 0.352090 0.791712
0.746504 0.746059 0.041004
0.887012 0.139258 0.865223
0.447957 0.860586 0.675719
0.525466 0.294492 0.505330
0.479461 0.011771 0.436246
0.340767 0.094171 0.962433
0.570171 0.148750 0.574162
0.980391 0.871217 0.713329
0.311613 0.383269 0.400020
0.327392 0.851253 0.471538
0.001321 0.594766 0.239404
0.318752 0.335656 0.057747
0.125311 0.396285 0.733252
0.664359 0.762718 0.727152
0.537793 0.211895 0.944392
0.942739 0.758506 0.717513
0.450552 0.912825 0.401810
0.966529 0.708176 0.505034
0.007799 0.092175 0.624099
0.939976 0.464027 0.836358
0.628536 0.210348 0.076884
0.514748 0.503216 0.342196
0.483113 0.917802 0.999582
0.494396 0.168927 0.994429
0.790368 0.821400 0.830817
0.632823 0.665347 0.150114
0.620571 0.688090 0.078377
0.716538 0.616695 0.770199
0.658833 0.441031 0.505387
0.568276 0.202475 0.987800
0.178767 0.855002 0.094177
0.244433 0.690628 0.270392
0.646538 0.748979 0.011757
0.864492 0.070798 0.839993
0.789741 0.237633 0.901244
0.820797 0.713379 0.247220
0.888819 0.790630 0.139184
0.254935 0.627824 0.614859
0.692986 0.816252 0.972816
0.854449 0.061203 0.947497
0.503854 0.942939 0.744229
0.474840 0.320336 0.511903
0.532465 0.819104 0.278982
0.504678 0.023953 0.119819
0.282092 0.594389 0.685490
0.686301 0.669594 0.781486
0.338954 0.888436 0.132088
0.785551 0.681213 0.521317
0.564512 0.428902 0.204521
0.914425 0.088376 0.668457
0.097445 0.205653 0.279898
0.070925 0.517968 0.271680
0.969693 0.780295 0.814886
0.891378 0.160188 0.529604
0.295765 0.433701 0.519414
0.862870 0.065833 0.207862
0.805507 0.325356 0.156023
0.347302 0.700777 0.195900
0.131579 0.451200 0.955444
0.950388 0.450504 0.826525
0.728294 0.994741 0.845516
0.822885 0.955371 0.817115
0.314363 0.554879 0.595001
0.466445 0.889444 0.579679
0.993768 0.287543 0.268417
0.562197 0.818796 0.559121
0.537122 0.880940 0.425716
0.251585 0.664520 0.825979
0.658839 0.830372 0.948378
0.600910 0.474819 0.909414
0.759902 0.174879 0.778849
0.281017 0.874450 0.353926
0.218119 0.990953 0.454476
0.216648 0.429487 0.416071
0.015143 0.137343 0.755102
0.057612 0.336545 0.669147
0.388901 0.589516 0.219246
0.833702 0.580950 0.477598
0.066457 0.940722 0.419803
0.363777 0.781809 0.036435
0.127884 0.804563 0.642215
0.435416 0.486957 0.070462
0.490722 0.787420 0.062338
0.814715 0.562410 0.923220
0.327019 0.981587 0.255715
0.015951 0.698704 0.007503
0.190121 0.513820 0.076475
0.534211 0.460181 0.141610
0.634282 0.502530 0.318377
0.591870 0.980882 0.471713
0.857921 0.613500 0.892010
0.137862 0.014952 0.607949
0.842801 0.566599 0.711018
0.565075 0.640172 0.167895
0.225538 0.340426 0.337322
0.510565 0.739131 0.685893
0.559587 0.189739 0.647237
0.995026 0.607479 0.780647
0.976951 0.827820 0.409078
0.569327 0.390247 0.893545
0.590729 0.964862 0.051092
0.499484 0.910443 0.491526
0.850759 0.227050 0.140464
0.006682 0.366707 0.848220
0.145370 0.406788 0.974082
0.259460 0.864980 0.859757
0.964539 0.774863 0.462676
0.456203 0.297358 0.852329
0.113661 0.585157 0.027521
0.677029 0.342295 0.850691
0.815706 0.775401 0.762025
0.843304 0.700017 0.329848
0.313991 0.174122 0.291135
0.745155 0.223664 0.326761
0.025135 0.627848 0.136932
0.141168 0.632967 0.734167
0.194688 0.793117 0.089859
0.092187 0.077865 0.855389
0.386391 0.862089 0.698038
0.771150 0.923379 0.811365
0.224616 0.897766 0.074773
0.424668 0.780760 0.516028
0.029000 0.510307 0.122294
0.001862 0.991146 0.563563
0.318212 0.159967 0.722029
0.997844 0.946738 0.882887
0.729759 0.025040 0.484281
0.486880 0.003570 0.162659
0.450383 0.660968 0.617417
0.723255 0.136138 0.984713
0.763698 0.362394 0.949560
0.870610 0.272181 0.840762
0.148678 0.502547 0.919195
0.210514 0.274205 0.634043
0.827720 0.345195 0.472889
0.242391 0.779925 0.052031
0.160657 0.940628 0.035123
0.314676 0.196915 0.651538
0.983482 0.738833 0.854762
0.446168 0.733998 0.132700
0.696763 0.693525 0.702466
0.382526 0.412579 0.853375
0.427056 0.382607 0.997488
0.220107 0.225057 0.459256
0.667560 0.351079 0.952875
0.638493 0.347535 0.925744
0.131222 0.308481 0.767766
0.618178 0.448009 0.250490
0.035352 0.204894 0.792477
0.449041 0.177267 0.609879
0.096439 0.700406 0.448826
0.382590 0.220418 0.915902
0.993067 0.716396 0.514116
0.108743 0.826310 0.414691
0.376113 0.050876 0.193555
0.023287 0.995609 0.334550
0.531916 0.596559 0.289816
0.483317 0.254113 0.546379
0.791309 0.434740 0.372327
0.085733 0.044683 0.726088
0.237375 0.272921 0.822806
0.521109 0.015326 0.453523
0.823180 0.313421 0.790665
0.230624 0.420641 0.599687
0.385616 0.975984 0.087066
0.885466 0.235408 0.772383
0.833863 0.814795 0.282715
0.002119 0.146591 0.142985
0.530293 0.568737 0.393665
0.216929 0.981248 0.708653
0.030839 0.101367 0.458181
0.372265 0.570298 0.661410
0.165876 0.095738 0.279627
0.086560 0.395415 0.788230
0.711402 0.992926 0.778125
0.953997 0.343151 0.128473
0.413209 0.651746 0.670113
0.287067 0.571843 0.931177
0.243036 0.152661 0.115355
0.611606 0.998410 0.345877
0.504991 0.736720 0.521432
0.817613 0.256185 0.003973
0.883087 0.361622 0.221959
0.164904 0.681668 0.264371
0.877665 0.845841 0.910834
0.808053 0.156325 0.069156
0.669095 0.042643 0.315990
0.247167 0.571246 0.769507
0.588538 0.604263 0.994686
0.818588 0.123191 0.471440
0.036625 0.076004 0.011557
0.793997 0.525680 0.558145
0.572610 0.783034 0.097210
0.494802 0.016795 0.418110
0.985701 0.334543 0.061510
0.749937 0.913049 0.409825
0.218763 0.762475 0.846723
0.807130 0.437784 0.006520
0.877704 0.457243 0.722306
0.353157 0.249214 0.843667
0.552887 0.177648 0.450577
0.744781 0.710784 0.925471
0.577726 0.961502 0.126279
0.628608 0.551810 0.127662
0.049443 0.096439 0.712965
0.699303 0.467452 0.738178
0.344067 0.341516 0.031603
0.448832 0.078058 0.421559
0.466053 0.270991 0.639071
0.828947 0.249053 0.300995
0.926057 0.288960 0.415340
0.318833 0.038754 0.248408
0.111380 0.374510 0.776893
0.455481 0.547908 0.783843
0.556900 0.892762 0.142181
0.449472 0.320380 0.720426
0.467977 0.452007 0.132783
0.917228 0.060569 0.791462
0.170034 0.300863 0.056789
0.249753 0.907083 0.835661
0.668836 0.169103 0.422067
0.107888 0.494509 0.062463
0.042900 0.955168 0.099033
0.641732 0.769515 0.759732
0.994290 0.379354 0.455877
0.359354 0.638147 0.539465
0.201079 0.730803 0.917007
0.097126 0.002918 0.790681
0.751735 0.107309 0.884846
0.493031 0.695089 0.165196
0.000828 0.021953 0.793549
0.690167 0.359755 0.860036
0.102437 0.157044 0.373386
0.669634 0.572342 0.554707
0.380897 0.313917 0.923443
0.823926 0.024768 0.087114
0.943278 0.747397 0.917189
0.599850 0.354174 0.073995
0.124948 0.632689 0.731569
0.001846 0.099028 0.397720
0.130681 0.114150 0.739934
0.065509 0.512153 0.708128
0.501784 0.279897 0.475380
0.583803 0.821444 0.548772
0.291017 0.405227 0.344233
0.113074 0.756312 0.798915
0.399377 0.741236 0.773855
0.061161 0.380027 0.982595
0.230177 0.355973 0.873248
0.460697 0.201582 0.133943
0.385319 0.319734 0.911048
0.716067 0.530728 0.778815
0.125895 0.405155 0.466970
0.706774 0.340631 0.261067
0.618715 0.725216 0.739117
0.439768 0.841119 0.387588
0.207751 0.256030 0.676344
0.703794 0.186339 0.840952
0.554109 0.366688 0.760240
0.024871 0.243445 0.443098
0.199852 0.745437 0.787587
0.488297 0.551221 0.239513
0.993597 0.141844 0.475849
0.469582 0.681170 0.423246
0.888352 0.838528 0.463911
0.936649 0.381973 0.181287
0.691511 0.854326 0.265815
0.224303 0.490709 0.732185
0.500162 0.105433 0.072244
0.324614 0.941680 0.019305
0.557829 0.255577 0.504927
0.488187 0.633721 0.858380
0.500908 0.909580 0.968535
0.892849 0.764403 0.256730
0.054210 0.949942 0.389264
0.446316 0.941731 0.083098
0.334805 0.156595 0.917023
0.559178 0.365709 0.327249
0.756514 0.778430 0.025423
0.145987 0.075407 0.077940
0.691123 0.012382 0.303641
0.084408 0.179185 0.980470
0.166467 0.138166 0.119959
0.819565 0.342043 0.438998
0.721957 0.109106 0.345756
0.450669 0.088273 0.221325
0.175176 0.781455 0.261360
0.479151 0.231729 0.746816
0.856730 0.159362 0.955745
0.617715 0.253742 0.660869
0.755629 0.196721 0.999010
0.714280 0.197847 0.322840
0.603549 0.157755 0.718486
0.782877 0.706654 0.094088
0.190994 0.068678 0.962551
0.041663 0.749022 0.826715
0.365089 0.027009 0.986294
0.213515 0.538252 0.135546
0.725283 0.215444 0.225880
0.772711 0.732191 0.617916
0.651202 0.510413 0.700055
0.537100 0.807988 0.621280
0.829485 0.807150 0.701816
0.661454 0.083406 0.743618
0.434341 0.601726 0.850660
0.716070 0.195926 0.150983
0.931000 0.074826 0.751318
0.596917 0.490809 0.071888
0.973889 0.744938 0.174259
0.056216 0.172013 0.005564
0.580477 0.966385 0.802155
0.140467 0.763662 0.375268
0.341030 0.237972 0.457503
0.887634 0.782897 0.806131
0.150196 0.460541 0.238433
0.576749 0.744113 0.673826
0.109637 0.906836 0.340805
0.848198 0.349493 0.096506
0.715376 0.157789 0.748197
0.187378 0.601126 0.997359
0.666922 0.820240 0.364744
0.007500 0.497512 0.240189
0.003961 0.938281 0.843112
0.316519 0.591385 0.429992
0.960121 0.001259 0.582915
0.836207 0.641084 0.801151
0.037961 0.400228 0.363953
0.454537 0.413694 0.794734
0.400722 0.575998 0.001227
0.525931 0.087009 0.733942
0.431631 0.265467 0.994399
0.713150 0.397953 0.552630
0.161567 0.396123 0.759572
0.123015 0.404765 0.566216
0.201156 0.299087 0.169548
0.361305 0.287396 0.027153
0.721445 0.143360 0.387024
0.948977 0.561333 0.873224
0.894328 0.524054 0.853960
0.151987 0.391792 0.886295
0.983468 0.287686 0.133160
0.160501 0.438939 0.478148
0.822211 0.323961 0.616321
0.783801 0.878429 0.091905
0.455417 0.709741 0.058947
0.113359 0.492962 0.824223
0.881680 0.838466 0.233740
0.162730 0.736958 0.047525
0.771052 0.581010 0.800360
0.299301 0.212752 0.554065
0.222622 0.115588 0.460302
0.021362 0.361692 0.813739
0.625022 0.476782 0.682986
0.947126 0.942269 0.682209
0.823045 0.728154 0.156962
0.367555 0.299951 0.154858
0.173585 0.116623 0.136381
0.866172 0.450087 0.089300
0.687664 0.225774 0.056395
0.688794 0.090166 0.434042
0.432873 0.941851 0.609330
0.042806 0.764880 0.073266
0.199793 0.667930 0.829668
0.919647 0.848832 0.267804
0.440811 0.580504 0.056186
0.056095 0.440909 0.342575
0.578114 0.605188 0.096086
0.663557 0.240527 0.121380
0.888798 0.081871 0.757115
0.274784 0.788587 0.656813
0.822789 0.838148 0.964593
0.409847 0.456411 0.537934
0.830776 0.585103 0.530045
0.506731 0.114560 0.586613
0.851381 0.569169 0.322386
0.190275 0.424910 0.460174
0.287513 0.667653 0.687800
0.162460 0.515416 0.406159
0.303993 0.414804 0.766867
0.160192 0.190697 0.700664
0.858557 0.226033 0.077521
0.117559 0.479349 0.695149
0.971179 0.927798 0.387945
0.902071 0.820209 0.633505
0.613298 0.115490 0.873600
0.931905 0.011881 0.779614
0.166069 0.991221 0.987688
0.293161 0.406075 0.902675
0.197121 0.113828 0.436797
0.020140 0.635088 0.207079
0.502980 0.966032 0.530703
0.448835 0.514638 0.708129
0.098403 0.603208 0.158259
0.838095 0.383739 0.461257
0.083218 0.938336 0.864610
0.718563 0.516841 0.486399
0.017394 0.477581 0.474603
0.051695 0.873314 0.919792
0.383430 0.485095 0.250370
0.280652 0.005944 0.377261
0.043950 0.614938 0.904766
0.085888 0.776514 0.765791
0.060816 0.058139 0.046273
0.430620 0.084636 0.456570
0.309583 0.856577 0.300270
0.040052 0.001342 0.655252
0.215649 0.313737 0.952076
0.778243 0.748198 0.499521
0.081533 0.750756 0.850074
0.675459 0.164265 0.261176
0.899588 0.398044 0.167790
0.173001 0.958724 0.378514
0.096065 0.073042 0.551851
0.022655 0.055620 0.269438
0.572621 0.901254 0.254381
0.367887 0.390281 0.585562
0.231034 0.039649 0.932440
0.842172 0.085294 0.423865
0.420191 0.115875 0.544365
0.654609 0.179345 0.869494
0.557630 0.594772 0.059293
0.850038 0.248607 0.596731
0.973184 0.031525 0.171979
0.144036 0.368996 0.049391
0.561644 0.731032 0.017580
0.286656 0.717013 0.936926
0.043592 0.341226 0.825765
0.483945 0.660224 0.234153
0.295137 0.782821 0.872177
0.116073 0.596315 0.952397
0.393408 0.075753 0.753550
0.301477 0.667223 0.340973
0.682472 0.862410 0.517974
0.188424 0.331498 0.850871
0.384955 0.208326 0.108542
0.434197 0.883478 0.384634
0.813735 0.630377 0.382817
0.596387 0.578809 0.272670
0.718997 0.890748 0.724868
0.767654 0.957340 0.549293
0.159132 0.674090 0.425194
0.738881 0.290270 0.968894
0.869394 0.440004 0.677666
0.273754 0.211733 0.863332
0.884654 0.508318 0.039745
0.801123 0.478631 0.134294
0.071831 0.994727 0.522458
0.716320 0.325416 0.410081
0.845922 0.052426 0.557170
0.237923 0.633171 0.026692
0.402669 0.515750 0.711558
0.561949 0.143005 0.373127
0.936442 0.684565 0.661508
0.328642 0.713903 0.357635
0.359328 0.806821 0.595881
0.598535 0.768565 0.879739
0.968080 0.554546 0.030887
0.569146 0.896887 0.685605
0.298561 0.305467 0.498391
0.785632 0.614917 0.991414
0.548460 0.608893 0.857343
0.308602 0.084023 0.657357
0.758537 0.800946 0.705459
0.185335 0.778662 0.119931
0.820255 0.650667 0.996104
0.817735 0.341075 0.761367
0.817402 0.305509 0.978101
0.140749 0.263377 0.023395
0.635525 0.038691 0.513130
0.609507 0.915242 0.464867
0.924558 0.199343 0.147321
0.009317 0.826912 0.892410
0.377906 0.248846 0.570311
0.380422 0.442370 0.993664
0.334130 0.560842 0.453673
0.432924 0.682179 0.815695
0.106550 0.489056 0.601985
0.125554 0.813918 0.847701
0.035634 0.734838 0.772350
0.421435 0.144799 0.682603
0.581873 0.304794 0.935679
0.866367 0.479338 0.645986
0.016752 0.901440 0.042057
0.951352 0.303175 0.600023
0.588273 0.737262 0.178018
0.419552 0.402781 0.879652
0.206064 0.647700 0.540787
0.154466 0.304737 0.865286
0.267313 0.805795 0.654183
0.915339 0.078272 0.307003
0.694625 0.825060 0.557770
0.294206 0.637090 0.789161
0.924123 0.362106 0.725314
0.498951 0.377440 0.718200
0.372032 0.698431 0.530802
0.823153 0.324701 0.978443
0.188645 0.353822 0.481251
0.024940 0.752865 0.156054
0.658242 0.770394 0.504725
0.130438 0.851716 0.995977
0.246416 0.470430 0.532320
0.071257 0.377724 0.307418
0.097698 0.782982 0.085332
0.097373 0.005366 0.594527
0.245604 0.747506 0.861336
0.321526 0.205643 0.452854
0.263172 0.957881 0.348142
0.486004 0.336374 0.014173
0.384275 0.018424 0.616780
0.293951 0.885012 0.174663
0.378589 0.204608 0.249609
0.530571 0.868253 0.803957
0.591570 0.585592 0.401401
0.909411 0.482545 0.768807
0.962273 0.487153 0.966339
0.143452 0.225152 0.571308
0.086400 0.659134 0.276682
0.058715 0.882491 0.629656
0.171139 0.724296 0.147662
0.269060 0.826438 0.173035
0.531781 0.275689 0.525408
0.992964 0.212563 0.624622
0.165616 0.719121 0.420517
0.582562 0.821019 0.923468
0.685550 0.210449 0.257766
0.683221 0.048808 0.403859
0.943535 0.741233 0.875317
0.009976 0.073596 0.751118
0.858032 0.197051 0.071327
0.516475 0.725744 0.025495
0.776662 0.674918 0.028224
0.773832 0.240290 0.342688
0.965667 0.527996 0.874633
0.986893 0.656995 0.270883
0.227955 0.458005 0.080530
0.181767 0.369678 0.127206
0.463502 0.157333 0.231577
0.272124 0.166425 0.224295
0.120484 0.373627 0.290532
0.172174 0.791657 0.835538
0.387021 0.108431 0.574625
0.013901 0.219270 0.973776
0.083255 0.082589 0.946043
0.362268 0.657301 0.791646
0.473899 0.911353 0.411979
0.103133 0.640253 0.100094
0.297043 0.514161 0.791935
0.661628 0.669676 0.115613
0.315746 0.812087 0.061264
0.379072 0.352218 0.885317
0.714959 0.685924 0.924448
0.692262 0.011828 0.487841
0.035560 0.463713 0.035582
0.075743 0.659727 0.815453
0.715752 0.466329 0.951102
0.607970 0.929565 0.012157
0.853122 0.522032 0.391337
0.678142 0.094642 0.028747
0.372368 0.123665 0.395603
0.899085 0.780299 0.791976
0.942460 0.943014 0.002285
0.544947 0.418613 0.852271
0.180969 0.042363 0.325743
0.925737 0.259519 0.966593
0.085794 0.144914 0.377144
0.726197 0.174307 0.586303
0.687892 0.875525 0.144502
0.255202 0.846321 0.926060
0.634348 0.900629 0.803324
0.349486 0.114247 0.064298
0.934858 0.936782 0.345972
0.947948 0.855292 0.020070
0.221768 0.820737 0.929638
0.558635 0.488046 0.806442
0.995501 0.687463 0.600108
0.501449 0.730176 0.524578
0.622918 0.791894 0.767560
0.566136 0.941372 0.434395
0.660795 0.519475 0.679509
0.076212 0.142565 0.118140
0.835285 0.282928 0.736009
0.699335 0.165742 0.013525
0.419144 0.139702 0.894296
0.940639 0.048587 0.954097
0.197627 0.574143 0.504490
0.565924 0.782388 0.645664
0.434999 0.867036 0.408906
0.181571 0.795361 0.659566
0.588621 0.892560 0.935531
0.103082 0.495039 0.327509
0.877340 0.367012 0.337909
0.388284 0.333422 0.575645
0.964420 0.765008 0.081502
0.143418 0.695351 0.526478
0.486739 0.855192 0.206463
0.538591 0.707124 0.372195
0.631894 0.931332 0.275338
0.957029 0.215638 0.190226
0.356835 0.986485 0.578189
0.089729 0.470957 0.771705
0.795639 0.480567 0.667747
0.807833 0.199792 0.521247
0.339607 0.287129 0.112924
0.666219 0.780591 0.846783
0.082764 0.985677 0.983071
0.283110 0.299608 0.945622
0.552402 0.508621 0.571903
0.699247 0.928568 0.504755
0.309487 0.109572 0.671891
0.854033 0.385110 0.343845
0.649097 0.205134 0.480260
0.233471 0.204433 0.158765
0.703387 0.711710 0.617624
0.659816 0.793668 0.619529
0.354362 0.634147 0.125796
0.837975 0.352509 0.792433
0.196593 0.039967 0.684436
0.543744 0.431834 0.612904
0.940091 0.313194 0.406669
0.592854 0.786642 0.896039
0.541039 0.544677 0.316544
0.606216 0.158288 0.765742
0.347483 0.816797 0.733329
0.026671 0.478637 0.271956
0.849633 0.087364 0.804492
0.980672 0.129297 0.309750
0.989550 0.858928 0.796651
0.214562 0.063267 0.001563
0.254030 0.713662 0.657298
0.008537 0.818991 0.127131
0.696268 0.993694 0.859876
0.520573 0.134338 0.563155
0.556373 0.126339 0.441742
0.002226 0.315322 0.170075
0.442511 0.537582 0.460642
0.022008 0.968513 0.043085
0.035316 0.515107 0.848951
0.313501 0.487345 0.756727
0.418960 0.456056 0.496116
0.443422 0.075009 0.809539
0.847758 0.406904 0.468002
0.889229 0.053178 0.981001
0.349645 0.015845 0.952958
0.271959 0.053291 0.973515
0.239158 0.311664 0.145858
0.434148 0.134427 0.866888
0.973796 0.319848 0.984572
0.831622 0.483666 0.098990
0.277436 0.895530 0.141305
0.285907 0.626963 0.213910
0.951590 0.091286 0.128844
0.603125 0.555346 0.900410
0.970705 0.154378 0.558811
0.956447 0.944013 0.058006
0.211355 0.573834 0.388440
0.933523 0.930425 0.783048
0.461171 0.860765 0.469402
0.328862 0.056690 0.467302
0.146983 0.530706 0.195857
0.977713 0.725262 0.065047
0.985198 0.869065 0.790012
0.412234 0.129141 0.135030
0.652765 0.833129 0.741463
0.558662 0.814469 0.358998
0.363559 0.201471 0.066697
0.383490 0.967122 0.917869
0.518466 0.492930 0.688687
0.416198 0.497552 0.356636
0.122951 0.959279 0.613026
0.472670 0.537028 0.211539
0.443904 0.759521 0.759750
0.146539 0.897099 0.927529
0.231898 0.845164 0.122132
0.392513 0.510074 0.636922
0.588483 0.449627 0.594644
0.215958 0.524612 0.818103
0.665857 0.000364 0.182328
0.405860 0.756865 0.426610
0.121614 0.663923 0.348289
0.579747 0.156522 0.949804
0.053335 0.673126 0.897786
0.848575 0.481311 0.000897
0.588038 0.392595 0.787204
0.503750 0.698545 0.964161
0.979689 0.604128 0.695574
0.374899 0.751625 0.112246
0.534378 0.126928 0.077026
0.752082 0.123197 0.244779
0.163478 0.963254 0.289832
0.670689 0.583911 0.329610
0.443558 0.059570 0.619645
0.695733 0.643534 0.494137
0.945803 0.665577 0.451498
0.335122 0.752674 0.530412
0.667400 0.740854 0.711837
0.069224 0.805612 0.732099
0.714389 0.399443 0.165207
0.811194 0.992501 0.373293
0.616338 0.788220 0.912294
0.771333 0.987673 0.844238
0.407306 0.635433 0.234243
0.811446 0.629396 0.878320
0.802350 0.478957 0.508895
0.113945 0.505137 0.019481
0.791679 0.301651 0.565847
0.208548 0.188492 0.667055
0.211209 0.961230 0.797205
0.300674 0.194063 0.463873
0.301297 0.237149 0.257413
0.126662 0.436590 0.795195
0.295176 0.022842 0.748716
0.028730 0.362907 0.404137
0.475049 0.787992 0.200637
0.586759 0.205006 0.964870
0.037111 0.559018 0.967487
0.376381 0.101278 0.515950
0.304160 0.333369 0.720570
0.443872 0.648892 0.371607
0.781646 0.060141 0.351428
0.234354 0.766026 0.672311
0.645199 0.535235 0.052903
0.413726 0.206622 0.613995
0.013544 0.237780 0.230052
0.435407 0.747933 0.075925
0.929796 0.393955 0.496960
0.224432 0.125688 0.079017
0.398121 0.458322 0.189225
0.378209 0.295326 0.935759
0.363376 0.700243 0.443780
0.537829 0.656365 0.383443
0.418821 0.927897 0.141171
0.964589 0.802450 0.614699
0.835323 0.219604 0.630921
0.326182 0.481060 0.188673
0.968629 0.350242 0.369889
0.007753 0.454863 0.283062
0.451048 0.770422 0.583264
0.516554 0.621447 0.529480
0.280427 0.521575 0.781073
0.085097 0.328125 0.845555
0.640327 0.802510 0.414998
0.906386 0.361904 0.937200
0.648412 0.328695 0.109252
0.879562 0.701708 0.896787
0.212457 0.355684 0.545046
0.469178 0.808440 0.478781
0.879752 0.225763 0.479983
0.834256 0.076943 0.584073
0.357111 0.935839 0.418210
0.177913 0.091087 0.604177
0.372789 0.877947 0.827051
0.560076 0.218890 0.273770
0.302688 0.416950 0.330393
0.794175 0.575989 0.622733
0.236882 0.820612 0.202642
0.338308 0.975298 0.926899
0.913856 0.984132 0.152720
0.444901 0.232034 0.641117
0.788605 0.085916 0.506345
0.496131 0.422530 0.455476
0.234179 0.670729 0.232094
0.481173 0.002174 0.674339
0.382032 0.785593 0.172565
0.049205 0.800661 0.963734
0.891892 0.369352 0.808063
0.149557 0.203858 0.001590
0.036364 0.237724 0.399036
0.180106 0.763933 0.839912
0.360437 0.609419 0.607676
0.179551 0.878427 0.862349
0.848199 0.983909 0.660319
0.181032 0.729288 0.381406
0.570036 0.669449 0.928183
0.079562 0.591187 0.876932
0.652492 0.957118 0.595128
0.591735 0.308976 0.022116
0.863440 0.256340 0.784720
0.240752 0.712111 0.265354
0.790560 0.885697 0.051121
0.036299 0.467949 0.084298
0.746241 0.758959 0.693467
0.790097 0.257609 0.538984
0.678505 0.660674 0.348544
0.987932 0.186895 0.045235
0.608821 0.438566 0.147428
0.229415 0.547318 0.959277
0.814394 0.706924 0.310108
0.455302 0.272352 0.511637
0.042801 0.470570 0.780736
0.137523 0.522409 0.017395
0.814394 0.022644 0.503433
0.838006 0.017197 0.303714
0.296777 0.038504 0.115876
0.706218 0.038056 0.615027
0.687259 0.274977 0.979621
0.031385 0.655934 0.678184
0.012414 0.532036 0.031793
0.391679 0.026714 0.840422
0.678087 0.505573 0.080939
0.356811 0.395939 0.641615
0.346529 0.522392 0.236868
0.873594 0.978324 0.327707
0.581840 0.302332 0.423669
0.758470 0.916281 0.648547
0.273617 0.063070 0.087874
0.902418 0.459348 0.555370
0.673033 0.945848 0.667925
0.414037 0.782701 0.451702
0.928379 0.862505 0.998636
0.280689 0.289110 0.407281
0.536726 0.523950 0.152014
0.240076 0.707591 0.230786
0.185179 0.296124 0.228879
0.854433 0.847966 0.190832
0.594204 0.028331 0.755768
0.043028 0.549887 0.022668
0.352477 0.569178 0.364395
0.624808 0.388362 0.806906
0.653657 0.167401 0.843485
0.157475 0.610523 0.119056
0.741035 0.643874 0.842499
0.065853 0.153463 0.556456
0.814890 0.465429 0.114026
0.225562 0.801579 0.877263
0.957629 0.054300 0.967386
0.837776 0.866260 0.981110
0.150986 0.592744 0.645202
0.076923 0.026432 0.591668
0.896206 0.898347 0.843998
0.923616 0.415633 0.375595
0.426989 0.528459 0.510961
0.409488 0.634032 0.183380
0.964711 0.725379 0.225831
0.568095 0.955214 0.614253
0.888988 0.390040 0.074352
0.338644 0.819432 0.836121
0.485776 0.797719 0.290965
0.209231 0.122648 0.366792
0.182424 0.789640 0.421850
0.007282 0.152229 0.604899
0.045575 0.562741 0.623247
0.771305 0.290239 0.667389
0.221701 0.446813 0.514576
0.583897 0.779627 0.514937
0.565897 0.974008 0.994453
0.591626 0.014758 0.259187
0.544599 0.147522 0.774295
0.939041 0.502246 0.874890
0.334237 0.309065 0.808776
0.511972 0.201585 0.812228
0.700578 0.980659 0.309276
0.029553 0.331952 0.553433
0.153116 0.727456 0.587450
0.946015 0.855826 0.625460
0.596371 0.845892 0.900567
0.803028 0.311833 0.912679
0.542125 0.660388 0.645428
0.305074 0.233957 0.642250
0.550871 0.909384 0.109789
0.054433 0.956374 0.439395
0.312798 0.549302 0.294678
0.805341 0.446163 0.208459
0.681728 0.053069 0.712511
0.385397 0.472352 0.391591
0.326229 0.299194 0.539873
0.481608 0.419854 0.237525
0.107644 0.883756 0.863686
0.059008 0.011224 0.809189
0.724358 0.505367 0.662857
0.893521 0.227473 0.060342
0.205219 0.529963 0.392764
0.018525 0.550750 0.120209
0.257021 0.556644 0.617770
0.706349 0.049624 0.643665
0.414636 0.273371 0.554369
0.522568 0.456235 0.517769
0.024055 0.331502 0.735599
0.735789 0.296986 0.714831
0.711166 0.496481 0.341022
0.807817 0.726165 0.680801
0.081301 0.224103 0.243848
0.478166 0.148483 0.387333
0.840143 0.543543 0.654688
0.067721 0.495621 0.853556
0.578713 0.909185 0.995735
0.486073 0.700049 0.378028
0.724908 0.661710 0.342138
0.931958 0.347619 0.179896
0.971303 0.117267 0.574898
0.812402 0.422884 0.173307
0.206939 0.354708 0.108990
0.090797 0.143148 0.601986
0.808064 0.441391 0.107102
0.089612 0.111709 0.408328
0.317743 0.470919 0.284332
0.714829 0.360258 0.204750
0.110465 0.885811 0.256212
0.487244 0.779845 0.583737
0.589230 0.326328 0.234915
0.216716 0.181975 0.691074
0.557461 0.878525 0.198141
0.514321 0.139463 0.931877
0.714697 0.407679 0.784138
0.522246 0.517252 0.861708
0.388040 0.937881 0.379658
0.770471 0.591309 0.012212
0.141837 0.271849 0.734216
0.352259 0.601292 0.020533
0.030741 0.952834 0.222523
0.257857 0.063737 0.301534
0.422163 0.578110 0.978996
0.838943 0.200210 0.538060
0.936005 0.622880 0.185789
0.531083 0.497569 0.989719
0.682427 0.192921 0.399523
0.865186 0.886400 0.794821
0.541607 0.971680 0.146091
0.101755 0.571253 0.604791
0.298749 0.311228 0.647527
0.743608 0.563459 0.280666
0.615834 0.983711 0.257618
0.239221 0.144416 0.900316
0.408078 0.394351 0.704713
0.718984 0.160858 0.304495
0.278839 0.088248 0.723188
0.275245 0.684779 0.350758
0.316695 0.132563 0.241836
0.377280 0.191915 0.756055
0.404448 0.552639 0.460897
0.068599 0.075495 0.866862
0.895620 0.558755 0.551152
0.800271 0.077207 0.198036
0.506014 0.686545 0.259235
0.109391 0.615285 0.153544
0.295463 0.409107 0.803929
0.584842 0.126068 0.738480
0.368856 0.047342 0.044113
0.906143 0.154632 0.190675
0.971426 0.455161 0.772036
0.320140 0.080490 0.043209
0.221179 0.266670 0.094354
0.016406 0.646416 0.563798
0.840162 0.471958 0.497572
0.367597 0.433161 0.904783
0.403794 0.171074 0.894810
0.344845 0.197984 0.703458
0.234179 0.532998 0.427212
0.704252 0.494716 0.876512
0.176251 0.256388 0.448074
0.402372 0.630921 0.946549
0.391058 0.642852 0.983196
0.909616 0.908539 0.218962
0.521473 0.080921 0.085114
0.937456 0.525278 0.691155
0.861303 0.431932 0.350252
0.632973 0.602309 0.035941
0.283909 0.377064 0.132598
0.666048 0.465612 0.717791
0.187114 0.151766 0.360652
0.380335 0.440896 0.710101
0.918963 0.210842 0.890916
0.817811 0.103736 0.004490
0.957322 0.369686 0.043422
0.063819 0.709172 0.715205
0.924314 0.004892 0.943711
0.892611 0.791171 0.448866
0.278723 0.001958 0.497844
0.299810 0.283793 0.871774
0.579402 0.126326 0.303433
0.243989 0.814738 0.539510
0.401882 0.247172 0.920518
0.655295 0.781190 0.568485
0.414892 0.563460 0.596936
0.161510 0.458184 0.822704
0.035389 0.447382 0.766575
0.922969 0.552041 0.572896
0.205921 0.354852 0.227171
0.146655 0.730670 0.272222
0.844856 0.980593 0.143920
0.869837 0.670586 0.487388
0.261834 0.486252 0.022433
0.582419 0.589735 0.524461
0.760330 0.700811 0.197096
0.907048 0.323320 0.789905
0.814545 0.032429 0.912723
0.958973 0.115783 0.046586
0.965348 0.025638 0.564682
0.299776 0.952664 0.972251
0.167569 0.138153 0.911287
0.467065 0.430089 0.907394
0.326978 0.425353 0.867463
0.625619 0.490856 0.990154
0.689892 0.050935 0.327180
0.146120 0.533987 0.224362
0.087983 0.136810 0.214620
0.413470 0.647224 0.893663
0.536678 0.437936 0.175656
0.788559 0.777783 0.436371
0.178309 0.178109 0.288849
0.554759 0.819221 0.865476
0.180202 0.704205 0.794674
0.371370 0.912363 0.059380
0.478523 0.945440 0.634750
0.487969 0.796227 0.557596
0.752304 0.395725 0.110896
0.890284 0.480321 0.984739
0.839777 0.435090 0.495211
0.380240 0.680001 0.033348
0.806859 0.544507 0.725699
0.426271 0.446945 0.574038
0.318458 0.779798 0.963716
0.450981 0.088829 0.332950
0.809895 0.339635 0.345290
0.646275 0.972124 0.905234
0.851548 0.051380 0.631856
0.943519 0.673465 0.787083
0.636761 0.671400 0.876243
0.192130 0.268794 0.159409
0.380102 0.371493 0.834544
0.945697 0.174350 0.639103
0.750018 0.045025 0.933785
0.836964 0.287099 0.576306
0.957598 0.466375 0.081141
0.681154 0.399303 0.771509
0.270178 0.800232 0.221392
0.841589 0.779202 0.403956
0.994772 0.584996 0.988462
0.789117 0.913538 0.030824
0.696627 0.005815 0.824285
0.430377 0.784830 0.971166
0.805089 0.558724 0.623558
0.476649 0.519567 0.507010
0.695671 0.324470 0.091937
0.482360 0.528998 0.880400
0.542228 0.733823 0.929839
0.658433 0.645694 0.640667
0.099974 0.170276 0.237165
0.001281 0.839633 0.488904
0.842272 0.260847 0.201213
0.214908 0.161786 0.766786
0.735514 0.689340 0.876006
0.318054 0.366150 0.552422
0.930145 0.014193 0.466147
0.727761 0.952755 0.211554
0.828224 0.573681 0.832797
0.412153 0.282412 0.747355
0.640988 0.476869 0.494925
0.737668 0.436995 0.077369
0.706299 0.294928 0.687603
0.097916 0.383786 0.612513
0.758005 0.408799 0.760342
0.816589 0.260916 0.708019
0.682664 0.806112 0.456401
0.833785 0.458184 0.141303
0.371443 0.463094 0.401361
0.038758 0.415009 0.055950
0.670156 0.855708 0.902026
0.910055 0.984811 0.191184
0.298987 0.948428 0.405178
0.310027 0.243948 0.202951
0.927671 0.130992 0.689522
0.785665 0.144695 0.005172
0.624248 0.886502 0.127624
0.437708 0.691112 0.656293
0.494549 0.938273 0.479466
0.555896 0.858601 0.760501
0.998874 0.819542 0.813299
0.585476 0.817953 0.134661
0.906213 0.742701 0.345706
0.299466 0.380219 0.951919
0.199055 0.404030 0.448951
0.022200 0.966581 0.598939
0.585950 0.935782 0.204054
0.324356 0.493139 0.749657
0.870743 0.703524 0.595347
0.760854 0.080213 0.593120
0.955418 0.984744 0.292381
0.379270 0.689515 0.032902
0.866765 0.693477 0.578198
0.400483 0.028356 0.611871
0.163597 0.721598 0.212774
0.646490 0.606029 0.434901
0.832729 0.359120 0.466704
0.223507 0.623068 0.922926
0.517604 0.961168 0.265603
0.740756 0.426150 0.249905
0.896403 0.294162 0.632164
0.537762 0.309286 0.486255
0.688356 0.707147 0.457082
0.975294 0.797433 0.277418
0.751556 0.471470 0.305623
0.216509 0.309188 0.350066
0.301231 0.974550 0.223321
0.641348 0.341338 0.711982
0.405186 0.137548 0.476527
0.101822 0.672338 0.950192
0.682364 0.451909 0.125651
0.010423 0.419240 0.301045
0.516304 0.149157 0.392682
0.333559 0.631580 0.954832
0.144477 0.406217 0.249447
0.776946 0.924481 0.791295
0.496534 0.993267 0.746954
0.658282 0.236200 0.410168
0.703539 0.683134 0.366633
0.514353 0.474614 0.825282
0.979103 0.274360 0.962446
0.941497 0.818902 0.192800
0.906232 0.383645 0.931511
0.876533 0.211669 0.493213
0.368873 0.051930 0.764880
0.871591 0.483728 0.582348
0.027191 0.062577 0.053076
0.866952 0.230382 0.575361
0.210751 0.148015 0.665549
0.082118 0.041090 0.997885
0.680507 0.227637 0.497654
0.626861 0.626768 0.569225
0.206190 0.051278 0.306342
0.249398 0.155789 0.973958
0.487019 0.179232 0.588322
0.237454 0.186427 0.972368
0.992199 0.348533 0.107688
0.528342 0.459734 0.308951
0.124029 0.724288 0.010763
0.483639 0.778882 0.113206
0.896147 0.504284 0.648211
0.168258 0.888369 0.713954
0.137264 0.791779 0.816414
0.133893 0.553692 0.594508
0.063183 0.473529 0.205540
0.038624 0.909777 0.902454
0.032533 0.860318 0.177610
0.066796 0.155918 0.281382
0.899860 0.354789 0.762599
0.758897 0.104901 0.321425
0.038862 0.001831 0.333172
0.145450 0.969942 0.922348
0.966699 0.371458 0.762744
0.839816 0.282516 0.966872
0.249388 0.875816 0.637961
0.149096 0.680746 0.501985
0.992154 0.881734 0.058797
0.331462 0.129182 0.086702
0.940037 0.120918 0.627285
0.438171 0.047113 0.040106
0.673209 0.244526 0.957505
0.741940 0.028537 0.078771
0.729435 0.060143 0.733945
0.406273 0.488700 0.986888
0.706469 0.607652 0.606694
0.295168 0.916173 0.723112
0.520329 0.457242 0.138677
0.473524 0.944061 0.928656
0.574977 0.885762 0.121110
0.079875 0.399109 0.510100
0.796542 0.317949 0.698577
0.560659 0.866515 0.181504
0.183915 0.432793 0.228944
0.318030 0.397879 0.020994
0.529196 0.925615 0.804184
0.747322 0.235041 0.915411
0.563407 0.085488 0.201611
0.974765 0.119476 0.655489
0.489611 0.021638 0.005418
0.498307 0.179746 0.841721
0.475117 0.975303 0.286510
0.975904 0.768839 0.352803
0.659626 0.594404 0.280873
0.625876 0.791100 0.346361
0.197372 0.244606 0.462776
0.549862 0.914047 0.670919
0.471419 0.772065 0.582921
0.315744 0.568872 0.222775
0.040295 0.026385 0.465825
0.883865 0.112436 0.687610
0.524820 0.891169 0.214923
0.605459 0.722674 0.409657
0.730580 0.130652 0.822610
0.254520 0.149240 0.642036
0.780517 0.465890 0.293124
0.881012 0.012021 0.237423
0.294172 0.982206 0.779753
0.686166 0.591863 0.290281
0.796623 0.124282 0.825477
0.015683 0.005553 0.731480
0.799096 0.120946 0.678007
0.829388 0.095059 0.003283
0.169465 0.181190 0.455964
0.019504 0.629421 0.038518
0.385905 0.407315 0.769161
0.334456 0.915290 0.704371
0.862459 0.575598 0.456774
0.898537 0.865038 0.289042
0.619176 0.848094 0.484387
0.154149 0.203214 0.080858
0.011144 0.691445 0.213872
0.962886 0.374671 0.051909
0.442512 0.767271 0.133597
0.311334 0.891112 0.866121
0.694138 0.658348 0.145856
0.849987 0.001652 0.095068
0.846410 0.440019 0.116329
0.321805 0.620981 0.180408
0.491122 0.065064 0.884381
0.909512 0.583167 0.796111
0.781507 0.931261 0.451742
0.561607 0.434684 0.609753
0.091516 0.185360 0.547036
0.911712 0.635239 0.845635
0.164723 0.720653 0.886963
0.643067 0.277605 0.352442
0.584362 0.434400 0.303252
0.502948 0.146510 0.695450
0.489393 0.320021 0.642491
0.636817 0.295471 0.313635
0.147503 0.735221 0.630126
0.502745 0.460876 0.863753
0.974264 0.932007 0.678503
0.785111 0.645332 0.389801
0.099842 0.389139 0.944452
0.071337 0.071223 0.937679
0.825909 0.886278 0.590508
0.200506 0.464231 0.373917
0.488806 0.061818 0.323536
0.485064 0.379942 0.515177
0.373912 0.966475 0.378041
0.645014 0.956729 0.331553
0.186994 0.390784 0.009357
0.218809 0.868671 0.065336
0.936616 0.445961 0.630508
0.512017 0.844800 0.097875
0.713541 0.512618 0.014717
0.708709 0.484519 0.857035
0.531905 0.982773 0.059177
0.373405 0.836973 0.633033
0.048422 0.412569 0.936427
0.768448 0.861296 0.878636
0.550919 0.341192 0.152155
0.649025 0.785442 0.859598
0.397973 0.438115 0.712585
0.076213 0.682730 0.949121
0.878877 0.105319 0.158815
0.232377 0.034054 0.423019
0.095765 0.628939 0.103556
0.739233 0.588462 0.293889
0.856972 0.408753 0.955132
0.409166 0.960735 0.990563
0.256760 0.649186 0.223502
0.729781 0.508717 0.679569
0.156088 0.141510 0.715150
0.559200 0.132991 0.424773
0.341660 0.710967 0.359693
0.784969 0.985698 0.042397
0.917173 0.644609 0.204804
0.460725 0.625695 0.039069
0.958924 0.463816 0.895296
0.850704 0.550251 0.911955
0.224495 0.112261 0.472151
0.388928 0.005883 0.713533
0.767148 0.805014 0.385149
0.722411 0.207620 0.162286
0.097390 0.951270 0.191916
0.080158 0.683239 0.519334
0.941545 0.112368 0.070725
0.780256 0.236200 0.250298
0.308918 0.994295 0.120659
0.817804 0.325381 0.637335
0.323401 0.498325 0.202914
0.960978 0.280506 0.006824
0.984881 0.457434 0.691479
0.100366 0.404619 0.761167
0.229999 0.051137 0.446473
0.673193 0.236945 0.971943
0.321610 0.450764 0.749450
0.312141 0.382011 0.669954
0.933264 0.199516 0.462718
0.726264 0.485944 0.752627
0.674136 0.083709 0.104525
0.993031 0.721035 0.012665
0.876530 0.400350 0.830675
0.739560 0.889783 0.975573
0.588353 0.640877 0.353877
0.409130 0.534106 0.447846
0.436663 0.677860 0.942392
0.164862 0.127464 0.995303
0.119417 0.794137 0.405828
0.972541 0.201982 0.574204
0.053850 0.837093 0.663374
0.901288 0.854844 0.646263
0.206666 0.498067 0.219588
0.624981 0.261422 0.395438
0.413270 0.591110 0.479294
0.745781 0.704213 0.005026
0.915534 0.516617 0.388964
0.816755 0.163677 0.841066
0.380253 0.427842 0.570271
0.423196 0.087499 0.389526
0.495708 0.120600 0.693292
0.492508 0.885663 0.686497
0.941491 0.357169 0.742573
0.844911 0.407052 0.233852
0.119055 0.236617 0.389939
0.327069 0.836381 0.075823
0.241331 0.791756 0.617443
0.371112 0.414496 0.719881
0.135799 0.759393 0.681744
0.440064 0.228716 0.653811
0.473767 0.534332 0.872871
0.123111 0.818384 0.216833
0.640373 0.425432 0.569836
0.896494 0.379665 0.739852
0.079090 0.438203 0.363963
0.161163 0.633354 0.931434
0.136826 0.689117 0.474952
0.606467 0.913488 0.065188
0.597197 0.107712 0.640374
0.544884 0.237516 0.304755
0.344421 0.038582 0.070972
0.505555 0.401256 0.787930
0.798243 0.302411 0.759584
0.595466 0.127140 0.631420
0.889594 0.493413 0.906983
0.209348 0.757177 0.016422
0.375738 0.883273 0.453386
0.626889 0.342794 0.474702
0.174826 0.747428 0.444633
0.273093 0.111386 0.404760
0.910492 0.462171 0.255367
0.955782 0.085804 0.732833
0.281932 0.302889 0.781578
0.838837 0.409624 0.671827
0.796257 0.492093 0.867893
0.083901 0.186972 0.702939
0.966494 0.057388 0.636211
0.632134 0.504591 0.243496
0.601962 0.757438 0.677799
0.428254 0.124191 0.262579
0.173185 0.301743 0.678766
0.365514 0.782286 0.249586
0.831503 0.534731 0.723723
0.133657 0.354069 0.614349
0.776247 0.112282 0.959393
0.342203 0.989430 0.883327
0.644755 0.080234 0.369267
0.681990 0.176280 0.283949
0.823471 0.946914 0.401115
0.434185 0.710407 0.003693
0.994178 0.008955 0.731714
0.015072 0.747624 0.731016
0.343232 0.733381 0.853933
0.771005 0.919060 0.428497
0.491251 0.177420 0.502196
0.430542 0.610123 0.592949
0.595354 0.617864 0.650901
0.133616 0.975292 0.680235
0.417957 0.628755 0.203165
0.720541 0.268455 0.113473
0.771782 0.556294 0.495378
0.768528 0.349318 0.769559
0.216161 0.047106 0.802904
0.085394 0.715670 0.865694
0.166941 0.470880 0.384123
0.976170 0.325178 0.055505
0.851289 0.772439 0.363494
0.706098 0.282964 0.725504
0.268978 0.140272 0.490656
0.280169 0.054453 0.390625
0.176612 0.108224 0.008113
0.911908 0.709324 0.950937
0.769467 0.659402 0.134710
0.940939 0.994390 0.275730
0.334960 0.125613 0.894040
0.510912 0.656492 0.321311
0.225916 0.412425 0.023678
0.861765 0.280149 0.102078
0.108537 0.874650 0.555721
0.506082 0.905336 0.055946
0.094567 0.384039 0.085052
0.300177 0.736929 0.317172
0.989942 0.987213 0.298999
0.808359 0.246691 0.942524
0.548607 0.489426 0.929364
0.325612 0.831916 0.373190
0.126049 0.392260 0.013467
0.252512 0.485884 0.109656
0.484039 0.709804 0.304290
0.924869 0.645810 0.433958
0.629723 0.178521 0.732549
0.160653 0.855922 0.770078
0.020262 0.427139 0.454627
0.220550 0.338912 0.022914
0.667109 0.818351 0.313034
0.173230 0.890033 0.793634
0.907317 0.186702 0.664891
0.202216 0.996726 0.133725
0.463401 0.361085 0.189740
0.495591 0.172018 0.242297
0.099543 0.082899 0.843694
0.118616 0.977132 0.202227
0.625462 0.882614 0.671813
0.008879 0.425960 0.590527
0.150192 0.693524 0.592300
0.682562 0.636448 0.585425
0.732586 0.471628 0.943740
0.873868 0.010133 0.532707
0.167840 0.898838 0.526632
0.364431 0.527730 0.023174
0.412377 0.486162 0.325885
0.615767 0.267851 0.272143
0.841907 0.068441 0.533040
0.791650 0.815514 0.166296
0.400112 0.343714 0.493470
0.840767 0.057809 0.775019
0.936022 0.428169 0.826615
0.773946 0.748193 0.308779
0.116925 0.909500 0.915336
0.881480 0.953552 0.401048
0.215566 0.892103 0.530315
0.613543 0.549346 0.380206
0.504436 0.742890 0.970530
0.917220 0.102349 0.706690
0.557057 0.053538 0.805913
0.360646 0.284480 0.805511
0.679099 0.434843 0.746531
0.842221 0.964582 0.650085
0.584229 0.887135 0.322147
0.691344 0.764196 0.861805
0.333609 0.578482 0.771739
0.092685 0.254259 0.771237
0.597648 0.597221 0.100927
0.754476 0.478631 0.350769
0.597672 0.660815 0.996532
0.589837 0.590817 0.949474
0.195693 0.205030 0.832303
0.772922 0.868198 0.187000
0.172745 0.234159 0.928557
0.056402 0.531684 0.367861
0.183307 0.673644 0.602498
0.753036 0.752792 0.272665
0.575895 0.780020 0.499304
0.848711 0.672529 0.282955
0.918042 0.491404 0.761230
0.447145 0.879162 0.354979
0.117648 0.031050 0.015858
0.131614 0.245385 0.083916
0.988275 0.139358 0.264264
0.890840 0.778582 0.087597
0.443672 0.033292 0.567349
0.830964 0.212859 0.666996
0.976185 0.889196 0.354867
0.379780 0.412843 0.006460
0.378152 0.551687 0.278613
0.882674 0.601906 0.576256
0.537764 0.378372 0.597389
0.959569 0.607328 0.955489
0.724540 0.259767 0.033334
0.930579 0.478248 0.749910
0.302706 0.444451 0.803869
0.070810 0.970160 0.865722
0.113722 0.784401 0.517937
0.350248 0.090950 0.938116
0.702096 0.421653 0.288456
0.564195 0.150660 0.446150
0.142001 0.949970 0.020961
0.362676 0.754156 0.954230
0.229637 0.522371 0.512271
0.010831 0.445200 0.007341
0.847321 0.647241 0.770759
0.846824 0.213087 0.137943
0.661462 0.468321 0.247157
0.823603 0.852799 0.208367
0.925503 0.013042 0.068033
0.551719 0.942252 0.788326
0.956341 0.210837 0.073793
0.673344 0.019919 0.695581
0.091426 0.388568 0.877943
0.972545 0.000806 0.382300
0.259957 0.804017 0.605329
0.622057 0.541900 0.325903
0.060128 0.285663 0.408064
0.704972 0.903626 0.040264
0.480539 0.396410 0.793061
0.016360 0.681567 0.328803
0.690259 0.009356 0.223831
0.125314 0.726459 0.607796
0.890100 0.360265 0.651020
0.201458 0.299868 0.760710
0.621383 0.679705 0.237414
0.406599 0.957167 0.591785
0.250977 0.670122 0.728455
0.887140 0.997108 0.821925
0.663977 0.328339 0.617150
0.359093 0.344804 0.991806
0.719096 0.299607 0.657775
0.146200 0.383193 0.369948
0.221910 0.526028 0.296386
0.747960 0.223515 0.095925
0.811304 0.160627 0.703900
0.661646 0.014794 0.338780
0.746193 0.066154 0.254445
0.599304 0.342177 0.056516
0.906574 0.091297 0.754521
0.817005 0.032609 0.152861
0.321416 0.238242 0.292613
0.615495 0.538019 0.969258
0.116672 0.478457 0.254895
0.466056 0.339459 0.940508
0.846327 0.265797 0.235033
0.207407 0.212069 0.820744
0.012941 0.241025 0.214380
0.328881 0.307866 0.165095
0.040628 0.400476 0.379867
0.835345 0.244979 0.173082
0.198864 0.106023 0.002965
0.128556 0.687880 0.566404
0.000853 0.660397 0.650514
0.885663 0.387006 0.840789
0.644986 0.338794 0.216395
0.125307 0.333423 0.368827
0.955557 0.767012 0.631596
0.787391 0.139207 0.272912
0.482531 0.347143 0.568600
0.046564 0.515205 0.991707
0.204931 0.826119 0.684994
0.944112 0.604976 0.308258
0.392041 0.172382 0.318930
0.737433 0.624948 0.235429
0.876064 0.122259 0.994011
0.636551 0.195090 0.339889
0.319485 0.654599 0.070260
0.179550 0.726199 0.173606
0.098239 0.967072 0.420263
0.688436 0.078719 0.901307
0.629756 0.792250 0.388183
0.680444 0.280823 0.715749
0.796949 0.130551 0.825518
0.223738 0.158528 0.899182
0.421455 0.879561 0.820766
0.668445 0.694339 0.377518
0.429490 0.751464 0.180476
0.030884 0.173269 0.071165
0.813655 0.835185 0.138927
0.397620 0.233813 0.036368
0.135347 0.544790 0.509581
0.902145 0.812960 0.314407
0.223425 0.233296 0.088667
0.406169 0.109240 0.591266
0.259135 0.343767 0.299340
0.585167 0.780728 0.790972
0.479332 0.088583 0.494593
0.430654 0.120071 0.009145
0.114109 0.744637 0.145130
0.640829 0.329086 0.295581
0.176845 0.678641 0.482622
0.997455 0.520798 0.071627
0.920901 0.537335 0.289553
0.361432 0.733549 0.246212
0.752983 0.111743 0.270985
0.646362 0.984744 0.020091
0.375426 0.300002 0.812151
0.932488 0.510364 0.450728
0.726532 0.288703 0.658519
0.871667 0.050265 0.831672
0.662847 0.403648 0.575388
0.891264 0.129911 0.757193
0.878442 0.468048 0.984865
0.729193 0.812070 0.856808
0.216007 0.046937 0.327506
0.239697 0.695188 0.360653
0.508755 0.806506 0.970625
0.242224 0.618284 0.986527
0.346124 0.482169 0.080973
0.939939 0.750127 0.655125
0.543595 0.094080 0.230045
0.958410 0.710855 0.725771
0.611997 0.349621 0.906361
0.068908 0.783626 0.854067
0.660177 0.942151 0.429849
0.405786 0.714818 0.257922
0.833501 0.832137 0.236682
0.449145 0.631811 0.964888
0.964346 0.505514 0.623565
0.848520 0.136616 0.696499
0.330715 0.600914 0.576978
0.682624 0.991026 0.761847
0.950652 0.474092 0.503030
0.073086 0.605014 0.257187
0.375567 0.950723 0.817918
0.186196 0.325371 0.214090
0.856717 0.414716 0.908406
0.548893 0.272552 0.546167
0.837202 0.679700 0.869104
0.699085 0.930951 0.668283
0.833173 0.508578 0.553811
0.545057 0.643657 0.597852
0.216787 0.259124 0.618641
0.924709 0.609622 0.273826
0.984930 0.548745 0.754824
0.598342 0.871510 0.154756
0.239605 0.973219 0.702967
0.578455 0.456371 0.712986
0.888238 0.905809 0.647680
0.556919 0.169639 0.968958
0.448394 0.073159 0.217904
0.761506 0.701655 0.718390
0.747634 0.897947 0.813290
0.665774 0.599997 0.057529
0.362193 0.368267 0.716133
0.054085 0.281668 0.621734
0.760847 0.649364 0.270724
0.890377 0.157281 0.256049
0.376331 0.585290 0.094286
0.034393 0.905882 0.919325
0.572978 0.107022 0.004205
0.913643 0.586329 0.678636
0.323726 0.943824 0.051224
0.532165 0.833314 0.775467
0.557977 0.939586 0.456159
0.039771 0.615909 0.485726
0.786783 0.291741 0.449030
0.145621 0.276111 0.920602
0.419109 0.627762 0.611619
0.392059 0.497676 0.520281
0.838731 0.760534 0.075237
0.021513 0.103408 0.029592
0.625441 0.958704 0.783288
0.464008 0.241799 0.004389
0.304025 0.358748 0.925174
0.140636 0.421400 0.098628
0.003908 0.142387 0.183386
0.446697 0.146871 0.196293
0.335753 0.713759 0.372563
0.802928 0.994878 0.363930
0.440447 0.150431 0.191861
0.593735 0.053785 0.855893
0.996138 0.269360 0.287952
0.219451 0.501612 0.159504
0.250586 0.671113 0.934999
0.412779 0.711823 0.589223
0.780207 0.154091 0.218474
0.374763 0.902727 0.931349
0.097266 0.207758 0.091019
0.780288 0.443484 0.024342
0.951360 0.921720 0.116572
0.718252 0.696440 0.042175
0.022496 0.765004 0.276577
0.941636 0.528941 0.233620
0.637894 0.593465 0.907862
0.315255 0.113566 0.569418
0.557925 0.727806 0.381289
0.019240 0.546170 0.769232
0.430830 0.939816 0.271268
0.240088 0.046571 0.545620
0.836052 0.055840 0.766972
0.045273 0.514120 0.048149
0.820209 0.181522 0.415365
0.896701 0.793916 0.101091
0.078744 0.741247 0.215098
0.501819 0.908451 0.228255
0.865907 0.219300 0.395937
0.028511 0.621112 0.830148
0.761487 0.642604 0.594410
0.765838 0.356786 0.172553
0.203584 0.282040 0.073194
0.686649 0.094304 0.527735
0.149141 0.968299 0.653342
0.785870 0.743927 0.253087
0.571980 0.666354 0.602249
0.319352 0.128551 0.708335
0.385314 0.565792 0.083276
0.096156 0.829665 0.429383
0.524433 0.408477 0.688141
0.055604 0.981567 0.699942
0.766267 0.183020 0.293654
0.408085 0.933618 0.767971
0.572927 0.100938 0.926668
0.820466 0.250218 0.400745
0.351861 0.630763 0.070110
0.328820 0.616686 0.809059
0.155155 0.468192 0.479523
0.279942 0.128271 0.002547
0.774925 0.818603 0.758035
0.461685 0.878438 0.254891
0.421791 0.563470 0.798425
0.722619 0.144050 0.016882
0.605725 0.151948 0.857481
0.206550 0.255724 0.586032
0.176316 0.467039 0.610975
0.273355 0.970637 0.251263
0.495130 0.997824 0.400329
0.351992 0.559993 0.296326
0.470081 0.273002 0.610494
0.898709 0.975478 0.885498
0.083145 0.317625 0.259199
0.654848 0.010284 0.450190
0.068578 0.994417 0.400623
0.253554 0.224126 0.923624
0.705685 0.409276 0.881955
0.606831 0.351400 0.652439
0.273632 0.456311 0.478053
0.133856 0.081287 0.793716
0.426711 0.871064 0.756257
0.819330 0.213202 0.535873
0.207679 0.868208 0.254933
0.471074 0.855219 0.031350
0.686071 0.215602 0.031033
0.231986 0.519434 0.632590
0.267997 0.988573 0.397050
0.654886 0.415729 0.125203
0.580721 0.321396 0.175878
0.143580 0.046916 0.599568
0.805411 0.078144 0.996594
0.298956 0.389069 0.830291
0.430222 0.243284 0.265821
0.955238 0.610292 0.148715
0.556490 0.526719 0.858213
0.202471 0.319330 0.024621
0.679136 0.668059 0.484619
0.542265 0.765560 0.119816
0.763651 0.444177 0.566082
0.064481 0.512609 0.061693
0.903534 0.911890 0.090808
0.630362 0.167549 0.143155
0.813657 0.701296 0.627283
0.825733 0.752922 0.214630
0.682162 0.466665 0.758755
0.619920 0.682788 0.177432
0.711824 0.170130 0.418116
0.246545 0.304507 0.121753
0.973355 0.674446 0.986777
0.551807 0.957155 0.725415
0.753849 0.920128 0.075941
0.001002 0.398082 0.885715
0.258021 0.658756 0.025190
0.318388 0.931733 0.249431
0.328637 0.688971 0.837439
0.771935 0.725327 0.692759
0.706399 0.585001 0.216346
0.018502 0.360063 0.695384
0.977142 0.001945 0.834205
0.112388 0.029306 0.029756
0.225204 0.949085 0.120365
0.905307 0.591178 0.357083
0.423693 0.606976 0.378294
0.889299 0.154802 0.113345
0.780546 0.455189 0.206674
0.153905 0.829188 0.479588
0.355126 0.391490 0.449901
0.203656 0.897002 0.688863
0.750718 0.777145 0.603602
0.957258 0.272665 0.989114
0.466954 0.391557 0.751679
0.498567 0.763498 0.195980
0.259410 0.701088 0.071387
0.435789 0.533813 0.628788
0.229120 0.707653 0.568234
0.868707 0.834533 0.525172
0.264392 0.718648 0.579149
0.761600 0.765838 0.906010
0.329724 0.983506 0.925316
0.633555 0.822444 0.812991
0.874910 0.151287 0.349878
0.100299 0.460178 0.443384
0.360753 0.723401 0.017598
0.702589 0.516098 0.176515
0.331664 0.135363 0.317249
0.295586 0.631446 0.617563
0.538818 0.439389 0.384924
0.744849 0.549624 0.354988
0.780569 0.233670 0.051486
0.375729 0.443252 0.265254
0.706312 0.052337 0.848511
0.559997 0.142757 0.597096
0.759014 0.222819 0.874430
0.500815 0.988146 0.980112
0.412288 0.316611 0.004837
0.916195 0.798844 0.354670
0.076237 0.011000 0.864380
0.954757 0.052565 0.238923
0.078300 0.338972 0.465530
0.516185 0.322290 0.398749
0.354595 0.556139 0.859781
0.651859 0.287523 0.763425
0.048083 0.495362 0.764467
0.993122 0.775390 0.748634
0.020998 0.710911 0.907804
0.827433 0.090059 0.449347
0.363623 0.555329 0.738526
0.187744 0.678472 0.024984
0.976978 0.501523 0.088693
0.167978 0.561643 0.284138
0.627523 0.345625 0.860011
0.195894 0.367569 0.752183
0.596592 0.601032 0.759241
0.616564 0.747017 0.715473
0.312045 0.990349 0.319454
0.699712 0.972277 0.568836
0.617263 0.762026 0.933804
0.822824 0.857665 0.976753
0.098771 0.260275 0.090480
0.924627 0.597726 0.443291
0.074787 0.059953 0.827971
0.733786 0.142240 0.981324
0.510422 0.408686 0.260851
0.947741 0.594331 0.334582
0.827252 0.970958 0.854953
0.370991 0.196334 0.186870
0.938549 0.994263 0.115816
0.264363 0.429162 0.121555
0.858358 0.978627 0.430560
0.313524 0.515398 0.305143
0.028204 0.192967 0.472078
0.344741 0.201816 0.961737
0.403020 0.290978 0.805053
0.174481 0.795436 0.832536
0.369547 0.685115 0.367515
0.301808 0.692296 0.929442
0.484080 0.551270 0.064677
0.994704 0.420986 0.671796
0.591388 0.197455 0.081168
0.511992 0.419755 0.870134
0.927564 0.877702 0.016728
0.262516 0.282033 0.123145
0.064917 0.796292 0.630590
0.015043 0.065885 0.571711
0.171486 0.040906 0.448557
0.468153 0.408777 0.782313
0.125439 0.346087 0.547454
0.654540 0.050608 0.898456
0.770456 0.118299 0.750988
0.677999 0.142148 0.408389
0.551599 0.910212 0.862372
0.891300 0.072952 0.279159
0.051059 0.923483 0.195029
0.628624 0.649960 0.710112
0.029493 0.478396 0.309019
0.286518 0.919604 0.926347
0.396312 0.740056 0.490568
0.130580 0.651024 0.932664
0.624983 0.292000 0.065182
0.701473 0.325360 0.681321
0.763287 0.543982 0.839565
0.237691 0.140031 0.786257
0.266225 0.975520 0.941723
0.926412 0.003732 0.146570
0.203823 0.794944 0.480486
0.901266 0.728305 0.261054
0.932013 0.044131 0.930898
0.143973 0.505450 0.186104
0.804883 0.873424 0.638277
0.440421 0.064011 0.004063
0.978998 0.730330 0.487450
0.888763 0.668170 0.128686
0.331901 0.965661 0.234845
0.269713 0.370434 0.858151
0.658702 0.182328 0.950332
0.072065 0.235198 0.043257
0.908535 0.223454 0.314752
0.024971 0.579649 0.003267
0.552747 0.222409 0.564422
0.414774 0.461024 0.700609
0.174860 0.271529 0.200941
0.628241 0.742171 0.235515
0.631188 0.027649 0.425151
0.525707 0.042136 0.460744
0.165690 0.222474 0.411390
0.381337 0.242102 0.869768
0.585040 0.822413 0.499731
0.264022 0.544823 0.742217
0.728547 0.476704 0.447991
0.368441 0.227769 0.584721
0.354832 0.605709 0.648417
0.944346 0.943793 0.390654
0.220268 0.333720 0.569400
0.780612 0.542936 0.364054
0.387640 0.420802 0.836555
0.246024 0.862942 0.188824
0.770844 0.781269 0.966292
0.146272 0.207091 0.893520
0.139074 0.299687 0.130849
0.934669 0.779297 0.268246
0.433555 0.860481 0.998400
0.225826 0.291383 0.337068
0.549486 0.198092 0.806609
0.769877 0.093206 0.796829
0.718091 0.221447 0.131710
0.344785 0.289903 0.828934
0.974542 0.890750 0.727770
0.031496 0.202639 0.920767
0.568050 0.200450 0.829849
0.949280 0.436037 0.929990
0.089747 0.460535 0.472505
0.558840 0.216215 0.527777
0.315326 0.871967 0.585220
0.424540 0.118621 0.549549
0.573259 0.881378 0.956544
0.344964 0.457045 0.504596
0.899535 0.344167 0.785568
0.631040 0.585302 0.913156
0.360295 0.703225 0.989421
0.977010 0.247627 0.487038
0.340080 0.712447 0.509623
0.619768 0.680653 0.892951
0.196290 0.805036 0.354432
0.041086 0.796555 0.341787
0.127003 0.852323 0.447589
0.757654 0.557166 0.973461
0.866977 0.891667 0.114440
0.729284 0.547090 0.724621
0.479867 0.548938 0.793733
0.932077 0.877138 0.702523
0.634256 0.726164 0.602141
0.838976 0.521981 0.850967
0.553974 0.566197 0.403817
0.385582 0.662720 0.411281
0.947284 0.486171 0.472346
0.350864 0.599594 0.931062
0.266074 0.434135 0.732636
0.727602 0.195653 0.567379
0.489033 0.403249 0.495583
0.357760 0.774680 0.448801
0.454868 0.575701 0.933471
0.434495 0.452126 0.760632
0.495107 0.238940 0.046220
0.322835 0.850618 0.438818
0.008993 0.623282 0.663603
0.805097 0.509115 0.470384
0.574591 0.123320 0.619350
0.123366 0.098673 0.158189
0.970979 0.286830 0.043706
0.286780 0.366066 0.296835
0.108512 0.852261 0.230832
0.820317 0.818267 0.303700
0.872878 0.187252 0.302853
0.485357 0.157282 0.437401
0.423101 0.219720 0.281447
0.476553 0.448447 0.954046
0.292827 0.245642 0.312384
0.795428 0.203288 0.886418
0.828976 0.147662 0.084040
0.528464 0.346355 0.701934
0.902970 0.743208 0.423035
0.819970 0.598762 0.836358
0.727195 0.807914 0.704382
0.685455 0.774697 0.868383
0.305211 0.941092 0.841371
0.393368 0.021885 0.710769
0.151406 0.872870 0.683143
0.114272 0.278654 0.470093
0.323548 0.002059 0.198230
0.622132 0.339071 0.033539
0.960621 0.855154 0.709525
0.857852 0.490570 0.105029
0.862081 0.062996 0.314711
0.815516 0.288983 0.195171
0.362056 0.906977 0.779959
0.486998 0.405641 0.028903
0.040527 0.697033 0.061958
0.846923 0.332161 0.775324
0.630313 0.692323 0.086235
0.565658 0.304759 0.313450
0.492316 0.809431 0.483275
0.235526 0.533504 0.644128
0.053335 0.397680 0.008586
0.911009 0.620620 0.923210
0.432158 0.395724 0.000978
0.720177 0.094213 0.424477
0.912465 0.502473 0.671659
0.005075 0.349651 0.474989
0.101776 0.481487 0.378141
0.178152 0.208513 0.984709
0.843374 0.936580 0.538997
0.193123 0.454661 0.232261
0.115832 0.869882 0.027408
0.968661 0.739409 0.196943
0.837954 0.941969 0.639359
0.656797 0.328855 0.164866
0.686178 0.835522 0.144089
0.902220 0.068171 0.054025
0.913314 0.751772 0.384855
0.927391 0.094642 0.981905
0.915927 0.295161 0.716707
0.939550 0.445786 0.469080
0.161761 0.377773 0.903419
0.385709 0.923724 0.952921
0.730307 0.863336 0.204543
0.751751 0.546523 0.483814
0.482476 0.643176 0.478328
0.694136 0.460034 0.964962
0.603157 0.780260 0.472690
0.543905 0.744242 0.227796
0.876083 0.865777 0.372726
0.065965 0.348407 0.102858
0.745075 0.555870 0.321213
0.693528 0.016303 0.780165
0.511297 0.491356 0.332311
0.338288 0.811144 0.730973
0.214642 0.673001 0.291482
0.250437 0.949203 0.001390
0.609221 0.616839 0.178661
0.283795 0.606915 0.995735
0.853935 0.563683 0.454516
0.683496 0.868825 0.402153
0.819796 0.994587 0.626159
0.661303 0.418108 0.012186
0.321085 0.335796 0.388941
0.502080 0.852495 0.689086
0.999250 0.888862 0.602242
0.223610 0.339736 0.202755
0.600014 0.596908 0.238277
0.988750 0.888607 0.199112
0.222295 0.219365 0.205601
0.817818 0.743089 0.437642
0.175797 0.354164 0.687576
0.577070 0.332427 0.189414
0.856851 0.440829 0.376095
0.970270 0.948723 0.178765
0.788595 0.078527 0.255364
0.666504 0.442860 0.540452
0.761064 0.362696 0.509785
0.599604 0.421565 0.321225
0.394481 0.676087 0.014412
0.627647 0.173321 0.447826
0.916023 0.136919 0.383204
0.872102 0.015401 0.036398
0.920474 0.392723 0.001981
0.023287 0.533988 0.897243
0.672151 0.526741 0.460970
0.785523 0.504999 0.932199
0.445424 0.137948 0.471289
0.208658 0.104670 0.953484
0.271682 0.297264 0.739175
0.492030 0.538006 0.680246
0.088318 0.084358 0.647523
0.290477 0.039621 0.753282
0.563336 0.869093 0.863969
0.445294 0.754189 0.323902
0.576863 0.292668 0.555286
0.094608 0.706761 0.463458
0.412622 0.711942 0.892865
0.782040 0.662932 0.916877
0.464389 0.660712 0.611467
0.486665 0.265722 0.354243
0.803726 0.425233 0.490883
0.272229 0.248277 0.480546
0.348937 0.859287 0.395881
0.920088 0.785027 0.385725
0.145586 0.324458 0.511849
0.070288 0.542712 0.973615
0.507716 0.794855 0.308709
0.252670 0.489342 0.832763
0.893675 0.089562 0.890349
0.659227 0.840022 0.461694
0.407309 0.977291 0.869182
0.682722 0.432965 0.663059
0.681499 0.405009 0.490083
0.240165 0.601970 0.415009
0.016960 0.461079 0.031895
0.397622 0.387499 0.434933
0.895535 0.428233 0.138953
0.029754 0.298785 0.915523
0.532898 0.761745 0.834961
0.673602 0.601807 0.930059
0.175096 0.997655 0.783292
0.572152 0.446010 0.997501
0.237700 0.668004 0.447170
0.183802 0.859626 0.485191
0.822843 0.883180 0.021586
0.228577 0.128598 0.502518
0.228282 0.429894 0.566837
0.661975 0.219143 0.015768
0.582887 0.656717 0.861029
0.582120 0.533559 0.568306
0.137771 0.083440 0.537929
0.268321 0.195141 0.921208
0.212067 0.165442 0.568112
0.614202 0.241421 0.387762
0.754804 0.245567 0.074454
0.670200 0.898523 0.194742
0.674350 0.148791 0.241087
0.656801 0.486523 0.737272
0.562169 0.244195 0.889119
0.538545 0.670919 0.894923
0.069141 0.287967 0.303074
0.218199 0.362403 0.552716
0.247930 0.604744 0.562510
0.009861 0.100274 0.077138
0.566566 0.731065 0.424180
0.938281 0.297166 0.902429
0.828127 0.095451 0.775521
0.190923 0.159177 0.893839
0.515621 0.642247 0.737116
0.587075 0.038628 0.652713
0.443673 0.152584 0.403862
0.828664 0.879401 0.947727
0.935078 0.299142 0.900205
0.849058 0.919855 0.379742
0.454662 0.225796 0.163490
0.248417 0.303026 0.833390
0.520284 0.665407 0.148926
0.667639 0.309461 0.307375
0.500401 0.580628 0.534014
0.429560 0.992883 0.697823
0.263920 0.696404 0.880780
0.568156 0.511306 0.758355
0.012236 0.071525 0.277448
0.748331 0.482753 0.621337
0.772341 0.882920 0.819028
0.522208 0.860702 0.032264
0.652107 0.101374 0.394984
0.192860 0.842566 0.843340
0.093661 0.157014 0.549709
0.124853 0.359993 0.616968
0.178556 0.490592 0.038152
0.932448 0.562586 0.623535
0.387719 0.752578 0.778930
0.774549 0.030017 0.026049
0.369687 0.427057 0.461484
0.008183 0.202125 0.600055
0.272548 0.669212 0.307506
0.318261 0.247722 0.833862
0.489607 0.881075 0.451074
0.382745 0.044147 0.463955
0.644640 0.864451 0.506820
0.182691 0.217642 0.265801
0.896718 0.328638 0.917961
0.534485 0.193293 0.090567
0.404704 0.294653 0.812069
0.905208 0.772505 0.521849
0.363089 0.891602 0.316567
0.942181 0.633338 0.732856
0.493432 0.377345 0.653216
0.348194 0.026584 0.811941
0.721172 0.186907 0.761744
0.604739 0.866404 0.273621
0.725120 0.584038 0.040956
0.989220 0.381465 0.999376
0.265788 0.558995 0.485874
0.228610 0.842162 0.878156
0.297259 0.124468 0.650105
0.194396 0.648733 0.692042
0.670996 0.585834 0.563381
0.891564 0.296907 0.077985
0.200638 0.585578 0.476328
0.130943 0.359681 0.716195
0.024098 0.832610 0.294557
0.427660 0.878499 0.427731
0.639305 0.056513 0.781614
0.888902 0.194320 0.976852
0.693724 0.506387 0.461927
0.089711 0.604351 0.985026
0.377427 0.733174 0.785974
0.813878 0.048641 0.049421
0.127988 0.276265 0.924573
0.185889 0.277570 0.047372
0.647415 0.831885 0.898597
0.870802 0.142975 0.520680
0.839035 0.543194 0.722596
0.828411 0.687002 0.003913
0.811903 0.661848 0.453050
0.526145 0.818475 0.120648
0.078439 0.794419 0.074949
0.197262 0.962372 0.110041
0.470677 0.383660 0.534124
0.316159 0.387779 0.242955
0.946817 0.094689 0.716212
0.481580 0.140640 0.186036
0.201272 0.960984 0.263300
0.295440 0.248493 0.977833
0.551924 0.165403 0.474635
0.010447 0.741855 0.772897
0.348629 0.562074 0.180144
0.138929 0.416173 0.857083
0.942573 0.915581 0.613157
0.580766 0.414256 0.312667
0.214768 0.477792 0.102278
0.303134 0.339726 0.722181
0.628941 0.137641 0.526519
0.795745 0.781848 0.504050
0.651194 0.008575 0.072835
0.285240 0.040819 0.330350
0.048145 0.909147 0.968449
0.069983 0.646776 0.564907
0.691949 0.695916 0.262620
0.134619 0.882730 0.640409
0.716243 0.466031 0.923727
0.899565 0.740960 0.844566
0.679400 0.195853 0.198034
0.821682 0.133288 0.692624
0.415685 0.313279 0.513464
0.562955 0.322778 0.118495
0.436479 0.980911 0.897430
0.236451 0.142404 0.751350
0.308400 0.600802 0.386807
0.246798 0.086524 0.640940
0.121293 0.642844 0.261649
0.662843 0.919711 0.872765
0.643363 0.741900 0.850893
0.202665 0.860223 0.837308
0.274800 0.898573 0.708774
0.702611 0.340084 0.971580
0.333204 0.400372 0.210716
0.829876 0.699357 0.200086
0.102909 0.536257 0.019872
0.907824 0.772400 0.174534
0.453025 0.289985 0.504098
0.099322 0.040442 0.785257
0.147742 0.960830 0.235327
0.556721 0.538327 0.230695
0.962268 0.403286 0.413795
0.559496 0.899079 0.096567
0.013254 0.179742 0.564301
0.200676 0.139129 0.247253
0.456162 0.028539 0.429020
0.792390 0.821640 0.177882
0.591451 0.758316 0.274445
0.873108 0.070751 0.379537
0.272521 0.421265 0.326237
0.695532 0.684139 0.332213
0.548387 0.871480 0.760628
0.224987 0.892761 0.437545
0.205537 0.903092 0.757804
0.604559 0.915277 0.722278
0.824035 0.419459 0.316116
0.497394 0.491538 0.438145
0.791992 0.982578 0.154889
0.649675 0.548186 0.062085
0.634627 0.014662 0.224378
0.668361 0.021649 0.844720
0.693382 0.971609 0.918785
0.619804 0.548275 0.975208
0.149068 0.838547 0.411077
0.369793 0.815383 0.725246
0.707736 0.061816 0.884227
0.956847 0.113588 0.918481
0.926435 0.696751 0.961625
0.933230 0.439314 0.408451
0.945514 0.653008 0.010023
0.459222 0.727049 0.723854
0.885298 0.991282 0.027771
0.731721 0.827793 0.436554
0.330703 0.436135 0.060252
0.595136 0.967631 0.750876
0.773829 0.890145 0.130203
0.769792 0.720112 0.398358
0.371981 0.805605 0.335067
0.820332 0.997687 0.994850
0.023771 0.175371 0.403469
0.151144 0.725775 0.464036
0.200204 0.312319 0.918189
0.346756 0.434984 0.250571
0.829859 0.743877 0.114614
0.059854 0.994361 0.647871
0.922100 0.572943 0.894076
0.614128 0.793459 0.476046
0.525441 0.466409 0.580270
0.728074 0.614565 0.315865
0.076592 0.145047 0.534651
0.435619 0.081254 0.818558
0.214500 0.764644 0.296443
0.488739 0.638110 0.395931
0.632893 0.161814 0.255545
0.255813 0.193277 0.853066
0.481550 0.734606 0.437508
0.569798 0.679551 0.108634
0.418662 0.886066 0.279823
0.456991 0.475144 0.981250
0.537827 0.660462 0.447024
0.506600 0.595427 0.006895
0.253310 0.586646 0.207099
0.239113 0.971253 0.563707
0.837733 0.895993 0.420848
0.670251 0.673361 0.810368
0.892204 0.183856 0.807942
0.533418 0.626339 0.808341
0.257098 0.961123 0.909393
0.839749 0.016804 0.924591
0.934441 0.265397 0.194549
0.499332 0.643543 0.755397
0.103262 0.440488 0.931723
0.389392 0.173093 0.107523
0.787976 0.296399 0.655476
0.237560 0.862495 0.670516
0.637241 0.268722 0.322245
0.718199 0.019823 0.061718
0.309023 0.721378 0.845699
0.946876 0.839060 0.257611
0.168015 0.362708 0.580244
0.884101 0.791827 0.392288
0.470300 0.132298 0.547525
0.559325 0.668081 0.947646
0.669106 0.815478 0.631766
0.657941 0.521645 0.964877
0.690981 0.393383 0.404656
0.786442 0.204719 0.016629
0.862919 0.426868 0.640780
0.691151 0.306162 0.278261
0.438303 0.883120 0.069963
0.898520 0.344533 0.507612
0.010454 0.250359 0.143466
0.519509 0.834942 0.747094
0.454275 0.269736 0.936352
0.835728 0.771480 0.143738
0.321983 0.051903 0.630804
0.800371 0.123294 0.638900
0.482124 0.768718 0.943768
0.333874 0.830682 0.871346
0.936465 0.517192 0.119309
0.995340 0.815621 0.265666
0.497444 0.157431 0.150770
0.659835 0.979550 0.420445
0.756848 0.494892 0.004087
0.914884 0.437014 0.999964
0.260950 0.996642 0.196355
0.508412 0.656943 0.492576
0.094692 0.189353 0.566536
0.693053 0.922417 0.818666
0.993942 0.926054 0.569410
0.729510 0.786912 0.354284
0.352748 0.346246 0.655692
0.615799 0.285839 0.061092
0.118574 0.454708 0.410154
0.168163 0.049987 0.457685
0.070460 0.806287 0.472175
0.966011 0.153027 0.846980
0.105036 0.182383 0.596309
0.390524 0.116545 0.359810
0.981635 0.554070 0.225674
0.145592 0.221074 0.422459
0.409783 0.358474 0.284243
0.890869 0.887077 0.117459
