231.08691861789413
67.42667802835729
37.45781926176174
88.68523512849501
175.78121647711876
197.37117795645503
77.00206832044778
302.5660291329533
137.3361678186234
206.08086324793717
116.98250542687897
86.15188023130912
53.65799331455997
102.22555737520425
218.01659978057958
252.66822150387944
122.69659903617594
238.47523812882397
318.4276070965349
275.11813657051636
280.15811419754084
290.5390219681681
138.75121550485198
134.19796920071224
44.273589705621625
351.4928042701413
233.420984169677
190.83830336134446
211.98297038502344
59.47753735505949
26.44653388667942
254.0625188383777
248.19282410074146
214.43384487964636
77.83674106983742
109.82022026354143
195.96335462052056
102.09198757042239
230.9053568727507
216.55723656361923
3.255120661037988
306.2810843769093
154.6960020195762
340.6643871857681
113.77308425071905
100.15809161225164
88.21670958090832
152.10286896362837
93.30944061959838
39.46836504169594
80.3153841774638
114.91886551346805
198.44906504513452
284.6674718418222
251.6651096133657
306.2898085092752
325.99350861995276
172.71146104488201
126.17698516926602
164.29991278486554
59.05627560714697
203.69814947045532
258.88511661636994
63.11731943553383
267.2064177233041
260.5216746768828
243.03518153926618
130.07910764189674
7.344685582745967
324.4071219416692
255.61133025979353
15.71308040365705
183.80292180367456
342.4887509950472
123.40512201933392
76.46350150794036
56.50771323673557
214.90572130207093
79.40526458991825
3.320392180287904
27.787010573074344
228.09282766373977
38.96105122910851
74.42305354635587
291.32006027920863
80.06542809168229
189.75632446713453
329.2155083787696
275.7291957808487
85.32335561869934
97.98302100320787
306.32881313075376
51.93780114071997
204.36371394371525
180.0698902669944
81.65583363924333
99.65723677845382
81.31605967971231
278.8319935790952
85.35390205731743
71.6266371493858
323.888204755275
175.4895842404292
126.90807914987965
22.12174203377545
149.91180250783188
89.53254466907337
252.47635918662507
192.25694188466682
341.82355512917775
304.8231640531631
215.43000812340776
169.5257274647595
347.79732339166884
235.0927000415321
15.52302707800592
110.336602779997
333.2938932251003
46.457965603797525
221.18538700090554
74.65120541785708
97.91628641453599
103.17843003297858
186.51216942787235
149.85295492532498
100.27524720504742
244.08676381826115
228.4571607283862
160.1185634362625
328.45224133778
281.26495047999356
155.41712905071194
284.7072909315114
292.5928319791962
167.83662396378847
2.507191199034774
218.25998986644532
263.545693468317
140.4805806424085
7.871033695527968
80.20560792608184
253.02129963762795
16.688284147742188
273.64482566576316
239.6686780743995
139.27609240585662
30.167049794181132
65.09855800909408
170.59630592078506
38.25851668026956
262.20809904338586
55.683728065054865
78.3348454187303
144.25241664498117
51.37472639652714
326.84188844818397
232.94346600420766
5.243273397686224
214.34873841876163
209.60592587594306
276.59535069070677
72.77283840621591
207.03106867416994
84.27531170478206
124.6191718638873
23.087253696412176
129.32982387763056
216.03504348733637
171.94814684353815
336.53213844630477
284.22813493609334
298.06212658062367
297.514514435496
129.34256162292778
324.6478270920988
236.14716896687898
85.63178523382093
347.54916801281337
248.61064640263177
336.5131823699437
347.3181744036907
113.94555986525349
66.11809801835196
221.15179446058278
106.45272587000944
60.55681980338787
277.4270008115299
154.64138058708178
111.03960622484219
113.90706207448244
72.25905573828567
188.43266066156914
168.34917165067208
92.95221933082198
7.55599233926241
140.93552553717706
333.8890123408063
187.55078133688022
112.09054480111078
320.0467937951401
157.91980515128222
190.91230583113685
321.27441436069296
53.97484893378652
19.85142350399572
191.14946461626192
21.86103184478256
345.84125328159956
90.61829924649686
108.94493897065286
351.1016572492691
248.98172452404447
105.251159781228
272.5457780007909
41.26488016935758
343.00248752148036
231.21965114287164
208.82936211235588
205.77144999076242
27.264301357022106
305.70009983944203
46.937561121238495
2.812029886834975
176.26120900401776
292.3575749348708
143.88652933878544
142.18616747705275
310.2577073154436
40.05961165752155
208.8084578518982
297.8495282459531
23.542163684894867
335.57618026763305
244.98044581724037
170.02860231438078
21.630755140787816
191.63678538158675
16.916283223775213
156.36561328403826
254.5514607681234
73.92733868745553
310.81628461821043
223.16509748205937
205.4881373706254
286.2080003359558
141.62827894783658
49.47123338768065
189.97379084380265
98.48234657506258
270.34898118930647
124.17145398713781
151.68904216877027
358.1621468568533
101.25941076350661
68.87938312743853
286.80085132505627
267.35392224591
328.4291036893073
51.300840308742714
285.04902827167297
143.81176474087164
1.8811049877713384
54.86430223677014
164.68729978946794
310.4556537092287
192.3624162096149
124.27996437702282
355.21122509169527
255.18605399744476
80.36038505431611
221.82128011189872
295.10178129413646
55.228226904702304
220.9464626143858
66.88731021529806
234.7180374000309
78.61782925401249
58.16235070857045
129.36339711261377
306.80764763523507
22.93126711610719
106.94632410702684
69.16522519365925
60.3164030283765
255.28859303002943
106.03349894045495
302.6346613452671
112.55305685087919
149.44062306692194
23.905489551818814
288.4173761611251
278.66589289461103
122.82563696677848
171.15647517429022
193.33917712379233
116.99613653708016
263.382478450732
318.9251935372203
163.27461493750334
78.90365437490783
261.58690828835415
281.119011203701
226.6371676124091
349.18496433490725
223.85517016336462
76.10723100306849
162.0432476592344
201.61089486343175
11.046374212316154
207.1731050528262
100.60769557673244
272.0801978300947
335.59068706266146
158.0998723636492
135.75425366765114
118.92692978094205
147.70192791864974
12.239208655937258
328.49215598084425
96.82087367273601
358.70327395662594
99.66053756358227
277.4586993614636
293.4145076686731
256.90195867467673
290.39960490836944
64.60986932710641
270.9612826583892
351.0577437631948
153.06210174971463
329.43668327459176
235.81132569403667
293.0360439482907
192.73461542467862
102.30438786723562
22.122832456531405
147.72526943708758
29.233851984587183
132.14685134647777
323.77731313793623
93.44948571026384
196.5321511332561
338.45259403102955
309.8489685763351
13.81366825016188
192.93174063349178
223.53302744608132
123.89402945563909
285.43321385987343
12.352535353711277
86.86115665549892
84.62096121826063
294.86738657308774
19.006291786660142
104.1054907160652
223.21912806389074
346.8431292693009
239.42047504701347
346.47988574467456
102.6464903845333
220.83385266827753
146.86469837857095
330.5551647280924
277.9960827081483
286.7285635337539
287.8383686048026
54.21006704895058
56.59309364639216
72.65871113658466
353.3386809526889
243.8324268703951
4.168777555593846
61.90942864387506
63.56551530345044
325.8755657942598
310.063696252816
168.6908082752292
23.91105399398526
342.9106417040893
51.12394337717053
143.22092397242537
82.82679101438491
273.17356138552685
162.69732436563243
68.432982271269
311.7368654169219
250.72576616285843
141.7610746818354
146.3566699748579
168.68364493160644
147.83144844522135
2.6070498439215015
267.4307228603874
83.3288978345538
54.157587742749506
144.37609196253308
327.1305569444475
359.6687541629523
298.4735441878053
197.45552591465082
235.95489565048743
119.53290214314016
250.95304966242497
86.03148333157466
170.50857660479716
40.689458111090055
48.60309721636227
310.650439070492
175.2957559834993
316.782769180767
119.8242574858509
124.37399635276763
276.98526020460383
161.61728826277405
128.8735193078271
84.62940615810342
292.830638930325
103.02759345894587
228.09829484441303
237.91281552372988
307.962972942454
111.43554312078037
22.422996542584897
201.8594503039529
289.26918496522796
231.24110516884784
105.67296162052494
9.472498587998171
291.9340306814733
26.67511258492611
201.0853121760292
93.57571703515181
74.15980109231843
236.78783375999308
28.865652874918226
18.341833852954345
201.22068460202388
75.79957658901854
46.29830599543361
290.0825943274327
10.027839179467039
285.31219470492755
135.15720154182367
84.40660097532802
39.690358183573146
43.320200158827056
189.54705075334041
238.1170727576438
53.832814360149044
99.05719800032271
170.3955125902103
289.06050630044535
271.59407868520975
50.602312432976866
256.26438685074385
327.38330824012564
112.71391167202155
241.0587035890339
281.01264875303144
336.50212140959354
298.8541726290295
68.12654137052499
319.0710504573112
36.183273753291765
68.83061816869503
256.022338570755
316.70395170215204
152.4794276716533
182.12379817451097
146.64331476538246
192.8991258168113
109.74743729545096
226.7321534920273
116.50628259443074
225.56759223957485
171.6040067634352
325.6950094809342
225.37663041967184
239.606927858451
85.44215404435023
284.31701716477954
59.16133834277825
261.7295927047284
197.68683445438114
253.51114563052207
353.40855592198693
2.71586720139205
142.61468896434894
47.122010367783645
206.3098975153813
120.91026704306132
63.4113840513004
75.80565603259411
340.503242830442
322.8547045136766
92.33654650216553
111.9179791347737
12.086738626919486
182.78563083704427
302.6623249513141
274.37915302429946
255.27401625726623
295.27358976766493
186.39943901890135
216.00210900019016
128.04907865866542
25.43055447957819
285.2616929416221
262.11730620364494
32.37230737769151
145.9020669583349
294.89373339027037
323.57989381864616
119.08954471832337
16.575960666620233
53.41524604698962
311.99977722550165
106.57251385283982
127.85362405983547
103.37993788252355
24.806801286234414
120.34509613058175
79.78446639158432
265.98148654096286
211.7604042772059
196.63237842132412
52.1855842270541
145.81600203959135
163.82954424243206
1.29295990640905
32.894392256346165
75.82252837326907
33.83409697103181
152.4624315477982
250.20715218170108
232.83894706977662
35.68503374265691
280.86943925982166
340.82655964252837
288.8906444404383
166.4591473320189
109.02842743702396
316.90826887886095
33.195345410663215
253.04362708864235
340.49756764633605
332.16095616347775
111.88104933041541
114.72720934015675
16.069893777660475
344.87530645270505
235.8934487575993
55.66712133451746
155.31822724631687
242.18065492403957
23.511196681553773
249.69154056207074
247.24539599155946
293.8301602105789
210.14230178381803
215.6020982348908
299.39335368621335
312.86358960796866
59.465305838523186
355.18115152368506
354.52047720583647
156.59707108304931
136.89127128498592
138.1678044832358
49.558452342033874
103.58215326280676
293.20367145882284
323.30065436705695
102.46477515883448
97.81896903858258
181.85676372709202
186.05544268946926
40.47115678121436
230.03492608227603
267.07833786819975
301.7942920110229
45.82911570553979
226.32995821619883
306.8417095882587
164.63308922940504
108.7711996887393
226.43747163911087
46.31517704790705
330.93736336246053
2.7365685571313287
92.25303662308148
298.07325427662266
52.854230483170724
327.2278670464388
227.5834505576422
140.82890208055937
279.45052454754017
321.2982067198493
350.2669472017134
273.7586551176403
332.6835737431758
46.533617359657526
1.6508968019401273
75.42706392543415
202.23937219151972
200.1719826023713
256.90276734522126
335.6065937801754
98.89607687202705
278.2644737404099
182.39140479772337
222.93596506232944
141.4587853841394
307.22522018008425
195.23179991390097
33.58674478362761
101.23787912805307
345.3117024127003
179.1445982854494
11.171420062308838
164.44225262512788
25.1186140473748
204.57139012538485
295.7978170968373
347.0541504012917
199.62884092165075
218.5262592856997
339.96987201028367
307.0896195847571
130.97145405366487
156.8553654970659
290.6570185999412
186.66506376912068
105.293626748925
100.60344641346944
205.84255726428162
347.19413646985987
157.91067347443095
22.61921068910834
192.27437831669573
175.20323469488127
123.21553687550622
157.96439589950214
156.3952934053493
69.03717050245184
197.64011854074275
122.05948245435702
81.30890148057752
223.20755182382524
20.68797839053952
64.68900656078911
167.0682655621963
92.44690373655258
168.372426377779
182.340971153412
251.01642415670756
163.20110111352642
59.352233625234135
350.30113114958226
162.10074885730836
223.96071059150734
357.96883137981905
228.4114712913901
227.15962625344514
213.8052634427891
236.37986395060673
160.20418068614856
280.98625000998436
40.92349920391018
135.15402272784308
34.715407933941975
195.21326524214243
252.4559224605553
185.73872876143474
47.72741271383418
60.66878468111224
209.78741850583296
153.87489729496065
202.4693763313802
283.1582684649579
169.35144878556207
195.65578127036244
71.94525470658618
304.4830443873745
9.507913994521958
346.6319413183989
147.5656037932589
121.37819518305608
301.1745962279908
40.36317647804956
269.791018973845
48.012859041520294
221.7898954602956
158.2141868749637
163.59752784921494
290.75817390709625
30.035824048400254
20.617545786754036
246.96610351037785
114.72395423824281
175.78147526340229
11.473073090890349
157.26804596414752
297.585323955237
220.18725040304565
54.37721630771434
77.34103616483667
221.18477774741078
350.4860205347204
155.244901893787
159.85401442271285
348.1338067498068
353.5281421475575
77.60926829810734
328.97912757991077
294.17601009128475
347.2316920465175
12.286571241667199
220.80168506200044
326.7391428645117
142.43978809355895
41.26015614842398
215.62150129842604
103.13576831325338
164.39428768158322
168.70920828953302
242.35674152977987
343.2098000284793
19.191016367279968
130.09103415472939
54.20073280717461
71.12493013028453
210.78806563044967
224.2595264549704
92.11560294177649
260.10253869068987
63.60289723271846
114.1846381147414
103.06763195795214
37.41030664523379
122.34388060473078
4.670416170385991
193.78815972919926
334.06370394720796
123.62669162250623
247.82479323611153
20.575195285218303
344.4162457276244
323.3359672334949
302.1245180436994
176.99474183657932
272.6436634943424
80.83771123573725
258.79995972683207
188.64469480542235
205.05674368458574
77.91725056162194
109.61715906862885
199.13632424410716
134.02052501388712
268.71904251261526
321.0498176608209
207.66552707878503
124.77622605684759
344.86682959179774
198.20654283293229
128.81787704791552
303.86538864168597
21.988345518483
135.25742606702156
231.70535285367447
190.65962150749647
88.78490241267512
142.38826204538643
69.38239006916619
260.53548714879827
254.38570234131808
158.0025379562318
340.84764605445986
296.085828379746
37.3970205686129
213.7701742517004
58.368103768064415
208.16786819560005
0.6736446471484353
94.91364188603087
229.34430444604928
272.5546974293843
151.60521686255703
247.9278669662308
77.74454133932873
73.24608058662686
101.37405373973004
127.42021746664011
80.95646111158524
150.41834423373166
59.252497209502245
20.620100833278475
40.30590915663421
161.35328734180712
290.7016874665008
251.58307796855757
91.85199086303939
279.91650531450375
352.87589586771423
10.345991836230343
246.41514192706927
136.92147482032135
257.54935720266883
320.12642660943897
55.561853885902806
327.8683813877653
132.64537202063178
118.01050107821759
184.79205818904845
68.16208145042904
204.68725507820852
46.29765217281658
18.725090856520435
165.63139305686357
126.15055870697675
356.15701565417027
313.53412917724836
31.237669969524912
95.38216711437155
228.57313012594065
323.5310738045577
310.78405052976996
144.73499758676206
79.07003826569212
144.29213297037566
312.99413145085066
255.9482427347614
24.325607395782242
52.26984302811252
336.15691226223174
16.348417109251052
63.48834708184464
28.798238361529517
71.51487493601722
338.1285711801465
299.2953249150158
123.11537494558446
94.46441114875431
46.494842061973586
269.53896073516825
343.4440461589604
44.00181097286136
315.68519459244675
291.6988117296697
126.97223037774098
344.3860640460039
307.2203651136914
272.7259779617097
206.5587119904167
21.33004781719399
202.48913433766919
265.0735369234351
341.030377215024
39.66654623074781
157.4251062092324
248.1502694538941
50.128132017836194
204.5845827674367
106.24906107888712
124.40468311130161
55.12049563113162
202.03023734715094
0.6737572357940363
208.7589164911053
142.7409857237628
212.2553461280565
305.862007084522
316.46072878636784
225.46400689710055
185.79034139270018
253.96994468832918
92.68721104997189
155.0962368110972
328.29602930391445
338.87258474876336
72.44846618338208
1.6370649929912888
264.11018412037373
281.4827225849747
325.16110962338996
18.48048001933816
206.50393426951416
9.821816800112252
224.97243732584477
126.25384075277927
194.20532915661295
201.28531061821695
268.6253554991276
251.92831553133308
252.3683862699099
96.57401033246043
125.30838113485763
318.47975902888777
341.3849519720121
234.3231179570713
57.238001213870184
124.09662846281186
198.37305179495638
232.85663491880365
71.72528235272816
33.550464454424294
153.26780779338856
303.30621160214855
183.95099387828486
253.06086311641025
299.335642939293
177.99642267443306
336.34607161423014
244.80063824998925
182.22066206898631
266.7261962915534
1.7550301018332677
226.44866863818456
122.56499396728562
244.28328732021168
119.4905110914801
37.1880519844281
307.1501159268605
248.47837732844974
144.4994444013949
327.02681398926893
339.5125456444598
150.0334730134905
163.86424448450643
238.65486818595784
321.59972616590176
200.31960748614077
335.72033824821256
185.24881411404863
324.8243256415601
129.27124065251638
185.84841538493833
312.36457070105143
318.98604064740374
133.3264554459795
108.52132062611405
262.17829113035174
92.79465207794476
334.1650116908692
139.67952905664487
231.5467670600862
324.3991047910324
285.5093324029653
59.32599620981662
279.2929508959085
217.65920071077798
103.45887568020605
304.1708292491859
240.57859922951366
335.9527913986358
212.13343667949292
289.1128139908961
75.08097355199959
8.53741571320308
96.92669306540846
55.7527349910648
300.73961702296214
114.01065673206001
287.1353533479133
271.2573572488967
160.82534643350036
319.2828375684443
105.33443715148664
65.35059551702362
280.4351345481588
1.9969142534833453
172.77580649597678
29.335604936629256
213.6062507922174
39.929354399987275
331.2913008093728
132.062851362233
187.23527224699185
79.22539424275473
238.20875410556096
105.93935703615224
278.98531195817367
100.04192629385884
41.89106623410641
267.2193966379809
269.77510289333327
224.1531167705653
158.5073951203347
301.3879474820326
299.0647197204418
201.66475601102542
86.79254463225331
345.5409728999644
111.47374662601959
357.6383349637168
333.2905218668488
287.5182377006033
101.6345593925699
293.86806258201864
41.62558145569171
223.04287627070894
345.5368815732299
227.56286756908213
12.343194022846124
226.65534248795365
145.25222768297394
91.7749867520276
71.63779427278456
88.76239009979938
40.7210291098776
330.35287110566674
31.771053813025464
77.76784504165903
152.584462982597
56.17349491183721
246.84198881995908
26.823424046700648
344.0701124678879
84.41649134561564
117.43433116433427
126.13611682241539
144.8463404038624
313.28345071559426
168.16139202220515
66.8518067242018
31.836607411167808
210.14381675376225
306.03053784754485
84.77260468261328
40.04426791354711
71.46697349608282
207.89588071198116
138.43310061954648
243.20049720376446
86.3500458491919
127.89274886036522
267.76372237412403
282.15453352606187
91.47694614198144
65.94040999563116
150.19287222584796
314.2337591250763
203.15048730817432
267.8554392468
337.2841664668816
68.79788723067418
24.469006741408215
115.06118190105555
268.9878189507393
168.4006610050286
352.21684199599554
10.630868250573023
91.90540547020724
297.79630770605
284.6655116156453
20.3902210053765
95.85084620451234
144.5035280990275
307.52128392836585
250.17281140497258
76.40955555652387
28.92329244047894
101.86244561337546
303.4757276518342
1.3210146198705326
283.55652674676304
77.20739053077587
155.98187392664093
112.71286535305345
126.71788291862606
94.07594318004588
203.1101178452729
88.33900158950169
68.13928994984815
346.0805991791208
302.17836758678953
272.81912063961005
192.12757859885426
283.75727917932704
120.02809150450437
43.64701818150022
41.75754606323373
331.5779902425672
163.02814791470894
248.76343105494658
276.21127632499156
111.65325858132911
280.8141651017951
201.00427913067205
296.81941004850944
13.599128442402833
20.417612457439148
287.3358433716704
358.0984737199467
77.78336270004527
90.9884719991206
357.4706369085949
83.83737651553017
247.4921559045488
298.52139000566194
36.08305905441883
292.20092775093707
67.21292418684439
276.68716938833
216.09487413117074
16.06497108044562
135.68011043618105
212.60950410010946
195.4628342645118
103.47067829716123
214.95161950597475
327.27971287553
98.2509659934767
119.38839003414067
199.6149737587891
263.88172290926116
118.20729659649321
88.676953529298
100.32659230761217
344.0583357503721
235.93579555611635
230.69203751843168
87.32764505041473
298.2638661243785
26.477944188124894
184.85920148972656
170.0146166017375
31.460034106763246
357.19049316939504
152.73772940362804
160.75444425352356
209.1892729911991
14.142442186798805
337.0597124164924
140.80436073040022
62.859467586931146
211.5297192365856
228.59921675113787
34.79477524786198
46.85340145720826
82.4724208820135
213.7757303688167
153.6504544892759
179.8851121927137
199.87808371554124
95.60315026598175
91.58241915643373
134.8713233401281
27.714541122703096
348.043666376432
121.84849113221307
214.60426584838535
193.08228623061586
337.89366956282197
169.646501708747
359.963048198027
98.7699633436821
135.6641045511258
107.61375029085258
88.15240597104689
231.54149004306117
278.18539440495044
201.21113970858073
1.0195153745965135
233.1690386924552
246.9416998101489
130.07650572135483
214.6532828121081
166.16252189675876
45.966169104742086
126.15617280867552
34.592806782027935
79.32250737941946
37.29086058795214
35.51406297736636
35.252933053653
56.068232501938766
68.1300375459041
74.87926140901828
222.2266879395427
123.32977898579873
138.67939096201115
242.71139166611414
188.04211498837407
338.76900461759465
92.00984045637676
265.2913689155358
35.27446216255634
244.34085139767424
229.28694466788306
262.8720496545354
111.8720501704158
72.80287194932409
25.181446178178355
169.26583293362157
82.62441329679568
75.61853039724944
3.8792393311210382
157.6718090233031
292.2050029861928
73.04563458685178
169.38075361843423
146.16698671978384
144.54751932609403
17.568544311468006
156.26352091313655
336.0073147566014
318.2211011508237
61.24469891048187
248.72147418069912
243.3388559630476
292.11151789715825
77.1049012721676
281.9634927222986
61.25666846618446
263.0058121806588
357.3132636510933
86.72852032850729
292.7428868007957
281.9207766977133
31.11300445246783
359.05826734405287
87.66075282255665
75.99195371022762
303.1205797446532
313.5264460779532
263.10919559294996
131.30669635803173
225.47646584619537
273.05774471791
3.2934877913848024
55.84763778014398
316.28520892143604
202.71584596316976
257.8295557626357
48.26809648374201
349.69084059329623
117.94182270613409
218.9845661628691
161.95497766022896
50.930207190676036
289.4926510736701
168.22034322131702
343.4307676996722
44.368821284925275
174.3463931152322
316.2434421340799
63.62665528867531
315.6472108187959
242.66473877193675
170.20022616632005
29.03444678031524
36.58239587497424
174.6799522387682
149.34254659321655
115.43625410557551
288.7332761068321
58.969733166342095
316.6076153389246
70.0302494371378
214.30777743538505
117.36978700943591
9.21145086074713
274.96170872823586
232.94085619046245
164.50421971639346
22.158064821706756
323.93224211274804
40.157446404086016
344.75859045607365
35.27849733057973
247.1361583594003
224.69700283033143
201.27221174530519
310.05820839304204
192.04868806901317
192.8401581973139
13.397614802921906
357.9853020557238
168.24542609447252
270.782035875386
49.90407063434554
227.89075963229945
138.36137732415185
48.816313716087606
212.70487484876233
338.87697574821203
32.205268327443186
162.35529862987667
173.03256937348257
303.4757900467274
335.40087735913363
175.08433413773352
30.361694422066396
330.10300961501366
174.4485016632053
229.58738422237107
251.97749610019824
175.08104836664492
235.47129265097198
46.1666379608836
8.81727997837035
135.40613746503215
16.994502899162732
277.7512293808483
332.64111447382174
149.88032914862796
219.50172178621492
290.3130895430021
19.42758956160699
271.38714961749054
115.47305556664442
6.6460770679340175
79.26733658907717
255.88522833589857
81.5322070772719
241.25047077220708
67.33515611547557
55.26652553254319
226.09966510089671
106.70715033396749
59.06842734499834
120.83054411263602
73.40851813340939
205.68446196958303
162.6813866255044
293.60432019025257
257.610958845975
188.56792153478392
72.40446500825661
246.97226572409411
60.388950782308854
91.72214366564631
222.82356540175581
127.75075653551896
174.65593417462543
172.46185893164508
239.13720266995503
175.317444788053
97.79706288466629
106.93285715837253
146.37275021292666
78.57291231596304
170.42226907277393
88.0503672637742
217.3449958013376
27.293175531043953
292.13150660146925
59.39365656555668
310.9001662861969
55.578255311354624
147.03420632425986
209.7287562728132
69.88015902668175
95.13773956053002
199.6748548133168
202.7033818328605
122.51010258705371
155.79871793983585
194.87586257101282
289.3573982457526
86.00834655875184
246.15431057358975
56.50785411420134
119.591341277357
54.71942452726043
93.39983548012867
1.2079666026232068
325.6835439233092
264.84931106603625
180.6980196990639
238.33621871373927
213.87516284357704
141.914555490595
9.976967741210254
176.9052115140202
91.79200932225991
164.61700954010956
359.01411506923733
251.8134799833622
266.2054803131149
340.0102138694728
228.8456186233351
358.10430831187495
207.31475737135932
50.066466470592516
125.46263629574534
134.00914560223325
186.00099451727814
351.37765197267544
298.1121220064955
185.54832157769656
339.89189303744854
303.1677014134284
345.2285592035348
359.97365106652006
261.10200797536385
262.5173421041901
291.634606148755
11.989159669363598
165.20568831207663
195.28538653375173
158.22641711607926
233.1280703943736
210.52623267918383
135.49077989181657
136.9572718654017
310.13816513753335
297.9967040788644
204.82073215166443
264.6392631215204
352.41375456598234
73.92656223222522
219.16361706255287
92.38775168264887
349.44039305553304
303.3028129217407
15.58121890549002
28.579821592019673
269.29448122815086
289.5892077670349
74.30750283529375
311.7414163568836
58.36122890285718
195.05848970489117
352.61093620401545
198.5066437387944
80.26541905785245
76.58080885476335
218.44919546847035
165.44900507509578
246.68699557858108
188.9023030932106
256.9139654027218
315.16956374049465
30.343883118629236
228.64743755614103
222.7454531764269
297.4544730403795
126.9762915615472
50.32797639887535
124.01010379254109
122.12109276791902
87.12159697083285
292.69879554518
152.487239699399
17.53367724990763
279.73481452540517
224.3760407536483
101.28012846328151
161.8120025733729
37.26098335308937
30.41170333972214
15.358776628987224
118.8949750261852
158.29244943152537
44.36787810829384
198.48966323745645
295.92683530904236
353.68820554453544
27.625944676899824
280.00279024912305
214.77771576261674
111.5728728829158
329.5909803908136
168.14494870289394
338.79985898723356
67.80951032594633
150.49085787366312
51.32728797089783
53.10753294009252
290.15524120655135
227.52163191478468
175.3131553549263
133.58466038784042
204.5589457316817
55.660843134275495
92.90064879748263
13.64036714342299
86.03659113321127
7.873634685720196
52.758167128162604
201.5114892007384
294.1355400877434
319.3174212230885
24.31746254740232
174.2158257885357
31.264721094281583
11.883147634818586
146.02748451105202
346.4524500245541
272.2495333289899
52.47043798283385
279.07271795719413
267.0687132900826
355.32249151468596
199.30411356919913
309.2739750490641
163.1226780542269
316.70897279355904
288.8948642268044
242.4841344971291
321.99134479371196
111.5236718127271
351.00309753721064
178.85475010050686
165.305874854593
54.91567387501175
10.708031989112264
282.1604133461824
307.37579647900236
193.62142575852985
293.67140030303705
125.42676537129677
39.70147421943253
95.3933680921039
112.90823595459992
53.25568028731694
299.6995197737488
86.48304248282683
219.13526318704962
114.16038246282207
57.037566495772744
198.1959575286491
356.22610928600824
240.02935735445436
286.141120426503
175.6845968985505
152.30005163402245
341.1021814819414
288.29598803542245
181.50515854689507
314.06995121450103
246.82437052549608
91.4639504721271
258.48509197881293
71.57247081214602
167.64376580617912
137.99410030400168
18.223554394804587
255.42057635811167
191.1447330236365
235.53332790298376
197.07301729461372
292.2132787992434
266.38460892788294
253.51309703661792
44.42712347552368
93.3733078172216
223.94616718084345
95.8603305525071
92.92793072010993
56.177992132272045
28.85145262641351
272.3288132418915
337.57729221099356
256.7075357774878
260.14288241775296
121.10635875877671
11.67057524745469
223.53779478312157
95.35096308325305
157.4539879986461
56.950160233412305
331.8436805339068
313.4101589875129
148.8504715483646
109.67941745732197
322.7952378767977
191.1976962209556
78.05607696633028
341.28833935747394
304.49625743349935
153.6675600751552
94.39914895288517
263.89905030249884
339.4462535252744
63.90102129284186
117.51225104323288
175.2627959290928
222.5326853877228
30.614102171794542
111.87099318292819
289.26143946300306
303.4291026393261
71.63105991011123
246.9217417039478
215.56070330521982
230.63133583655878
328.02544043644536
165.79487165072695
4.799991541181735
61.223833528014424
275.55479163722896
329.40023937833195
74.89348769842933
35.52891764229004
70.03714576838654
313.73877047304336
230.20234115724196
321.1737135770406
352.55197962194484
206.9356895086285
158.1111942688465
121.44924570222017
214.43615445472415
96.95589114055966
109.3974237550287
344.415351941116
167.61371978293658
167.8679713486454
67.74103646168378
281.64362968769575
38.520615041690505
319.35663589385297
353.3328320356394
305.3400064674825
113.13594290258446
333.19717281606233
219.85967956669788
248.50938652998767
73.11851051848164
136.03726994109613
314.5734214783752
180.57949911897938
218.11651158852334
253.08468058864017
316.5224648106143
113.13362229771097
329.98068949694004
29.58432398758273
328.3758409120499
203.28539565739928
198.41173129998543
27.00638861032493
103.7463386343611
65.69471858121676
245.35798248306878
310.8321485919219
221.6623334033081
219.62425543180282
34.12725432887046
77.25902439989112
295.4062937347482
145.21819262587522
173.27757912818996
268.0454961125427
205.92812900423206
172.2906168169804
80.21083461616337
153.51927964620995
49.24003129354622
163.8552313759031
208.99388118126578
279.56159438055687
92.67498410138889
187.08775637115394
195.37049630799308
213.11075805592492
290.2592718353092
33.87934127610062
310.0513479566881
292.9201911571005
263.7659402619507
354.6459847962759
313.08218499983985
205.03485106218793
82.27526385017579
71.98291994068467
266.0307905178417
96.56237459983096
349.67306412670536
248.53984866136187
165.20177338361344
165.19917759018983
193.18382268137904
273.73698849201185
129.4362372752335
262.81879646916923
244.15678923161857
52.67212032138127
226.00549475949288
274.12347405147426
317.8714540947515
154.53620829213202
90.29494699894894
220.83356223041432
223.8797942543656
166.82570376852155
208.38349130733548
236.30532270097333
164.2737112613184
116.59364857419945
132.870109202749
139.83552767058652
140.84007778326924
21.69771518736346
350.981442988651
140.82232606184184
125.96189947134506
197.72758124741995
261.65507291632565
220.4272307545931
41.447547655644115
114.76424899304601
210.33502353123149
269.60082727743566
237.98621752180526
354.4452437898096
251.14359341136833
139.20479465523195
341.7822638674324
340.9396104483932
169.0024446459548
199.95309529303222
39.28975871777061
20.75784292657272
326.90967638598295
335.33878100142294
134.1174303781629
104.50859582288895
206.3403817412298
254.29356045931502
254.97436174094412
64.25034445236517
195.01868900429903
15.197811363921984
262.74608368131084
123.32352430973224
166.61001354608848
38.78908824643889
202.05882975427895
344.2124844437008
308.52409180371257
23.724057330763152
126.03539091806722
201.42705538068242
20.537700718218428
207.04859982500693
230.60366299462956
80.04857601159836
305.88199082752953
262.9358527195686
167.54767171835377
23.3643479381149
58.93355121142532
234.09016609116094
178.65350481030114
143.79340132920137
46.265657343776624
72.09408611500257
37.28212528232089
77.62074315940417
227.43906603666488
269.0092899156038
164.97830785781005
333.1063203298096
33.86825606145259
251.26715225500698
348.93901121938995
269.38643109496695
309.2802660668821
252.52603928752478
160.03604311827792
230.14925835454227
332.683418465616
265.0215902222941
248.93476950848654
309.08501964586645
149.40029960600228
278.7724786799423
107.22281828558768
3.738284734989071
233.06906146647492
183.29958091878447
162.6111615300752
259.5282990966068
52.2332905473563
71.04788481366705
28.39865670124808
18.695115933361866
301.81582335406773
302.86962065950837
104.7962585604127
262.1901008664188
80.26214049211413
349.52133030938
223.48893419466762
155.76714056393368
275.92076288225473
288.90700537030335
352.762201051932
92.06652878487361
306.87568839910296
118.41602909200803
85.64224864229641
292.77687659584086
68.24308975217201
314.00624804593133
287.9417806895785
271.8200254827883
161.2828655794804
17.868897770507846
45.04127349014735
91.48333199616154
344.05754511806407
190.0919258934066
322.38115440221713
36.366153271143176
109.87562078444547
11.04623775970227
316.06011229300776
102.60840700621509
173.16486054792188
101.96123219311212
342.6041983651164
313.48343445686635
119.56515870456629
139.48809149277682
221.2931585513922
354.85141033529294
313.42465913180155
329.7509408797637
80.91575653264205
215.70571074197184
349.2038075686785
314.64558293335136
195.14291346987827
206.252839581662
272.82428559211286
21.7832671975685
314.00110617195423
236.21421213581897
115.12139156200028
279.1218875304277
149.20474635825573
290.2162835102504
307.7233553554875
112.21739894420973
70.82653903756132
318.82464861427303
157.7713595047877
355.57079265849427
26.703065216904207
103.96390838273535
145.5748326083825
75.46690020888865
60.483520939504
131.1356297657875
326.7248038258197
132.20123709823795
32.60347511657909
38.49862288958542
292.37506574104737
243.1661237749191
148.89250294995168
60.51557738226064
186.10696421255204
215.02304048283878
268.1692915084716
281.94630121581264
13.399733949604187
268.01595777955276
134.1978118571955
116.23198339790348
246.7684803485946
291.322308641969
183.85788760290603
278.683685005024
203.96073523685897
137.85337649196907
124.90844268436344
90.05201368810505
24.024885212442545
166.31174950897434
203.6610370132301
62.61083610535254
313.16378478111017
105.84210645607735
132.16114767187938
354.52082075297955
166.92032604033216
179.8684121043861
138.23199075885685
294.2334036610552
119.71902044928599
58.26109866402451
175.0792108855822
60.802177675991636
7.227013250407357
25.10640298938893
123.09778446594076
151.43508190106422
338.16274901025366
151.96177613260818
2.9196525801253483
135.67047675483383
177.1174825570724
134.36797538475656
114.88145488422315
121.94760147586196
29.27015622469179
4.3907830248682576
119.47358043437073
106.05555813310274
326.4833493683799
96.84082687711846
356.995160605393
29.04576474900137
31.487641313529448
132.32595350862206
16.66058809421567
271.86154136585145
353.112144612435
271.7096561124013
265.5447679224564
273.81339981247703
286.1718164209187
354.1523340285777
0.8362579647856627
104.61276808054771
303.03673890342304
190.89407113748317
268.7076223623781
147.4230815299919
127.92062864275897
334.46578883968994
89.96022393873217
139.63795824981244
86.81969987029494
24.41226284724741
151.45702789214099
356.2100425327135
298.21987472814635
350.46308271241577
240.36259524539818
357.97615823944625
288.74643613732246
220.9425620744409
73.35502087868943
209.89545167286795
247.83424593763613
298.9785556799952
23.349785334965155
82.5997134266354
209.1705873987923
94.84745136637005
44.6299956281201
140.20598890197206
205.6050056951009
86.76400485519048
283.5764715719467
320.6108328711696
348.90488692532557
89.37729076888574
29.955538440175534
190.52669694888309
186.40864992487295
224.45762287840773
333.90137170644715
119.7889055632483
250.02071315638827
62.46063439314124
7.898574544659821
236.70766861047613
351.0267198083624
175.76834379261726
283.129104824194
294.01409771443684
152.02023498050144
122.7834294739022
316.45684080423496
260.63746000021536
120.24900658523171
12.706088489135867
276.3793952144305
136.21679423368542
60.78545498381986
332.17903257576023
3.865512043949571
270.8228865089174
294.8691894066904
88.06818119606618
303.69777056845305
356.3003326995005
43.38104712865864
221.0780501029806
113.0015940039787
268.4986293842587
296.06570686441216
62.12339782290779
243.28515377103932
54.87878190598788
135.15937507928226
333.7668615448143
214.05386954396957
199.94279794484106
12.488733927997947
331.0408855972772
351.271651660465
312.72020607588587
351.5726966524181
172.67283355731084
19.26245147532928
13.45562566933741
313.9693458608464
66.76216406993878
336.7970646274637
125.37855830564764
177.55946469890188
29.204433001016035
269.6665102772222
328.19786044090915
135.6159663542941
342.1255613383947
149.6433701710362
127.50882444262724
210.4217418421145
268.80211047635584
26.281299776152025
266.7993082961779
210.18228267566195
98.82995108340172
62.21366114626737
160.59341639426592
286.95063583128933
21.37379391689
34.85823886801252
2.1966769800910524
266.33769671365195
97.2397166869077
213.836559944163
343.84603634038757
139.7038773938504
21.195282478908155
158.96389263546288
236.5170447521936
343.1614416721603
1.3787836051503064
168.0810774263494
285.159409289484
20.506408438728343
315.8477613069081
339.6620630958685
43.909111929880595
208.06921538172608
48.21404949921604
288.45336907061494
329.26397758245537
263.915401028462
3.5421639616395804
82.1022837475819
177.99942622988297
32.134814822234524
6.576983361590529
288.8333650159041
125.75284716980127
233.8875336095509
100.88511602635056
76.5432496248442
33.922861351802204
310.6545282121113
296.3306479438315
346.38570064972254
226.78066517831337
152.7272603346488
104.65054631670009
325.14149431550703
223.9167373530642
91.34971889308662
253.36185256354122
129.27944597206178
63.01242421999116
243.5020337364487
178.07896142063825
220.21273432610764
74.60790124825486
47.54122047508564
48.07386560855699
266.36323072428763
56.64357656111536
155.36026508904044
243.70630292713247
278.03618536993866
152.15239232164038
251.3439423943649
127.6566413849506
234.78927256921438
230.69129142966827
265.7749364443983
261.2503377269301
313.18430121881494
54.123801010300774
38.7986992998184
37.2362804760373
172.38455679400616
133.84631329544317
133.506985082689
48.69827799487781
33.89045332318083
239.8383066561942
286.79921247272847
150.0076246639265
207.68853374674333
22.67204661187158
134.62510313023856
14.673608386984471
215.88325973935616
121.09476418658909
350.38540498227377
65.39205471690438
4.242403292738851
312.1803322207022
36.94303514465456
62.50684485062843
28.145398345356895
213.10015871148462
342.3692903755115
65.75421705989355
309.697072643384
272.15377280216643
192.11690986866526
91.78534404830265
244.71536457393577
215.55125500725993
261.68768830618376
212.28785500878038
327.9004908326589
193.02072932458077
273.62140986432064
74.96356388241263
52.67213019495129
336.2057870126785
320.77096967561005
348.67915538298826
298.15749308744074
353.0764642557443
36.76445041249796
67.97125039012717
119.48788679842245
340.74237739106286
282.34869590297507
307.3250826838435
73.38450138895584
11.099497101679322
121.99003317174977
236.2558351734633
158.3855340397809
20.38906440916957
78.48420312718983
6.439805353920256
250.14778725411279
108.72191908911046
280.55990007652696
12.454186030994453
167.0720596846029
288.4761204199241
273.4473532035547
32.17060100227511
127.35777060829311
121.91442695146775
62.230402617168146
305.14315717039216
128.35675482749366
197.77510405861554
54.5060896221704
286.2600700062527
244.7501876098096
168.86475870709432
219.01579503410824
283.0100397846695
40.18521066289479
163.33302874107804
143.08220277330423
290.8399065105399
73.25380399006835
78.2308417614178
341.99966863028266
14.246425374577864
255.89852993441917
121.47984483088642
333.76635256643783
85.92138298216433
146.70716943297066
197.61891740452535
305.00128897341295
127.76348629415658
90.5872114634085
236.86187905342115
101.22522894035531
231.9242425894346
42.00599638699534
145.61357640283018
86.18344807990408
241.0097312213133
104.99547349775511
74.03766058288231
61.08676882336257
295.4889432296311
47.42116804811897
214.3018630022772
152.2140720870986
339.9366382642684
357.5572004032844
228.9088958257001
316.85311633255674
231.46262409777336
103.29301719530575
192.6421303606902
244.5405830260848
226.73041344497173
223.22416797611498
341.54125554920387
34.672234253581045
150.63919511704358
108.53846647188566
321.72648555096634
99.00528570733375
353.52857888050926
250.68749635294589
282.77185647670535
95.67382957548327
175.9447109985845
55.44563014085816
343.4778934395288
124.36610857851198
293.57658490436035
122.22405221586075
275.0686306604489
249.05797680277635
203.43526710230384
0.6530480865876186
13.128884271424152
195.55224118908623
70.37683429106455
259.0821256883809
259.2794476054948
160.7477625849685
140.5431776471324
194.7024419221279
196.33890715658396
90.38610458758099
150.68726325641978
72.29275043958532
156.2853448124792
252.1791892021049
335.2762597223457
331.0245112076515
10.594725243695255
270.0309974828578
223.49744216606658
325.61946435744426
287.55636500386134
108.76859691842428
209.96785932345244
77.07620139516
108.0233497677977
188.7241267335899
201.6695635300294
307.831190480852
293.31836867635155
355.5313899745101
0.34547719540281613
191.37786359951525
130.97694094384957
134.96265233706902
326.6908115770079
294.4736239339591
67.92076701233817
57.40662226653595
3.4389222761560823
43.26604986617889
172.47979364249986
31.810245964414516
67.20371523955289
182.91597075129545
135.92721354279857
264.00504949411624
146.0504794449877
104.37688543732422
66.07293655135165
276.5781160220152
268.78080409228346
14.045900376792186
258.13871349183665
171.70522267991115
280.3977350559201
349.68490737418716
212.22483312369332
27.095357671365576
260.4789960489246
272.3615250417962
44.42792219207925
3.451531661775501
181.30030576427998
57.443174080972895
106.5677197500501
185.4916271727257
228.22577299094073
306.324972284426
200.92666491039435
319.0365852387773
228.63119685369574
189.77590324733205
216.11736102141631
271.7928752666034
236.90096578041903
302.9062397922188
143.64757103222186
153.25489634528412
125.86981160182204
313.13988815393543
288.6017701354246
306.32535054062726
12.056873076993917
352.6137476056762
88.8437210527605
164.2561792797116
43.39113835490647
292.2303753449869
181.199936088578
183.94023467011127
271.1748426201433
66.9880339357391
135.9124330395916
316.3891447326523
313.8143559678731
231.68891221696364
252.07795354863072
255.74732454597952
31.369032261367796
242.53474143496348
328.75242971825253
187.0805150451899
120.42606895490023
180.52410479767897
88.8609896925814
59.60643392251771
336.25280813796667
107.5462358870576
0.8816468530769159
328.21558268671083
87.96228569285188
76.91332502095423
190.97749010141027
26.53935552605302
170.84331607363646
314.31151294326804
355.59221590396726
68.5593234905415
28.96971671089228
333.05033425059946
315.26767225415324
104.5540910732727
297.02367576655666
346.69406550829325
33.064588643117034
54.63507545692026
357.0283005983328
273.10956534407984
97.06322054606558
64.21669317203676
236.20908707909607
32.29456449540537
82.12730043845286
307.4380132974846
197.71064083528353
141.93821127202088
223.54396624529767
153.34834722109366
224.5992718755359
265.1735190505107
302.40380361607475
132.13305911568474
141.81215544889
214.95104331979303
272.63375280510326
6.370233398935759
312.0077570829805
287.8124150338392
256.4545615442012
339.63268325081896
2.5182206880213034
242.83104925803704
344.06011461375084
276.05312794882565
282.0674180571466
52.63126736632626
354.7668713169158
309.8259098660392
19.275017063574428
145.3294721074584
183.30537742146586
273.89869476510546
208.0348762850115
185.49291325628081
208.14730743349597
277.3439724217588
242.74439943480118
178.4984235207226
214.59415217038708
349.2417366112268
84.01072829964116
302.4943871290819
307.93496251206614
221.33392798611033
6.911156674609971
206.39340379744675
31.32906006593552
18.348659647133278
294.98742245167676
248.64385015692233
1.0263661911738626
292.29802731035863
227.99434264097283
101.99404846805223
99.60666799742721
280.271296120111
342.26490033175816
76.74385186094827
234.90157479822574
309.43657467682397
149.84639886551454
210.85912331840862
192.8772710111227
315.0284331651179
222.73111774045014
98.43303888788216
106.36290979058546
237.6212496048048
120.3080880276985
97.49208883826694
294.09234515108744
91.32371754944862
280.62661273464505
35.64021629602945
92.66800666968781
22.303701211297916
331.39659677181265
166.82264842145156
134.58369866116328
82.12302131409169
240.9361376162544
348.42237786282305
177.1556012779592
194.68209719173828
228.36233513236454
97.74283261143668
23.487489014879213
230.0081283230378
70.52042454076899
313.78991700155024
239.47117091068313
268.71305924468095
306.78985546826823
50.25130666707752
19.3580146006816
241.42103010248218
38.41334715001294
166.80628291721288
139.13169034478327
292.21351713295377
326.56725915248137
130.2138675568062
182.61718654951474
349.1221776718668
226.52340776740792
96.59315670048208
141.0982631771239
90.53314296527213
9.537553576863354
265.0365262509809
98.18853604417505
51.42473155123561
264.92580000940006
145.4037495364449
142.2831458774228
150.80767955427677
119.24302395608163
129.8102370437901
295.7216822274744
190.5187075953484
250.17391092880655
149.0376285232634
77.47334267280137
90.60238597368195
182.10389869606794
43.63784118339387
270.2549392474336
114.45130291656392
356.20982710873545
298.1733723017168
138.86393378955387
94.28122253675853
99.13076823191967
284.3761480041391
162.7801236921332
283.93657280975145
254.58668705454056
355.8304852303929
321.5360434305573
30.644529137524444
317.8803679113209
151.39868712624119
178.9714202239804
119.37224635027148
286.40064236187203
238.59819744775342
58.09089422730068
196.17406317722393
281.214519320755
292.06303158468336
15.677728308801278
153.58897896420746
267.80019604020686
344.74169495731803
36.05716952149773
300.7441167319941
232.59927952499356
62.00243953800885
48.09233666065108
343.666320078384
157.87749440391235
262.0198478260548
276.78815891305175
156.72738993967553
16.19388205773581
216.5760801912656
216.44118531856947
172.91498688425585
245.2571443520315
306.30243070470686
147.22847587582527
140.69693114173302
244.87421685929763
24.43219207383317
145.23919084630464
9.540132655866673
0.7757498524954334
66.84184251671626
87.79028043605165
137.9617394677322
0.8139564167070946
214.81003613399866
340.49852985466146
238.23366218283073
318.08983676152405
275.9634004553034
12.422311108649886
197.9852730560791
131.28459481924637
44.91223549391999
103.30662271590926
353.95067180274555
311.5636890502554
271.13123631193156
347.7401098254132
133.7110121097198
319.61310246868055
221.95078168290945
37.93656494321061
270.05390499726246
347.14560437393476
25.113001761181522
91.6112859594711
267.95889274840727
147.33978647758934
126.30511180259043
120.67023181007995
331.29338516237635
106.42050859601258
64.6724922775096
188.19869464019322
346.6257832904374
315.6450827595307
334.3789809836506
36.521395718347456
23.462094245881506
246.91233264694273
134.3457820949714
142.36308288741162
283.5901637060294
76.51110806557635
1.2187731878287398
298.1868425964695
326.77817259155586
240.2167714559441
75.11418774649769
197.6828877310735
29.122459609171525
350.11800163900153
248.53438762925649
33.98380992755479
137.01640455945895
345.63939144771587
7.579390000791117
169.87588770636688
74.43930130045634
21.617979111808772
314.7873618961091
31.315346854729928
152.3934849313719
35.267822209501226
68.97944124381729
138.9583919704625
125.73251941317356
266.4849724309215
127.35383491945028
72.69417182124148
294.13311289113557
222.77261468527695
58.481045267149234
218.19287117280894
69.0594394972449
237.11505159347792
113.47357127973422
256.1333989238297
279.1291972210163
320.43441460231344
155.02673498660397
345.44323591042496
263.9484539046567
110.66044442648892
50.03110187043328
289.4660800863542
30.506088954784765
214.03384972214673
56.91427602892689
302.4593044161438
98.26596821223391
235.54280286007818
343.34416227353313
311.96125822742584
200.34257531939173
96.62681471899931
105.82625525384344
218.03830250053642
175.48986752115394
350.63862406342776
221.8054825518481
344.90451182389194
267.15101329404655
289.8082273528764
264.8023988394522
2.0989773737202557
85.30959696554108
255.7599728871856
189.2788808584823
301.19779621120193
232.27868599497862
21.60258411539213
179.18233502436235
79.21926721033898
101.47990351050137
56.70666412434647
320.57321181009195
229.28017205416305
58.95131141038447
61.114361955473754
301.3755710636096
42.057843702015425
232.8575770691567
354.84804389325217
175.00898459597929
218.92685640113578
26.68958566216266
154.21977009440056
168.4302437601831
269.5714260067635
312.5856493584403
261.97712665484147
211.56016866795952
15.582998367028171
229.75610300851753
253.26965827078578
100.76704536615442
304.8579048913593
309.0397383313595
26.793982952489603
307.7872671243369
222.80723701696215
83.55598637163942
182.1089676352454
103.89236504375476
5.829369807994267
9.672706245327934
268.51720845983374
278.8769261444096
289.43654222972236
144.39150673159685
64.13715114480686
281.21751436437034
238.78732769391604
73.65020606198023
240.7233768245881
159.8841608139848
292.83625961711874
190.2300835192844
65.34465749471785
89.10163512467214
16.32604822696639
55.31812722596823
104.93884707172309
149.14553302114382
17.400687525983955
283.50117269856287
164.34249236062988
338.0254256665726
36.00058601688388
186.36905510281443
227.27066695197152
292.32589718909594
25.996505915596796
82.47636801480621
243.87954161236453
209.55585863729408
94.49461082541467
229.07325966086532
247.7233701118223
145.0858475657181
346.6283636201683
139.41510733643418
219.34376396776315
124.74703865008729
287.51661128580304
114.88151764956103
194.01666724828337
27.239464048192467
53.08159788296443
143.04072991653237
186.0340831269945
95.08457406202979
7.768249058009322
136.7876415882964
76.33097644402261
116.55237296841764
141.39596924059182
47.37361270780459
72.22532891184092
29.84955822675411
158.61528779736503
33.113588951753876
114.56408617601872
115.75017567827187
343.74016772698593
52.82121270977218
232.10860570261858
239.90383069667553
65.57384789822024
39.013143121491375
121.44562887461663
56.794274409292115
20.431861440217315
116.32939795943453
30.0966028211522
323.995612958882
212.61061540449168
286.33031409010573
338.7726293581658
359.2922513897431
289.1799771989467
285.397698789086
129.09042310037208
206.16748056564072
159.40170148420535
222.4091182035727
191.8042535204534
305.55089632653187
166.79184377299404
9.461980897089639
161.40659600552533
176.5864515456855
29.31823011175594
288.0005195163606
185.14480423086474
283.4939210118165
125.72015389837438
44.7960344976557
93.1181887841394
182.30807707435835
157.16846258085687
95.5603607414671
48.1919148438125
299.6573354593797
113.71932695331508
111.20271089026295
164.70613564976534
116.65309655799474
19.220375320446607
353.58875116395666
319.9454157136733
349.2252117830239
191.6659323704696
57.7306467154959
310.70288290197635
341.81749287734607
302.1570355526022
29.52019700216033
167.60994791257718
153.71917675992827
29.907253698432502
35.28237328131676
168.38207319485514
0.762691460769156
195.43377056125334
236.81027421309386
278.4928516490829
35.677713486931125
111.84313995001855
117.13770094809662
270.4097581443841
193.65625334327996
184.64361533154303
85.43670171880943
89.61948086689108
290.73848778115
285.9554842355342
178.9966080470276
141.86008186566798
207.40820399749634
212.64023671168914
170.82897694035543
279.5572719451364
190.8364187872414
350.66531190011085
344.9013514515445
14.677940955114428
122.63604679015481
12.723952241860873
153.26451564621848
199.30297765152667
231.43605966355292
279.2974173373158
238.55025705864256
296.71033129106
308.6223626464832
353.8529509320434
336.0656703032675
52.029301419597026
151.35792009041884
138.57610108373058
322.02408615512263
249.59386440975803
142.42481946858635
217.35000299947524
159.87694519105327
315.8964353830806
236.86542097967512
176.85072642308907
223.04658360288005
51.332028279165044
322.3433591644207
318.6602881121337
81.40268712738305
36.99388815144245
133.8705861963832
213.6626850198363
218.4809816582135
20.84764008945093
294.4666203601382
323.41852603011716
275.44618989319446
157.91306253185027
87.41182401369464
102.25783946339595
340.4090453037581
220.37557626543762
112.54855733942085
116.84424515612244
346.1985436422085
339.0824781934142
308.34835699851004
74.0230346569254
92.24867543389841
339.72916960856503
192.00259672159942
258.2918576658047
324.47942180139705
286.0108068248441
165.57736866207938
135.3113154302968
322.50605521411376
20.420739964033874
66.76462115427914
151.39620059409978
8.908176644258798
315.37471883345967
321.21240459232513
15.096030973367494
217.17910856141967
139.3950955155423
279.8217897158677
80.06682873174817
285.7855501464011
337.95848655332844
157.79893810954954
114.16461467761714
333.36797869150143
106.80514494871069
58.10983954742074
317.9699959670856
277.9843235474408
72.43349114045486
92.07177625588851
197.2166834096201
328.1998068498406
185.2733396766505
339.0887328577156
336.828586701153
322.6576621257113
204.29041529130848
90.96378124552878
150.6604735633858
198.35513348188636
331.13970404307133
61.85097785733012
286.2785146339052
269.08477563079595
344.4725845414465
235.344035463588
278.6262332073208
346.025390656469
237.6668982433594
267.784448853145
83.47621446656252
278.1606870348821
330.15140772207155
162.77011124137144
212.31562864766903
85.09893644540226
312.03140657751595
105.61452954938426
236.50924547551418
326.3076642519226
243.42058507958004
210.7592709453709
325.762388899886
312.757820112955
286.1987290477245
264.03882546598777
39.39606076228134
333.77581041447695
2.4176132815620868
213.4102851016127
263.65410189134474
13.38783887652907
79.23290419286741
166.35494111398006
357.6355701059598
63.65471101652859
152.09221407990205
310.76355680185634
271.0285614458873
280.73990060653614
278.161369670033
338.2800787038322
312.8152765270567
84.03234670659604
115.39069214723368
31.623936483472512
224.15933744930922
234.80717238732583
69.86419915685201
257.6348886211397
175.41935758816882
241.3712744771347
21.995114653360528
39.748337427066595
275.39663384277844
99.61658743983737
271.0945093352573
58.36176862161127
38.030863325870186
116.30255349423999
99.50699190812959
126.93885361338799
37.27964414084631
354.02957936840323
354.4305134317597
144.20463272757593
44.18953854850402
262.1489450387253
318.95740410224
326.3087228218143
128.9919865176741
65.11744971754491
9.387998750723883
329.77918128440524
313.86318987766344
126.30141977907206
177.71082370107317
112.06972410109826
48.51389392862972
256.7964355892732
233.15946453235927
8.396824364888063
292.5801533142157
124.35113089089228
283.18834415974146
314.5687629561458
214.58377309805536
163.73448063674513
246.20590111145518
319.2781185264005
353.7556171777734
103.08286981983959
165.49524382855276
13.05790508629732
25.316038652449308
55.540641077270536
288.1190664045897
170.9287243010504
198.55778866241545
313.9162591057386
327.56010262677506
310.8418887392566
233.40877515242693
164.41762620664383
199.16144529237556
282.4061225433702
230.34258495166236
320.2551919009556
72.46674036487829
146.635671589664
339.86837023339757
312.9809583918056
311.13227315923956
257.876706435423
220.32587561671656
343.0368297710118
110.5586114552441
352.29635439500265
202.82606023418953
61.66084099545621
234.0650256991501
277.22133128268183
28.70667082866186
46.78239594203218
160.9690455025124
131.4655597591985
170.66201359104284
319.1209587894385
106.59518602320308
37.55573562443283
241.81989740081997
204.26963269800734
171.14663251640533
19.40297288335093
16.00158170799369
298.81107921599875
139.34960616060147
164.80501666966458
106.55889324526771
83.49818195991054
25.369259712833145
161.8215109230301
0.8114050270951205
194.48686966948944
149.93283652214066
304.58317862690575
31.39643068874629
34.06768621470107
312.25033982840665
216.4480178453731
167.44812351590207
274.05222908088933
45.73665141204578
140.0965112481096
315.1740869306632
41.270883165925135
249.32670217086167
160.5457836600776
349.58854256126216
75.28830286493913
231.58569991894802
221.3963563067964
140.58447415935728
80.71084345707385
241.62060456806478
26.6385760295185
20.298241230160144
35.069366386763875
206.36621556818594
84.2119541563446
186.01211379770967
21.475833273683033
254.1060821020837
301.07209116773595
65.87578273622509
108.00321078740315
45.338438349597304
210.65670717920244
250.9530922880554
121.62565539779784
86.10218304786855
48.11289623228079
320.34311427129956
121.71790602761239
339.2868281583516
308.62429442294365
169.63902806937736
184.75502400033946
26.09872950280342
192.4835037933606
325.43080159368714
46.646620114867495
91.04564850371008
341.14458247404065
144.21312838616933
134.53829996872096
291.09428791019013
175.1122618118286
340.1773454301737
109.56616040837218
243.1303196090321
271.9204505652758
186.88632259305925
207.5208881317573
39.775897289889784
265.9435156256251
52.12995373339517
0.034123541890816816
186.60734814753755
115.47118147891054
43.05170839851787
88.84796270464166
124.83494723206253
287.7286234449961
16.30508624569159
347.1293344343268
301.46224534461817
237.75560227177922
173.26576710381656
67.11023832008817
74.71777147544196
149.25696748330057
155.8854196880996
293.8741704349964
58.609549819413594
338.376039360538
117.48075769090987
353.90287444291937
118.31515254937477
302.00689674015644
122.5464699387391
8.94031354087274
95.99039032295944
297.0260121287061
270.73914468425863
249.03128587478233
108.72029427834909
210.15185414472063
145.47762969410596
103.72211371614722
357.2245134962147
133.92013353942212
180.14031007104947
219.06039435257006
6.038128753707769
110.28597755074627
239.4288602444878
120.0947081896285
73.39808587521148
111.88588943082749
42.004773710628314
30.767141909932807
277.09281865155253
245.13765943410078
63.55488200394215
98.68518551105558
173.90506286054932
175.76866390432957
346.9182349172779
60.839910998148014
331.7274236796971
34.21091750065852
315.2951218416187
0.802003413900752
130.2601708383171
88.44071394347459
12.07497378260783
294.46015305267025
154.9708410922994
246.9110431583412
82.99787133371821
306.75567256176083
294.98380747163174
59.41801861331347
118.93269940619842
224.97075510397502
199.19117589564127
236.5804795878067
172.46846378602564
269.82170362210036
206.36648056202975
15.991513298347275
77.22604240818251
342.32937285273005
302.1222027934519
145.39282698634554
238.87891954969078
262.31583856670596
343.58688457190925
268.8295054601699
332.26077279026254
65.15568964129436
173.5590723351929
258.85162932789564
116.71376836565207
231.6732912558391
186.02816104108672
69.90791425519585
86.09289028086299
41.74595599325057
172.43187715099438
53.64597531167288
11.084218381137855
86.90020739762491
171.4763735575823
275.7451258423086
166.69747546226884
63.94894267845519
330.92386811941157
40.603869913698794
48.387492578185764
308.86221030458745
268.5701607384006
16.498401907791617
328.9320762394823
18.838213803875664
75.84583596448194
75.61168465364709
88.65059236093968
299.2556981767027
2.6947895465993317
170.36830958407018
123.14337981030324
46.16053119009125
13.398782541139
215.54555729001913
231.45137620639503
85.96852509040305
210.59252007874025
228.65640690721844
170.69119952980552
121.88072620015556
190.30579784660088
339.77170028210656
324.07345122934913
258.58492756832896
38.07272507907509
349.38082586387895
27.979309574130077
259.64108217483823
258.90112287524164
326.13809220740956
33.78337824174733
3.6154340480725624
41.67238505937761
304.27423467837787
222.309600924862
230.16163786007684
126.08875218587563
171.09550958259172
88.0229388872217
22.8841234294675
26.999720735819068
276.5410463097994
257.2280873852402
334.69651008363917
220.23689932933192
156.77028169576906
34.09570904503093
29.19969385931954
169.08275215392246
344.89723620080366
181.70018074102282
135.9313749737198
2.033589396373574
235.0531035771602
21.002764035185905
236.85230306191278
101.6776842985106
156.21107140348178
148.86644146740602
179.51640747410264
223.12026232281258
121.59022135920993
55.421735699102875
45.505374130122476
217.41953802623354
283.0703853398783
0.06764636594536338
118.61724514970676
352.82422225833926
244.56870770043938
58.55462762928382
223.64878840370542
21.236196186589268
306.97046390667253
215.24251480859465
301.4524896402086
208.55465958305132
0.9132837538620701
267.29553761337445
273.75353968745964
128.1273278999001
172.0167940865332
46.359485016047415
5.123216911941735
6.494866768394845
85.73265391348806
155.37566638683097
174.14274079592747
266.0044534613595
185.7904620901488
229.99322517067307
57.62937644329897
335.4914249807389
253.49032849867217
291.52835653143296
41.65761263918302
64.05235200978511
110.3346787577218
45.827903184969024
268.7245329847229
2.689890080094551
182.12811855762794
242.84200836027418
200.7492114443587
250.908294549073
123.95820415189414
221.94254056687882
282.2287007874709
18.245719170584373
161.42309971212032
136.66490802186348
331.1392073387071
105.32385411484071
22.080675838842367
19.794558287253903
1.5247311498910225
162.3865726540336
356.3183869293055
214.63228735289854
311.5188031845302
74.09572205122863
300.5532553133563
272.64926242042065
34.258039723243655
21.636188212153083
112.79020931228021
22.736014200935895
233.34660252969294
315.7243546776346
123.20785890622815
163.28304636624418
12.677680688013936
211.1211589433797
37.418860718550235
196.74961372958862
9.631982885053358
60.862216862577625
63.49288473231432
53.80726135341468
40.08119333174747
259.0315153897271
283.0790964839651
6.859772974173251
41.235993533422295
59.103565732469235
79.76877886052739
246.1240784776252
26.023281711177543
114.13262863068584
7.18038834753175
102.41981344466005
17.009378952117913
8.858196272884042
319.0539146921178
272.48888386108
32.953251032759205
76.72915665329958
38.190984008201
48.73083940797109
234.04024172835537
348.60854963400595
118.6800651801158
164.13894544042688
356.58694449590473
132.8908438014557
117.7340753053584
52.6130073650982
153.182028135313
229.42185528208356
225.59059354047497
312.02142542545147
164.59362548878204
321.6786059557219
114.87077461865354
325.2863272352454
34.62235927757588
222.37953886129392
161.60790367230942
43.839349817529865
38.723435501542156
349.29500229213835
8.008759745078066
210.87466210397156
43.58214283461428
6.947647601895824
119.92707950350264
69.97412324018077
216.9410428313309
230.59039009487546
275.4551307036594
203.77776359285784
136.47965210313114
282.85930445060166
21.339076594716925
318.72110884827333
242.82934881045477
300.60467571531797
227.7659964156959
134.17730720705265
54.8914080101771
89.09121203064558
174.295749223836
75.2699365354906
260.9501325710743
284.0169063338334
230.16846468159116
53.69923265145665
129.67852245867778
269.5608344429179
215.1923338144845
125.67823832851049
270.68282177416245
148.56784702913765
288.661532587083
85.0122656218902
91.76466636461389
101.6550293869984
163.63116186607243
31.68341136884832
146.9352118460211
37.977364535925894
272.6260998075456
359.07963482224744
241.10119402018697
152.3083183967275
303.06370118527843
197.05194614575174
11.076883989053286
54.77976067530247
80.71988523015649
320.4135026322865
98.23888732823386
148.01471244001496
286.8734461631438
255.41074231119728
262.8501796478084
316.02292936549316
96.0893876802162
265.3170056216435
94.34727575653814
341.5563009057186
40.63576812735633
138.86900302579713
9.698606291844596
234.84658156239823
85.15714665021515
336.013550904379
48.94876234598204
33.70198608791063
136.26759350051185
74.24587080986645
133.61923277723938
158.69318173324348
289.4638354648968
314.236537834566
212.00277645400283
142.26626573685297
354.2082566692058
214.41696453361715
132.7667254501813
132.87592984954875
296.74360537596516
312.4978158844766
315.3596082228531
12.407766721584151
146.3737148120244
129.69276589587827
13.23788629968809
261.72551332231274
130.4498539874454
259.19237442315705
276.88234293199804
108.1655270430355
302.4877798233053
175.43795012404715
94.54908377699041
213.65570847307822
97.0628040207936
177.14355225105106
70.68215532645573
115.82231534069757
53.81983716609047
352.72461583647737
18.978684902003092
330.16658452744616
143.74321941260666
290.5933040136485
346.7247326591357
278.2842708556846
318.57878576105537
24.095993698551098
254.85444171519484
135.64922873619673
237.67651736247925
318.2612203934663
219.02830422107158
242.27033987824615
70.87096549934603
350.6972004790819
292.92363530608685
182.7095304620376
275.1756773623861
228.78322019438676
74.06706987269045
104.64971563232777
127.18536244934405
133.8272124095056
310.7763997833401
247.06792997264094
336.9720140230198
312.5296540382036
129.67096827484
293.4195073790313
84.95794002165584
252.4165628881042
119.52999675329727
9.685388413049903
137.26857426365433
0.5106218712695523
89.14659428038297
31.027506411334727
254.6261096102284
114.79536090073239
306.39348028528576
136.57476446839456
111.60997848831407
245.51476291637513
290.2939922271289
244.82861794620678
109.6091856310804
57.64389572477215
196.82815498632203
34.75917694657176
192.06950796314965
357.4080399425188
24.96850299926787
117.20856372646296
235.43970923265198
295.85255338802614
129.1058615902588
112.75949981965064
188.34079890663594
201.64570256273885
48.63968215605798
191.10212102549286
111.7731147459978
152.74534829532502
50.17327065945378
286.2108958578815
337.09627476669215
106.36769577501441
83.55609435735248
202.51416289476956
117.5709327819782
10.386339111811864
196.03518677502186
115.66721773778535
357.4010677081383
173.94589162683567
224.07671159090052
208.86731920744745
276.92875591925497
189.75610887762875
95.34691840952244
138.21799389918854
171.13769796478599
37.69352364815215
64.92025578316894
315.06361342075667
144.6046295316896
72.86610805585401
124.66864325374421
306.676159360024
24.722633015847823
4.755635096713722
122.18899746392819
185.3745552075183
4.325679477104539
118.26576726540011
197.82259247518192
43.36714204354999
254.47976965410905
299.8447455304144
346.9976715332328
325.660036830128
65.82264339848749
252.3295940488274
347.90567306008364
94.57698658242975
170.07299730073632
338.6124632757239
194.959392440779
76.52510018394437
303.949347695246
97.5774284075605
281.3249413307604
130.9048906016129
29.06411571776232
206.58640544060333
55.17787080935291
39.24329000674927
40.66516875078576
186.60819411004263
211.22369546845135
117.78333565744889
297.0657787217528
78.91155891897364
190.79519818330002
312.6074515217119
31.11916662298722
36.05677744396294
64.12607095053536
291.61127018552475
308.65710224288995
4.016020057145825
37.33942083455819
110.55074649500133
308.8043975335757
123.48458850404293
182.0322435028003
324.2016461097403
97.16627651912069
199.57847147488414
295.05750903235975
340.7662103982631
358.18771540077114
273.41333507033835
251.81457214009583
206.11468867364198
160.83901507194565
233.95640048175184
185.2166433363969
291.62142994680033
50.84860546221217
11.647865655006665
65.4223700360223
166.81893376998931
168.56487221733926
74.26832580958337
260.8147877981306
317.3085669161854
159.99873455744643
222.25451333131946
193.90363683685806
273.65882283741183
159.94533616542466
292.249191558603
16.756477650116146
251.57954195666662
120.7884300909901
134.1167003669774
140.96062902605422
11.047141082777054
189.04444430226786
142.8630255516752
136.83612338525435
76.98386736644309
116.91874583319542
215.41533471409207
187.45897247680222
88.95946436511612
34.55127446304487
211.69538893290812
83.81188626499494
201.29045651509884
322.9387409739846
104.23790485084804
7.2738089059182185
358.2884850413405
173.95339365000726
20.14218994312589
197.59290398262462
187.31774356866103
42.244277259191634
30.08742255877334
191.51264985141037
333.49482737341714
228.42687707906924
335.20496863906993
349.8291941444609
255.37429857459978
171.57880473560465
280.16966393626205
150.4886992820098
3.5325417876902945
160.39150558692765
222.73183379502467
243.6598191772931
17.35591707830896
182.91209481178112
1.245874886432953
283.89661509736453
155.1669448022323
187.65272894017767
173.28956499022348
308.34003234040085
293.35488722380063
163.6866762760164
213.05636856526704
87.6924380528602
305.66386517438445
36.50547126451323
201.0223692629219
184.6718375524345
187.3016243862751
213.21520787665574
244.03274663930225
348.03711881890274
184.89069264617734
257.6395606689747
234.6570663814974
124.55332387303427
164.4064663190538
153.04678239804284
357.45191114948994
83.34540879830863
82.30991354093509
335.91855558608256
6.221912181901528
347.24422797361757
3.113931235517625
302.35798053346906
332.0798119556313
347.53887074230397
228.6243865506835
157.54221174129563
238.16087191946283
209.81778803437277
344.824347841773
234.25006381635944
153.1741303419574
253.81875816391158
80.32884220218385
318.38989554301435
355.5510453855662
180.54583819625702
102.11401520510965
91.34733600841095
326.4994617017156
184.0532620006447
286.28943461543673
158.68392760247056
295.002781454082
189.2001876020742
145.49435039617185
18.23229657226971
240.8028909775741
32.44018663818287
112.15791056995221
200.68680752060357
295.74937363803076
94.0383226581442
71.90330337515591
111.47409866014037
126.706495495107
329.85830242773426
295.9537430825293
320.29564596357346
351.50573450533096
262.3243275042478
235.82413039075337
86.02078644057372
162.1475802506025
75.42077377400821
221.2892397401453
43.18816724431101
163.21336780256857
307.59580308089886
157.33322541409527
61.05987203717792
317.1693974388595
34.218226866902086
328.82437431285183
308.2122691351569
10.426456338499206
217.65943999471662
333.0855325223096
308.26092708618444
299.02452932255386
331.27202227181357
110.34706887373213
267.321067953503
15.900372213533602
351.9454493493462
329.47871695735773
261.2802433733485
338.15999182639945
115.96025603814365
298.02552238924216
71.1970729475778
251.01023532370738
133.18070415698895
356.20566830559585
303.7892727584377
197.17101239650134
156.91175415270473
95.55723443659357
280.82940668312887
71.91061009612108
54.80430465990918
312.8324226865715
290.37155038520035
18.500135515945626
85.15667083838282
151.29552058991288
261.2084846518677
39.666451882828106
340.4440263722839
168.8900483285322
250.93354849338465
22.090724936795716
262.93800139715427
10.436000352495771
312.9442227272085
12.208392679099676
347.55803973643543
30.335798184776483
276.4766664150609
103.36194300405242
146.06910847502175
87.7074062013393
83.16088544144901
169.53015447013794
37.4345454180893
33.47388862880984
69.12013074890575
76.88156414893378
66.92426492385678
85.62390907916073
263.8818393917287
70.17189172137967
288.5807252177521
165.04541375474875
340.31301650477866
107.07459565232323
316.8067205544915
169.32460528367307
264.92011133690005
70.96814808456453
313.9766432490003
10.488863530560264
231.70558183354308
70.67068857755567
327.31896700009156
213.74526320575333
30.499705922615973
346.6853036519633
191.86757784591603
25.08733555187768
65.30958103936277
255.7582393233337
172.05592502690587
59.66671094194665
286.51736638864674
250.92498306706844
157.60422327348775
198.0535173112291
7.7429402739769015
126.43046127351704
134.59635381562626
207.16750239143545
79.26803857516428
43.05542932867591
317.642166828155
313.34158936481117
205.0271363938628
63.696947574321776
265.6517535065338
225.19873619494834
324.8439202401987
7.382397760520007
73.53064473250033
156.6463948219917
264.09705055309064
214.20376873127637
2.7195545709436475
166.15346283277177
235.8685944213059
148.12063025435964
213.28723080074744
14.093580185525793
284.8890485801586
7.3257688257877005
252.83980205385615
351.7785342143501
296.5793631100203
105.41018144276231
78.55848209637121
85.92275704531852
314.36772977247585
118.84218677122539
79.53544719551661
356.7587414201956
92.56988910364211
112.5582589468801
219.25536517951312
332.5295643904749
242.0658540231918
235.71331697414854
152.18103197692065
74.10977885439662
133.74747923253236
233.53034305638755
88.74816757020268
203.6040890237763
97.64077842212227
50.903695557590666
220.6193362753741
315.06189359842296
130.14771221131107
4.411944161709779
33.94066756923844
121.63565474154579
186.32816434586124
108.73232226959523
156.60873908230602
64.22950001801338
341.47700990003307
6.46904736690245
240.7002675449831
149.8612238843269
252.95306932703303
130.48667826278373
321.1506833769602
64.86327821986478
164.21310335044507
90.31683285259685
55.56240527667734
142.09272765685216
147.27897103144568
227.26308811641007
2.8209581113326934
200.50257556979824
306.5267533637903
120.71917652999011
56.19037792444019
81.42268501880426
285.9679633278858
49.1802803184849
228.25644709324456
122.75375428103416
79.56493344917871
51.89461411818867
221.28456509293932
116.25496462932387
318.96979356536394
192.18280598794982
76.29078525752934
207.48190350196194
237.0482199859111
244.73358502752689
217.33158582642454
179.6670428757087
31.025334553099942
252.97806737749366
353.9186540182208
127.99235383714408
52.577302138123805
328.4212528677675
257.5954796865569
63.53085711098437
315.80214976653497
74.86997904339941
151.88648243272138
32.36111018708956
62.70128529524302
105.51111678222529
184.51477563302316
176.81621305003324
47.3668490922147
107.1259835020395
297.6951366295304
299.13101276516824
336.69653149276803
183.9911235232017
170.17757906195274
67.962539852095
93.88446941382651
240.22720122595913
346.40547494668556
18.097741633397824
233.25812491762994
146.1534672767693
255.94225126300594
318.2996589612056
116.29840628424323
255.03691583050127
357.5365525428993
139.86878535022083
116.15829891522294
26.641372939629598
155.33024075438436
329.25898740095005
93.3505624892701
283.9528642955012
283.50102852341814
356.2240239157711
327.0670074683101
340.7030931625001
261.81736922100913
270.1417482250369
94.57204207041984
149.9160650434179
355.08361787630935
344.5184090590665
61.833695970614386
254.18845471867783
287.38899955580644
87.63422636319032
261.61225801851407
150.51996793454367
352.69510701164626
232.72925076921123
322.2283985462747
236.2953545986041
122.5057174493883
273.01744287992136
278.41401018506315
194.45239844640562
314.0769069914669
109.3414184655698
129.91931318753635
83.74077424536038
176.69291718990667
99.09636909442223
13.0250452135488
17.68360669006141
29.740610348298734
13.114658044973108
306.588400233764
154.7967763966845
95.82942147623683
184.1312104670331
186.5365469201681
300.7117354841632
13.859832615640249
268.88424097430095
157.6806456193727
6.383865658101687
301.58190267193845
306.85915033234636
81.53426876295245
3.36956039710409
83.22350911611859
352.67074610746283
234.52002066589432
120.14887857248175
165.93224269851765
298.4903066773304
218.42995163343133
320.46482015187263
268.63716308995595
355.0677042394609
141.47152483090295
266.2097153476956
332.0141564251415
310.3319392114526
73.13276888255636
217.8804680536105
200.8413230145554
293.66222783962604
261.065868792019
75.2601563822348
22.83610963565146
209.9738890187612
61.01710938646967
176.90011376235648
132.98037382830424
209.7793630360557
170.62517661935263
248.9695641210925
137.6276723050148
184.0756910904856
209.19433527922106
231.49676265649614
229.56477351685336
135.20521791047568
200.53169793275296
206.16046452759542
247.264907216578
278.8774761073939
133.21670431447387
170.68041425492308
43.1263171508765
158.37763534977952
101.38188561169831
49.58685823769731
309.17709304319436
52.01316018209847
75.60557619998329
337.5206328497516
137.72438444821347
86.5183114130143
215.88418655772813
261.7993180776095
50.7550382562624
213.22155059823774
170.99974816178408
195.36343180179608
243.49799067830958
176.4255052298368
287.28478545105173
99.66854509266577
10.138097306875888
200.41810678828847
63.67685311154698
306.9075081693486
18.855439416565762
315.9493679842073
59.813031977299715
331.9279624242626
230.2346981089059
52.16924857029587
161.2022452488026
43.83537622753631
195.55875560738048
116.26558716981145
100.34603502422921
264.4938776505065
202.523429509994
91.74472270352884
294.6463494990452
321.9249219210571
98.89252016925717
63.36171969632661
174.15008062564408
308.3443753758751
62.32305877780806
338.94654351435486
281.47634045028417
249.96288008450318
60.17201859444537
329.96489406233275
268.235265711248
96.2321106086043
102.85121746825898
98.0875647872912
7.726963825646394
187.89784359806725
270.8739405064744
243.99726298235214
58.825181023820974
59.65833148795327
111.482518416336
77.76176729669275
284.2830531291093
334.23073279028233
77.36286547233009
262.05776239413444
21.417908296805184
1.730116896257435
357.9583641957119
37.92844949873603
117.77637405570167
24.946720413296216
274.13909092645923
271.4002975963729
119.33847708607507
8.84754412797138
115.18282724072824
28.63444530217374
179.6164035992755
319.9838336884205
248.92824335664625
285.6457228333228
259.55279649135645
91.54993931106839
36.77211076794115
240.32556166003448
336.16582905303346
80.80821501226457
84.03130732188478
263.53865883733374
138.80206833859222
215.46421666539587
152.47249560775592
128.01925030653368
303.51076754731184
129.48904311755868
17.610667464787827
189.41230256622765
220.96440094071488
89.56520134355759
294.1883733537731
136.3542973105784
229.07332896174074
13.8759276936114
10.89320707797532
35.553654533579156
278.8387567027892
170.70828769614354
53.238793066109814
87.39330115680595
116.99732112462144
11.483088030145364
320.9629456746971
116.72897556060536
161.97662093618302
203.43498369154986
99.38543211021143
36.26224921503765
26.569071663095865
335.09807993947766
158.31947909553782
151.7395114614618
284.7954749842539
269.8636114810708
32.15230357077566
117.40277714223784
71.19370746981488
287.12635803167916
232.63475194150982
108.9603141628069
146.0707363088469
153.98361590401666
156.18082216753373
249.9578906318291
292.42257189610456
239.08433303944116
108.74138832263976
341.8341276212122
24.520952417135337
185.39464766203318
183.2431725890515
30.375950452787745
6.926917040332226
265.71060868821314
88.06179954399728
359.66637202405855
320.5245081747983
140.05452047962993
256.04846681258226
168.86128522763087
152.37990266063102
339.41060039670015
104.76168057311888
130.4743526150594
244.81363215924273
329.59794251662436
308.1207516125753
115.79515503091223
172.61123265720084
266.11198711493944
61.659522095201154
255.45680044317388
226.47488011149494
357.4521485095153
82.06493742473461
300.7772082618217
189.4807177487366
2.3467739063196893
95.55112792628144
347.19442758860026
278.71872926886044
99.38430441406706
140.0379230225565
328.5459407122747
252.12012498595456
332.0570474529407
257.09420634461196
147.7377845178554
335.9595081083582
28.819354078490903
348.3586937689435
355.8961972989384
192.6073219756539
113.29902958721527
226.72050431000432
350.13694070611416
311.4002820133652
347.43518030059874
350.9928173796197
170.6603592742669
287.94927504886306
325.7167025444261
13.19472216957528
143.27052905261021
44.62844697926083
250.71938311572075
197.61974435058153
240.81150299714693
9.421218638927822
48.71610469445197
59.08904400039629
55.45069617740343
23.681028438034236
214.77718965743398
37.12080183681607
108.95296974001573
347.4210059890885
37.70665371898163
64.21736591788894
184.2210822480744
98.40469233548656
209.4271190900084
208.0779075145372
6.881656513596543
279.9573437101773
212.2691033612929
211.06284693116223
196.75076181872492
316.7980551136991
226.39354630465797
195.36146353996264
230.53423442171973
225.1212456183586
272.08830802878936
201.53983548069473
208.67479700379184
176.9484161979587
292.8100628614901
244.98740888918343
99.32024814377178
107.8502897489552
88.73558262121641
37.141328387709905
16.5816391346341
212.08752590923757
347.51943830243147
319.7344856803668
344.6771002862854
298.2863855604339
232.01544551870583
185.0633991025292
269.39328054464846
161.04586120523834
317.78254928610573
322.4651354617964
326.2994841750311
53.11308297745114
348.33583803211087
43.25127195620106
353.73226104495046
23.978131451573432
268.41481732012727
43.01543230065276
73.30020953489137
223.41258812880517
169.40741089491462
216.5344929810464
212.3778440800005
249.04842771720965
111.37365961161318
238.71165122468636
119.28375433122531
278.9652367372735
305.1899832517378
164.6750427498895
100.18933720169586
82.87893712277096
251.18642051955646
124.85364913150005
358.1099977107087
35.179753308915735
294.09574462163135
257.28935807453064
197.25475259530836
288.81929812975847
132.40758668859922
214.22288634619503
11.530063188139867
165.9848675654093
227.32363935617926
309.37130525617914
204.4739077979025
82.40899610416406
228.55227376412986
316.6625451190855
53.17899328246978
306.8307929163518
341.12693847332065
243.80822560955943
195.59911373975677
313.7417568761779
175.67525815245602
215.48294868835802
108.59689375181364
191.73360934278756
293.9973565360143
70.04047092574194
299.7531745474855
171.90178293707632
294.9099437556813
260.4311587940463
265.2299982897035
247.66282386160148
342.0462144496276
334.56451885468005
126.7589616558673
275.53431066160886
63.21899311038954
254.1875468166574
108.81859258521943
179.5081899931438
194.01834680942144
159.60569810398664
89.99789539137872
303.40799777679683
289.19732953767743
57.7442348094819
346.2277236726972
68.58554751644742
118.14774866099566
231.99749203849765
201.60421717794995
344.0296343859301
304.9734365237427
12.475761630121015
81.94117229361989
291.88227054805645
325.1091687601373
25.358522347288055
219.7047422011057
214.1517491496136
315.80343437762554
114.25629503413347
85.06769500008238
348.07446309282216
262.9106196448694
277.1464582188889
203.46810535559882
333.7067144351073
116.2517712959262
224.63048238334935
138.36127335779017
156.24050431463417
14.838804521515085
31.078372208398424
91.11701870492689
286.6900148493519
159.99849782436675
172.44550225984628
306.3951235872694
338.10897045914464
261.070380538022
264.9752369328658
312.01214425766676
309.4700399951226
257.1273809087415
282.4369598450539
184.64095716047322
133.31825819292334
346.83717443784576
240.17977880916357
189.91827761370521
325.37597131643275
168.97965377199554
254.22711694608154
2.8090533614110216
322.8985545132987
311.28851897964756
315.53540667214486
279.5779238851254
288.02874424743777
327.61970579075
74.05753075101991
61.72890826198039
65.3562529755296
48.49204190619507
146.9192523303767
157.3303358052786
212.21094653842485
25.5986826565072
288.7025936482621
66.57162311978136
183.89073862645574
279.7782097447524
188.3956983908473
309.25012478327506
20.082283337774555
324.32122355529077
17.65544064354352
122.41792444435201
339.2151002914321
318.9742092735313
7.4902450440427915
235.86873703903933
321.033095335306
176.79326178789654
311.192945552227
122.19810394261127
145.37973238629843
143.2943857677835
106.65253608517983
71.4871470495881
246.49013911729926
317.04394731360605
39.53835499645121
262.30868703883453
182.90074634550678
273.04387762146825
170.96703182053471
353.52505978480906
120.74227509591496
236.10764142987196
193.32025799369822
250.6888680961302
79.35527522311976
326.89660838490556
343.07003753085746
169.17106166677118
240.76001435892977
238.5323100067904
23.446792527548286
131.60141545091565
243.2838109020627
134.0383437279887
209.09556892276174
262.51343147858785
114.54472377458805
174.8319103096489
147.56738218197606
158.50423359719534
4.693305948123385
171.37535832063972
207.33639884434115
7.260987082137832
104.29785465956334
216.2889873829576
340.86093420655214
283.4722971529525
80.53155083815791
31.67658262201766
349.0287971432767
194.0044856977849
239.4444649381429
311.2266079381705
47.59934449705816
185.8496144701728
116.0170537491329
331.63926120420484
243.96157588215436
188.30564706430826
303.36232366882047
179.7422293313391
41.462231998023036
32.010797874593955
352.442307889278
223.79658648837045
2.458778993336201
315.8057647010733
273.9907936258401
224.63189237920116
136.05844688820926
125.30618135743507
103.53719544182341
117.41171892774084
323.59380723634706
77.94362713543431
192.07672621400332
46.45886177312258
25.104245957646853
92.13680321538243
44.26604870576527
97.5048206368293
341.92971209876316
245.8432630967382
290.92687333586133
209.580989591242
1.7583423674601255
37.06610735181531
291.4366978716731
136.4834039044826
163.45461544956052
296.1429423248037
329.9971949432309
311.31279941861237
270.52535455193714
104.12527826814936
255.52026034147804
249.13955338129657
230.4460667174478
9.367630696588435
183.33843439317496
172.93045649631824
72.57084583074834
340.5394279543779
95.31078915946415
165.12041252026734
297.56025274689097
103.79485575000072
26.46185626846966
100.96300386324914
350.8716057472455
41.07068333418548
299.5730230571042
216.6615835051527
274.771512157803
187.68552008023482
7.195819709526292
264.14937910840797
328.0851801509369
209.558323517196
24.482491001477882
267.3271172288021
206.45187487778836
305.6659724965403
147.66205745476356
290.78710976039486
217.30785744254936
99.03607533824346
113.54606324623077
212.02167122387826
235.85409123606124
172.4524017111197
293.2414883083759
180.04455931901418
127.92149445336132
353.2709186378395
153.35617888776736
192.79993448274243
62.66020243915291
274.65270731148877
40.126115179221635
131.75238628510465
284.6698973127076
118.25888470963223
280.6329116711556
230.91460208613077
270.6604285125367
16.010478140003098
179.71962920993386
62.83697842036375
218.5029888845522
226.74263205142967
298.02750750479987
282.4642111359068
99.49156431989316
337.634213395626
255.66840551636497
125.5927152172444
310.4091268109724
281.23734713291867
303.4752915251678
0.49526928403647125
95.32451985509424
250.12213504050686
342.3340716295177
324.2725987269189
320.2848569214995
297.901568550071
150.27977583904334
56.72762158662453
193.11088115343398
22.506325167269843
47.142016746458
200.67550345003778
214.95440298753635
297.58810673640875
79.3317227780911
130.67019857142904
92.71227766958586
225.30424923949556
78.75950385667389
209.30463268996382
166.4395543138259
48.00755455629827
162.71908019853845
196.5102455943435
32.84679778505829
227.63983807717804
166.12490515122857
326.2021925223791
250.8223340743345
25.471375470941076
179.47174221990062
109.4201719789871
303.4538890853116
245.5897706147306
126.50861472507889
263.8233529814955
87.69721764687401
124.70212582458504
212.58170298735774
204.8533094217051
332.9561072621274
303.91955757773593
325.2758878149063
340.46363803763387
145.96678258058895
54.320510821710634
300.39898648750324
332.66895042391855
311.75157213068087
215.65898891725033
243.42318838744447
308.6303103772504
54.00660891262147
305.68708216650316
157.37180174129355
190.55441293426375
281.39489117311456
196.8117182981526
269.10104397699973
308.82906245268373
92.28403623502814
26.102690189674885
123.000663937642
320.9897134322018
174.09728329369963
47.129579718046834
187.00382553988516
247.36421551362193
55.41167475978253
230.72576544115387
141.21085772891905
246.81280323532118
105.29249912156186
261.97470393491636
283.7830657521608
318.8234964832479
335.4852896283569
341.8420210494494
204.83145239290027
91.20309635523412
6.1820545703339675
304.2944085468524
78.35855880277454
295.94385787957793
266.80054102217576
98.68831394360843
27.580598577562185
353.495444367226
359.56677912791747
44.06833846649161
87.23524221912771
107.22928411432508
193.0594768960899
320.59771823915827
103.96053601735068
150.29755211680524
261.5194832727329
56.30926470967002
292.4584686725505
127.4815524209838
106.66650901029328
25.692485850295327
54.843504943299685
253.48266629982294
305.70382627465904
335.9570532793529
346.4872605400719
192.7426739940793
6.771738692711559
135.81322921005855
333.19336985437775
217.49467515385456
85.87127715523641
56.10234546200858
248.19201344223973
128.1171185186553
119.66708918876716
42.81685185624677
342.52619705736316
29.85652207623152
298.4326954516072
347.9648760800324
6.59037972998712
82.22485873775435
90.8467100545382
302.76133674193994
165.8327321751809
9.478101204509041
308.20057699588585
108.81880886325746
346.82729363921044
208.4318054169482
23.26306157982503
356.78708509416407
320.49369965821006
225.75081600717323
110.0262195147622
55.89586612041419
284.28351238781676
326.69293012888414
259.89547664823857
223.02046894697844
142.26131966338627
217.2067356132305
10.899101848525236
156.61954567282746
215.37727594836255
206.81330916605742
116.3423064880445
179.1127233052974
78.32409369483881
318.6324385203323
329.7691965468802
105.86392069075818
92.71245487167874
201.14110546268958
163.9074965852248
166.79041581965464
246.5645177924232
21.540189165133157
46.67447907889563
286.6968295118164
19.34428272673376
282.6641533323593
64.76078541922485
122.25205605068567
92.09963320610692
171.69723936360253
234.7697965471062
54.44431071777328
298.40917377021145
39.14654817593671
342.6148070026112
51.14534488952684
161.6053161195133
233.87270906486788
100.23288178712167
232.3102923337964
317.35546888514875
150.35249416382155
46.83197317951728
274.7758701252367
337.5719328864218
313.79777618234186
164.426836819778
330.458036343008
248.06590244991938
234.38359603169908
198.15864314336534
298.39512669561435
107.0658410441221
210.9396080317186
63.57395519468468
345.17095126904337
316.40974393597963
249.04941233756037
41.324717049102766
285.2240182659364
301.2030273001218
333.35096694427614
196.81981800909514
1.2302358763697347
46.07012633593553
180.78049531921243
115.61113346750547
14.558817453709914
13.530749569521905
266.9521288258596
355.20071300220775
325.8884274691457
296.1264167603985
94.96744628868649
259.14861272157657
312.22221063787515
185.87064704413228
28.37176108096228
252.50876333965329
96.6592847150679
129.56278852981242
150.569134638896
195.31976083393013
283.16208901608394
35.99817265994956
217.59628419567701
226.37706954549802
86.65099916412197
29.185774879988124
329.8350621194727
66.22109187134784
34.34142401508807
106.56182873109096
249.99456217504684
313.89009565429427
230.9840344524483
93.6555741072235
259.75170427367004
58.64273059166267
198.98370539853616
45.91532950916267
328.5751226206772
244.6408854370598
161.275248864902
29.444346282287228
68.12032876811183
244.65599119685064
139.62649504374437
226.24005565657865
146.64778197793296
42.36594263480706
142.0201579902069
16.742896907726994
85.3010576829914
196.15443079386174
139.5830493989201
55.1510101792918
281.8267756298895
262.6361537504983
16.884874528338266
308.33457244248245
103.64575020305338
322.74970642042183
52.59894408557649
206.7523276431816
245.21835881518723
351.240317971712
251.99813350925285
76.10917940136135
108.07553668228545
342.0850631150682
59.75300134140121
263.76392552106955
282.59179442966666
42.08667885707219
38.41461399955098
93.07044953671506
3.964492561614724
117.73878018279653
168.76616536892197
140.0622313939995
207.46781614493156
11.822691002303939
273.95074149150315
279.1445485190378
137.5355008767881
190.4503472272481
87.26437888554639
102.42434233370415
18.579543920145255
353.9989797419672
356.3211112880326
214.2623611972441
21.60583844473021
252.4628252527667
280.78603384445256
69.1448399859113
57.03411141613318
86.99298148342784
127.18785424879871
218.01866167778076
276.21015680889695
196.15079107369976
350.9251946120943
340.5978398292111
187.05547366951347
49.60757675837727
123.01348585946344
230.64252895449525
315.7630818245099
0.5761631611461094
196.9970286999706
58.270966472349315
19.89152002133922
351.13176926337826
85.2140572579495
310.6359547687935
170.20978457735598
166.97836815857653
124.07817017672745
27.295816444123457
150.79050434255674
269.1041275325167
61.34351180965306
324.55816012480096
86.69097512027423
277.8609804579804
271.7103648377436
297.8967121156101
312.2556990190033
138.91143481564836
4.4967117264430625
189.38371884113738
315.6756789962881
58.54185341901473
8.258951269268024
171.06305018929106
257.83978560508683
296.6347728366026
130.83436335190478
40.814430556510125
17.564313197727575
5.020380656180704
320.4855089902802
118.45226973582032
19.429710686313943
268.8463288060878
263.1537374904719
318.291165873517
196.8732591106254
113.63057333308058
235.33835505928482
16.128770858559385
217.16984336013513
7.669577416455158
149.12900301892856
281.31758164652564
86.83262884601933
67.39104005131529
44.48784374445018
223.42875309361568
54.35337076144338
353.50806217418693
231.0674040136129
75.2630036800158
12.282116713551533
96.24010232570508
37.88160377919388
149.86352626541037
52.35874304702336
112.67061485241064
146.5718241004225
47.962255353507466
135.71644383325904
180.68502081044215
204.4644647212036
67.44504219235043
215.49842797264202
54.47941408093608
85.83247530457486
173.30863068872287
183.29756132230386
286.39683115930063
160.49554700352968
51.13487327457574
154.07877120180913
194.6460038845385
287.97558225237356
172.14278815872845
156.24105512945408
186.09011384732375
106.43744356553253
78.51962075579188
27.597180631565465
319.2772163622353
311.05500957704544
65.75617303076841
158.14751375077375
325.6674972798961
218.68486179790992
115.30539882218581
138.42682369776247
202.04777886383795
287.511654330154
279.8765018823125
248.44887067308665
94.60157586108797
63.211890713426726
83.48343287906758
99.85358333728477
75.19849959813511
319.390299046764
191.20936525196788
74.51232039550362
53.00967875403323
266.8596925206931
2.5762350737001105
187.21817234490126
153.80111099680073
276.83967251784725
7.590082565616608
4.625325551308162
225.60793122659896
127.32692420078504
122.01673048572385
181.20154259082886
324.8156903133043
90.12096900142612
141.899824829628
127.4682241779515
243.53521653755166
44.53200640692723
264.49979755842725
160.5701378558666
137.20283255651955
174.8508299895883
280.45058184414364
342.07891444831756
35.31691339973294
20.670936501895653
304.7281385272172
205.1262465443279
283.20342724033236
111.3562222007399
39.43227721861948
19.860971860885492
186.78533664288878
125.08663549806194
43.44076273089825
138.1874633276782
209.96424481543946
78.13922153883023
115.67133941117717
2.0984190808801513
158.9931925230014
171.79350139372178
212.38192157410361
155.19573815310943
178.3643297520779
93.03442518009416
310.155725995601
96.34322228144926
87.1494804215722
171.3463220337542
354.55610593953844
83.91141534774667
12.774262554972056
6.306629101428647
242.2059649888928
312.31057484892085
49.2254220445136
162.00240416501418
63.09715224367613
144.87908162426936
110.98358537039755
34.05984138899014
353.61176740628605
117.71190295247975
166.58101550348223
84.67104417586334
310.02535559928225
359.6350256056942
321.4921513560732
274.18318053117446
177.8904580649152
198.84465099789907
109.7455222218494
208.57930777593532
101.25299662845592
323.647324935659
286.0180229589936
282.7247293472625
140.31844710880708
292.9417280617136
142.90616174145742
100.1145889546546
23.710850025067298
316.4468277961551
279.72604384408214
260.7295852771527
332.45785444794933
185.40569555437804
159.47109130833744
160.55897644199786
234.81155658637033
279.7962449401719
35.02879819453678
43.6541362928202
223.2353612666806
3.364396323788511
139.08947261677795
2.8809206711421997
60.08166570595297
54.17760964317755
268.5896146776787
267.6502489269118
100.16649543687552
288.76677522093524
74.70980559166054
354.1386280946342
86.86627358247091
334.51220199314815
19.769952763043605
105.89191970363636
146.6687899411406
282.04128233590535
118.69479894772435
67.12202261710485
248.03209082591087
344.42507384723655
178.5624446038495
345.2057590289492
124.6449357450986
100.46098051673226
294.39585374427776
192.63547675641843
260.78578869063756
96.27763364014005
164.20166646630733
96.98639519089821
211.44675443870815
240.25198671473782
66.33226621869062
185.58586991226912
342.40520566788234
57.27541080208534
42.514939554940334
235.37110900390562
336.5286608337402
241.55302782838373
237.91565753060516
29.23023349438721
71.69035607717952
153.03288590975725
295.6141236928722
153.13580515283297
293.63063630478894
230.6356792820739
328.79650330282425
348.70016839039323
89.90928546329384
56.72463788338979
54.13246066397814
239.38967782709886
245.6592850754504
53.889507319360334
327.48741488121476
200.5185995412633
265.33294292656245
62.827659026644056
47.529024088074934
41.67862035585102
40.05722756100691
53.407628587620614
265.9305016391119
331.57543751973253
240.9083845997129
237.51436788422893
219.62648307850108
62.05417224788276
182.6299741142431
260.1776958793299
148.70685655472911
258.6327161304441
306.6840160246391
96.1831233475007
251.19867527609173
37.51534455041526
35.145308761135894
101.01029862616086
1.2517643211382483
99.66796168188816
67.11162556370321
124.66428373640896
225.3366175960925
236.9587855371054
345.98751769536904
51.24212832907389
312.6944683663897
21.12258439568096
35.40727417322113
157.96550851319557
292.4312051926742
101.72798312113575
183.01897585285857
343.3962763685691
328.9694927683173
149.96708729974068
279.61816213376005
289.56066063944365
313.47005521054933
186.9513973441672
76.57569326183592
250.65546040270186
25.59280951029458
254.1155773922544
301.36226348277023
234.25151483959405
128.39906187294852
77.25011646546952
72.06086079580331
158.83257568394978
311.9524603939526
322.84988277058466
266.3193637586605
124.011054066789
159.06281612203978
218.07515222818864
24.15639587272929
96.11198518240417
251.23950560154887
351.781639614551
48.76189089950367
241.55309410040766
345.0990601559619
152.70309893029204
304.871420598329
158.46723415475898
52.03994214735526
216.80240406146675
250.07157815277404
292.16702192215695
20.931132247351783
264.41613246368695
200.25322981049783
352.8271690887326
120.63909049882328
331.88785542845005
174.6147682659183
216.7218709052688
344.5103137801134
76.57656122466027
31.69506738318521
343.04365515113574
219.72819652249896
244.27636057492475
210.40387797950584
171.80689897091125
117.46704730496066
323.8569484991523
294.7629350391911
195.20270377321862
354.0437862450108
357.9656885779563
272.8975867462879
328.9597989848196
283.89983096359015
227.09223036044853
220.40536013777609
151.1372036996586
45.04772645010405
124.17103854989743
287.06798958730786
155.94653162898106
38.23822992635292
72.155407639628
203.55424073454625
318.6197305309741
211.6417267205121
312.84206292137844
330.69144843105096
265.2982487840321
272.1952900758963
172.90306081595938
71.8452042690154
12.028693465389347
245.256724628167
351.4862319187933
263.6610300783559
202.50760656162674
286.0827230622236
193.68561711782613
56.27806898885648
218.44463043521068
191.96145575090077
38.64791399835286
15.64361689254075
352.9206043557616
160.16946070529804
2.7260902814687435
100.22165593104596
147.04708990343985
335.26863726630586
271.60307491654885
170.35424131442164
179.09437038203936
320.66535404654053
289.2436710445877
241.47908337422206
179.03808071468558
30.455667478967605
15.014968429573404
284.6539149246
10.777749999686096
106.52708932882574
165.77557920564453
159.91670259356638
190.38025538995404
307.26900266502446
108.89440144456294
251.71438778704677
302.1802674482025
118.0061107869341
237.15854835992866
87.34594756636963
304.2549467031705
121.14664645495775
291.1326073077119
193.4101946696793
228.70194626813463
219.58462982067263
241.71447589183597
215.75377495412496
236.0495278627235
22.317998715143258
312.006055754603
92.58310662509784
225.94857528538827
121.71073272630068
194.73983610038204
130.2969971269037
174.77369908514433
156.74274987748998
254.09998950195595
183.42508437021291
263.4220023404864
58.848316202956134
45.739010567320705
243.6573949503794
336.45853218075973
162.1424570921556
48.97729947992487
242.03564767881863
337.6783161471048
49.52543168417875
352.9128423206333
113.44743178816353
102.89572210284702
253.93365191406647
128.77660763031827
118.12726464721382
211.7587269715591
16.506506698497795
241.81353355480286
188.16864455453833
164.90567710004078
178.203150617946
212.45095327461144
55.19277296628378
347.93864843162004
104.41294162763562
8.9719484912155
210.0111390666468
139.68754474729903
349.3396852735976
236.50524066036903
90.61155011743163
243.67639171963094
49.06860407361876
220.919741968944
324.3421451390947
120.76022886349143
303.9934147514624
20.966169900925955
328.4055001565764
303.6003466963335
125.03237182436142
71.57569695832865
42.89584109498684
284.04234658371905
64.6772851709317
82.2036632712308
337.42632623959497
67.67133943055693
187.44577867902
0.8187487254690988
47.30252589868578
345.06012813137363
264.51992761925715
226.4237189020791
200.19494561299624
33.648111433073474
353.0519052017022
40.359551554422254
342.2842365333294
316.90552430350266
173.7693846565518
210.16550232232012
170.21598120909104
305.44670091569486
158.53449915101305
343.01990564262917
257.49454750322934
260.0657238503459
237.613983526781
7.313686066360391
240.65872917320172
333.6655503229114
99.49621677920005
351.65651829926844
337.73490305168167
241.31476943633496
333.464996414918
185.64057935278944
236.25946067347186
337.3944347326706
318.25260683695404
185.7287704367057
72.05756594776884
168.54506241877576
91.91175660763301
205.26464131601853
156.8881255956949
228.48359879309115
225.55177783163091
272.4016959589468
175.70654213904012
109.98687790440924
57.87702071148065
30.86232058148684
221.40978872292115
210.71983766036988
274.40002793483796
281.05813440796624
343.2013564725689
242.7227763564015
186.9647193729117
241.25297027280658
95.98685714078657
196.50363625165716
268.75030919465524
333.76518109707797
132.07414055944733
260.0237658238779
270.01845327637386
76.48158587430378
286.7011282386469
310.4221641612294
153.39886748176494
19.720367439115975
212.3915921050369
338.90090449341614
208.2562118163317
310.1341913298317
232.9831847648597
100.33891162963704
129.374522882885
23.717504735719768
351.6551321261579
254.24514490917005
50.36015241612343
331.52674684225235
74.2371202643524
161.87971753331453
323.347102751875
103.61071289309369
303.8647274270348
331.97951249434846
104.09856805297014
243.3279178134432
356.52910861519615
252.90095705421996
43.32220294116322
210.5963409835914
142.94073580107778
68.06422312489869
119.44311664760869
9.892268419900082
269.86027668164877
224.2991445362785
134.931161738256
293.9037262490851
16.434688817588352
158.10964647909765
64.1822210621678
289.7271929883579
318.08481839417686
301.02657388260866
150.52743589595238
205.5538847185933
320.5116529625752
119.74984492239155
9.71580741127585
73.15734906481875
122.65292399336906
313.76153607369275
145.91414960700357
354.659697980752
53.425872502288165
114.91211902702241
126.08240475345036
263.0932241507094
116.56799428209034
119.69108923544054
25.62371196002649
46.131880801030476
36.699256567263866
322.41935107737226
108.50398796672816
252.31027332705165
300.5659370355269
321.9990958676118
82.01188119684231
45.287151390491836
80.17502878870518
115.83789546135375
281.48339567548345
118.05082629679951
31.53540344927676
59.78638463435619
112.9791163899343
258.9233678376175
262.0901202086458
288.0225523588677
19.500182378241053
306.3410048245055
82.51660339938668
119.72812132314279
120.76902217049218
113.5040167064536
5.859415959679737
79.71757375427704
183.60483542885697
262.06958214507483
100.16195637259831
315.9239960000208
57.20309186062666
97.83183970057843
257.8752307001931
252.22761711650128
73.0193215663902
246.1190374802299
285.9120479747461
315.0452294403946
205.9066194618867
98.60629068332098
268.0615527741208
229.92667685043352
328.1813181589391
125.8222940489844
181.71157317961672
229.47059368331642
336.74201953356624
274.23056219535584
6.744121549572537
299.33759923028697
6.515864606870224
284.97288841056354
132.96605785367348
32.73438083102194
102.51320433957748
304.96996402058704
222.6771985563701
149.626868821033
131.72873158287274
286.6001063758803
324.99346942960716
65.1515631926883
159.79739077061106
192.13027161717787
331.341884376081
344.90718198708817
172.24510975624935
27.480707951623796
308.29038340544486
94.91287253428897
55.85738210022264
138.19903591133888
121.62682547955221
323.5743023499626
29.856250525945864
23.13818011347077
69.02270972426936
26.723126329666837
170.66250281691956
55.966479950718394
252.94953231649086
190.31857889896546
203.00099492031904
248.63922650719877
173.116045427415
193.97694536212742
28.06799692647036
245.03078310608694
93.3317519740864
8.523465138415359
358.29004202782835
333.39931559332695
252.08385055842706
177.21454436348472
109.58016701441787
55.949429989901844
152.426852871555
5.255893353610223
257.86637300000365
46.8519154063358
62.53395613953149
149.0092930120698
172.1061872410957
327.2234705233359
278.30746833164415
33.809827225588656
323.77696531153094
291.379836594923
29.95033160088223
8.043016254514859
23.906185970157573
307.17256871574443
333.4091880963173
203.39229393112677
121.27859886018717
68.52086409889772
10.10152186878243
25.25415645620135
140.63937611180359
127.23261251555924
321.55343433969944
2.3939648010838517
148.37038771635304
134.93661258586363
105.42266106489352
258.72507593192273
160.02110323733476
248.4105914027569
153.98663669863032
85.23333314358025
65.0876702427564
96.68391665392376
218.58291401202203
11.583292767274827
82.93510502025627
349.97750866351214
186.4084127432277
215.94374536447535
105.1358718889368
348.375091971458
203.1303256755328
274.8231726265323
203.074302683576
23.350971958745067
18.9691461611341
41.51067192941064
26.584099355372
174.009905313639
204.41196249420136
238.29441410686323
77.35588271657949
281.77573023169623
358.329206150923
94.343929143752
242.07641158802807
294.15449628269585
98.66760104386472
298.57493441709187
180.41017934141178
331.15385450698494
44.685295815812644
157.29569813733858
359.7047522600062
314.16013305292654
135.4222529766243
291.81657864430116
202.39761918290964
218.86079387083097
31.702772001086906
93.57568313201163
256.1437276976789
293.18043879591335
168.3232977279303
92.31341889821653
210.21652916467735
89.63798763833638
171.80651835009817
217.64098229985112
318.85032824301413
274.2781175863162
222.04324134134984
230.89954780159837
333.9289918005575
111.9346637976083
353.35189213163835
86.9941680265396
171.59462174204896
62.26559408537662
307.3601271331161
285.4234338079465
73.22664468399672
64.49982590487807
173.95808171067526
300.35970457629696
284.9176119800391
189.80204063612874
357.9943175819024
187.9696122191764
113.60744413764625
23.762811925065915
14.897490961846355
40.35840648631836
185.32580821465768
333.9532179890018
127.36438153633027
224.48800492642292
179.9200055546994
230.6382242889552
7.908902467600678
159.44010793075932
339.9865848664702
272.0556415965414
233.13390774099773
117.12226443540729
268.1751479804622
259.68426941191206
83.27382760426362
8.941896205950306
148.23104301541807
205.63012911433586
126.58906738207924
276.3895215993216
84.6503828855658
268.80385601956306
53.464310094209196
150.55944041332987
304.0687311312779
216.19841693035877
279.8122226645272
49.372413235721254
9.915397674421838
100.13429459368922
38.18847686831376
164.99047905464644
237.04355596711562
106.34600553722424
80.94357533155335
300.24097188664257
121.3148084089423
230.7469623240829
73.33565257412741
38.96812938143208
260.96470888219017
251.97785499072094
338.6756245229196
77.88733577908678
87.19434070567584
296.5595752006605
300.37359998644143
10.908581153360645
255.4171472439023
273.14058904925406
305.01134976657187
272.6611520720395
63.85360600523963
211.47475017365198
343.21324617661975
185.60133877903965
316.2329236420325
17.28030653197587
312.4296874518747
117.31259581291724
142.31074098015392
273.7806983127588
275.5947897749181
120.08079266623845
100.18521175912308
223.0022197796346
71.15922969839512
234.49304330704314
177.64737865157272
8.642394432832713
177.4004471224881
208.2236617467815
289.6742419660119
322.2274149054324
197.26427467038405
21.887092952981394
232.1823194531124
7.172700273107647
2.0575339652543496
319.7209503565016
154.66121546793013
182.64870944776945
308.3105533911753
321.4026022062646
180.02724385241928
97.97114129570522
182.36341566772035
230.82814904701124
67.64821497795603
160.9753196680291
271.7920264550097
306.61251350660103
275.79213511421847
248.7909055550321
43.17836791553093
214.71912797215504
286.5544574551782
36.575174536500356
278.93783254613646
250.60619784868712
230.20939085241827
238.21884828909052
85.68425124907493
17.98806378756804
22.045094809485608
87.19461334167168
343.8307360062249
179.8027339292781
57.2128022094689
35.93123695120986
7.043263079800725
210.79292804196936
128.42559829246625
108.62938314568503
79.70455693029842
86.27189542533345
329.7065650519952
330.0350875641218
108.25053695998649
96.19127995418899
76.37393074597018
38.86330534205488
263.6463575493137
191.16676883642586
320.0861942934511
29.842959887666353
235.64121343003862
331.40153216990245
212.72764294924121
66.61668240675607
150.5247896715101
192.16563848244613
194.6847383405571
32.84603922044527
272.63330587891187
314.3797599494948
66.8444524810277
184.69753989934006
198.52238488154433
258.77090464426317
308.32191736531206
200.69166745634857
279.1797514682665
72.80477918677444
242.17245255181194
42.35318883071383
161.75793075782533
37.0866188829008
243.184750202497
90.50481357734193
262.67088390674525
238.9052415093813
230.62993859775855
52.04425215309214
69.61288650624728
218.587028939602
230.30825559656398
144.56085557484596
166.74672185622833
199.00896220028838
234.1267086038304
32.251193689374404
38.761478315831475
143.0022570121868
317.20115232979094
350.68559433210004
91.52819970731832
355.142732816693
235.7711484428161
21.64062874376687
102.29569519238812
43.28134763360584
137.7959290475448
110.52455817454647
230.79093572531193
284.86469291320986
164.42978120973166
326.8555539227684
64.09635958882171
32.13295085914605
108.09719969823644
272.299600761272
196.54852778142066
27.044098398218377
139.42456613643586
256.5368864024275
68.09431886776491
207.49056453825483
235.24962914019773
322.5573788540724
59.60611063604159
5.53899110365259
65.51174573998088
7.835815718853296
242.19157651671253
147.39381333234127
22.273684655416737
135.63113576462726
214.04067365918377
358.2851321358867
0.5855699122300259
138.51745650473106
99.44741118434162
139.19317731931187
97.92982912113409
212.11930387946063
239.68789266082288
193.88094590852478
72.55457728456926
121.45017221429656
93.87876019464109
243.2808015958187
157.39264290815225
323.75024518930735
208.66712837647503
302.29472100167635
231.1799489235677
116.7556032465571
78.45507730051102
293.37325696047446
171.4239143550203
20.038186563701206
294.85336623800185
18.552924883999175
64.95315132851832
74.897039260984
339.6878017641611
184.99059220782817
310.2042419071036
83.96657574042008
34.76760855939019
195.31258943281276
354.44107993384233
184.95429945261364
230.57821543955856
274.00459395432597
0.43577656042813456
241.0365446048576
183.23803401879414
171.30326095648385
224.1378210293523
168.49407354913535
118.47061031588609
331.0731662978868
165.66880316275848
152.9130196021426
103.05559507455307
125.83504543940053
178.42375303263015
300.39524662238995
354.07957114930207
196.81004888892568
66.11160439004952
169.32171296515983
171.30395056938175
131.10180614975457
79.74181041920997
220.75603989809943
57.737458617998996
248.1956443255354
337.0214327102002
351.2740788795476
185.29181401803456
35.56202052159991
358.253247662368
142.717165646002
263.4105884393389
242.7005410846762
152.29770650170443
348.69807758679394
316.7286820933537
124.57022351866374
88.4964968599956
28.98344680669172
25.76571647151038
281.0824376296005
263.94712356037263
286.8384286321646
197.60393257593418
254.71165045630354
162.76531348686567
161.23898157498087
331.9071070499177
89.83061587223146
234.41516310931596
66.83741541751897
66.19365714295381
118.79474954693684
316.56603696988594
83.84890200692683
338.6568009900674
293.0592601315236
314.99870734877345
148.91445830258763
34.49736317786582
215.617829307006
281.5864131075644
49.167298634629766
240.6107573413955
132.90622201168864
179.99508659285303
207.31477312441524
221.26804396030528
53.259882874241356
326.2818343520693
162.63370695445434
356.87971489797934
106.5504013933378
113.91585420545331
206.0008199104782
171.97577210141395
137.124768787707
4.238650149970916
353.43380324899124
316.9857172744564
157.46854611547104
312.31882325115555
79.25230232498723
316.4437113406661
122.80255126202096
128.61356104019657
158.8184681857852
95.41151754830231
40.27865395320251
145.95660649152205
154.0293809358305
90.07413953361551
101.84007965683831
79.07808868161541
72.23058311441
197.85317012167275
91.75037878923764
131.9812369908045
338.37771885856085
230.06457723781028
194.85234721097063
59.776305522278946
272.22837310930396
337.34302551449923
275.85552758580366
23.33370283672674
318.1811478380744
250.51930563676942
351.2900437779924
288.1850185749083
34.06809473539102
15.175886763241083
242.58695100798317
273.8720407446188
71.80371830457419
220.60943086394002
244.63428612550774
202.7160943850723
22.52901964541835
114.98310129804015
347.0563956196586
0.16850155319728014
93.01506565656615
101.0068650439341
272.94818220198215
350.02495915674007
349.7739423530789
313.39980229646636
262.6880651149222
226.6337116892225
97.26414894402711
292.9985206971115
260.62733075231534
51.46358113408746
300.579230775682
91.92011738570271
250.74811016240454
65.30667903252754
273.66508451027
227.18700443274466
264.0599035874828
78.49216402417758
303.87620337042273
123.92686727653424
98.36624456907181
267.0010960248837
135.12594256500128
264.40372601399076
228.83298469687097
287.3546987050896
88.0234029713582
249.03300215760441
222.84615573721635
14.782592657629882
34.26809616197256
263.84849390722536
107.55032428812643
6.744734120159349
84.56738673058818
290.6193164875806
32.01400891016463
197.8688306404415
193.43587601476437
102.0091961070899
233.6747698096173
133.10394069344008
88.75547127392143
309.2372563461686
199.8819571632137
143.19375202727207
215.9252281764725
347.45064438689917
25.420450199162758
4.509778948957392
291.83841212688037
42.53506782520638
183.5480256335761
301.51785631884604
102.72412217446546
127.54670523488087
21.27730450324597
132.83146419657717
352.68664959294694
157.65989911359313
246.72496440571345
305.91037142892174
53.36618869791364
216.43933513342006
50.456701965790245
338.8255655603323
318.6531588349039
207.5159492210594
86.88875198184982
212.83262764622825
205.10669668510977
278.0927196232566
9.928514070040384
283.6788358454875
38.75075046440422
350.0560541832487
208.21214475166332
189.00498553901252
142.7618620345092
217.41503305310667
335.5882328827462
160.1383926706821
71.18984610950324
289.31888581917974
215.98545065401464
117.1637468606439
115.16269226914262
8.954527097208247
345.33022593712417
315.42593094356073
172.1929797357376
22.164996086565395
235.75767676706567
262.281889187174
326.4858343077033
120.5593876650426
149.80768701633733
334.41406122976514
5.0218100749931125
354.68178295943864
332.77939737818383
192.42414614808274
168.89000690658878
76.72161975879243
197.49356478307237
85.88215438458384
263.46978675741883
319.1257572440456
94.11498657596681
257.88559668161616
260.66754823418637
34.282873223877324
148.00551341360324
2.3789447749612473
13.358434361002306
120.04392400299162
199.08533311154827
165.16015137275542
48.02820498402664
213.83828352549676
243.25851743533917
192.10443428656959
153.64138487907016
303.68075551598554
124.8313260444046
168.55867937620664
190.71116846697552
38.96909259780673
237.09745769530548
334.7551026700458
186.6561641548922
252.4838209753531
224.52446174346915
174.07733141431478
315.5704551228759
250.96812996484866
205.55440023454392
140.2289203412092
28.240412108352917
15.338023050746273
57.156693346822635
105.92887457384032
138.03182082936763
39.109515187137795
11.0106668121911
83.29174179402396
18.736942798696415
163.18586932947633
84.41154958693232
354.81027057955885
98.12735112647083
78.93223255811499
4.527854711251343
2.4349899914686257
277.64979519520585
340.0525086170382
151.3039495520019
289.6877561520399
56.56424107891444
93.90217931660155
55.624540347227935
175.7737465359296
359.1392096499745
33.50897313591118
293.3581674742293
209.7015358781811
80.82387305245334
267.4282363427888
210.1220541744605
237.02924767283292
205.4190743682641
280.92504371197344
170.49762477422672
329.3331486021938
358.17436893796406
7.505993103485532
332.65330129053365
163.01604151717515
329.8068482880399
112.69195485758281
308.48571105575155
297.8936185594331
168.5291387756001
205.03478287479967
121.65868637816699
27.979675256436998
105.07297391258582
10.691293556615781
185.09234190696085
162.13231062761722
69.56812345770548
70.46740822716215
83.8399725746521
232.92031522402658
55.52061570875239
54.769155513792974
269.35698140760474
101.93298113194628
327.10006236046024
107.8380753468824
227.48797761380928
21.1156253358719
148.84698546460783
148.2275614860399
209.12257805788187
328.7851667476902
86.36438960622917
207.81354906615564
85.71601586284568
64.20083375702625
250.8162003209364
206.58055850529965
24.46991208496348
298.58250780365546
216.99050080036483
276.89323111527113
324.9619093204597
323.24340601658366
32.49629306655755
320.27914647821154
197.41441124529948
50.22712211181853
121.01931976623241
26.359021910245236
147.20242309216044
185.20906917309807
143.83009304674272
331.92873055587825
191.2930299431523
12.002510743003219
341.3529478800567
220.87153485015796
86.46749057878577
245.62055043776047
182.44584394975175
175.14919410470583
239.72325871686957
59.95712832651153
191.24822633801048
80.345423565604
282.06714749060774
244.60262407709138
44.151573603537344
352.80733023523
141.39234917132725
245.6480204790115
215.6939030019013
321.1428016883527
228.5463125436326
232.5434580516032
113.39588143182901
287.5078551036371
278.7290148771983
292.60426440084774
242.1975271776476
121.90605068891601
142.1357771954699
166.21616034928348
291.0020102329497
90.23764621666245
102.65665550864274
89.97545665427398
140.81441190561912
8.81339283803575
307.3636166522432
51.759448580968645
173.61474510326352
331.52997835262863
2.2786348239359513
275.0887917991622
339.0621883726085
193.0553891318685
16.396939534770524
295.34790108387676
350.0180638277972
339.69635848942556
172.97005162716616
43.74208071953753
85.95679792254374
348.55512629155345
173.1267090652966
298.3203947268405
148.10886615240813
155.77225767755888
295.66214039823694
347.2432450815788
183.45697783702798
194.96102219752902
334.2317401970217
11.651804149445528
118.12765917224246
316.1414929313947
228.8809177885242
234.94008819422183
29.926825863059218
48.2823765924694
152.0787200561367
229.85702464466368
78.91610650483862
150.595309070908
338.2289407936386
353.9986353418808
154.31098453043248
23.41712197696715
43.170412995639694
94.53855212575749
131.46341855527092
318.23380819772257
53.55759925276428
45.505210973597976
26.242838312146276
219.5980621654847
40.1421757081397
332.9098925315705
340.6068473509547
148.3760627031886
19.543724755821827
67.01233466775597
7.7763856532089815
264.0542377021215
12.62634511833609
207.55568681134557
313.0593215277673
18.478421703490604
208.96112356157965
305.6297603376944
231.36189571122287
101.00656174716512
5.889807723291536
33.640437925639205
188.71039454699925
8.851814654904429
269.4708040521359
21.131130609453688
127.20350886750937
154.7716606414132
129.59306008139149
246.5338939982534
335.5819880547024
96.70968900903442
342.0056254937716
114.26519091315078
218.07497888614492
326.8926138294992
171.40994307977675
107.97276457274732
146.92081170907807
32.74359181915467
305.55213083835986
252.20869618978938
83.43543791988186
158.2681394390513
11.428118236709816
33.75102076104444
182.38669725967816
90.71040190763763
333.66883967212976
259.4652060174733
31.882056038405903
313.9057691722105
169.15016615019823
105.0879395258123
168.50230765134117
280.01502262749625
83.24932135859383
47.02741967366394
34.19570665325331
51.84559783015333
123.81999861530154
314.8692788149145
229.81456294676764
132.449529181347
123.34976140720131
67.87830481082501
172.30627575567203
208.47153291767884
132.7529876905227
205.9635316536527
312.4047744611647
9.002565647675688
294.0417047282858
22.801987967131577
17.212708611382883
191.5410255819787
211.19964146586318
145.6638683428498
260.8536816123649
352.7463605446902
92.92216829733746
133.7353668889037
211.96748561106835
121.77666417970622
274.0695322089762
294.7358987914969
50.589238753752255
206.53154865745103
70.73992651383121
304.9560100852324
357.45016652965904
317.9154300912951
252.10123537976511
198.9381978925419
313.38343417890724
59.113467197304544
159.03276845292316
355.9643283224536
149.72655960384023
44.61312399157019
292.3290571657168
257.70945743699446
45.430809675067195
181.0035958201867
98.91385720524345
230.23472453966681
271.4388284281746
39.64510196854647
69.96142049265802
344.91428896102195
99.48054063183719
313.2233608431251
278.2832945681526
280.23108950925246
351.4088635665846
88.83169435049717
148.18702080579274
277.62682584521775
130.40077640381796
143.37026898432208
44.84515275942823
61.11840256607541
23.385271087810292
356.0587997295205
174.29851741364138
155.58356888728176
122.61516712028565
165.54194138611973
352.6680128074352
311.91992319895775
226.5919293596187
213.16962079958952
134.8797246509389
313.61440913242586
73.95639479430301
311.9430492220004
212.64139754427586
137.67080159456953
226.33335975418547
181.047919096323
91.26440634014604
200.68109237661068
302.22360634827186
93.9795299662909
96.0157383313624
264.58841255243954
234.48406364756855
116.395989730463
78.18192099873795
109.36928163622973
291.61821084503913
117.83916772805807
267.49597360824873
155.70632354145786
46.00262788589083
265.95116822900593
54.2130774586723
269.6625361600739
337.37941339967944
169.18226156831977
124.72727262410004
125.09724525391485
9.575033072053035
112.73186190833137
157.59915044408106
118.48699303554793
332.56233254281716
247.15889724016907
304.84261193778605
265.52400755329813
240.29453594537569
62.25933325884044
6.212059468877977
256.2981020751522
82.74233690628701
210.95487524095898
63.372096960889614
28.551759679052616
199.57918548145443
277.46697149202396
358.2091209217151
352.6843790207582
89.56210103745558
55.48158114796931
343.9388445774588
265.3399373939176
185.42137818713607
60.014577309622275
275.31142496115507
58.28633296793126
151.20469602494174
135.9084147372846
359.2387832324806
24.653531227171115
313.9702175275571
123.38992861197023
148.321273722628
130.80565068299347
214.4742384531664
210.8663510097845
264.5696182862955
68.0994843274807
106.62814618388578
56.26471962100288
143.70390647114837
341.2536370405139
221.42842601736933
5.93366317330213
204.0424559965566
281.88434428726214
56.846536362763004
131.380604063886
357.7114930720401
244.63638418059037
74.73863985967873
85.08473940821884
6.907067755147966
101.30385623144063
233.6958797276475
346.3319886757607
272.52875611948224
351.14042039781674
194.80017425724367
239.72349888652622
137.7373028248018
30.32702612926017
43.828377494143595
170.55774206657293
74.41392509607816
62.84876874878006
162.5529908281265
61.45894924413941
201.46161107296203
3.2888457138638847
93.59041338229844
21.66016694771469
349.94149714446564
74.34797611044539
201.16749606812874
80.88387542540806
163.68647623800322
92.38410994371851
185.0376802683374
156.85055345824918
159.08486894360883
213.09250969448954
142.4838073665058
21.100011491118376
110.96360923275415
235.00782531573256
146.35158911496563
93.77819634091247
224.92264696418164
343.742667291481
89.25298407393456
261.05579436722
239.73983714680608
106.86381487714219
8.166668924565935
334.0671228812226
307.7483381126804
57.1232742713417
53.46357003940373
348.4848854647696
109.57215129948524
40.93507847970534
67.16313370204234
240.54862693463068
27.74767141924316
29.97609077567937
56.70913628671178
242.0643644398871
25.680151818744335
194.37285963456452
328.84658917065383
87.69125007911224
190.0648294970884
184.04339228238763
275.4269251954167
291.6092374279309
148.6922546104342
268.4805225521403
55.29485071508458
281.28934028239263
354.8042134878828
86.16569982717978
277.5013456331303
268.97068811337243
254.90757826340044
254.1482575774784
224.6565276952246
100.53099229097482
264.2865470502043
305.72457251446593
252.24429954207793
44.53274559147172
211.96247456748682
22.62178156389068
71.43023401101333
293.7092912921191
290.7037505318315
191.52768569821882
163.09212729402336
63.3956079112623
51.15793001131858
174.98378176330272
328.2502350613232
192.5516504660823
231.76717198778593
190.5268801412811
245.5272290417663
102.25429258950253
161.8380647943452
101.91306424753685
95.20292688989916
53.46040158792883
205.26948166834416
277.4484034692236
236.43978461048363
242.85559616628467
140.0449022837367
286.2755019735295
347.284204883636
351.3921930186022
247.3733124751801
182.12887935447966
163.87107388032462
109.86140977638148
164.40597584399185
159.52683307589757
178.3664241892223
237.13651898210261
184.72898930268698
50.07794661465344
21.001402201874107
37.798571482460346
46.225054407122116
320.52539303049736
297.4338097087256
83.96921631019639
162.63558749440335
303.79502379637216
36.87739917914573
38.6111405706069
330.03880202903156
86.52570527592967
228.25313184919014
286.7739517054118
172.5169039277221
160.6954639410052
316.249596484959
248.22153650454675
308.8719709427248
50.56145212629214
61.47941245997946
223.0627034995749
268.0987972986777
316.7467769589381
255.66100919351942
279.53451879144615
88.44307361381304
55.84861690067005
262.1285277453566
262.63577981386373
354.5656652263298
298.8754442558189
236.92089592424418
4.478867146275777
120.775851949298
216.99440673394304
212.58161453847504
341.8116589198168
35.558981480932985
291.166062241052
71.48514164309766
251.46658048815058
108.698460296999
190.9461437811416
197.70915705406438
119.66099989253007
242.51613032602006
47.00217062154412
225.45465330087225
0.162505686838265
115.46260423062695
164.153815447857
183.65898426060713
66.31135376116269
52.88969184115611
122.59952153268956
70.84458203014925
106.32286822672863
46.133293287664614
324.59031002916316
64.02695044668782
237.79460622771242
82.7229797354746
111.3156643409572
188.49987007555148
265.41734309218964
229.00590517002163
39.34411000696872
158.34224184493087
64.81828634837777
351.49315061005746
336.37694071094467
4.693117596513013
202.4183549462091
199.94239111835648
157.43516321929826
352.2375079434897
290.55836144076017
86.93783967057848
259.0417882121233
164.010631683571
336.5504560725228
288.2603511019999
191.09052112938323
52.54338347954804
269.3353230723198
309.32501823906574
38.756632525724754
201.5166331193864
357.1444191561613
63.05240022825406
25.86758349614579
110.85738245413644
254.30894231662498
122.24912169871263
130.20739877542786
358.2171547927976
308.01679942435766
9.078910426189049
244.97102709583572
220.7499013246469
259.9838790023461
340.4367554759886
150.66034692649436
62.71681343276168
124.49858695797408
92.90831148343088
126.41123477651628
236.9511472890518
51.169289785446026
237.811760738734
166.48073270722767
125.42921803211478
234.00760760316044
67.32866605136948
97.96580695226139
289.8972088714401
255.9124728655895
292.0493417324211
342.52444633789963
305.7015749984315
161.5883265975011
134.6576439642347
332.1464148002704
166.4179676971724
217.3524984111859
31.801963828172806
122.10727206433017
166.1184797410087
25.796328743543096
264.93579506965864
61.87344383993803
71.53927876770486
95.18878037192101
169.62736858385742
14.885088834571926
130.49567976915876
352.34350208919994
187.44317214182132
39.452613531857004
27.50018455401674
47.58791655936197
104.34859623429249
216.6544730788495
39.38900331515706
191.08973746929513
97.35409161605588
49.982194613477965
305.1831856588578
255.85802160980268
169.48392227777344
213.20123300706723
38.91450034076461
256.3265625987532
318.8876477416569
245.24621249240388
347.46542289910457
102.00120076810363
99.82114875430833
183.6214691284601
191.49254051895343
334.9321669326136
250.6708863227387
192.97187426036646
341.8603833472651
115.72001991389405
154.25808676848052
220.81515759949986
140.55092531784908
168.0430003413058
193.64033758840586
107.16324315258113
15.114508846078559
106.0763570100625
150.19873114752284
196.50065816655317
216.71055137531192
109.35100505481688
196.34024855451318
76.49949554649945
250.07096571107115
81.66221943370788
8.24902017951775
157.47890432371395
283.8666472505952
149.49540163288376
176.88307803669656
110.00982365939525
19.62535221049855
42.79347006419664
328.7204609347686
70.89517188245517
93.97738615241758
166.36080032085997
275.15766075711804
138.89699004374762
193.32789435211902
123.85705861839102
247.38002952422428
335.3720436480814
337.6723978450304
2.2527993473964094
261.496165488334
205.3082631091985
0.944086859222115
298.36925549571424
145.89076087521624
359.64295026568703
204.7498489704228
224.96369742609178
7.7909267199371435
28.090114820150777
72.7611107086024
5.1516419541149965
5.484508184040467
340.76963140536236
80.5212239995215
136.03998167071668
311.47944755814893
21.714523179318434
348.874224160678
216.71833428437293
318.4493449875297
210.97129071443973
164.59607569493312
316.4721659409786
245.49654193747443
307.8109286948119
232.67225192381954
324.74115804964663
149.23527572538967
269.56319660954864
38.36355961110595
38.97158977961778
159.6611923497587
41.35568858456893
246.41872647907695
285.9168787376851
191.6491034082472
233.7244051092945
251.0007485003074
237.03750135165444
289.7839367724992
190.92561898049644
49.35123791790653
290.05694536271966
107.43767737805857
232.07883530274884
197.53655270703004
69.06458748794319
338.94007895843333
21.46615127971146
46.54681472027399
64.82805115439905
271.4711828597095
221.25445740255742
32.286514840954034
102.93416256759431
53.61341353867773
37.438659260219104
352.40358036683875
42.8674677661622
253.86959462340107
285.21820990437976
135.87387566373266
20.03421412014101
211.15868640925314
170.9071740838121
69.27336059298466
201.38039912028933
121.11305210707313
214.24510456002764
64.66510035580406
42.05042326324096
234.64654393739468
328.1146252813002
170.16792676734707
313.5531240776629
247.0228773609599
74.1754637562994
86.32527376986097
303.8173370901609
207.80664959703614
323.35098196655167
170.49412012066236
34.47126462161415
11.103917993109835
67.17248418706693
337.04227867414636
39.633844354901484
133.83231567013556
294.172559008263
231.29191672194833
83.74337087138322
208.71073347969357
271.6049491481915
341.3724424085404
243.1038649655612
305.5358005035293
204.8236186026947
203.75431157038392
335.76260397408544
89.96580979447138
333.933893880794
119.4501219088464
15.201607273020992
266.0872343997942
78.64268597268062
225.29192172417493
325.8656616537413
314.1160351112486
318.5624920616803
127.22210710521286
229.71588956103142
166.7489950187258
187.96491138537425
227.86004703949502
46.30256578394855
227.83051958673605
226.70049239205795
335.0109426629898
294.8968150556186
225.0269012861046
31.407126188135063
212.73361191326984
195.79004632979968
186.1669216195967
77.2986541892479
149.84214255919017
34.57380247074679
329.328529891296
111.90527390553234
205.75595494474777
320.4215346756515
260.0299332865431
168.71438084779868
275.9911593919815
221.13960136074652
106.89629705578247
255.84932758397912
182.80578633937915
356.5636277613525
136.45038093020116
321.39990251634794
124.52290031990565
48.00054991426887
105.16300025380302
83.85667139625079
350.56059949127376
348.1541030795473
314.7042014622018
247.15345857036866
75.01771486701665
174.01478296874245
300.4198257887536
97.00340745721724
316.34060021051755
126.94034793163763
241.72622246154995
356.66185469653624
325.39923084679344
229.8738040824592
47.271835141261214
164.9704145067473
280.17240304606787
194.94316969699352
265.57509910039124
107.36593257708307
177.9714595802429
288.4683156486286
301.2980382744846
322.7035575883522
355.9447334199303
165.19830818844954
172.0890940897978
84.58016833972233
146.00206536167616
124.07903463904375
227.17853425278238
9.489831016748662
146.37708079204916
314.5083655709785
39.560740702558014
330.99915223009816
70.6688072330358
181.79931809553474
80.88791677813086
166.61855571021218
66.86116155682294
37.32570742391389
251.6607363273859
193.67501749602613
48.17970294771422
154.85230585115576
281.2085163206293
79.66472100327954
359.53315609872396
353.71481476828365
183.44894507182667
160.86479665056274
105.7596119039896
144.66663341379996
355.7774563825015
222.18469089269811
3.3139359043325207
303.747320363784
291.83920587124607
167.23918613560468
258.9777970926622
59.93588688531025
95.35421639070366
338.03767825523215
315.5097594514768
93.10026926127979
130.70982127965968
213.8039953648314
157.36620502326056
52.32721821975145
61.61551045596552
169.21636647246018
274.70630322426285
62.76486786216817
234.66268593208488
164.50331865864482
351.80878238085904
287.648624484927
248.88850896449426
122.75354473372941
53.656488924063694
356.1427403770708
227.71202846378011
283.05623286305854
342.79109072774503
136.31151851686081
94.2911517509486
14.817409793765965
131.6359891067055
306.8452859083034
312.7249101728567
61.71987682137508
81.23903532006189
43.74204159900978
208.64934916941309
325.1781623120131
249.2368128447924
358.3411134415209
163.22165164264456
40.13239708685538
127.19126997324652
289.0070833998584
352.7017096846973
130.61615747286496
137.41044522648573
143.17423150776932
236.9309284260901
52.4297864231394
8.236695216809457
186.72867435419528
163.03830023483573
308.69376758922556
10.440250096305345
317.3932368258289
336.96659362543005
300.16624929142455
228.84501219386078
12.854544998299847
287.00988893955855
320.8285727136481
341.5011895951289
301.46056554447347
347.94641422833763
5.074375457225584
99.49755247572439
156.09035892161026
152.7659901827089
92.99252169174642
68.07005209523233
147.51342932106724
60.321578986263916
331.3479509033364
214.45228623357028
137.5059923989937
197.8349610163849
71.99034582966597
87.16773019791843
332.5669477843683
24.50065869034326
230.99470076067783
100.14537282355279
103.82527834166044
310.2160178063631
235.46411745265385
107.89105417719084
334.8848032090387
295.1766279844889
139.43069690725054
10.725736185612673
158.76183805631322
282.21545676901644
64.09508931011652
56.161891872828924
6.243063988060789
194.5555863375479
133.59740794944676
332.0892799204052
291.55826448369083
84.23488261866761
221.55770970255887
91.8379519742165
228.5995576319203
248.81464256772026
226.5391787431831
309.7286443817021
198.62763363909193
303.80418708789267
126.27643576500414
80.29371334725975
110.00467377014967
95.4351506448272
48.740040485394466
2.751040587466539
91.38358658130815
342.9145081782579
119.6940623294169
63.14075834404796
97.62571818730737
169.8402335561291
284.83275735845245
161.2477445180577
318.1961623854446
176.62523224604192
247.2134053451774
255.11595818944943
293.15572462505816
273.23681064443997
310.38220656264184
62.93751189352959
147.4801812355695
229.1862042564237
26.907738155920693
58.95279739995498
25.183714616533155
23.122123205023343
255.6697346361977
190.23528291113124
159.12172084539597
60.453635872098644
338.1796178515711
320.60582391336135
221.7090754554966
64.19145527896485
11.102312241934289
347.126913996536
259.74106376611235
341.7602443365651
291.46856672610636
305.2756923869564
238.29382444472415
15.156141887073028
343.090211146934
20.86583703888342
173.50027394625897
192.7580712739176
242.47047176540627
134.03444701554247
209.86020416875303
57.768889242214264
139.34632591903474
291.1503133959336
100.69912098635004
109.75566228444724
315.2123290635337
6.761022482301866
147.8631343698271
264.3715810772502
300.121741993469
62.07257202319185
311.95049078719177
189.0325403551294
206.89215060915586
267.8175447095369
358.78020735555384
77.63436915847878
325.68871773762345
191.52592174304465
30.25099132800234
70.16012775673941
4.13503308127181
98.69455001993052
112.92154414660995
288.1770390086259
242.3961935805193
226.46598902596017
132.8059672425655
84.40666464831378
115.80140976662797
60.958012450507844
154.87281853413157
220.66663389755942
211.30409411540123
232.64041372624672
91.69411429839666
280.591826653633
63.49907902584429
161.05756999594968
122.40274465888454
150.32906518368043
126.39714049114174
179.9986407899755
201.2700241171713
269.25100811938603
282.08145595547336
290.06272582797976
294.2292463855861
77.08290119644913
61.40262893222433
356.6176730751402
254.94129094755488
282.42954074310103
75.01009843897282
346.8225517626367
244.57811906195326
133.85946752102456
84.15887633926482
3.6063933504509182
350.34189518825985
291.18187514652107
203.29753839482308
254.06500368956134
75.6005435182343
160.92725425995343
68.81065807565602
123.26024001023673
51.41177307904733
355.59721917332837
126.20600509893701
327.3370010414081
356.2250880704933
219.1529800082499
48.39478553262217
146.46332813398456
140.3509309874031
287.195709141007
118.290327328382
189.193801723103
46.7755555836226
57.812827348756294
168.36421295811127
80.61393508418712
33.251196688757716
168.07373748910936
24.698075261421696
81.59435710385667
312.59925220839614
65.63445011371017
72.3108291694804
198.07163376211992
1.5508244254825736
63.15823616965837
177.13836827339824
83.01368682089382
5.220782145259099
180.64728358800048
8.670404513447446
281.4135927789503
335.3746625605942
85.60000771177113
321.2036194401542
118.95549199136859
157.9417047649029
278.37398786325815
205.10430812741106
355.37540761536724
44.232198521026305
138.35838720829716
282.66706126537866
228.98264326280685
246.68267811358396
89.7271229986641
165.93878979591994
202.07575190062533
210.78690365555158
282.6589579716249
109.53616878422844
63.16429181624892
277.9178954147857
78.42245572454794
6.611702187913129
60.49770465676874
147.72847092674027
35.927982441236864
189.57095620887702
309.5845421114546
305.05553299788875
146.3608631657504
290.51524301999376
71.69458111876062
93.13798194839615
223.12308806582905
222.44747938305008
49.275387417263396
87.70193022741424
218.0137369933238
305.18183793398396
248.33298584206116
158.24613696181208
200.0771701924562
66.16241295524408
270.0167316083071
240.99845603393842
327.372171995255
155.69101989817543
96.86719166758057
37.092635423301175
329.9302612452484
261.7824397734222
62.68537721803714
286.2631044398518
87.60061976867314
268.7399019205813
228.36109503368573
204.173344399165
56.92528497251207
351.75786950171636
297.17471477365024
212.3432947253792
343.934595025775
285.0530689427215
89.5065528052546
204.0971270225643
131.52147413142504
291.4890140439487
160.05714159181966
359.5424734070405
67.0850468193253
193.1442014900983
26.92351925479616
224.35164529440394
7.603722975345411
265.96591520446384
183.8542694549846
315.858965922039
196.14944532330256
154.4506208859097
201.77383876962924
159.97466537666875
118.73505987382526
124.72480050408242
176.15566185683474
125.1441970758026
315.973845570339
342.86742238171865
47.12883708635828
139.58344974779854
273.34773247192715
81.55972296307328
154.2949583418684
297.602846605343
175.1001377795494
275.3269603149674
304.95817731190937
233.5511591460126
78.96166341816144
69.89032617602437
11.532019817422787
266.32285740880155
115.25986805617869
268.775271106912
216.99166646030926
162.02019576309604
342.7723610565536
104.26217342870714
127.77717510806785
110.821758962662
237.52388409858008
131.41525105786712
167.78565693058692
73.76110327179849
163.18908567647216
259.26910664997547
49.592199452856036
298.90777815330205
222.93034838507882
129.6681498265745
145.96979815490388
330.8710776524831
298.0994800557823
290.5167876799533
336.43634920561965
123.53923695595118
23.39409320325902
234.74915107513164
355.76776332697847
221.60943312777772
120.9541078013518
340.6019259474165
323.2590896070473
39.39638721812677
41.57661926153251
75.97236220500835
319.5541142236583
307.53513725933976
256.9317763653723
195.23288301240342
74.38054752347956
341.24393601990664
337.81435931262547
95.73594570206913
9.713062498251258
127.97663998447253
47.93642971913164
39.13657769252835
139.55639363491125
328.98924144626983
179.58842846033906
207.07963950136693
303.19796242117076
46.877805682654
179.3214291701392
184.55867247653381
47.67198875373765
117.05007252194133
15.293712797971494
84.85158821269464
333.2936248768358
228.24443648903835
319.3095968720848
229.46100053035948
269.35860054255977
188.06704628185037
125.98350060145735
223.5698269106715
264.8309393300303
273.22911015930504
330.8959656706657
209.68358356691564
96.57737376959338
268.7468751948011
89.19634777434015
92.43944843970093
302.4123684639374
62.18853620792392
215.69304115737776
358.842412040995
30.139380578231595
341.13580032182466
118.05996817775849
89.69474171643081
272.97601781053993
137.80292775239238
255.42747652807972
105.8657211586493
340.8445602178883
173.91562486520675
160.749948900652
255.16531031471567
331.621379615513
342.1559633773355
73.75349683383655
71.80188645462596
294.0942172502822
190.03054716110074
147.35010284946648
265.6861266066088
160.97709378614675
211.29406730435392
304.6476111542459
208.6122044861918
32.21534234814367
209.17949362503327
113.38850875503864
332.74689990591173
182.1947270541055
331.9268261182204
258.0425937627879
43.813634411874
178.29025926637712
116.49861033681003
132.48981869977342
359.9795838254656
100.26566573207664
41.01794066276798
154.30545163334776
302.2190343120717
83.89537928517834
201.97246469052624
282.0658704489925
280.639547991828
114.13536950443539
40.599103572057246
29.10350965575696
28.450403219811268
44.369879601143815
161.95765170086378
31.277669889679252
336.71416289942294
69.84112032479642
12.572176794570273
9.14693367319619
119.21261686265281
241.27768109137406
25.727217469177614
315.7644533391541
165.74836842401172
204.19956555500164
178.69656257888374
77.18554426297618
40.81838385466009
274.4462549253331
202.04944287323428
327.82129562876264
303.342972465815
126.72061731047378
295.458479481805
10.420163915733978
90.34430909980229
29.09553071650377
10.229563297011095
284.0297660039535
63.15525996000977
319.74426185673894
47.50457257425216
280.1186222884532
10.375693962843146
171.7213942539704
196.17245809458507
211.3264269470475
47.38767569208198
271.0577562380303
297.69175429167944
331.04503738391975
359.66904096538155
16.489949219064926
184.46552122574116
50.29304009104012
100.11327035268849
128.3170326941437
89.67586828245615
144.54778491082848
163.86087781520203
301.0569043941127
151.69009742627708
332.23269474852407
328.7553572355205
332.7463540784071
186.77048906021415
259.6380598360204
49.335637577462904
184.44143098511287
148.60294808970016
282.33782555680415
339.8028255018654
240.20194249399108
33.46364332498447
24.973527420130548
238.19899774138952
321.0663051369917
344.7783541326118
118.04399187765789
57.49377444061845
106.27827929604928
354.1043539288367
359.846369036232
132.21012387129144
223.2121130151293
315.63724435071714
231.26329508723947
31.366301127385807
19.108911785354213
258.07952767572425
42.2581445275686
21.455713957145374
239.0781038457957
160.16563133404915
243.32767492490328
349.01518073188026
332.6634056412331
236.7610637299595
341.57618490939734
275.5617632820401
287.0057364319213
112.55953478669805
65.81199363631518
299.61908989244455
154.46209825380532
278.3476526241219
153.71190872186554
231.48172447343615
238.8741505269151
314.46021380462025
26.983346427888694
30.076809946392018
66.35837103401698
294.9548679428574
111.2691810706933
295.7443064647499
201.3692181700429
328.83064061661173
119.51154469600938
255.49587755633215
56.811763071541634
247.72464761458593
129.0770875597626
257.102911275346
132.1857921627979
15.689015396270698
177.19561559800226
135.44097629460467
185.46947506244103
130.59314500729698
99.96340035104632
151.27165817233436
92.77559799069941
327.1086965191017
281.17945784552427
1.254978111958821
349.4295322528137
72.5933651445221
51.38908915840036
284.0501960026442
72.52300367723853
81.50747140359081
43.84531236797487
12.944271243575335
49.8475691851955
157.1023761545535
310.23857536507575
95.03496595967809
154.57997078558515
137.04656022723307
83.5443122384001
252.81675754909566
306.7725176224951
102.96390403695104
344.85024219503435
187.42830655658642
292.22786803666486
20.17557831950678
20.491761496900786
221.94338276792155
61.917400251621444
162.111759065231
50.96399902249735
338.3367925560635
257.78542904830425
339.5538859988812
162.69980297922066
97.4637286692858
290.27515045770497
142.1474480340421
276.1763239700757
320.6228038622968
48.17912716245263
206.85801617153473
113.79399237573624
154.24573652351904
86.80684412556067
113.41747225473989
250.00952666062216
193.77304514506199
45.06185224597226
46.30276171347032
109.36461566834572
155.2491311547079
140.089762843146
254.23730646117912
350.0825448712915
109.15227555253601
9.157112195175001
135.31675357612045
262.4627217708521
150.6072215699912
56.22584296652506
12.958450449698148
247.846111431157
161.62688700905696
192.50867825545618
115.87220230206377
70.86386165510577
99.22528687909245
224.29304467641137
154.86956436213546
136.9084709938112
144.8282989681278
123.30931143978353
335.12116947391434
63.03513452032824
185.75483817707112
141.78343160065762
324.1147708678203
5.947652985096874
89.91480585762648
353.16435990438805
86.97869633638206
152.32963136118866
334.0493294606621
129.32562322747808
315.11091174989724
295.4030909325307
262.7949766973075
182.97487619938747
227.79194768172692
58.24990572165383
300.21675881030455
142.27128225706892
100.81170225794915
139.7579478965191
147.62059254799263
47.56549474445603
150.87987003297064
23.62308837416588
206.31611309215555
7.008388048751744
246.30501010737902
282.05990215450004
171.2219506138613
84.79368424726957
122.48050860143456
260.5173555334858
140.2022663241402
359.89611780830364
35.362797006416045
230.0480816645317
124.23360029051076
52.75730821256463
326.89407288552104
296.1855971628743
131.99711422153536
4.151553606962207
24.36575703585237
84.93754985458342
62.51793184536474
321.1815673112517
316.7005832924772
107.87342916892199
284.54654465703743
198.7587682481983
224.12832626655162
100.47195795142811
80.88119941646937
243.35788445068297
353.08574116637664
213.67419264646935
311.5239800418855
231.0579784207019
316.0421547878528
311.8643351841669
305.64493201958607
85.89608795162846
335.9128514495469
340.3011276014689
131.2409761488993
67.33058928597656
222.03826769651502
108.21441603139054
315.34780420417866
255.66036261712915
180.6889395013241
60.73409195026118
100.10277179399449
298.39076825172003
333.96433951960694
316.62261538339965
273.7519458748653
32.42608053248749
79.44472619813044
209.85198520083728
2.2332520916786076
70.27349095883767
195.68180687476692
105.68684155206651
312.9291415964114
119.08080665777481
154.84420191208173
230.36481185618368
312.2691810869522
23.97359093031919
174.00043419922508
95.408075678185
331.0570221570071
167.273158498664
326.7361971593045
244.2219448361207
120.43084515917528
311.4986981838016
322.8610993199689
335.9712729803688
160.27172858321435
317.2999131185972
228.4716984990936
35.28666103647138
343.972495797428
346.54851769667397
81.73559089429473
25.68149966578306
225.43389202627972
104.79788097499197
156.98939500609004
183.11701105256705
153.02564764395288
153.35929240487027
329.0637337414225
85.38763485960243
48.670197323957574
279.4215362040824
226.74565415917272
191.9121136911785
231.40729918941224
52.13968081338974
244.63678959955675
85.26542995536589
84.93517739879488
200.76573595462176
110.68132020511698
73.81818021008532
355.88321403094346
17.22993084059791
231.0924788921587
175.0355856947655
163.8105972545533
222.42693569623242
126.6619587188918
34.45128490017693
300.77385351737576
0.17651155845034613
74.32830575510603
339.2302165704795
241.75692061732727
135.88744462923316
219.5603559014097
60.400817904262325
260.230692814342
272.29666675188366
252.73274624222805
168.3997207367145
276.21208975566304
0.5757280419793659
276.3352648120449
246.23731016175853
15.973784733250586
164.07745814786534
36.76316345894012
338.14706616673175
170.81824563964275
102.92681465705297
222.56701250756603
4.2304638040674725
23.15777143465068
326.5562042601442
112.10251106000095
129.962071921173
251.74030014175813
147.04714415489093
161.7358511331883
3.280556665208898
36.80157912661666
260.77879465447455
57.38418682437903
201.296134066765
356.40208131177917
288.0603160336514
88.95680208955835
121.64217666397974
67.72687480879948
113.1644415082046
204.84729450582049
164.09769051304025
260.6149271384397
259.0133225606053
231.54889942518915
201.02689151640075
96.42278130258572
351.0264885420441
23.558371262794964
265.8189151965238
353.52842385309725
320.6328755076913
350.52331202983925
358.60588514152903
319.0879553513891
75.80454250034563
275.29721516170366
60.05030171155667
154.13930734088146
340.49614866818274
299.26319372689517
112.01343831189332
346.9691151669846
327.02668385848403
160.2845241750565
154.35153428792506
115.62291382823861
124.96803886187062
76.97938420500171
65.37528828067849
118.65995603764623
226.90979149476533
235.16482356565533
40.66100132770486
6.360427753921356
138.0517620394115
22.428269268352622
90.6450488831631
272.61540152473503
332.4428255700474
182.09573011663034
0.28005039844676405
313.70457378595347
348.42853177312156
89.93965694705398
70.39341393797542
235.81999777830987
279.058720721387
51.26244511676532
358.529708622968
199.57055943057392
182.5540971154912
20.00945803196597
67.15046402875868
216.57756267357595
296.0139188154699
202.98749907669705
6.570802908266415
332.53052678984545
127.37503003695112
201.51769439134026
32.82539909512874
293.48433063562186
358.71402308084635
320.71645961792234
276.9210951874602
163.30988168251895
80.19401404116476
283.77621573089147
226.648752019972
245.41069457930917
38.86168807750243
17.468626766339877
126.94931445840623
246.87468721631768
57.79839271761471
80.16752521703731
181.28100112277508
249.7491209966158
228.58669752532313
64.93576002021756
156.74580801393375
138.83939647230739
295.75872135318355
207.2389719983258
104.6147659383685
123.02872745977135
289.83433804421463
88.85725801303201
133.97208073940286
237.07464687009366
128.3521128476289
59.552350594847404
78.73348045176459
230.4591193885262
193.4976432418333
217.05132965090957
280.32894422865525
187.02861098823206
217.66501522362967
67.89995516420538
215.91726634863912
163.21121314016492
293.4367652412946
236.06456334276075
77.95464254899647
134.29243966863888
336.0007900283228
74.007457161778
224.3149790448879
142.0418611143781
168.65904123897585
190.87752841515822
152.69837790444683
31.701011637749335
163.894693472399
44.469271963255316
299.8939197528074
211.47077231471457
288.8934818586786
280.47798048095615
84.47652185178605
207.95383764865286
12.908162446423928
250.2942039469491
122.02428971995504
24.99515517868582
8.122472925822235
247.63506583249927
176.8581531109441
313.71359936265367
179.85389578883206
351.2457711813371
299.33932489455856
275.2377389722237
159.1087335863137
220.40776114269678
254.8448808141071
142.61432448152817
309.41624670496554
63.38969447267898
237.64682604501849
27.887662849139804
317.9441471272716
37.675116583143804
222.59216722800173
200.26992711037641
260.5722498651941
321.1674939300622
60.42285027910695
49.505980801796284
304.4623624032576
313.2659621764538
182.45016969422318
288.10113159387595
150.97982674007977
21.9087924860248
304.61715263605487
30.251192541182867
302.9496711464794
220.95975381570037
186.91636698297495
133.84451043050694
157.75345889234418
236.87309444650754
74.89070709363511
341.39758813111206
319.20095558222175
184.54816695403605
199.84584795572144
86.18516757982717
313.8945602905856
208.8355480040011
332.9390240108475
333.3843775009771
67.53121991969142
185.95017318399363
290.216905208951
270.40139369509274
292.90398742653105
163.71957766937325
147.09065087417414
256.39435181468264
203.13881468244213
188.82564447611466
285.21047900908246
51.70872287781001
281.0139142602544
14.74728407298107
93.3384001337047
348.1700441046171
97.21192441323973
127.98334475482277
57.76173167192082
217.88405390557236
248.52053191616451
225.6158780759799
268.3668817807918
169.53128167012702
55.10093881172279
299.64062763489096
99.69853899951251
311.99384078789114
56.31581628594057
34.52804488411191
198.5563817976832
353.25961855968586
89.92757238207857
185.99116191999002
337.28701011296675
197.5632673532328
352.51024408123806
340.63552299021615
268.26902058570073
214.53638074391762
134.31867982689934
257.1526986284077
14.301347107060094
100.55968529450617
161.13877361576206
111.03341353102319
255.48352175415098
242.88548194672921
78.93843227067528
94.30872910750803
346.8229801404877
104.86425602931476
91.05424935773969
32.626905563584614
29.511995553329353
275.0724023093883
53.234379001901466
133.0494554191122
74.70385901762027
295.0797935488167
169.97040145607426
320.6678446804896
161.83878429889378
95.44728961342372
307.51764822053406
181.4809075957426
242.63999713490878
322.7786671368752
248.36486618962905
39.1729919854593
66.88350710788714
81.73375561565702
103.80361688064556
305.7774834804751
120.8392999640161
335.1221885580264
65.93087809477228
247.84811273859887
323.2126458926368
337.1307835087018
166.5994920836096
161.09538750113404
126.93449493263365
12.101903739741797
253.74823592620027
328.3071827657467
285.1474113401431
87.04022918290323
72.51032477563136
85.1012370039016
272.30606330313043
193.37407033568454
136.6937418013454
210.52269585275226
137.5315771848766
90.40628283338879
324.7760806172632
104.95739781911166
359.11611863401043
147.04779293409166
83.45050832559517
317.93475757032564
294.64321388650046
192.3280285391412
170.20801539244795
358.7419394013147
167.14717086527926
4.384883284231248
84.97354759411587
212.65851411087584
232.66371680788401
255.3718777545131
201.71132686903184
40.46592518466599
219.82172032833367
216.99532499144166
269.8690509786037
303.8143891672863
20.329958443070794
287.1219250359818
221.5576931503035
182.45801572100245
174.74387478425953
126.42269838361402
239.91588177765325
313.05596253017814
6.323907300485105
122.70715839209632
113.73820314364735
105.34092145439253
175.39097743927
128.74989135828275
65.44258202004107
49.10055384154388
221.3445905354397
309.60966360457263
80.22537874733605
151.46818735944555
174.71634363349634
22.562818965028203
264.2058903686429
16.138235777947525
205.0648360412131
107.4431140905474
341.7012639457933
168.0179036101152
198.9592115647017
75.0301662351464
354.187442326844
137.98039344344818
344.0688833230969
97.22362599552112
37.10050410202993
83.57116488052135
31.37616734716272
314.39036755925554
57.02323666980262
88.52323363096158
233.1958275627155
57.64199287857047
304.5483193088938
36.514877149242906
224.24768460870771
340.03074197456095
340.75031745746577
11.995989545505887
184.32104903940694
169.35204407523642
141.5379562635872
164.69047937429963
13.326145055448105
16.29418785574172
206.50118226942624
15.707076964755515
301.520212024803
148.66341607505436
37.877717665589884
289.45873733939163
31.147238245928175
290.34129169459186
149.1852945047803
83.14942145088143
14.008404188235374
303.88271580753036
221.6764263024055
55.57896246456019
101.47222401447391
328.63150930091075
156.04283127909056
77.84719983406337
50.78782391479968
30.415731702786236
276.70574792661034
338.806859407167
185.9332323731512
57.62817888700845
185.90355479161627
54.5806652694212
316.79154823401984
3.283600997051319
337.015434155673
346.7280791648476
87.3909457002325
327.77965839382966
57.01097919233276
233.8790771234978
188.10351897480055
45.0695782554667
26.422150167822615
177.2304892062942
240.04279928846506
293.3004421399513
77.79492127862981
310.0115234855272
357.98059200817664
31.032087931491958
55.547688036708735
144.17561088427854
347.4271866876853
54.558226721822685
11.304006171175219
159.2489152466348
210.18635674740898
77.89754681509385
337.64278332268566
312.4377526982489
168.36661158381736
110.7152397235246
153.13184062698045
7.938936077064437
339.1533675229294
316.73098138350775
203.86191397769625
353.23590875316154
268.8963221437552
163.0527768191163
305.55875956341305
135.06227118295652
22.859121419500113
236.07438708650798
311.56241121944805
33.72891448748553
85.87802052618261
235.94888817300767
185.69137166671004
216.92823572096188
2.5757319896201785
354.0359641622632
109.25861389098617
238.69927261855534
67.21841535004484
234.76569011004233
272.5643101991127
82.44742896072475
164.11087994651015
32.54924128136746
88.93303182792201
0.6563435644464376
285.3299661869485
270.8837742834831
281.8250029970033
192.33358950012646
87.97807822527054
96.00637764147875
208.7140274600055
230.16308133718982
260.1651917994447
157.63295568666726
315.55621908779517
200.16340154075112
192.2778440687458
263.2431613749913
31.62034717037806
183.21622559842143
18.620030127173923
131.07171493941468
312.3453984450062
200.64185058558334
122.79200264788
273.6905464626608
78.55267774539465
121.98479928219759
310.0903243700348
189.30971801630534
52.527373393469375
325.5949672788786
187.93241256531172
157.80905319905898
16.399258436652065
251.40897727619776
75.85763748312226
130.19630394811816
263.7999671762502
284.3745568756402
358.67474323757034
50.38273402991761
31.607357928469924
219.1708666609297
330.27656184012847
157.6309131530916
221.64969752868402
346.79849179634095
39.22195770291362
99.91407060852478
290.5061043721559
353.4313643617913
72.75636468658438
102.59914206464647
279.3440598669393
281.8029567557522
126.30154491865518
277.3740760481215
159.96986906167106
115.42028004256989
250.87729974812743
97.32316299410893
290.03282513948034
324.97180961717686
162.99811550757195
29.26098122790434
195.65615794258366
169.18635872989785
2.5710629000054315
174.06829557624184
225.60689230329388
332.4801490185583
143.32631218485082
6.820726027774784
215.5441549032231
203.70470171142154
3.141218008669018
213.74628549069357
170.9459820610287
157.19987805986656
244.5118329270241
256.48741185273485
134.93933442886782
15.897561842626885
315.741918538549
217.8175824638244
249.28529476601577
93.54686411028
111.82375414635642
303.5738972308806
169.91002528414853
226.3231473582001
242.7699728973084
92.85517259222881
287.06185089401043
130.6710519452477
185.53439667581696
9.89890160731004
187.2336468831577
192.20241286688668
87.12235511278162
160.3593397267575
310.0608577058998
48.14712759815937
221.66874908972133
348.64590638801025
66.11637633892768
358.6118966145393
12.285540628650148
2.9621860519163032
215.2924069583599
55.49268646480641
226.90595013250683
146.4531130421032
168.6652715779346
351.6795482114535
287.09854271424376
111.82426963290075
190.0793488331036
310.07062555609
338.66641488559407
228.96859259736388
19.797772889893754
131.92140047161237
304.6446578463853
44.237124922957484
66.72318583264281
57.695575874867195
292.2298365392726
261.3662599646357
37.083391923247646
220.5677444897457
152.35106915108915
33.48741426651228
21.047024006524595
73.18710425952024
316.8299339799037
205.5612793234574
340.2523027194169
58.26818570130575
12.834929271336865
198.57441009196174
321.32947727718476
303.76143332144386
294.3497022840641
185.10267023355016
102.22218977332777
270.8829824889106
209.450658158563
15.228010654591198
322.89336022694573
286.19605237494176
273.1232450459067
232.34528327931244
237.073485659605
340.86430500259075
73.95523848481633
220.28732942038152
103.09771835952154
64.32756051806327
10.986346182419023
176.6861612791059
91.01671932569964
271.6338606305071
102.74024691292384
58.40954912547389
95.19034111249104
17.278639777698878
253.88664963562178
172.31961733835962
123.89730307244686
2.598390318458262
46.53918786822725
154.72317695585363
78.80763127993819
295.9096100356962
78.81308967723503
92.38811662352367
198.4625870235191
333.5597143091783
95.44043385706874
269.65042060578736
244.44126790716524
165.59372033343385
196.38123283005262
40.35289147823956
107.78248905014854
182.98039002000834
250.65960776197326
278.1730781651492
276.48538784525743
26.44728582567587
36.6047499040241
187.12408799020622
239.1434982238456
128.45384433244462
171.9657488294353
251.81667815529266
22.014971189803443
225.39232505028093
84.19060014804924
137.98366794006657
350.5916677997874
263.95285500118774
228.15326552241416
170.70126267406
323.0392478398726
27.906144822134827
305.78355815723916
91.36745673322736
124.20556526895743
50.03047014868777
295.83205734968925
305.16891513729666
246.30937755774903
165.7116319605434
14.52701464423082
303.878688128305
58.976715406174314
183.30950435141236
78.57845154632143
129.21931342601528
83.9583317012793
106.5779931430325
312.26334127297207
328.28179989292914
351.2956860692337
317.18930109912696
198.71208787207823
124.16555503095192
269.512354582154
105.33360681755889
202.42134116278913
264.40666077433815
8.5417903454582
126.48056523988744
262.0117279399347
178.42056824862428
101.77852033076418
257.80592024162524
43.006256169413156
79.87485980409974
195.53897789432068
152.76487232175475
328.1330569558154
115.43575667497582
188.94346546408002
116.96209905986369
271.6764346619919
276.01777128227315
159.95567675700562
198.36738078584352
86.90810862254638
184.86915798905835
219.8235901641437
320.31505224749407
98.03953073014202
88.11964875624987
357.00443364471
162.58975296159068
308.75511895197457
186.5340146857567
101.79391434932371
330.69345340862236
49.560448446472854
130.94320089251798
283.5216004075114
100.0488279022562
198.12093178147558
231.0253121791349
262.04401454537935
326.74979873548244
288.3027915802064
28.041582365395552
260.8421858005806
191.94948030813592
277.97812176162427
143.5488472187344
289.0998041144753
160.49029176795221
95.39272990063331
64.0915480751433
122.98532651144713
198.66058031355422
257.93754300059885
294.2307225498837
353.89983568485917
240.22938074676867
21.40831328216416
199.87958705697508
94.7206410338111
245.72129698056395
39.41852221184478
102.0410702063032
233.31626245919398
171.44428273236394
137.76010017869444
13.675045143940233
205.0098709889066
46.03736556410038
133.8851073104773
139.46700758522226
157.5085446209358
295.6476352917176
316.6398913843836
221.89188698483028
71.10625312553115
222.79393066943535
207.20802721213326
278.0143873877907
127.50448812329573
288.71602105243943
312.06232615146024
270.32949120141836
21.355532554682117
293.6442521889867
47.85445252211413
33.06727280780538
234.78354007079787
36.22484895660577
43.577275370129925
140.412557741873
339.9182134686541
74.61997880352052
211.43400487789444
36.870079082804914
121.14696393083703
358.98737529428814
51.00916544823538
269.7753380268888
262.14852291817
137.34358275744384
253.00546602849764
199.9878141602332
342.6136495762612
143.26364942890305
7.409527317577909
345.9169782490086
117.82530033537448
298.18591529903
38.99084204788207
224.70035490820695
282.3598505488501
260.24700133112617
350.84374714676426
200.60486603550297
13.997880662232738
27.85098729432894
192.93378928171353
93.77998842312334
219.25792033764003
311.2808607296854
68.09270808051787
186.78575498638253
260.7886672160844
279.1679719313206
324.09288751401124
286.9980647559709
17.69753772331047
298.80677836430243
212.15646565457914
242.20387075968603
284.78959988728036
159.53487493229179
312.83443395423376
305.5281428129191
182.1188630327134
224.05418078259473
338.10767484842523
270.0177200625779
337.3873350147552
147.30539841444522
269.80331117493836
318.57784472917933
18.91679076235995
57.807306424421064
256.3455585678096
174.48318914626373
359.79916612114124
121.17214078712746
15.558245996537384
227.11252875955046
121.43590110811583
203.82700974569116
284.91807053107703
203.88715998895577
321.53324623775904
311.9098422917273
152.69897925637042
293.4403052638788
21.29810151468728
47.459154914679004
179.68617995636814
300.4259189458068
177.41987833965473
131.22029046105712
106.27512648264589
137.67810955043478
228.1262648583782
282.2149080339435
118.81510097083678
274.8669567000733
201.42741224276824
104.54070309630731
73.76176324250027
331.56960195015614
81.19157814984722
357.22800576854036
285.6026253914876
149.72681874263552
39.64591476683778
72.04332416471699
207.65244784735222
122.039269022889
233.1735732883924
104.34444271206745
328.4021709820838
173.32507225238976
237.1058229755463
29.888540743505093
100.97201589677223
251.39123060997332
115.82708738444347
334.0138323068481
130.06544023985714
186.3637859629833
227.37075845743976
168.62623119384224
320.77269711372566
256.7486096364511
36.0982036917289
36.90102971577295
109.02068361451096
176.098602003839
68.49114773430843
76.9398449405469
231.92981184731195
301.71777553882225
323.27530068294016
349.3460241855972
10.956741795617143
163.9108592760357
89.42679558236092
33.57894140643198
17.550057939100714
56.798270651321815
313.3788860308323
184.32119988857997
292.8663201133119
212.22228461977141
65.97383737070022
342.3838759043493
109.17779248526756
332.6743041500329
243.87593299684485
113.60197763430342
92.35234026643417
303.01274253783987
165.53764984256964
64.06194742702274
235.59424547672631
111.39217394396567
332.1641931575294
300.25269207141645
180.70152468550216
337.1501179003232
19.14259566997095
95.70174460436013
87.37800146683523
311.69609141061653
289.38027318313846
5.514937132486577
77.72904412783454
320.2582356328423
219.66329289265158
266.9268088128371
21.5888420085468
46.22318696931046
335.2812322339789
171.87179250281835
307.48224316520424
321.7303661173193
294.73534015479834
229.40737344017583
134.78423802809
168.37235996349614
308.754541206827
282.9931341884569
4.495268416401828
53.416213155717
179.82754611253307
211.24286752339503
260.56638293797886
93.47594939407782
237.6384370251085
302.7292803745093
73.23182736229487
219.21170759239345
279.20892168349496
58.70564113834872
88.31288873889886
98.74931901487214
289.6708210400232
150.1975711892587
335.7488180819863
242.92751190235765
124.2526736940762
320.9403227261407
182.23383102486116
217.28483500892125
34.3318647530093
99.53339316871786
112.54367658843817
337.81937473783086
153.29420532185074
61.29930676765702
283.84906497452135
136.12080783523348
286.55879755702244
211.75935109453783
299.5944467843542
96.47316794143876
210.8716448272279
176.56836674492564
30.592322041749206
51.48808598544328
278.80803053202646
119.76438351699717
24.43874084716229
350.76096055210934
241.97416860040056
287.0331368843981
211.84202869258337
74.96424402719964
255.4875258385819
40.35118031603697
223.8834797661153
318.2708795795579
175.06963083275437
228.3091379827272
14.502199744676803
302.2779386724183
120.361368620917
248.58970086595966
95.91430408781696
84.39807564060521
92.8862084434018
322.32889302419886
125.28666835003229
136.8302960362911
309.4743803511372
43.81178304162533
357.5223475114698
248.29743114508514
77.93228976614515
184.35782469245714
94.24713052204022
32.38498653108753
53.978876766255574
22.57990537595574
108.5677898843729
352.3527896907973
167.6114825502561
259.01823921343174
230.0512067639966
33.74882516413172
219.16331638770387
3.3423829517892836
271.46986752682193
280.6702958042503
15.486356705230087
186.09905226164025
54.51880960882637
279.15071677749035
351.27863423061615
175.90560136353784
20.07274248020501
166.09874605501216
150.60757813827445
248.98139184054403
181.37808765889582
76.33616242774917
203.46710628540973
318.099280305166
297.89700429517245
88.90776132856094
126.02860121786739
324.5200057764944
57.228861587348305
354.2015048469748
72.58446232946902
161.57335480095287
0.2681713718054171
17.226633898702644
256.38719855476216
268.670120753131
145.25911441574843
85.34360458416353
252.1481454824772
335.08974233645336
206.90977546639508
11.978359339050069
1.4975663247612758
301.0097106595649
185.6302366376767
154.66871948166147
264.12638152445277
206.2312025285645
228.89303074265527
242.56276729497426
97.98870338211846
64.95844865749447
122.04176396563152
66.66474285599692
171.8557544342032
31.97888879573778
330.9390173631839
325.33037777892497
156.71468607635174
216.32230457823357
258.51599533077416
199.65227206864566
148.82064451614423
99.78149480063267
356.20779688188395
38.29911693415911
20.39360430293987
273.5893876260994
164.93687525041256
115.36750599405578
343.8019351574541
219.54608363107818
171.68004272868941
225.3501742107202
347.34858353053073
225.4066461389451
297.7165960581709
215.41239095003743
77.22876573795075
45.768926467773774
288.894438490706
57.94804919068642
175.44006034699723
257.85600162555073
66.43663550552326
81.49168137726089
163.24843253496886
54.85439125371841
232.62802861704287
48.12609168324768
271.8922577988211
117.95902987395652
230.7736354114618
131.27476438159414
80.00814667273761
57.68847958855153
183.60094985778562
23.803052315318354
322.22915479657
248.2607522020167
211.3797099177275
326.3460232044892
277.848998454105
177.83901196778223
215.73717292932062
344.90746252202206
160.8525142807236
221.62353133406106
237.11405996537454
270.23775100923797
131.8754318316283
4.2970695748944285
232.4490058302866
229.65590602139196
273.0325052262807
38.73498426998266
259.7106095678253
53.780142480931126
238.60838602860838
219.98879515613092
182.91177309713862
144.51571580400145
203.5448812289532
107.86194408829913
213.3733980529851
231.71847393405835
341.83077257289204
356.22315560871857
353.0900339264291
79.54037718027226
228.82530882877023
7.41653010475652
176.377422191837
140.827671576824
141.12944275479916
156.12681589047577
245.34966387195726
187.62015717952127
301.31517625515875
35.63560020760352
91.90966028697
345.62359897275616
221.0842461681293
294.52745935017526
77.09952749168168
216.5103311558839
64.07152294937816
232.0006104642781
67.58471764975955
139.27978561311625
169.58031626698005
329.39015187556663
261.02260249182996
143.99639861705302
44.28152415360464
92.5692091720997
106.15172556104491
32.781173977740764
354.5735311375793
304.1312512818105
265.99805702371145
102.99946085668502
287.7537144323473
242.45005955349717
225.14818282075146
122.48681481185633
75.93189271833972
209.35842592856855
186.4853625955968
292.9486750389687
155.9680688440449
150.45104967029633
69.22179233438212
182.54785793615287
68.52714954165877
270.7915147678649
37.62061643666527
307.0207387485232
304.9189672220562
117.68725956788961
281.8131170773608
134.75040520994588
256.0850407665634
62.63563935356286
230.94330414758065
133.90356243037814
85.7916699742775
211.57346833456984
329.35494239106595
97.64579531174239
60.95816428656021
106.59852295773693
72.09713934246642
306.4445548936623
136.5189086459691
240.26349534208669
227.62697285554503
95.38284144280777
54.43931776151437
229.17841317790555
148.90781041517408
299.5112455729644
205.70097318594568
211.47232015978778
214.80398879430302
257.68154456408683
138.78285987455175
137.77656906291932
23.683984207655485
251.61345103908272
10.943702959713784
250.41217078056474
350.9313461195378
89.57325986010062
214.3434898633559
348.2840990240563
66.40564126864511
329.1543469159123
49.73289377425514
78.06765565251087
221.36008621279467
318.419224315519
278.22603047057777
171.89708385599928
196.61415258963186
317.5240915587667
183.34194744635852
340.13445069048487
247.58951156747074
337.8689694339686
225.96088720990778
242.98321888320794
65.78161595505424
110.61013436117068
239.32946005687802
153.7417164901809
210.9338072178873
137.40928061280334
63.891172299935654
323.8076799419232
308.63663525913887
347.59019359675096
136.1945260281881
268.6578918982853
109.39854571297406
186.4506564513661
336.19565901760745
223.01659473787777
293.1354604929811
156.91718693284867
263.8560791662913
299.2024494365409
316.34379035339475
28.80616569575558
316.2607236704457
29.734159132213325
23.08928440525872
12.647264638459081
120.54012234325418
315.3332890856699
290.1719369791634
104.86301435691442
345.4495834405935
216.94243818625617
37.44055061701789
327.98890601296387
341.00582417333027
248.0812134900564
185.48900212843992
230.3428395820707
18.482766269735244
359.9379020950007
70.75235370703864
46.06264821171274
74.12349464895841
336.15842807693696
104.43729384375254
74.74524422252722
156.16221241952928
284.27504872511656
172.05325600942888
350.0209669159003
223.44870606774884
75.5534221771153
39.62539480772928
40.3289227443281
186.76278994034845
70.33304678318716
221.73788386005612
97.59959497350918
46.16123672661224
320.03684118313004
63.52978669115761
181.94674327447166
332.6508776599719
320.768694719414
181.59202300074526
182.1041138753355
22.047570710133215
237.64400702105917
207.09223640728393
102.2469003263072
237.7752320297571
327.860255494881
209.47333713153566
241.83140524150883
286.09241000207294
241.9663513409074
219.5339807263039
256.0484550273356
65.9328576997857
45.96550882103815
163.50401006355176
134.4925164826413
43.231546074855714
27.055816012704323
200.54825001238444
25.31935100331935
4.815739711127337
29.133205526480513
164.91077394389666
313.78866993148574
2.3050854826197305
10.553523030917981
256.08504315591995
349.1028212764853
251.23994365838433
258.110045024966
121.34498732034514
289.5874515235368
312.05638603595725
191.8832523850621
276.4502906058603
289.25258907006594
26.364561337636207
193.00176574993822
178.7287817444188
95.7773100091725
257.32933885995635
220.5044491287255
105.8362279611506
297.3687743254055
223.79669146403265
252.68197391923923
76.32745579226128
61.8837388512194
124.2062129359428
9.215428803480773
359.6779803092234
205.0235562189938
258.7463888924734
280.62332400503897
243.4208681430859
310.14601289222935
134.63593781592272
203.6375293396669
356.81828696381535
231.63635693231657
18.45779878290845
356.722166784886
6.121941796375065
68.70089384248318
10.04969556680857
260.3922323020501
295.25635189937157
61.39503739675454
345.1213169886174
31.639742240366502
246.91605103931315
145.0953156855183
160.12463682225686
6.176515010928774
260.6497373810585
293.66253927669794
343.7596513006815
334.4040342282894
162.9572558001781
355.61229266664577
106.08528580971104
73.67428888673341
8.189061620687971
102.98657058102869
202.2523603926387
156.22657299724725
174.5410742010406
76.14247839795213
318.3551824541951
20.659625420820024
241.7534064714359
131.42370125630202
75.72410217317537
109.77782216100647
208.93360998050616
39.24065875207875
211.4052932460643
236.91199844002978
56.75045959585007
328.61151186338645
123.44993077955212
225.48382723117106
246.41341089087936
18.79863977051501
223.83988988544723
203.71524402973563
237.8923621854
311.05971279449295
212.88558073361207
251.6274223798088
197.75611750158387
112.92075456196244
110.00967067993054
40.171975044005535
295.9932838528003
254.7167715757432
260.00356029320096
327.2218795683604
146.60405486639814
208.98706997527287
224.0132262977587
16.359389991321912
120.4943525974421
120.46602895943042
21.362737480224254
46.16475660588142
311.3027799066585
248.02856611971364
232.44800767292205
8.1602911256023
43.73350428977502
142.07823490857803
255.77580031667466
352.00410994796187
31.650814770294595
293.0511464555072
328.4970626642226
195.81057498447188
289.6724976505456
57.86777066429331
138.87242744134244
107.27250204011867
135.2520113620123
150.9223126111551
0.1029400187025371
85.65371928028344
114.10391159960122
161.27688511070747
82.80670235332322
169.0043738280478
235.86765257021207
164.1315913781709
333.5689768768815
157.21882821582204
251.453075548092
337.9299728212211
97.82352248805131
273.24436958503435
115.18107096918844
49.373324427608786
103.30824163375706
15.530867028184133
290.31677517120676
25.875658431164386
224.69430244701903
237.97964770903377
157.58618934431422
1.6355983512811045
241.17962486410153
158.22617359092902
158.0347886269341
105.29738897875772
238.30825657300386
254.04914330805192
204.17458681481284
222.41202897897506
49.84481039514396
127.860484711056
176.39456872770492
60.89504251731236
283.0127091738455
0.23936327365942534
156.62964434990576
95.90210382683071
301.5389576673761
91.05691657650353
122.34860386098899
311.5008470951738
202.52129327558143
94.32330600159361
114.53016115610369
345.19059528454505
275.5778263193998
322.9839958472775
309.8662464913626
151.32682874462202
346.20371470383316
331.5386488000257
259.949219843971
303.52849327738573
343.53958247390574
290.98991353678133
189.08645538829927
10.869697299942093
281.65747976623726
135.7501016155067
283.11094830856376
224.03838548952578
83.8701669653951
295.6842365174822
213.29733464359396
328.0282275950316
18.41872375683877
26.123291142801417
249.1285382516814
354.81806043191085
177.689325911106
272.0700090323687
319.7821611272456
6.691203598383612
114.92362932421685
115.41772618049526
289.77276532128724
40.54665455406586
306.79493741712804
161.75420525654536
213.288768122829
30.106824826254552
157.07337496916904
89.68717424625994
163.70141336747437
100.87229224971848
49.845434645058674
30.052677659803734
255.39134466266705
121.56908289873566
282.1209501483819
133.0839906315529
10.138945412575792
286.8042098058558
95.70045030840424
111.70561641986045
80.3722104142695
78.23040774290747
217.80982667546238
40.17894691859235
196.22404206696453
134.74568058328222
124.56260411385048
159.96000777121822
287.03907897097855
50.01290000112221
175.70542940554384
53.18609691204705
144.46736251928502
135.66377024513793
116.4151461293767
194.28452469579364
237.10595163987216
293.88447088996253
228.8999658477532
159.5950406354102
0.5140727120155703
35.94310949507596
180.45687511184937
25.648062838561994
24.21037180371121
183.0693768812598
228.22936423523026
196.26341477753223
300.8750646082465
306.01204625624837
219.34200403098757
315.3992750122679
349.0503692870776
6.158987923263147
257.20391588050137
156.13793432467523
316.2931866130209
298.2733704264662
271.76795989597747
53.35241690179082
52.86696171589899
166.53597524466096
193.2577727449336
211.286750296728
28.358009214737006
125.52468272492175
145.62791806837345
175.78863327969935
55.2972152071807
80.40517687753109
6.284507638299628
127.71038862141052
253.61121112866346
201.6369553645619
158.85914568853042
348.19298182756285
190.828480021359
344.87952208608976
326.7604123417747
131.4086303420582
140.970214764421
171.3309554656901
358.4585419045015
338.1304680053862
296.3877080263799
72.90515229156375
48.23129582903571
330.65948172219106
84.2578993415648
248.3868879323775
142.01684913241235
324.3672084724482
348.89755809262493
324.74385836660025
148.90507211174338
355.66133114772464
330.36262014356095
41.868116995198996
273.8601822096461
52.99554099538364
135.42930647771806
249.7500911872228
27.40460070348116
203.81511677385666
103.02252419732872
319.85464679036755
3.0454964776133258
221.52654843780456
77.06289447089978
336.73678717368114
24.279487916134524
63.69370232753837
213.82303092974976
253.71254660356618
190.13896722094296
203.0587628230336
213.88827257911262
158.37059243908305
43.01392689583267
265.9753672590425
36.52055755841753
292.09100980601227
27.656206552461114
234.66682536894464
334.07202367869354
277.13832254042575
109.05360978296298
219.56007798441973
331.9759730347705
333.89473457975544
293.76116055665983
12.970451638413937
149.12123546529432
79.68320721433678
62.79729195476296
170.05715000360345
149.87982660195053
185.8794803288166
340.47848563262437
2.5716022890585775
119.95743390537793
38.873687961771324
115.2183632483039
266.64255982225956
105.39907900160013
151.14736755999851
112.663035454354
179.34913770233888
130.25782337617127
23.274454326540212
9.324783430150518
213.93488783799174
100.84686749004507
275.6534321771254
0.3712708818988628
305.8088389292973
87.53154444453331
46.98322485539337
217.15632967252122
154.7983460123654
266.6566096464355
151.9935415085386
63.85664359835918
90.7229029780636
113.19436902552225
89.08315288317529
87.22879127992206
334.78802658698766
276.4069069208233
234.4909583936032
99.57425179853054
8.354993720364464
345.5659430899536
83.36165350901206
308.6513318515075
321.1980094003536
287.2465885658772
308.735203378319
286.77512906197677
28.167908388142315
344.21165185790204
202.5031371406673
277.61020787869694
90.48347370361186
57.349553642004636
341.49195583758035
67.01601003683491
27.695352711933165
171.68021659320544
187.56189212733122
47.981950794289055
267.8057226046665
53.69501313044392
343.59163717034244
123.66126984741295
164.89629356248582
159.84603270929614
320.1793027963176
216.79753824102988
264.95750340774157
308.08433755561606
63.52690793403343
302.8506535490169
142.67901261520885
57.85703808284714
351.0237141103638
63.42563631311047
178.19563736108265
32.144259064284796
153.13041814109766
261.2981923505924
29.97219508768041
343.95249214312923
33.053960287913945
100.37482722976314
163.90609552681002
351.66941946918587
63.257909839169855
8.519349183193498
170.03571472007548
150.34174513527404
171.79379742560053
233.9847990774396
179.53266456364403
10.749628561528032
222.31254936457952
81.05702687924153
322.9459970997986
353.9720660933107
281.5611568626824
258.53907521793974
62.27904866165355
146.8608726541451
86.21932374290549
229.03564313226738
84.20545797669546
176.72169989142603
233.86094594512312
72.47493634960439
310.7742458807439
273.2885641111231
136.43033147012062
192.36385258940166
233.62415000150355
196.33716785311776
182.54614164298275
47.358658274668464
122.36111997107513
229.06757815040115
357.36457522276385
35.97390185024884
198.58452527793534
355.8936182831048
198.08447173216598
17.02415828185746
188.78881018420083
141.65531876857375
158.68012286279583
235.43439464071267
94.38928471525495
141.059182519301
196.76728045067802
312.7400682103378
323.30978548679934
132.6583755468496
295.1273202636824
306.57769492204466
325.6744436834566
254.67255922154885
28.036893058420556
46.260065377791264
242.91728262538288
29.545926171310157
15.768951182060638
72.058890324017
135.15727353498303
284.75357378778614
280.285104937693
99.20548747897512
21.972511779762513
112.0777295590615
142.40212543798185
110.76312265518436
165.467316902848
210.4777700092764
332.53031424617524
213.49253060906938
209.19887263719897
116.9419130740177
137.3632986085009
275.259011465501
290.10002174387563
2.709352737653952
281.6130462175931
240.32529533690226
283.07582422645993
314.22256962131644
20.66657857563118
359.669809644386
323.77768035960844
125.3422270259239
70.44424474099907
254.42038120589882
103.99170959659843
34.38618486967647
289.06459966262315
176.99571969775224
345.0778327943782
303.9628651010875
5.1352558411157485
85.30772992698708
294.65603346311383
356.48346649508835
22.259181569607637
89.44555745133653
78.50349880427126
297.23959442885763
108.66608680549786
313.8302452954409
23.935339005785377
329.9505212142973
100.4565909877798
343.8061237910242
317.6339010617682
5.67837206877303
153.5133527459717
226.4969590231691
155.12919769625418
329.8629675649598
45.456525085093055
50.155545311285415
101.17012064097938
67.5330260010733
43.35282302387688
201.23623375745854
265.0349173733721
61.5076320522066
241.55528388166726
311.8057389858562
122.72647423190108
264.07524169850126
344.99966154920634
259.9409993147884
230.67183620557145
6.677433137017633
138.1996834727433
27.558697169632712
355.99510161847815
338.8489131771496
244.0407921739081
9.630674276403312
133.64782707314777
326.0361222156718
199.2933403168116
20.357738029812467
265.5671741429054
169.44493573423492
97.8435291119179
83.77910838182936
334.9989484079811
65.67012880400667
129.61760268788092
71.37506708628355
44.18231089817805
28.227959958805425
258.9585772086563
50.40559182120283
263.2468403788005
237.80327187234295
235.9794549694677
249.22108146383889
28.75427735259832
230.92475869774012
155.4987846050595
51.05967487865514
56.482661636978925
183.977459368204
89.09129437845286
289.19331439813334
356.90829605687077
250.32144195518887
50.597676671022754
282.8052506682746
258.99308489288615
302.2132410031934
31.106566701548893
276.29933285309943
206.67543884866313
271.0721836607716
209.12029131096023
249.8764871124525
327.33879065573257
246.33776754853477
1.8627709817354345
300.09971517787056
198.96346595922418
105.48833552215164
25.66354685880193
5.001651875974872
357.5784959105587
128.3608412243475
161.1405650798562
308.79291057574767
286.93226918057826
283.28466259181357
271.4342979046048
286.8891542642313
339.30207146563197
177.56368348528866
331.6310970778178
111.62615417084751
2.0485949443255507
334.7310177631997
34.118584671428216
162.62124543003154
132.298565633082
255.1000630272931
184.6010757275574
204.45203656658353
331.0187819939183
162.58594091054493
258.05110281965847
203.4994374096835
75.23912874569847
104.21016452562279
225.2754393377799
187.3770761174335
282.9608604028898
353.0413576072439
170.00341085244222
173.91556483222394
231.1108479139401
191.52588412775646
108.79681214493473
32.94623005383793
275.6426392318259
80.72466212474944
83.56781298412105
236.67298683665285
216.70640606566243
79.69466218610415
315.4739209989607
130.8660086811742
95.83196388130386
199.38779012294523
135.172622531511
33.60234710814985
308.9261637059063
39.89390510651264
286.3405418759356
256.721936280399
311.0767887538565
132.46589264056226
167.34896492334704
74.46677265967398
264.4279661728981
256.7415719451767
250.32525808513262
223.9573923297089
176.24408855222612
137.89302988127977
337.7750324698836
248.96048905834476
100.3180065385118
10.329755330280117
7.193608222966798
295.3231925362073
298.0624238431811
128.62609539342864
67.81421265795858
285.5788289061354
358.62829839784587
70.25909898735438
271.172244322399
204.1013772969677
348.08723110873126
156.8115868191395
40.52008787946641
358.7860504161808
349.95232433366107
17.555267448841676
180.3510606463559
77.48858199800698
167.98679427833642
182.0371541218923
307.25325603006104
93.50870553546402
82.84266609931264
301.5418991447172
33.847177001571296
6.7802104508259236
48.613937358737275
106.05477690175996
77.34439474761521
24.44410705089757
61.16774434992337
180.47265502698954
136.11252082735226
83.9859624635542
193.1496307085153
268.2034674263667
81.98384212580133
315.7815973230325
167.01804316419003
268.16013113238034
268.8644778531258
192.7997053952933
108.32230398585492
190.75502075482214
268.0023002462977
221.75250581157002
75.83441010734207
315.2407377720359
124.76330037125169
166.15152727854553
345.75607917872213
343.97200575230295
95.92850339391106
127.29065550628306
209.09687408022373
265.7542811660358
334.76166728774893
78.60864191280476
5.5397995376045674
165.90100401414992
319.02218853904424
359.79325634295924
263.4108304379025
190.4640973479716
262.3805465468672
127.7981605165567
202.93800743723085
115.90975196787288
305.25994173862824
279.0170234367522
21.982396530336263
41.958329453173306
188.27804363413415
50.24646875445065
87.49164947403835
37.13420691551856
80.42414804254405
138.04386197720186
281.8557089712667
99.65137379146566
34.74966424148246
215.46905049094752
265.10325837891446
353.8235865556098
246.42630611011035
188.92449203069665
290.36960526187653
87.30086522467037
147.9684742872318
237.69072816322216
307.84791366640445
75.9551110629895
287.5295910166968
321.8801620519157
85.6428631323628
54.549471318514456
296.7950340504849
56.77093670702394
149.90561804934282
120.32489408357694
92.68914088949676
23.269592384720408
61.799654419186126
83.84829125345013
330.63619263205584
231.91314607571817
82.44972597386561
116.46515418428461
230.76260751159185
319.2658901230892
127.03214939273211
97.30064541922651
176.52819835591635
78.68308816276826
53.9076791913891
212.2691952924788
349.0171919842304
84.13930464600469
320.9268627849216
54.526886601273446
150.84573266643727
188.63498555845538
96.84015090407482
66.13203931768071
356.21675021071513
215.12659676806905
209.08264413318827
276.0476083807779
89.07728620996612
316.5885086782033
267.62798074194285
144.2351357756947
120.16906960338112
50.2800625099326
245.05454406629147
205.9044799597985
241.58468799571858
96.66349219695954
155.59239205187896
152.81276255627762
140.6274010584017
356.9139742917745
10.308912897021234
48.62594658333541
324.99742406809435
34.45886248737552
141.27658100285157
37.42026183354741
141.36817936380876
193.65147210700968
149.61768324258637
204.28591103881604
264.3075264729594
202.33889432679143
77.23579968556321
124.89822310772502
149.69719456538473
11.151649670459093
247.3293468155637
263.6052738542601
122.31008224706652
275.7128892406869
219.9258443348098
86.16869329898049
125.41435309930417
258.4746275396225
241.82599976829303
172.47904261274167
36.282250705945195
41.37260110009066
190.40288374545287
264.78198366173405
246.76889506456305
324.0591314894235
83.89631332570106
134.19953325605158
237.89576865412062
214.53269815175014
172.39685982740153
4.8010139133546685
53.106658743239905
235.12770285394453
256.60762365333255
163.54096526781944
177.50495851495992
16.07341897524825
337.49009085562847
101.41574380309326
25.407207712372667
46.96284685336149
237.13479454436123
224.16005195179216
334.6809126023415
94.07396776021245
210.49966895989076
111.53131722602923
357.89333594661866
298.6272825488013
182.05491287639583
157.58143622464854
240.9795024697861
226.1257333134271
173.95575411953308
272.48934808825874
266.62688089073174
344.5978141560627
340.0411341832706
301.135768897736
72.63259648863395
164.3374955646158
8.154705506375999
56.87964324689681
201.89942442688826
12.663035651487949
328.4682144860036
250.96619877226067
3.761451455391895
102.18951771251723
231.5665324882467
206.4072323142834
102.52421069706905
6.7318322729893
8.229214988412048
305.852134751437
142.79499508415844
24.79359252283309
190.10216185183896
218.31907807230786
223.7249116987831
75.89353606203004
286.2498063593337
275.8719519555183
43.50260441229796
131.80098635254757
194.54151699402266
296.8474410752466
25.781502810938896
42.67216928688595
231.96323418008453
17.51235686115009
311.5848745945611
177.02354429978286
154.71712756685855
191.69459258562753
6.948724029775728
333.27695605889494
41.09521239145709
171.0280966126193
321.8589132207191
132.20276935345697
33.629963474972364
135.64655027285687
194.01055326326565
96.74363477919297
310.21938411669055
41.31436235587987
103.22346207628837
33.957420490081354
351.31467563378914
50.69685161799512
20.798228130138813
256.84978487492805
161.9971739298701
80.31133007920916
166.19750953896664
138.3388038577397
196.43884722305728
111.65183225929106
300.802564565862
217.8732798655844
235.3166917710653
308.6702023521504
37.5847196439234
27.90317549663273
265.47228461651997
12.239987465488667
19.123381636321234
85.94941938040509
58.29769020978932
171.8561977271922
171.7796627913318
30.124377336687576
119.06864936090157
167.98839748030554
24.105906074166086
260.45483909894784
101.21391326634169
91.81867948173574
68.04934727865816
142.78545673482046
55.78256104369951
9.49290257809548
334.6526928263744
245.4542482666191
285.0807715647682
349.04780584945985
110.45167327452542
147.1774682260199
105.99165249860594
288.9650188449694
32.702549524012
310.4302596814415
236.75582853038065
6.330760199802858
102.24341384886267
207.99363292466856
313.83535022909405
269.7344630520502
224.45542536280635
285.8811077037807
253.2339662635275
308.5416887391779
169.2064376654859
234.2513220179085
334.3891565430362
134.1166101771908
16.84301611411947
308.2504164639958
11.054760075831537
212.27242278179136
90.04264109746387
0.398784007397267
224.47760010878451
228.92112414539218
243.75253630315288
268.15138058687285
262.1007673762625
286.493494922606
176.2278803573366
333.4344869246492
102.49540276576226
131.7764378094531
79.43880444723985
259.064032592958
212.49048018997507
239.51673238166381
333.0316709339229
145.17418919077963
62.08220466894627
172.36898580202705
13.532096997279101
211.61365493243403
77.66500009102155
279.81127930140525
132.57027727300687
276.4494850208635
140.14543433089284
123.7667528239567
156.75278769454297
150.13593927657246
231.9144167673179
79.20547606030526
204.30920970404628
90.33279032438917
61.86489674767972
7.253138764745513
59.72659282939428
84.01088994629909
178.32765808685969
316.5429532401562
165.3234031776323
355.2614784592678
45.23928075297836
299.54459442048415
18.028301990931045
98.87773886465057
23.486048759647513
14.921826168601841
159.843584974658
295.93124464229163
224.51275314410066
319.1346709500046
277.27181071431175
248.32450623498093
220.99284272451425
101.58018664168682
285.63922185009517
240.0332702263172
213.7930784809928
296.03218357295
190.38422838595048
79.67006231669345
313.449330684789
268.81030993553736
228.8430384848135
172.47533341660485
57.0056010888795
84.63186287580075
287.04376223253405
315.6507532025132
324.8775682885811
79.31955070968637
299.5972596388798
344.55186049835953
332.2030898194975
215.4317470906672
176.82654234443405
98.68378557928499
330.5996902915644
134.81378342373793
233.10312307239047
229.1054935971961
156.5969765441241
94.33928685792058
15.778955447729894
197.47389504012406
3.886302668996041
337.40739486807524
87.10654366584136
286.0529136256355
44.59281595189307
42.134038659156715
79.6895686722427
196.20843085020402
286.2254767947398
354.93712981229163
141.9858576238595
162.9752472770833
57.23468427544055
74.12946396719916
328.07023217402747
33.59563071235223
266.3184925462253
46.29647790844809
28.606368618879454
260.0018303655845
102.5887660357459
110.44691022092913
208.46602448695597
296.35228825542634
274.5251365338369
99.43386147902964
56.03656359610804
65.19395835952653
134.96602110836176
265.374560207622
341.5909323618401
137.44810636136987
219.625893984412
107.2646686713924
268.32368033590666
331.40012564987074
107.22892055912516
214.41771372867203
244.0215310288207
131.309977221788
100.71960532545552
195.68051027987408
185.8132773258652
28.25840790922322
344.20701407390453
189.77231853574398
275.78770212616905
324.4637912479167
8.16163801884207
132.93939645056162
338.9778611981299
212.22542071343545
122.9547289687466
244.55464257779437
300.5709209664106
303.4311801790194
276.32762589555807
244.47809040257505
355.5198272435333
265.54816437649936
326.79456146071857
119.52678228054307
159.56803875521572
329.05487259542963
42.405864021351704
105.02514726557332
3.222285390587263
43.9922002612543
196.6504314615046
315.2013172289439
39.6305747080087
77.08995717613354
106.36338342499424
220.0789091596924
281.4841934315605
294.4803569816131
254.53363048921142
181.57880233496985
173.77301079167677
176.7113757020301
181.12870603292313
50.21750693914191
181.61951389737774
140.2766707725638
291.6017407392476
280.23672942876425
170.13366887467564
1.9318801824158534
53.1348498227065
328.72033662166604
68.18859403475275
126.32779315276267
233.47567391234037
206.54971524654
338.6485282753418
355.57275531959266
295.47338285948854
132.6940367102089
52.666648178778004
108.14739091755911
113.56936153025103
219.61925877793817
339.6370837696607
185.70430068653857
312.53801688028665
331.0359462189082
79.63903840513868
202.155466140347
332.6601689681186
262.08833791196315
315.7162232494884
161.56914981197525
184.5786359726503
197.9700010393801
243.59391101779744
44.81260334857719
283.40778978782646
278.8460510751477
59.04129879844678
212.57990477393759
98.04443977533964
234.87392348509024
108.42429637139746
1.4699920422443553
66.61035825266634
253.0199962731532
308.3936662184935
345.04080463404927
235.75835010365012
64.07781297921966
317.7850724587259
104.12231944054955
181.58554002888548
254.70046498826161
79.47108188653854
96.33906983817727
350.9469464190367
351.7863872275613
145.63343648267067
175.65203437937475
17.59133851757926
298.0110535250762
126.28711889701367
217.71208186806527
204.87065303214007
234.67720942694467
1.3915035181724558
229.91621750688222
199.04235037125306
343.4557204874509
343.63929890151115
336.1206483291365
168.77782093413995
24.186348415555255
124.13233641039
127.73255189492207
140.66892673475752
294.1467535140898
4.060739946926527
164.75996106382777
199.6556354971301
11.15936577885833
331.9639001266666
53.79052534439284
283.2165727918063
256.1439438219345
209.44003151840124
318.0271970134672
120.11674787646926
15.375955936676524
304.56028695474055
14.194197664236986
32.624812711745
208.81861306366497
273.22061573669055
16.84850314573158
11.064851444922287
107.7432331261679
168.5068239705233
235.00510422795503
165.8790788936982
357.7194726279608
78.38658489220566
281.6014056448049
346.50920123362386
41.130914612830274
54.14838220983638
297.4568091018587
50.776376388678536
250.13808723575568
32.642120672931156
248.17767736325266
339.2761113776854
213.88204720927948
269.3754414009687
344.72359919558033
78.17292203533302
359.84954313489544
323.3979606547142
332.1880993930782
254.74704024849717
309.0118009634561
224.83021405702544
75.61415203770322
248.98767902087647
68.32474486071544
151.16616220608077
291.3120032794795
13.894865212083683
31.35120379452525
324.0898132012844
142.35778969567022
215.39557653138047
136.0838902512664
252.39222168450814
95.25732523897895
157.7036203934267
324.3981223314903
60.12852411638569
98.61724994315453
135.56616374383805
173.31416205485317
92.57772005751421
309.01609188966216
73.05532923132206
174.3404597827224
52.014984977719195
142.68460187614008
152.7016252855445
139.36363722879034
302.0982111244802
187.01035583440657
98.80145859295607
158.6406119260997
110.41982016619019
230.8429757925999
223.43999199916996
95.00546314567109
293.68024999847256
175.73890553485867
232.5378479640125
145.6561524892953
205.1511765676599
310.0784292721979
185.1475841952548
117.24788689976009
304.2835805784748
215.04779124232644
82.91928303910898
350.8603225624001
153.71444146273578
294.03114816609707
274.3204133420911
219.0862522168696
314.8157036374423
331.5418783520048
199.13290169817324
357.65551678706015
258.75385464370794
303.24805492838846
54.40590488866091
230.6967465279927
183.41778820375745
309.5020263078242
76.15925109853058
248.77688091222632
158.80239572910295
121.90756914714655
36.5602694073346
302.8820903653171
91.60054371765797
320.24964355539225
297.4969037156331
20.80634102829669
336.5053902586959
115.16771871728714
80.65416999108615
276.6846510042001
229.16837834861997
225.69835012729902
151.02000395406372
241.00923429033395
86.99579190520775
336.0242034556113
136.591205899133
282.06169700493774
264.1689056823342
292.3988434492547
14.26824001925941
63.388297201426276
92.40179102688354
280.4518907679562
273.5831761818177
229.5836496471955
44.23314859267775
235.32959967885597
33.83004866811741
230.76730657107578
111.97449131924417
39.646441022353336
5.410400931884561
319.6425867641565
348.13083462534536
69.8827307395451
0.6665420843920482
331.99874955110556
270.6411450081831
49.920964488788115
181.35901608078035
181.33997531133167
301.7662590413399
350.1815203535631
182.22124537999244
179.54238026840488
259.1193019989858
123.12945331701155
82.33741209737586
302.85119165761313
206.82621047593037
223.3846168677788
209.35920431043976
144.56351016046528
194.1678671290982
300.3020086544202
22.754126857211816
293.45824424468265
102.24841851596719
164.65827861685355
282.35691724893695
187.7882211688445
173.49456925117323
115.52786829750882
296.6922306264356
302.8704861358884
21.167954015090185
185.76140533471045
196.3749962625938
164.55792801291295
20.109692310450132
299.7569457903001
87.05630870636728
223.92656970690757
19.857321033622735
182.21960343889532
30.43822973772013
26.36349373437864
336.0782512143354
288.0153722585171
322.3458720003581
244.7639431692965
140.845085622657
93.5562443115646
30.623172877499613
219.39898270805227
209.60806184316587
226.55495190919606
89.1543985844232
4.62991516883728
156.60635197039346
303.17716344864533
180.34547719934199
14.638791749872738
283.2722206795329
306.9057036929919
74.47387799320866
155.88206908670358
262.2691949825263
270.8853329664365
167.88649070717366
250.30457218649266
98.5585927067949
194.78887509118616
159.76689265447075
104.36795244889782
267.3764535012156
26.193780993846726
173.65954089407452
87.8977251718788
72.52811129237494
223.1121062790862
270.36959471436427
282.27500238157455
331.931867823337
102.84338072648218
271.8583382302388
350.86800911188243
230.50790194657964
210.98362022849625
66.11235503031077
229.5376025828952
128.14574656174105
284.58095176837077
15.429806015803068
260.4434246840997
259.4588031968763
55.657574421574516
32.63560148747392
106.67166478737033
46.98899999762721
342.24827472826394
225.0968406866157
23.506018476280886
186.00670918179432
229.2493824922837
226.31205303495676
120.43845391054266
313.03571699252507
17.102185384524287
9.147539631419805
21.93497827732905
143.78229490671546
297.78458003270174
324.7180831204747
152.1203808602373
73.90615273312648
77.97397808457266
303.96309760358207
316.08658801675386
6.648908643796002
176.4493676224265
150.68762415913153
154.8025832014826
113.79624773204777
147.2705048900593
204.3256888983059
95.02811761815822
44.34805912293079
49.62179362683528
172.53697885808077
305.97249661847167
342.58464385598586
35.388575063646435
281.49767980282195
219.10370488208005
283.24779741326154
85.14798266784575
346.40792517631184
132.74883023752332
120.63152305485272
334.2267527722897
214.0892362627312
27.19804409092152
15.591921365126101
26.527551298850877
214.9504195159586
147.62633055647808
148.253779626175
84.88271300628968
279.89716589912996
211.1488353819626
20.287967885141118
240.57033831275405
139.0956027560148
348.7503708522231
245.9744206945352
237.07096081604405
72.53631944998914
153.3649519679367
329.9249938722877
357.28909136112566
67.15122324096083
235.9960158236719
216.90323252716004
314.7969762176963
357.9909288061128
253.49637112336922
351.0684697135423
250.6401607637618
199.60157647745658
232.66472854707456
300.6087621108729
260.9226831180979
273.3102697519079
250.96947886938804
319.15854054666653
213.9612093808434
37.082601239908435
193.6376767590891
253.77921121881883
313.21309437970405
273.55006287495894
30.42899396121378
117.29380241296823
27.566263626807228
346.7418499159055
51.81327700151156
97.90888614715504
244.4682512211936
138.332884264547
108.78686806479016
355.7207740019956
52.365633974357806
13.193589573875215
287.9787673749962
343.2140666997108
264.28733505870207
236.38942585195565
353.82019233989615
44.371312869247646
141.06727331947945
313.4674784017147
331.3335972460394
61.99449310597008
216.91021884633832
53.255402464810395
16.25905394132449
272.6346808082242
296.35468206128485
199.75329886761546
169.59201198473744
188.5400962960585
32.66897710927252
103.7181470476474
9.106763212098246
252.013104468253
52.91993535093705
261.1185358033223
135.07195462862146
9.689443119880913
211.3192889631014
292.1672324343073
247.29553196336042
14.600569473137988
257.49806854030624
329.8400858054552
216.2393372233107
138.58578829997347
329.52838005125585
123.2209865167936
204.9637795777616
208.07892709504227
39.61268322297703
85.55265692495882
351.25606069720794
218.12492282755352
29.337064092770028
279.1586853250072
349.00118624117067
93.20722876474088
327.2824223882529
289.0998702104835
325.591947147541
213.90298018119086
75.6500061932514
357.1280068901438
9.390518665625635
296.0133987651847
150.16615491425813
222.2811241342629
193.35771169654114
151.492416051303
97.62823209648556
88.29763929690395
273.6860905420191
64.31172009852064
37.00048575130262
59.1913747920668
6.093547810398809
310.06411959213887
99.50654357387342
126.82320752073757
224.1904315247046
296.0037483443284
242.6050945547465
61.63448821672095
250.89481133683324
337.10339073354106
115.80903783486986
90.92632648398812
35.264384089515396
164.86824231921685
279.42087200607756
142.9398655825579
232.7531492588653
294.3915691433497
300.80052265693143
350.3491181164255
144.23393010117368
26.4444828746795
114.13329591908322
32.4450214067322
320.7957766051517
35.58409031322828
77.45931949610596
138.85880501778135
322.56860349214566
37.929649291833314
219.35899497880405
307.82279137872627
233.39147907157601
115.85646456042427
245.16263497513467
18.59578050429791
232.3591983074643
198.6101205838544
130.35374344425972
148.34112652428348
246.59910937910112
15.945032503611017
133.8579983775599
277.8006500717036
6.474016989256626
285.11521073893385
358.16767539947955
145.61176730379916
211.7735194745409
223.00866318208838
37.951693242348156
185.85428443794896
114.9501798878353
165.79377381190648
38.978489840170404
263.1916921851599
203.3864592791152
205.85427541144105
298.64214441442607
51.193678965975714
349.00751957783496
151.66699429813318
209.6983255313174
292.7346321408681
134.23315465020087
86.24102480886913
190.74083578215956
343.87642062745846
183.75513132043122
245.48595876871624
102.36538164278439
112.89905184133438
90.40519551642592
29.143806424430323
203.0522060741857
228.97786683996887
98.25573879609055
346.7534186454659
301.69067789193326
143.22956892701526
220.72463756776335
158.27982367048236
125.2631191220432
28.484898779714122
238.72989950891437
296.7690989714205
26.668981473043676
350.7857598831452
133.86731794849294
166.10184623650701
60.60833772178217
276.9005594386251
286.3918075246494
232.98310744093425
60.46870106174323
89.72557631644247
190.39933266190923
75.4060516785321
38.48454262239132
7.01115343188054
133.40735137935926
290.60648605076216
98.45391393688791
219.0226001544312
330.50540274888556
320.16532866839196
302.5556822201529
155.43747684195446
8.942047550226631
231.36349793491524
260.9084518875255
68.72291077492791
113.70662067087981
106.1123990777162
37.37717003165675
117.07289093648806
178.4161077899816
274.5386297964554
76.90840734737259
89.32948568493228
83.32095058680248
13.822297727624495
158.59673391260992
256.5609152684115
50.81846133312353
336.7676659285501
357.8077234358387
23.882501529918954
0.7624177755359907
6.075372711802276
16.435618472558208
292.2822135393245
256.2995801351006
157.77781003912688
310.59817627766876
141.75140897308455
206.936721728749
142.38812105966522
128.53676640530705
58.12001358242024
345.2371489579605
23.57676458103357
247.91788947130797
15.07370006369373
316.3791629329646
222.9105550478288
135.74646269705087
173.37686534314454
179.970367685697
211.08823740868587
264.04355057712695
57.07012101689896
138.47409915631218
240.22425642218727
336.1869049913928
278.0054054173733
208.02180396950277
175.7420632977421
292.02457262713807
13.296321261950888
286.23404746037977
207.70145198243145
32.771974357194566
23.909774238748856
133.43436592226257
137.14049615617483
351.73592940472753
55.08283513809794
219.60720077765623
84.66757733843411
245.0114008553044
211.62200344938907
218.11279949196927
36.705576681957346
303.2908421566085
152.2154427693192
183.28297664142406
232.0882334932379
349.99595922634524
72.85591725428512
233.9242137771687
134.2344885405108
185.04870820968688
332.83153430003387
2.082117219997983
39.31555571775285
347.64875345403004
17.76949905730596
148.17913979491863
63.7484379016465
224.8414424570263
76.18744545249127
167.88789951401566
89.51977074728553
145.58428394126057
196.71499977650168
281.4068117600735
99.86154400539678
328.5440362564013
196.08314475296913
58.64331832829889
213.35181791303341
57.618082927168764
203.5932907189951
180.62365260610932
51.281512534732016
257.43462331738897
296.0720062564771
197.77451290629537
186.7524771919203
57.31418988509712
321.13004499746194
61.509888900544304
16.97018200173777
135.3226564575044
88.70031267698171
119.72910774694178
50.6753922360993
146.89042615032437
172.92164288869904
213.46561632900617
250.98073556823817
208.8014481115837
194.38004287565542
30.56315963474906
213.39392573833624
89.96412903059186
173.8564546120545
279.60563048503906
214.5822202819381
137.43182075796182
139.79639070194852
80.08448846573755
208.9260764841702
340.02574946348915
298.5538951520018
179.20205743145834
331.5627699701459
265.18497223897117
86.80527017946298
218.0448717529399
254.44153033679459
303.8117916293721
146.34105109098027
186.54786570836777
178.85714496945286
131.78120891301035
265.163080298956
189.1486514663747
346.916419543471
88.37698627682246
310.891797151774
31.3796815139478
187.993861983238
146.83347928200888
257.7324693659795
230.95557285309715
263.48170187952167
5.752491773623621
320.230152610216
49.81291145455783
310.0658139331
111.17028824695716
329.96414666363216
7.226849328518052
188.70568436347423
335.5645871228944
282.4310922975199
15.43672536220484
151.08521477444458
346.72951298407474
292.9939215166321
269.5297734468504
91.15108042998199
219.6944458402351
333.0482829231145
122.22947766465843
328.47796125247845
162.54523120685352
329.74152493394075
28.18253697604375
44.46008037350038
314.9769300544758
38.50611523804198
331.1981878597794
354.7827169035759
159.70600856178564
144.0351569976173
353.3121154320088
12.189182735234791
0.4185530037353739
189.54452961505007
34.42356701229779
256.47735161308765
77.0817497391398
185.08194006957706
113.83799318711766
106.454117343649
42.245672422188385
166.26506820834774
353.92142517177706
181.9684561631199
31.881875096759053
84.57484428082972
95.22518576427889
261.1519805412683
347.25125644423287
10.774549936463792
208.37328133047373
26.850853591658968
64.96163233135378
277.60192186908677
33.20597139086033
245.47927324375328
170.29543485390457
120.98309826457522
137.9222291349429
305.55898665576956
346.1585394907188
58.887189656382986
271.78598669098176
234.09160702907798
256.0091248885276
307.05219110019385
159.5590268931008
240.1636957317785
348.90798929919816
178.7653582344884
225.56073166451202
1.1071155148403893
100.1229353669012
348.26514304497914
317.1059544814098
346.96819855697214
67.13977001348125
126.29534836018298
294.5614024740965
277.3963142944799
49.7736733429113
171.86159449771407
135.9457188027647
32.69380260820366
36.35820915537325
199.369332178868
200.92474208868828
170.13495997250158
338.78722794508263
226.2126423098852
96.60574806448946
130.44029678059073
279.44920591368617
300.51848380985416
319.7210200124807
74.49722637990793
241.30887714694492
328.42115454839404
157.57146363897292
270.9195983165394
173.0373946276132
118.34140961297187
106.4730527487276
265.8355417874672
304.38637285346573
207.33849705630107
91.68982989964476
106.6020949563974
319.20178896777526
184.025163325035
15.668990023614487
259.1365657835937
128.98269202106874
86.34080374295847
314.90280801879885
290.37257828871617
72.42560463435242
42.81484758748132
139.10432014383701
290.5958298582271
190.13120714280964
205.03356641285893
81.87130464586575
170.4099174674745
249.82865409483392
265.36295015306297
92.8507049944076
321.0890606772225
6.373331533811821
140.51062918532932
82.07788810635081
38.098565660629525
188.05345937228793
156.86342229683805
327.898475213579
314.99055852567153
237.81569378078612
347.3819751076726
110.9668326149143
135.55855966463773
244.34693349433815
340.64475959157903
349.30679580091567
289.3271959943459
103.2434019268123
59.08632773516264
356.9084060432504
341.5239500690194
278.1303026324738
41.39142381360001
154.65730540620208
109.16970121109628
326.6259836357748
288.08397123652674
325.75584652187024
311.9033284662001
239.39265333737907
326.63928848693564
344.7669190782368
266.8154140681494
244.60540673990093
102.14233142985049
304.00497774079196
160.79302908390596
170.46147096112082
54.79326256763637
336.5570929576812
284.79727723980056
85.99065688146196
260.16131127026966
108.51350677762116
329.83370968644346
79.9299253145514
12.677015715909075
247.12588764874985
171.4210928949689
289.9858478527176
134.14379149411414
140.49241888205145
312.06039816057546
148.67733399728522
35.739084558864775
200.40017047900798
76.44715457335654
30.687184429269124
312.0872041071731
142.49679957006444
300.1114989332348
277.961356215904
31.646296530314338
304.17436221677497
85.83570894929127
310.41821292899186
250.37589693235392
217.65272622642314
322.31236504879627
282.79496571397607
61.22865110667669
101.79753472678738
61.339129838200314
199.36849081981637
62.63759980391984
291.7742898854664
126.61065821868635
181.63704257618375
144.29057281396564
349.17521168487957
338.9055652054768
10.748589015668257
356.26607870689713
16.685762784853946
182.25989929011698
280.9761836655137
288.89570026139455
5.793502166318049
133.3298577411864
111.66392449132873
18.51540386579622
267.6740969288964
213.8242082846518
279.540447137032
136.35202543240842
94.53230496490404
320.35648457871315
219.01487839553934
12.173237298212038
113.9103154610689
281.04189610069744
80.618774431398
218.69175299911706
72.89638700664025
73.5163414351075
89.36114184770292
286.9051580724889
344.53533626986325
162.14522810836397
223.2526338305093
41.34745540618726
201.76399877941125
101.61063955744419
351.0682305210738
84.53215701379575
295.66894007496035
219.85043296774015
81.69524202640835
41.80652128599187
169.81920820991948
276.42950582066015
294.0221333616525
44.04685639905836
182.87406779881752
233.28916508197375
331.66742695791754
58.705753339958584
19.764098964892742
62.81745299113686
2.112718388593547
69.40922628441781
125.16965256925633
270.2364814344929
315.6993846271125
90.30623930026441
194.58380558276718
1.4958798230794466
255.26246843632117
97.05369226643025
57.721295653014536
225.6845076504795
294.0498081742983
167.5804493002209
175.856900155936
206.411720333304
232.06023789699287
185.22332621803514
165.75105359219324
179.2969464778764
195.54389144220173
105.99620865066946
64.22611540011401
41.02249611888214
151.09753536898535
121.57591522910622
153.08845297877792
57.50492313207592
140.66013368664494
274.56808071999285
132.17048646150437
276.055779596479
21.858896182415762
357.24229067282505
113.35210543529752
52.21642651648089
244.41230403610987
345.6931331151059
333.08541803677537
345.47883343953043
200.48646687553915
297.9139803515069
27.812655939372874
129.56899793631644
352.5574324242687
14.636059891225175
163.37545589333567
340.06329620818053
183.308238937111
251.12742156529941
359.44841012526535
182.99620331340427
332.5719121694943
317.9951167998047
181.1734160406012
95.72093542338048
272.3141706290578
217.42702568888646
306.93303028394405
171.13537042407458
282.28138268511907
109.53818631157719
171.20942196343432
215.5569561386787
99.2717436206794
117.62193426266371
98.73992180329626
44.54406169857477
290.3982439204341
117.63955067946786
48.73998833727045
120.49042278080327
319.93766163601293
338.76968111276074
3.025939470434509
210.75115193489947
340.60745126147975
198.01909119436047
57.35154457039083
100.00439114064547
283.3787893463386
239.89557743880994
7.511517396326271
213.25137623360013
170.5172952836323
125.0486551329945
194.01284159109971
21.931351742063324
274.23777921543086
292.860258398761
150.06253465805057
300.77271896668765
185.82911565373763
38.292111272136175
240.53568281852478
219.17282664921203
90.58545109421698
182.34156101969836
285.4791161495443
226.51138071831073
85.64792541973502
199.90239610035044
98.63286705534921
138.98496457579634
52.875890090416924
187.1214729495239
225.38078267911948
358.5423614702532
262.0605024503504
9.504748000452773
86.50499849898735
289.47880743723636
143.80030958222838
76.60806139161832
272.6641689046889
107.36314676633407
226.58181430904216
335.1053765204289
16.815192714953696
103.48790094938985
204.5014510249262
253.34429249448144
356.9067150673764
176.80175738155978
235.4359440136266
123.06098347143181
29.50427002241172
264.7028333376739
156.51477235480715
207.9409640549451
242.47121152598783
252.91068652893557
304.06706656484596
175.48758057384217
158.22818251680746
89.41463518836207
308.9422519062498
166.83139146347872
102.15595254914372
199.38457909554856
85.32301036916525
145.14834382025722
12.008491281892653
62.80335163123341
34.87747576798061
351.4949835923875
36.264975063266505
111.31789828046803
64.74702592776863
175.1166888085031
12.45930259585354
354.12072094370353
60.08973276251164
121.23354373728337
297.6461175923427
105.84726372903701
162.40478012908522
302.6111487353371
278.3457087152534
89.2275874042661
115.20474862529352
159.24455779624108
272.19849808173535
274.7703499857899
56.54516152757077
84.89689684723997
359.5793581445233
160.2819207020404
321.2164967036804
128.32748982497156
96.186948686947
109.37183592632678
26.355455581987144
108.32248993480862
88.47194128991934
354.52319632648965
267.35654022060766
217.8307844671609
265.0008658194927
18.56510967302539
137.33446769482256
126.55467813117714
21.726231168852834
342.45844620798476
127.690661927201
346.0597474650448
23.039730988882763
98.24445064128943
55.822168548794615
55.078611603935244
334.3190879629014
290.192362944822
347.575330995038
117.57606093267431
114.13732638059972
356.8946520999527
275.52133131964604
195.71485892399008
162.14795021377728
229.0005919598436
112.52474591814094
151.59289852218333
312.7420238042589
221.17488198327058
95.08794529631275
335.19181052331015
133.1876121211419
246.64476886511352
48.10940070664593
194.22258056728765
34.87907217938441
36.754199592832066
334.5250499850439
250.62687706498295
279.86062052375155
53.03013039689544
113.15222402880096
29.784533193408958
131.8090618983226
309.60257922601954
22.577803397044956
209.66124665883638
111.42833407479544
319.1216607115264
183.61459640773305
334.7368065907254
72.17727802639305
225.2691013138719
227.70531426475907
96.75576470425831
179.66725360344591
55.431169474727575
139.24660107227828
189.66961160402965
97.96263320300146
268.809456699939
110.39392220811219
180.4406890030747
128.5183912317549
226.0668773184487
96.28722798459584
77.63039658409836
93.26583473613258
184.30265004379615
93.59378095769075
308.63158591301567
167.42548364901234
291.7227890449213
291.1658436012272
298.7878591395574
194.31001491120313
235.59795287249352
106.07303500975452
184.03341071888374
64.45876405614446
136.85015275653365
294.9961056346307
227.85634827517998
90.07324133152764
55.764754665865105
262.6317876982649
31.693074980287044
159.3125606132706
239.97922579932242
310.90970878038166
132.27553172032793
198.9856468221954
62.06441221672837
184.8538136376197
27.900914153015812
51.982211312422116
271.5502635279069
21.234567395264673
28.756803947850702
106.4598758183378
108.3636226482837
336.3092399591389
62.90046860337244
329.5527051376893
110.96980279373655
300.7285728120751
281.4120348089442
301.2925906264386
44.31685175847796
333.5050364053805
34.027757828760414
11.057943628454215
126.31271806201343
59.431289002156575
330.40065768359
85.75761662595077
52.777032625573625
145.54038150669854
297.9912628901647
249.06826182860004
141.8752609901152
352.7016701934198
121.30937000171639
72.91530994164367
140.073750198869
11.85076103510989
317.9830757672145
277.89961573127476
247.40818972002873
225.44034695237826
190.41094943993681
349.3358490519827
351.6800125027658
89.0978492212272
265.78961159517786
191.03654010480497
331.1369901785559
138.96187213271529
90.15870855802247
169.98675773804248
176.65518538962738
122.31414808903858
16.303579682040755
117.3752259055576
75.52609236607046
280.05274169358387
29.339926747228866
258.17516490153196
261.9516635480547
70.30567580903607
347.7626830113519
304.43633634447184
343.52467199618303
2.9530473879338746
220.70744680911463
301.0785825900511
292.9092849169511
300.694285001581
298.1582823459318
316.16677156373834
291.38645166397583
192.8167227356307
351.58050098234673
225.7452827031365
118.25666831395615
237.62057905252314
142.3142873292094
343.2456573333819
89.78973986182055
261.3626507411445
140.8338400826632
338.87915582575613
24.82286538233923
344.40574278836874
48.42586215751212
270.3074815019264
197.06465768148948
30.294737705490334
264.75908557518636
124.55263905959734
307.43163586773073
323.29947470800306
214.34362707529414
151.9739972701529
308.01572029684235
333.9083451809497
152.60974606099427
311.8428050357772
152.20032138515464
224.02726633998876
153.33021561029202
240.39902609925932
0.726509585929144
191.30025074476944
251.2096978902517
70.09712542573617
98.6970471244557
8.495282662790611
273.90576504058015
12.547420128101974
38.58385808296913
173.21557637039368
233.8775813220288
249.47219993113157
294.5327631500523
168.6137154015529
272.5550556424249
61.58472319384458
173.651071829225
93.33741509781244
253.60774484360007
335.1585691683604
260.0497976439474
331.31681256537627
71.25542145764302
34.07033829103934
225.3892882507133
283.5493170523126
307.9752251728764
269.45180413575184
11.276400722346338
342.68123533110287
191.15670783973877
130.367382921209
322.885935704309
343.66050263315776
149.70259580026067
40.01911276259272
67.42018721366634
342.00058511137195
303.6361079810653
132.4872152452049
352.84258130906466
299.0003898788586
198.3974259699436
109.93010316413893
26.492134723422517
175.87813808304765
237.09361089557
192.17194282834396
245.67014649253298
117.48607253187166
227.43277987373543
163.61110344396377
10.291367640216935
149.9733087392797
145.89869549562871
239.49032697298279
278.1696397828025
306.44497939725755
313.8349637176713
26.27316320758771
133.54588942301433
299.78287557312296
10.862548355047768
201.71698425362095
194.51421072363954
334.8402198452932
124.96648046420633
316.1180395214299
49.14013793620977
279.59844895377006
149.10232561979973
33.96018322727646
188.96853748676057
310.79690086821165
273.72814866296665
313.31955582619423
24.06265490460208
125.48651591093092
8.90963098030487
73.20513539717838
154.54772864576995
119.30194430742894
106.7889362253707
3.5188808865702605
348.98656751702646
322.4624183332286
323.9696390737428
297.4233642174795
87.64179953616613
221.1851945112641
27.23115636537004
86.40903542455032
293.80986825364687
63.74724212141229
7.0671513247551685
306.32291682142187
19.914584297984508
38.6750757782818
193.71542571638383
304.4868645895632
284.86860478224975
20.159895936738344
164.854497815935
129.44197973889192
113.45403170395424
12.54362395358286
104.64134855126372
66.59756224762207
137.00901958844852
219.30291548775998
194.28121667792377
241.15417573368228
192.51128651907914
339.1959943767095
155.3549864266041
130.98423543127254
131.61390468241393
276.5157905955025
276.8908470382351
346.9695815345605
214.82701673329706
43.837848134817946
115.16341567140311
282.8171511420831
129.0153574686683
333.42526272779634
182.90959596010754
42.093365819041765
61.7361985970436
237.69078986874433
35.05418032480203
259.73334382834014
90.39576802466497
58.648935541586795
190.24198654850784
105.75066293831658
309.900786016414
70.05769483397914
308.1991593063635
330.62825802160523
167.99592765199995
221.78801195584674
315.2010796687511
182.63139608351167
355.00590315448585
256.25157404840775
304.6401700237139
218.85954117499196
126.605249334981
50.584574133298474
65.491734149935
356.78446166184744
269.90451587462815
172.53027342010793
134.47922235700344
119.70671585963093
223.13527890520422
244.4014195672519
323.67278923924806
18.06643053716787
259.53823891829506
293.0776908078856
19.60402819125805
138.41010593013513
278.7309592713862
314.57840429082887
24.723542528009624
150.4838375543972
145.61766552537708
286.69859446514454
106.27432840000101
122.98405696670619
140.2036590578323
105.94690700589307
243.32247212760961
193.48330618802225
299.1987887902272
145.92694488068182
332.80991235291935
137.05728020996807
292.6041768232795
280.5508987777
170.89071072267078
352.0387473165912
90.80455229810244
7.872116425469776
123.82941432397686
199.0583642040111
141.06368177870198
194.93807377857527
97.70996037506391
69.28998256076665
160.4536503245329
27.179865654707108
9.99693698272998
59.97173304114085
177.86371010913314
102.90830119259135
22.54929114999655
41.533028560688955
126.00240533514018
87.7768174048759
14.377949110116646
153.11886757949637
309.8686688878974
13.234278250401065
185.9164109463834
358.07993840501916
122.04706096062435
219.97103737333953
135.35717283482722
98.31277691545992
35.497285824150346
54.88970515295879
276.622039397472
294.57294867581595
95.36928632379411
243.133570801798
265.40303022574545
239.80508171313457
101.09242638340035
270.44545265918396
342.89101910173576
157.8322027496011
237.94573234202545
11.347780729077618
353.27528455362966
209.5971710082852
14.678909933475325
270.90066513542365
14.444748099771218
43.89875031576876
239.64311383715506
43.368599240634126
235.18961455234881
57.17659234423972
48.521197863419296
21.36051250404338
113.76451061828317
179.07021671949636
167.59878383182138
217.2449722610957
308.07626426168343
38.431094394706605
117.74964938446901
286.7153759139151
184.91186583483562
93.88760526262631
234.32427962813586
130.9076919894642
91.9564242825916
148.03406140521668
315.1963640869622
154.93658463291845
323.926096218839
341.61260249622717
115.38002745814188
248.72286749197127
241.94191012285722
88.44084358593635
317.81738427537783
357.420086791897
140.34330327001385
79.32465912234089
247.14695008882813
60.280644297483704
39.34893377537553
211.6234267507294
273.6796683294291
78.5811257621659
167.94640978669017
131.10993513653568
309.6414056665875
116.2550416154598
315.1133106611844
346.558131440179
250.42837918135544
263.886453499042
337.6672087177857
97.69676143626508
320.6735983719806
355.9209957255906
270.47389863611136
18.30216067959968
61.9813815466103
80.65315695296633
95.05268964094607
260.54708440674057
224.69265428983917
11.16263725427793
58.853135743541635
210.0653577889084
3.9691086315937216
350.9909684361305
88.95935730182396
252.69234145203265
164.53124251526964
355.20831548357125
72.49386593021815
207.2200851168285
189.41342814930243
319.3289523584755
193.2894051974986
166.79662326620087
67.35064008536132
345.55529145895775
175.1716073134005
327.6301299704731
116.35590996421348
107.03762340908058
143.14863066688108
321.68647880928927
308.7017360896662
151.7533915474772
301.802358823688
287.53925286307884
153.57870571035193
272.7251287585515
158.76105044345604
277.0567082915166
56.80010516608026
166.09325664980236
119.9764319838297
176.16671220593068
203.19831201050656
154.00803711598982
317.8222015378998
273.3270598384341
60.70145603995425
184.19274006986169
271.7908171163212
32.033667110696115
138.6607408073948
203.27296105613263
249.48660136245195
260.80121519650254
299.62044022861465
6.230830665566237
130.86410833988558
74.92534624969417
318.8317829234745
179.59193252351344
239.02251024960597
295.6248867559822
50.254402818836766
58.64873187067154
84.73885403911193
121.00601401545572
310.2363550727949
255.3212480714309
11.338648236202463
218.70512230758627
57.74414104751856
107.06781331629661
269.47573373550193
228.01788973788874
102.70318679713816
62.59880006655343
174.62681826713273
335.9201050769914
271.49904343653566
297.0702144599259
120.938997814286
182.53864856154382
134.9038904338485
303.73455661973054
250.9435998692353
18.310683428806378
206.1787583450283
269.52335907904495
110.45387964797236
281.75771897853065
84.55842649738895
257.59319229029865
249.55573439782702
63.23598002869107
264.46660768391257
357.328950353526
171.64457434179283
280.47742832012415
12.845200424962648
90.55235419519775
301.9872793950379
327.8741495348324
45.95994461583025
117.16564830638528
340.5350965074229
268.04718726157694
165.08462405323456
110.15044153405775
119.69642700492052
264.6271855502574
236.79176189636763
182.95148020642682
277.46556512523927
273.06580515322577
169.02567776668158
46.9116205270309
136.35155758860128
241.16753249130673
350.7062749888674
171.66183331222476
84.86439854863058
92.38517307686773
236.03073393144146
117.55656321764744
58.66497860755643
305.7270216350404
234.94075989159685
279.5413157605505
13.932293632431602
306.37776053171956
162.0547417252035
35.035963953535834
54.96663781880114
283.394175128175
259.62177541280886
55.35629206786597
98.9710083964103
16.79540552547098
0.9430600455994612
189.6261081354165
186.25546799729273
191.40069093261835
96.36208384658869
100.40348463962238
163.73362749699598
83.43472800010045
77.30255208823739
100.70574558680782
44.846367307767146
33.66734744077854
251.2558070585913
352.2570436448938
275.45256968787857
284.241299696868
203.90319573646784
351.89011551582286
230.1775625632755
254.5179076628859
282.1222631669159
188.93773749924495
288.9992326510718
165.78406310097387
86.85432330561544
121.91407167265797
221.87986136117985
243.46682173762574
118.38678680912882
23.72205258007366
69.39822594307992
123.59129345799737
180.47935253732143
356.2690246148474
13.476724808071022
318.70752192528875
24.207322230638013
319.3836744311533
49.88472516460449
176.86229474519084
83.37731709337821
177.00430291337852
147.4463714390692
265.20916981010726
21.310534934864982
338.1059825130772
247.19215011153443
129.65495811883343
343.62095779123695
354.67603794295457
321.15683187752137
308.37205047539646
254.30029418959322
109.58470758517628
335.92488510175264
79.00227018561881
32.038127623725316
199.85625621998565
44.80602031411158
57.238608885125906
169.6952782064884
292.2339090800071
12.35667574073162
149.63075368718293
161.48927197796476
111.53901633063924
307.4572927631341
265.3389714615497
227.4634324838252
315.17214307361655
88.77362248241391
245.90939021266755
106.10929572181271
220.79681231761037
262.4156812369548
212.56528033758462
36.88788654505333
272.8818353676648
290.3458878199783
35.354449769504335
188.00606163075688
322.0630117312189
346.2934959359528
180.08166914856716
47.84773022366652
117.32623414922774
184.3448742693828
2.416303679660564
43.67554451499632
62.527581961991125
152.79862976413844
325.08126418483556
98.3217322543187
3.72177008994126
34.244758670725794
325.1095288735094
156.1132964734485
139.02594907939482
157.7260529607977
25.998901383640572
206.20688673144602
114.60195717037384
151.0686570208266
91.72096422758557
355.72452314024827
225.27501730003758
14.408482942384905
334.04982630737396
58.82157775740128
104.07582869658499
122.61037485913809
78.44475263355277
116.67955840546203
337.0477330052658
140.3928047924387
356.0479644590192
269.3369535791224
315.14661316747623
213.0883716408221
8.312930121617166
9.856984980299517
156.40481201894806
62.72625696153674
157.25168207569092
348.77875264309824
250.1913836361915
237.99359495877982
245.07605486576696
349.92269529036656
241.71888529160654
8.262175092210892
23.19808376301134
326.71927043630046
356.8341904834841
5.2755917649551005
315.13293698177665
84.4694007899747
289.01647916269326
325.5292275220624
283.3894402840965
249.3240092477752
259.0175508917437
12.940480196276333
139.19198979994496
92.2076978410755
41.03755449670192
306.7468763103927
351.3020812414564
283.77294691717213
212.3704264422993
135.6204189903917
276.41938083178354
165.99911497806625
20.260395830398295
264.72204618501956
10.801978840135058
97.18212915120648
32.288326506105825
115.53787322931478
163.4648733764265
250.52894246357388
65.86265170466748
34.37978476733916
106.89366524299922
113.83410231708243
150.34985335037393
221.41980612800708
346.54452284089945
119.99757194951235
57.92666687768705
131.3787105490574
317.1580391741846
235.10404296861122
354.52568443603764
50.2408149267041
241.17491469938324
25.742206541303283
43.74939973110625
141.15901155600557
42.29549555022901
186.47147275388855
329.78385537689854
304.1770630145396
306.962613615018
163.92254350218028
174.4359241091077
292.81791864741444
47.90138847460737
1.324314632738504
231.85560798745644
230.80511106900786
277.1074786022728
112.15528646624239
104.5504176190971
39.64165633150844
142.95153776838387
107.72685493235738
68.64052898448826
265.4384257362277
261.03054828801623
329.766172096509
165.27901816613942
187.8459193358736
332.68631545695985
87.53454564557545
219.35273970213842
173.9092084900614
171.7914479127117
295.26397439437005
269.7896300346319
353.364686245994
313.10609375797674
150.48933771140887
353.69342178163396
296.99593843785203
120.34872934778686
256.4535835920309
89.17293547976081
257.2333109280898
45.894513973661375
223.0982676002983
357.36258934688874
128.15144039495814
170.272648226815
160.67715931114057
277.1137604618339
120.90381166140058
317.3612975949734
170.61893682546804
220.58164499225217
154.43917755439932
349.7151319872403
99.75512690379674
71.96099424933895
156.34698251250282
179.69074919664826
350.70100483513596
121.07036874718182
145.29804465188838
247.07737929191907
328.45022144635425
12.012911724116844
342.7767950544976
143.87671138092125
302.39282059655915
205.24901861410373
199.05095242594612
89.27163565580835
226.31356101178167
162.64974870314185
175.70393822160662
327.5353993520096
190.1076270641496
143.66169500943482
81.12530134874241
21.42795486487244
180.16387312587096
233.61478513971352
325.89470910372467
341.50865961802776
192.8459232171373
136.8970859157193
14.28050281179916
189.10657225313713
158.70879983556927
306.57708518270795
241.7952769404016
102.70056510694373
172.44245821277352
207.59521851726166
196.18642267433097
10.50315896434575
288.1396974114517
255.19240186252185
238.34480349932747
92.45350799323722
108.10622859117552
90.52159750077365
49.66467961101898
280.49070167914005
92.42692883255694
300.6439835410926
210.93617308938886
70.762026385159
304.27853669070356
260.82245049890844
20.755149409063172
267.5381232038747
267.9963104897001
25.20794992946356
194.80620693521524
53.54328966834922
45.91039552801251
259.1191741937198
80.10023116367496
352.6985405036541
285.33424254369555
135.6595393213707
231.51200163068668
49.040576958920475
339.6337700491098
47.72937176676786
39.30763370827339
310.2808554698281
138.0624850066927
190.61363648277882
36.76476087713277
98.03699140267904
9.584988329896017
96.17939665438492
340.8009751731657
66.36424279700424
134.9452361533031
310.06803905194636
323.10416617100776
29.79535043215016
223.0528561242713
353.9417099660872
337.335290230651
12.71927506060826
316.3728759007
344.6632960888387
57.05372397496535
326.7119119795308
145.5529228593492
220.43419803113264
40.79643020268754
239.80833696123213
2.6336645438178325
180.9610232564218
255.11272911667794
130.30506653256484
201.78864177267306
38.21412256319665
69.64919229687546
73.27167571317514
218.66574158999097
34.31292427695746
328.38863440130996
263.3266503600345
93.074992030764
192.8353167228316
43.85574141110981
127.6723851962922
300.78671350953505
18.921990715849933
330.6733277335105
244.0019946789551
308.2099053092659
112.47007774128255
193.99626069817305
10.184569187240228
68.94784684230666
64.36525021989944
352.15062447827165
220.6054058297107
325.8363061974796
277.75157394401776
171.25153495996244
320.990988971659
110.43086744898372
18.190714959730304
104.5029370543445
52.071468141885696
48.143777454351444
25.678467728843234
200.70173233217338
157.24049063391038
288.4286971137639
211.34088235833912
61.25286686414978
53.48789975962739
12.274214278079342
24.853680223519188
65.39137133520066
131.6831341262486
335.93918736847695
268.7072894675042
47.72459739601078
309.2185427914707
80.36850130884201
17.723900413434443
62.606925837855286
342.8930589006055
117.52694740595774
233.1400419284331
12.914109858287585
326.42352273595867
312.5075415615098
131.25447265936856
75.68383126802938
115.99479094667684
288.047128623344
242.13943861702182
89.96045044141499
337.6788621829406
138.95136152280415
33.69116343015018
114.5457131655499
276.77943389309104
164.24909270049764
116.16797853895478
16.85933300135601
253.037644766614
13.576916212301393
202.19508660173403
62.110952224221776
84.37593322956948
350.45611684322216
5.455781058901948
233.14426256121
152.64283617013226
288.2030487927409
318.8103504764147
3.091839652861749
205.46588715095606
16.935443587931147
321.1440514757092
81.43127434296373
146.7083986384593
198.60060130091068
237.68044182825201
316.2870451758811
251.0909683338416
128.0880506224887
251.87621734263027
47.216244852901205
237.87512946139117
112.10473714903985
152.06374029486375
140.3887043558491
351.8834874308195
256.99817448060736
166.4239870222542
55.0231548955968
261.2610760565582
306.5659645019333
107.71443831784572
339.96401539345646
294.53360927551296
192.71568983910012
91.54349960382764
331.1383870323106
117.87237223054879
91.4692394222835
279.7483147543344
114.69521733672765
335.4320184923242
9.980899458304282
153.58506172948412
152.1021392273001
147.13374859780882
91.73441056623278
89.5657105034947
342.00578569184455
137.3681357636155
127.44749296863111
159.04266298329574
344.3192611292765
283.64548789316615
115.59375882661003
40.3550890288454
354.85120575341676
304.96475410292464
356.9864295964701
270.7715428601872
60.61620261540324
232.38615899429263
27.827026385203997
54.03649908909224
151.17857963353623
333.6163592473138
247.01325821880883
33.123384434154396
235.8120696034902
145.96753091769912
329.40127048923006
337.1685549186579
313.8577319045536
216.89651963004022
174.300134317472
141.14049617262538
245.28019860414437
71.94794697960835
188.00720566311648
142.8091243955694
256.9248496340708
135.57512349102916
298.933203487108
344.04815613399035
88.4839333129317
80.21562148684795
45.01674450394753
193.24615816981574
248.11581686029774
349.43991170481434
46.590277628944456
245.9621906847391
40.0349740977275
68.25719295709384
293.1157376701165
36.60086354482968
76.64683544737134
201.37206657492237
84.71681244719962
140.76105729857954
6.689796479518308
202.14564448057226
353.24464890996427
323.422504152902
158.75631987411708
50.729210557183514
53.872865407266744
268.33325389789155
51.392017781543984
173.60384145101528
339.9775894293176
1.794834401230321
66.45811999723333
106.03804407311773
37.543443343853895
305.36722516972907
19.045810618233467
126.8874881197137
349.09893596779
208.9406873665735
293.5453978768451
265.3398259278065
327.4979000787836
89.08299544666504
273.2634126579281
251.11534127318612
315.89504457527346
11.508265606706537
290.15894531429143
268.22662489738224
171.78618132865017
228.9666075037134
291.1737119007232
260.8178036053546
7.965222313360398
197.07799277131815
344.1914739626467
119.18124223353267
61.37334411287138
24.404251747897224
359.9373950048646
206.1232475450594
206.36379901141197
344.32601928145397
247.10643259203277
161.55385155296725
291.6536479302193
103.09663242280605
269.4829348522366
84.55513367518517
31.141437808206963
60.389781113225155
286.17556757608963
84.45465715296996
46.71001757997433
227.91156362326046
307.8896224471817
68.49445813409017
349.0017179520349
192.01487038143622
289.3782041152603
287.28911311672897
209.90494686687006
205.9081499781527
208.20858478237304
178.3794754028491
153.54675192850755
170.7127985938047
306.8195809653277
232.6460782554379
109.83065620923621
185.68784303365484
328.21935295884276
252.08904595448263
10.735923353160585
273.04986788181105
61.0171269982136
343.67390607092415
295.2952235479398
212.73678504786798
224.0441547397011
143.3521919063631
137.0099109521732
122.60659675611258
72.54230752253726
75.6359425348231
266.4178315297939
170.96961612549111
244.03821705307607
96.04731357051332
120.45369381540883
151.74596788171405
255.48043198465987
322.6505376381692
12.922074415692741
188.4816296843111
170.76202566923845
359.44132517619545
4.137619254065667
284.04953007421074
196.62001109573157
9.542689228983287
347.7035397021847
300.16922453395466
313.29552985562106
320.20482635021244
238.80143172141018
165.99108163551077
229.38491426888783
324.6020863321334
25.09340575574467
156.82821916683346
296.6560832863866
309.5697384049728
173.17780025927578
29.18910734321031
64.45402096619299
127.68565630601054
261.25485575646405
282.80678806712655
49.98539345081291
98.636446635224
128.97021847617404
18.03315047113132
149.04470270171487
9.997107214118895
319.31167175376925
85.1465644693857
140.57551948773096
142.68362275786887
292.18075182923127
3.740720739246983
95.64563039760444
149.5288541575667
194.3216881702463
68.85064853412733
271.79155140311485
309.8858405197169
228.33751762723298
90.5221514061211
300.3878389547478
77.83626662330742
27.300732273004016
104.69738787632751
5.784729298957849
30.34528924093853
296.7034841381831
82.61403183126934
98.63510804077517
120.35219725566526
212.20263861377464
248.61791591680065
153.35466197837968
51.91987712912281
18.567166346713943
240.28023971525192
69.49094692490632
58.844287931143306
53.655474551085916
102.14319970790653
192.59700925050447
149.92065926024603
291.63284385823
51.549189256576476
22.25731616991229
54.65767150342707
330.5187305243902
87.23921318960714
51.56874681641571
275.4418339574283
242.6027036784102
55.12550766728337
358.58071699197745
252.43926765207462
44.34268932652968
349.75478099437026
85.07667024107727
261.50600661842867
144.2370960440507
128.91982800947636
327.49903884060865
332.9062057756653
238.44296914414178
108.28354631511016
52.441090615231445
241.0078808527233
266.6463963070436
86.4641525813932
97.16729608802527
151.63632386941072
222.91060962284882
12.507405362985086
49.461256373831965
301.6811783212847
302.90034438936607
166.32014882273657
271.4800938262552
24.657927139954875
328.5730795777465
66.1675591158327
335.73986455941645
193.69468868483426
6.280499699428641
31.9279311533865
119.58511893606521
293.46222821035315
55.559829521114985
174.52577970350222
220.73132547515544
329.54276520628
330.8615342031649
19.737062756076263
249.44247928652547
172.7015674629842
346.43504601417993
102.81770187319015
297.4593948098671
248.05935961713286
246.43553136177607
206.70553239095474
164.56481733705462
313.25439157111504
176.7072688603158
153.7190605539529
82.65737274686752
109.67694326376288
146.3944295772916
163.30399481949632
163.34169866423466
327.0044400552581
20.452943554012812
63.065153499419885
129.21559127820828
256.93785410148456
79.90444893405328
249.07274638194323
35.46118050784896
54.956191453530515
124.56978510378632
223.57593266084896
214.15053835219453
239.97196550587202
259.657331070509
336.1143584712068
108.58075637296102
313.83478426906163
74.41507380611745
192.8808703993994
246.73370986963528
208.38453032153342
321.01086655805693
136.22252700545772
72.05280463729981
243.07538481864773
69.96978518420774
131.73025176845314
54.79102218330432
345.3723819928846
212.14497279553888
242.99858401627753
130.7751453324186
60.10705219332917
83.28720233880009
145.018139111196
213.2575077359347
210.422451500072
349.62530862229494
209.59198304101008
108.93292235698236
325.559878276634
1.208532139316581
99.8611698244965
316.3020081460532
284.7065896866528
299.15205593292563
232.42450206069273
141.58499914519803
327.6418911482255
128.68885338810907
94.9853107566171
329.1922953718992
51.65684871191807
316.301634302133
108.61609695253743
65.24557686429122
146.19650023912396
194.15967064855263
118.77175509606894
67.20551362143361
25.039471753055132
164.96849891499917
70.83526583854747
339.29452136529636
27.792891145487413
273.66656260699745
195.51244416958798
351.95854465261135
225.336612528442
252.98737385008727
72.69522782677478
26.190599223356237
209.44884907996374
152.7440201862492
333.3880672123147
254.0737007002723
102.9589013055664
169.11680593677485
145.59207093127597
323.1317943278126
249.00088414130303
122.60315435035302
320.69134443085085
3.909244025958655
151.58581908413882
323.90841769322014
259.6296214009351
143.41202161732238
344.30299843125505
177.5348281231711
256.94451532533174
270.5517513244877
68.50505530763692
314.33982282071145
156.63124451885116
309.956909407639
155.14950058345738
346.2678485861836
340.84291208565315
248.5211242536569
322.68664256361035
28.895979245989366
198.28432399662225
193.6631131999844
264.09112365383857
116.41803556565431
119.96919403325776
240.27564659153185
63.28068767259611
246.30148746778536
123.69797103401939
264.6644785913596
294.4651454435451
252.4240299437264
101.7007084727007
11.131226445358346
5.876957167559071
116.4661243535889
336.96119006412505
136.97705251205355
112.60505229048579
39.36905243143974
163.70254797647996
223.48658484579747
227.03288910577965
0.16090032302485105
244.07576758617512
326.71311883879207
318.2282498414236
3.4846266239954686
194.3893926440668
215.4236730993142
111.18056477104923
211.89995237516615
312.6191854362738
44.601675957685856
322.2636354622137
180.16896552158946
89.96098174453661
45.20397004004975
261.83164890383097
56.2082248907318
150.381851213174
90.28382222065939
139.70944771048553
54.110251847310145
296.80114975377995
26.03950673462431
352.42530110417664
84.67520047253915
145.75171224439214
82.07190512562552
93.87277582490526
56.53503016041978
81.66164292197197
197.28143328522077
134.13489550453838
211.07558036953432
345.74858276973004
311.1101032866084
104.71393274838685
150.59320810039762
301.69557690494014
218.11154806057507
208.59333507346378
52.86399580495234
257.79347801962655
86.6455908558253
199.4860436098783
169.37399489991967
106.79194930465903
232.4274079005358
234.7664795784598
164.9275597264174
96.68131568527906
150.53922128301576
125.54214170349405
38.57464184438353
46.29977176550185
41.31642461613155
15.525821872878545
98.17298255906672
273.66334683632726
166.30152002411907
303.197034295116
242.02415655680718
89.1928878246915
335.5459427312215
347.55859730957405
237.3759678933126
260.62046827144917
73.05074447110458
61.36727283258178
23.718758218960517
54.60276612409182
82.30658493834933
256.8589559837964
356.6726205662041
161.30616690208183
143.94768022354253
125.24963772785041
125.76678642317722
41.94232539211442
221.92149237001226
234.55418976833204
340.63655429998937
27.46808841805928
94.35842888171639
153.46010778008934
129.4408013576977
66.62553531912329
226.95601364620802
260.42245479155986
188.50999660956035
302.87761697023626
189.92618644566122
185.5971725528752
63.93915641385583
147.17487153794337
301.9683784773204
313.80608166450725
204.64346152590403
169.67167348816318
59.65406627069551
104.62396759597625
108.97922844371746
201.16727996774677
240.10984134481535
349.4352291552874
281.66624596572797
50.69935445735682
109.62784808423079
230.9981012972519
158.47462046683341
181.29716328766204
272.19155556071445
345.1142259919208
320.0356166152614
89.13355243577911
60.698697213241786
242.96681056432288
155.17275867109007
254.24851369702128
233.03455006290955
186.25877131802716
306.77715000288947
325.4551569280756
75.0877615397237
134.0147257959548
218.76699748970472
334.1145686076876
133.3318592487822
85.66158698925268
197.6213630612292
230.70409858954957
72.33057649125577
299.8248782123913
210.44395194061542
105.05755806956313
227.2258284527517
149.15640932800682
34.99201895312955
139.35787037514788
190.1988968275834
38.21906312809257
242.49352811366845
302.86137826982133
179.97395145299367
69.34760319929237
28.590851713940967
241.95934276327407
214.61827647874875
64.78855915832656
319.50037090427554
225.10647463291966
186.4087019688616
52.09001252149001
250.34757577236354
133.16066623617343
105.7767291717034
342.84026115080513
359.0138256309906
144.56127274156646
174.75042241650956
290.0062847303253
219.43449157228295
273.30372613323334
137.28388322791164
308.59728276496526
254.75713249774313
242.53152462424447
264.1660420323848
188.5431300130211
22.29013771112694
298.0538480398315
4.228873394045549
134.45239344655073
186.12249928227703
155.8389428905146
70.98034938320815
110.12391155210102
173.22724968210693
287.14860376608203
210.85665606683193
308.379640482479
170.12655928647558
169.46489030052078
113.65494480349253
334.8145365033525
288.60887709181304
82.50894323559739
70.26970343303175
249.8065704044275
322.5558027950889
115.59724301160944
247.12109291236249
340.08223957300794
196.20189564262296
86.39952926780795
160.06018478310818
229.29402250665217
198.94869637857607
234.61598072948016
20.826416267954105
222.8464338221925
359.82299372463234
212.74753300979592
337.0561861611342
62.42505162351105
99.74642563061722
308.5867914232093
140.48250615903868
4.4202993611390475
148.6378968760223
59.16562701500377
304.1994183839686
207.3997036665586
271.0289970822789
337.71049150103624
215.91614899375045
299.1936429721096
4.324702307320682
346.67991877339955
80.92879206932885
229.39904216980065
349.77195040768726
189.643506450205
299.91494007338616
337.29117805092903
149.0725546950458
239.2803822086542
240.855661753655
168.52584670509788
258.0265625522835
201.64364189954873
42.88977880982616
255.8109386386742
136.6727667936025
244.3457835283462
90.28018760903602
231.41369688458923
180.5973731435419
144.23519906537365
321.4302078286822
200.87912425615258
237.0939206776124
253.8241781286849
157.83099444062304
59.77953751612782
357.577715116533
58.118770552638665
80.12343459503282
229.5231005663346
237.8388834342481
45.34269430886622
261.60798183418774
148.78325626173805
42.189694293932874
209.40844150476656
234.69320877327874
244.82041839039644
267.56865903545673
159.20135267233152
263.08152067149086
231.43535397127064
20.901553672155853
10.678745600079516
172.4509034260779
331.767545810582
328.3802323426935
156.72226273787345
255.53453680580455
202.29542619035945
237.09890913311568
97.82736245032369
10.716842836112852
191.87438408306812
331.5968907255924
256.5915937174645
204.30489126434273
311.48922473677806
208.75278653799197
61.298510536649054
142.71900263059067
237.18143004595632
74.46865485405456
190.57948827552477
68.6537911503166
123.69445152968082
70.71501129444228
299.8748218151901
299.8444742321867
170.65658775579337
123.10283918124954
349.8160152898629
46.45218674674679
334.2592538016226
160.52624121075908
88.36690971431962
326.6762828423692
12.045598269036793
273.72390716660885
188.2594106722668
101.80453123630514
194.05027376365223
5.566091403493456
215.61807899707952
199.61299289105946
176.89518454659895
12.007809545310373
93.64977752827151
299.31182788498353
200.18940959743338
346.6169699470971
224.40609842802573
315.35487382654327
284.0419170051497
86.852468797848
224.6026252117111
163.53608604387662
246.10100379409923
83.27962074954208
330.32054975417765
18.95152521266385
17.51158697442584
12.001471388261153
350.0688914347533
157.66698383350092
200.16556503994457
269.3376513580233
198.2168253094679
270.49571066087805
229.5717185497535
235.67511894025455
57.72152862884111
24.089657398960732
43.52045178663967
0.19867104724119772
35.610899296896605
110.99077544703087
51.47581186823482
298.47501300349
203.54334744858087
63.29266648897801
96.16135053803785
8.283192014585728
351.62315702179274
17.836074599986922
246.85301538154448
338.8227057916988
194.91930043303543
30.361874725541444
50.55186403002212
258.2309243979299
343.29738469556395
173.8141007804678
157.24751153754957
58.710380030906535
324.69821667773715
19.771393515289542
186.04015887105578
228.42405077134836
353.3513981846276
113.64711054922957
238.25423463781007
171.7734069948524
224.79479400327307
170.39085034754214
235.0391867597446
70.12364325007046
339.9324571589733
280.76247158419847
201.07091281085772
37.6860720205456
212.00132712079426
220.6199404089027
99.88428070888138
19.380115535228168
181.85211085468137
287.8794405746668
209.65531262005072
280.9232550964485
251.15103600667382
52.49112200925046
187.1631907011352
296.94232977216507
294.93428026575486
100.19461362250486
280.45139821099275
259.04146152192993
196.27343858291576
233.4226966936433
331.3117927109122
294.6906375911932
91.36988311541265
63.44367806364473
223.9925783959817
162.29750110229412
288.78666484097954
98.85688012905142
95.47967897039341
24.940913576981018
160.18583033148005
355.36640865217686
123.43040692054561
263.94384848696507
242.47053056347542
60.18697157521665
10.740962210428131
71.44972031966769
325.3550659361485
120.02287265945267
348.536139087741
33.963770207430585
90.85451898040574
99.17912562903113
71.29701438289806
293.5948030417881
89.8734209101238
159.3022389426453
251.8374546995574
3.544123813699235
125.88345413549978
306.11343186515506
230.49305171642249
327.7375775758624
333.71440276806095
162.82027995373346
309.1434590178104
302.8412153417837
91.85573645919071
8.85389053134948
171.03862250524588
310.51798572720406
140.13546220797966
245.17235164335813
235.17083944183122
115.58342193708249
77.20218132068597
198.2818054677854
59.69559708631295
84.96277096341397
59.67009772963027
33.718201964424445
35.71659203651415
172.3605334706323
98.71603571347896
7.174171096629261
102.52541194809817
195.46962735663595
258.32891017354757
17.728900679072005
7.348392590774776
134.56063171891708
244.82022440729202
245.03638467919487
298.0806094205633
50.94058468989051
235.41180692786114
266.996012200019
55.56346602075146
220.33665380417526
61.601082447691155
220.39041509779344
69.64010457622096
154.0335212223115
310.52038090897537
223.38001549294358
192.19825306498663
330.95067279243
147.46886010663965
83.51391015189478
333.8668341578346
211.23234480338914
263.9298678927018
106.64439688689535
143.48492420810908
323.3253745147383
210.369313946782
229.49151652284863
121.09078701259963
93.72486662702514
232.4256499199531
12.96909253819434
220.63905622602752
71.26665213457595
90.53478998976912
347.7955541901056
196.31603804898958
309.33597821995534
243.39229689163403
39.7811836991248
79.96560596505951
87.59942482898508
35.65094834989187
137.4229639113523
249.87102673039465
352.75193811394576
152.57086316991314
108.21887373680605
228.31673578019831
279.2470403011729
21.269646687006404
108.30407399555875
288.50327832430077
313.7091928793692
332.70426933876485
188.92332588919587
99.42926294504154
148.394432777795
211.17792371013604
143.0551527160989
83.21918047957026
124.76483300170263
133.56903522419512
146.35689609851903
149.37343503289284
100.50829380349732
160.61998506706468
3.750099226539077
220.74887087826613
333.01296653253706
39.806631054159624
238.31754871016406
52.518317682327655
63.1221852263733
26.330606486036643
38.989191955870176
278.75932887365644
155.60070278533368
134.99631031515383
29.57799693574794
284.9522247303672
76.77742452260533
160.4053489683963
132.9954053675162
313.5483190031802
8.07675305735248
198.36020351179795
326.4013713948376
206.7895521927364
227.33186894183945
277.93253696034424
35.2133133959185
263.2125713965474
321.53735008910786
205.06315137001772
30.431301990689228
151.42802565107152
214.5612759298269
51.045326928492734
77.14905561142525
158.71800693625448
77.47837210963321
203.25603445116388
172.63002137894435
45.778587508183975
296.81487078891274
71.36472689621324
172.10831712286742
198.37436467023448
305.83440912881395
31.188497052817052
171.25230153910047
133.07219235231926
268.6496012061303
258.4856270816632
120.81798339009976
97.14832884784498
179.23735488632607
238.2175565288451
211.73221587296683
47.671167363262285
151.67498196247828
158.64931429805353
225.15689188045053
83.05155550650976
314.1107829887736
162.7911067108722
128.06797967047106
356.9058400915952
89.3129927568688
54.65890099997595
144.94234993574975
75.4874507406305
98.40688713219481
329.9455549778075
22.489788256761365
220.25735242914718
112.42897267421527
57.959112424324296
122.60408503738218
234.05963894593867
308.13187981234637
230.39254806817067
235.93024139692324
259.4140294018971
119.30009855068091
156.60359647772339
312.59142035514526
26.489546570101943
276.87119200316914
72.84034265146316
261.7198463235224
103.32135241736358
97.6158008823124
306.8033387464418
26.205529751186848
354.2722392831047
188.88676864926782
64.86777978996558
115.43173920245162
275.51949906324046
342.9663864959418
274.9930430951173
60.79796245615213
291.96031142429456
133.4913112544939
167.2749099266914
264.19283988623107
88.16245488295878
203.18407233972965
86.78676655640378
49.249686079259725
128.7596023136195
346.11396031543933
139.60951743078073
122.7142512232642
357.5697669382905
100.6684219808875
90.31666942914556
139.49339695116043
0.1691805458754548
229.36277338809538
31.10703830920089
43.91276417100287
24.13899759354871
159.6900856074034
22.968993195775735
303.59068581064156
323.8459258414939
207.03236616587583
213.54755434264405
40.69704627067788
267.6608395834874
202.5322628822785
275.8214059525592
280.55951646456685
269.74881479828946
314.8140287947864
201.9190692378819
213.71139267416885
172.08539756025777
165.94199446147695
349.92583276950637
148.54915068809493
122.06489572673989
7.627859264728007
125.67732685626645
171.8980322908
186.1240614135716
73.00838407050705
317.6477134003516
140.9413561984635
206.39869044043098
263.49561110708305
122.05159222823703
267.36069042810664
309.8154900874809
314.11620603759127
81.19325553480721
44.6489998416496
112.49545304035419
102.0956213258592
55.35513263855479
215.85241973852754
110.25337371737018
175.47442278027432
90.64836989478407
316.79981289333585
335.4780792765303
328.9260971363717
227.56790096106678
244.65477673846732
190.43491638269793
24.235783476042737
214.5173605373582
113.17434985474878
244.66417260268122
73.68237414854278
70.39816487720122
139.48458301832676
337.44668925695413
3.711245653833929
195.73993824333226
185.79854306296593
353.31092909487637
127.60706246474366
293.6667682225989
171.80369947340154
314.2655974739242
43.32278856747644
189.51867503852057
295.0619026994318
294.75106127928615
164.12959984839904
1.463473984020752
301.50955728697477
355.37487746251276
8.544630032973796
231.83512982899947
117.16411108620343
292.68498664601685
14.665809978077917
99.17842457598374
38.229320225249715
259.93584091016936
110.2413389573969
144.57374768752038
94.95911767863448
211.92561046302185
323.1656710339157
264.63112518384213
58.390120282329924
259.1443172593649
278.11920726080257
169.06870417163464
130.02992796709162
261.2826575114339
273.2466600731187
244.99067003136878
277.80313519924647
143.15016108771928
251.53787503547787
30.306252271282954
166.55340273525758
213.58481997327908
254.64812574921143
262.371158839016
93.19123928433915
245.09769375662682
319.41092438471867
120.89749359351981
286.1619230672162
335.4376497661673
251.06867970348026
159.80620131514928
139.65894292569334
204.3462219035392
1.136523073501056
25.724333738666466
248.54813507103492
209.72554649567203
223.68225576218103
142.17300524475357
0.49650393156212214
51.298007246758694
356.3719285358023
21.706863112057004
354.00169118491874
297.58866732899816
95.45796100118262
255.03647472492494
297.41412222118805
205.87839119592942
216.3526100542517
251.06838067879667
238.8243051078629
265.55622945177674
218.45093350721064
315.3631842356681
239.33532640764525
239.03791717689506
259.6762225504449
153.27956880074888
159.9001985517215
90.8786595714443
90.13641636434959
167.62833369344602
106.55916905710001
98.93482651622271
84.0751414447465
306.84015890372615
285.9847712635603
116.77112813626142
133.09674884368775
242.3560542034138
231.86293524849907
349.61873318862706
10.817639999931268
152.87475382076533
73.80978613112833
3.397802875565304
38.07071076674498
57.158068571733224
120.57608818726564
304.69103996884866
61.20547630443714
296.7437286464547
329.81231005009937
80.7166301383347
4.598259140031586
241.37398610529314
297.5925684736017
112.07741092154832
254.3408683259996
102.9919763073769
275.3802560148746
304.7361106269184
73.98973104460522
109.48320357414232
180.30616458334845
212.29862962521184
61.802170236966774
305.6791559634589
25.356788607370614
308.22030707696143
317.1377473381602
281.97489458544317
348.49062283203926
142.8766039682627
235.41773600922374
193.78073516804363
209.22391902969653
129.51208786534153
309.99065046831487
311.4396320442297
173.59651031879665
260.0746191465218
1.5060738772357722
316.95022547870343
16.10397184575014
101.84931496265028
98.57060947746287
312.15739235736606
105.57261705510065
135.58343910859284
321.1772645264629
6.1339311835358075
298.2774823856734
300.1489741433525
108.40469759341032
44.172213832148756
14.867842371640629
251.7984776592275
337.69503185381865
99.96922197738391
187.5104189579321
94.46680691645116
19.201486255782534
321.6534773189168
291.3019935350417
172.94366052508337
279.80965142929693
136.9028899665889
305.27793485573926
78.28420362511093
21.163295749573564
181.25523723382992
233.8015538380416
115.82598825537268
250.05516831840313
222.68708465716347
55.203137250285
129.83562189483516
25.273644767290655
285.0212253575304
69.10594685291063
319.0986398687684
130.6565294449003
160.7230133429584
351.3428525381466
37.22021823794744
282.0097604300918
142.7554431955982
319.2949272010495
329.867829822628
322.4827848449412
29.551031142645304
284.38209131010507
259.37320533802443
249.64240743482227
355.5957852209803
232.1188871832975
332.2309326077791
135.69454329826888
197.74839313569535
222.47747952194817
107.40637255825123
176.2203583225234
150.64851522736592
155.51532146454514
8.591842216569303
121.39544398356641
43.022621708967336
123.26953506797724
14.986848535433463
347.03236618507447
352.57399777980106
350.7679980191647
124.19686385382813
309.11957254727866
21.107461427595247
161.9513376649698
224.97639047140765
175.5168066471277
286.65841458756927
31.487031862208518
6.942453755949343
22.517666152316764
194.2979420512708
344.51991036875927
16.44185197015779
221.29388725472052
109.96400032666043
272.17521581063454
238.9181257069624
48.7778280871463
341.65155145616205
8.841971748144172
187.68233478436844
273.4129978766592
18.199566375647958
98.614346545732
74.9151705431999
245.900991115341
183.17982321832244
165.23676049584054
125.11952020826624
248.06108357213785
322.09745753019604
210.4732501454414
231.36680190354284
149.89916594822134
183.0941187957749
232.1934903309002
5.186587457571584
41.82356453319435
33.42426884706272
220.96396249520262
222.11853001653262
61.89514134646794
188.22562490441078
187.9390822460734
274.8333210465971
266.17781817092583
52.97301008587951
307.4251925633271
269.4909920127814
53.91955214778271
206.63238735189339
258.34506042225087
355.6704410935423
133.6865854966141
82.70977875837468
329.4504605233552
265.3107440794269
174.5444136135783
98.15568003709232
338.209043887869
16.212230253680804
81.11788945872335
346.0371875017488
192.4847093460858
148.2508350445449
151.05112964366288
11.449829090728926
59.69650162096589
270.8076098819013
295.8663760921276
100.83604332905779
210.1889966493861
28.107594407632657
16.590200060831858
99.22203002041041
201.2635139148377
236.82314363172472
255.25244657987403
78.64623827422074
230.38154426928872
116.47236700892026
52.64452679866018
20.96075531737596
135.21513494110818
150.26766713915083
141.59884140099763
228.34104515500675
91.59778065061478
45.694202267742206
328.11796075605747
280.51499686290845
348.65804467608206
296.5563068444836
7.3145903920732
237.19130685410238
295.0766833756472
305.8719899711857
226.47078445850784
204.382826525403
111.50461981935787
356.78550118356367
202.6528890726094
186.25583707459876
263.76607386262435
201.194892883668
7.940735450134343
357.639618137994
109.42456512210846
154.546782809784
215.70559171563264
28.055913046953446
153.82389511733257
348.53730342328475
315.29381638763203
246.2561441971732
316.5657385050494
304.44027721640737
100.69307532800167
103.47451391756647
10.951429154502822
147.80615541898285
51.663677060305965
318.131464935382
56.670724411758016
51.87677367912336
148.51275827423518
51.249605533323646
231.1923369854662
123.84440944592528
177.91686325847542
345.7817560030039
149.45002130930567
154.58815829279072
172.6268685036867
164.58293301825793
260.6067048925996
224.0957205993128
190.3280745464505
110.61278786053136
320.60746264434175
256.6363948679319
176.76815597849304
120.04236427773093
37.186674056501495
228.44118887124458
93.90713718821064
248.455947225178
101.51509489821395
131.4660793059732
214.65226438317362
97.45771823265517
161.93404970197255
198.56318838831095
309.9940323765033
67.53811967694223
268.7508200311199
283.5616785548387
41.254162415761996
342.84389195741676
254.20288326944757
123.6618617485138
294.6807755333027
108.29269978362875
173.56034877431904
45.106965899889154
217.08329104591795
84.3124191840872
51.776929773631075
52.9049133421545
159.4385031681408
318.32728961312375
327.0757431535111
182.60856495924983
240.3090575271047
198.7084803407371
188.62942487414261
50.376406085488334
161.4821830738545
93.19722727315514
190.869789964908
257.3641660151515
303.7857257391136
347.7911907353943
142.53167175638714
292.89391128826895
166.68741376034166
23.93426877625378
225.96940096923953
221.71276709819148
358.13721752164236
128.46333945875517
96.90456307722033
235.34249187350912
192.8876910937221
177.6284864739925
83.1172458720183
275.68903646838726
134.1701991514126
104.74750346983649
268.54547582852956
311.0536134773115
37.405521661603075
265.21770392719964
41.07243962310757
5.550191118657438
25.426726098051777
349.9546735296448
245.43339524385473
70.62279217527612
357.2879260680305
157.01647933908546
268.61492865715286
171.89556936770683
177.55328276840126
167.83261580341977
307.7031789339839
63.26666096100268
206.97470352607448
235.1528082335409
259.93940709704253
33.981116220069325
332.0304302920686
299.4788642102534
264.40348271221325
148.61291432631876
291.8500952879445
111.83972999500405
146.49532431531674
119.45317672399341
186.86824348194904
243.70994737239505
199.6199340346609
122.3399822143854
125.6784121137816
10.895172766192188
121.03754165142288
217.19797018931615
268.54373033209373
12.002182921065547
184.44940401574104
24.69340453584804
14.996135147929111
49.2379396959527
140.1733220171034
162.4397337790562
55.33917025391133
233.70884865984712
124.85494746785415
237.24981735297126
322.97310954449256
108.38602643062296
295.7505827886859
191.16591417907313
303.1099175612547
163.46226591948323
242.66676501067093
13.396536252498395
97.86332890267461
143.67908035447013
350.8776662851711
206.28314393932365
31.845144400731858
137.399259227971
69.8441573330231
204.878606245813
276.9061529783624
3.9349507854564747
258.8177640211338
342.98708457188025
247.36743481013434
211.18753236403452
256.4433959553206
21.405236336582284
82.02745798787645
326.37102600941944
0.8113588479439732
63.00537259310449
343.9367951161896
247.0155018065462
102.73381660443623
107.50654181907844
351.1621765854349
101.51929961468592
176.9555594442352
127.24061937579646
158.96016560909126
333.0911297246687
185.43525561354755
2.8123744079492248
165.32778124815002
184.309889671842
227.63246392169177
80.16599785174915
331.30136961936756
120.27024933609529
243.83465702868665
236.53281720835494
208.57134619025646
355.7942313283489
42.05669509215028
70.1765879744286
39.064509764927806
351.04337967566124
163.42906826757985
225.90338684241394
335.1745711058432
313.8746404221295
337.09420261661137
280.2315603723579
190.86109649964652
356.2940386186881
103.96382391671732
133.26546959540389
147.72335530494917
43.4931916896797
270.31886511092796
252.14469772811668
59.92492290208136
76.15026169687978
2.5608655950172934
144.8670068509075
208.55588104039234
340.4917337696949
265.2169385104546
305.8441414509187
104.38498175112483
149.77863366204895
219.53215839401474
277.57947964490114
324.37686457474774
30.602529919408873
263.94214865457013
306.58701741151157
240.5568785848483
212.37950638631293
285.6518543713554
115.24855393229937
18.270855754374708
163.6940469830933
97.35598351170925
281.90955517245317
129.01841482310826
93.25681223792057
161.86901900232348
31.644064588814118
324.55253479025936
325.13838044848
203.84054409487342
18.996988137631355
209.16830775471803
313.80879181647146
245.0445569821647
202.4733793673304
198.65551470460557
249.13186666012297
121.75474943619386
261.76578354110626
55.45584164604389
290.5760703000321
235.27093126211236
197.81966529765435
221.144176984699
229.08046518991202
140.30493328167717
65.49401218965329
325.15030105369607
336.46975694717366
150.28183661324294
310.8430563192223
295.5433766396479
123.67030570505854
222.4165184480893
191.50829652398767
97.53065293646199
137.03091146606644
80.50701902039557
79.96121288383685
356.0513912318403
24.23617051912046
338.5382663959713
242.54309684621504
267.90578843343974
265.2390806720578
20.07438096335658
329.8080216164747
28.20336113455525
200.5515798687384
330.81219485303535
294.9996215484713
281.80308657923064
83.33855721124573
131.7555642407781
351.88436566804
296.13481801956453
337.14772011379085
262.8947812707423
246.76846384058294
2.5443323508674056
135.31468988744987
25.484313875516808
237.95465084538344
195.73856882971768
119.57003926826232
315.45393004425125
123.2891119846434
2.366798184272317
259.74712840135
254.77110483436627
15.030418055183691
220.13042243762163
129.4243695269184
26.39389788510693
316.0715636351319
186.8533557255934
309.7078554091086
32.69596851909086
167.67320165888188
37.55184207618842
194.24161483928597
107.11177258174662
74.31736828316984
239.62808191623847
287.3306806420482
240.39232173549001
42.60257343665265
18.18525619037112
103.24934871380044
171.4591785604922
137.3021707475449
34.78208426974196
210.88090611105608
269.02522726677495
248.6078778188592
260.73914745405506
331.39759636659426
214.66898337885405
31.89600714483943
114.97927488738547
144.3611218669018
126.89518220812771
288.84481291109364
275.2151053035732
99.78712128367518
291.02363763477763
168.21403032642382
22.55276108063347
32.5592548771392
6.052967790279758
270.59860172827365
351.0688680456012
162.41056406115595
40.30086698513704
347.6877767383352
167.68643257521873
129.17934598072935
32.51636093663966
338.8273821957135
195.3313151391364
83.857684045394
276.38470383679146
160.65882947163777
87.10780943061863
6.318544497148223
201.87401464470855
326.12455173744456
222.81697680346895
337.0528600397979
296.10943686426884
161.07441965880165
115.4222255548323
194.87240837195452
315.2949943955054
201.13810002117148
246.49688141940615
185.11025722454838
94.87222479268571
226.8603985651077
20.6523090780757
74.8342266839441
163.94400212649296
273.09293439000334
343.0554489809269
181.88771413881395
245.20463174735818
11.609645303855318
256.0188172183327
233.90171201333294
123.5282952056853
153.58292795210247
162.83117899623227
140.80008005418574
138.85386557538766
183.99697548288728
50.92757373175993
0.1563983360369839
200.35632421015572
166.64697366251679
8.035622131390802
341.49902449960695
91.09331729730326
133.1919133264218
275.4842465601246
257.6923939457311
265.88727839369074
78.5773097008294
108.58797342117713
136.28641244464995
36.671336673711444
46.36074093567747
158.6094829135303
78.99646478967774
356.4451957316482
65.27585409829159
228.16001579607507
160.5308685019202
117.3871765975155
358.6780960755224
98.78256501214526
319.17351770038965
306.74990917408047
134.1988749731305
120.03792168416547
291.61424512496495
83.60887755840568
226.05979183916787
174.98286487586435
213.97157672479744
140.4755665926296
132.1374431279946
176.28351399829867
24.094947319400713
155.85109712890954
262.2124244869177
300.315532602344
338.4378749028647
267.034099988432
284.1982719215728
102.3469910862904
142.17975650457302
311.05001036797796
266.74697852522894
355.7944965377237
0.48252542862655023
164.04720946314274
227.37015747927512
90.89321536900019
161.67482351107662
203.40185465505672
113.94375182993988
286.7431152542131
81.01029601701826
244.88785827013567
154.39203854185837
249.896778733189
37.67956483390857
330.15529029824535
121.28270459901202
337.001837309874
119.22930892178623
307.4430202640472
201.21792151031084
24.31816843187078
345.85512309916743
194.84442245259962
195.3317001237187
343.5372644848487
233.41074737848587
233.74123662699762
182.77035912446536
114.9887473119624
123.61568825452589
313.60203239083415
13.066322646444151
108.9504153392143
341.8472132848245
20.444713949292936
138.43066019188925
58.093821658855326
330.0505791368206
344.7240625667012
212.01116498867066
44.09860408543756
100.3981351452317
143.2638241785425
99.31823577741307
351.26191620457354
327.05695253309864
243.7914588376843
268.46590090535744
65.20915130088886
274.78700112459916
5.185300456143111
149.42970328157946
157.71288099914676
215.08713662828177
278.0677425007793
128.21072989761598
64.7975803881211
163.15168480033395
258.38296623336413
168.26919367495745
229.36298487974926
127.26453148202593
43.11501707404021
19.84588757196336
22.585484657365917
161.65020456204726
65.96815103190922
72.85296965136236
246.43990896703053
49.1706117236686
326.5155583183521
233.84053488846644
260.47408016586735
267.9704215417761
33.83771230694769
57.00095009045892
358.209554179091
53.13258462421415
65.20747934457796
258.4732494757728
49.77005450156521
75.44946965095811
134.00194432525421
125.25395999869997
3.5926906744029727
132.53898505709688
348.16422768713636
85.02385668474211
52.764044356303245
74.56705458280256
300.625186023536
283.9637429358219
47.47534652781131
354.07525575093166
239.68140164856615
181.43026311938888
164.46004573812905
85.11626175852007
286.3288838565732
120.03535425198984
231.37093630114714
269.65894978374513
195.98609524897688
145.32805392710318
117.9210297850587
352.0121143891327
312.10811776794793
38.81470284023913
38.41232060929425
102.7485019294471
267.57401896350535
110.11651151636515
58.52051967680838
245.82202419743464
204.06499450670344
197.83048917584065
14.496980234041844
345.6621481549282
196.86224015029157
211.9585090785548
33.293696739047775
253.10933456603593
100.9972480395528
97.93673353287943
348.56553096019064
206.75820206422014
189.48550924972878
150.0828173010933
80.61364007270925
285.1038735549549
300.2132505079409
306.0822022761783
177.55622206425068
118.54233583582824
116.18725483773825
266.8632382957919
232.13323940139776
98.1630207617249
58.696793143822816
220.8202974390285
343.9381553477148
14.62110203336158
345.98050729553114
46.875111584581326
47.57922386065212
49.595802448789186
200.90120500935416
124.71801717983922
224.2881841136165
330.8373982469847
209.22904089561356
338.52928055364214
167.26172391806355
50.79308467566458
170.6191179441658
3.649093914334637
249.94121423199783
300.88261473172975
230.8809656888757
312.5412488930038
112.36773197645327
224.88488706700358
219.56133016265787
28.589734736005045
157.52679182944993
32.22240843294007
330.7461684502887
210.64343082976148
114.43657828894065
282.29350523056905
76.50571270625534
326.91490507467546
189.04909789888225
271.48855905416144
313.62270691349835
177.9273252391236
246.94794982446768
261.4098968634576
286.3110709685463
291.9908360678506
191.090564661188
82.15992894429115
41.18127924672478
321.80622885614963
124.27986715557773
207.7821021403546
184.3351365221248
154.50568756971518
268.80852605992686
37.06343321207084
325.4634994392972
155.45267054251272
325.469219887983
14.391636972229765
136.87806004941507
155.91686579824193
272.07827178540356
97.89990287832157
61.18260831152919
231.9206590256631
60.67353076985902
75.30906381159986
204.96774559128662
25.549978720932643
205.8000909367238
212.86606373749876
48.87524499225429
242.90234446497783
99.71156376147661
210.1932775812072
273.57235000237324
221.40264261573515
93.63486208869269
227.4722636998128
207.7164915490493
171.1186666198917
68.19757212513917
359.6456929532853
276.29175371953113
13.759366630736663
168.56040053110027
28.803986239006072
100.44457469326659
309.33296015740706
46.33174305669853
74.61588073966074
130.18342506771305
349.3450375304107
210.06191567528694
298.987560025199
98.35054079452848
38.52655488018777
273.5727669397131
181.98118605572293
42.26566274828774
118.23724232211327
2.875303669421878
81.08022551982177
185.62315250135924
172.71169901221575
32.49399564521937
174.70064752138722
351.15818489314677
33.50874952235334
241.1126342074719
263.6273122311535
171.51515523846143
278.90916986230707
186.31739188239106
342.981483304501
207.62789408706732
167.29049099954364
112.24471139551834
151.33779595755317
116.72483688896139
159.6282049011297
244.9223902031914
143.47886766123872
245.3756710719057
108.49514729903565
41.26788682126616
324.5607111407031
259.592936501237
113.46890818089261
128.39787722307815
106.19099573451092
298.0160069800133
28.962613567103936
259.98896893872825
192.77171845452142
248.16806335981246
140.37838308582047
160.643235682248
245.01996138839135
347.69748093504256
99.64876408808914
23.186901191709616
182.14260024035195
4.300205344929046
22.009663344885805
345.45482328505346
289.87475444662977
152.72326765986682
123.23265171513965
60.41027571834291
8.375606826672898
208.7556189153981
1.038795693882282
338.888412947006
337.88519895322986
174.95085227144187
356.4135841728239
131.36255867619946
168.949992012696
19.26347373023253
154.1635883515075
204.8244469100012
43.768520242564634
99.64845393724595
201.04193816045364
315.1720455291953
2.008258795215417
250.75415817570348
61.33317122181991
315.82429569483617
53.87248761187982
92.68933270873072
265.214510365083
46.78319608078334
239.30133970173753
17.626162136706245
350.401430616469
256.0419319678418
70.1301743258669
325.17436230709706
15.447835462503637
121.53912387263242
165.71738472429632
325.8847318557757
61.06917673263748
68.55032455147675
64.02684463873132
280.22450258755936
117.52643180716844
200.7274163907285
177.31533410612042
298.15698145520594
211.83011400527812
273.3631113441639
233.32713600194506
221.13066567799174
87.15291729545136
101.67987339790845
80.80892459179198
120.85593992872009
132.77797566458565
142.35417423005802
141.7042944082967
307.79658374754473
211.13768995639052
359.82638512128455
158.62478156299306
184.94817590916816
34.721027312518856
143.13835275176046
270.67153927090726
206.85767352898395
117.24178733630652
277.7107944292477
16.43565757953993
153.6758840805226
70.33755978555935
356.21092687624594
347.83355320738997
351.79205522780137
263.92685756211984
37.63253051750608
265.4076041529188
202.52170524811496
13.938516033808224
332.88042256923904
11.476875600140845
84.83588623709868
115.17159363591625
333.95334330189456
89.12756242159162
299.6146036421156
282.8161858763084
93.05255865354962
122.33865135108282
160.4921545767052
67.805583991364
328.8366073806701
321.7093750196428
5.032689040894202
69.85231531478453
281.92441670301247
6.76482481566182
289.1067683306319
138.9058113398975
348.7659762219499
80.88210916630682
328.33913427434555
265.0449040605345
84.0018813360905
136.9988247018658
212.29983605785492
176.48509510851088
219.0696429524527
182.5047829604008
116.66635604297814
298.5292830783651
185.50812782918152
346.77842046872416
211.4169366795458
276.5908281708533
145.51148851605996
186.77800357894063
131.82385350098383
8.179351540285253
232.11313231207993
199.25198589530893
189.83797115658126
314.80952700525677
223.20092900627782
277.45837726329046
49.1206745841059
107.96583217742004
334.9787788115023
112.7016150364417
105.37503739681709
285.15215751558856
187.10848273708328
118.37921161922894
236.85329228218086
147.339819615292
306.5315786914104
148.40333651013734
173.71842301300043
242.8095886565958
288.84024724242727
270.4503479680785
19.556710310385746
241.11492823724828
104.61033838789136
264.4605679209107
202.6545136565341
143.3150375264539
181.40118250084132
83.33894884558663
26.152502013694903
3.2719006617897737
243.46005376741655
27.21454475312537
142.15203922757368
12.532314951570108
275.2529992946827
82.02555579648218
345.49904670041195
127.09229887731013
322.57454768510354
321.1520489886156
166.4401626528254
72.91737830315049
214.8407858974543
182.60869413040473
240.49593212182236
204.2015476736864
338.6925451095308
15.50712147127198
197.64782116627757
186.85856626439414
204.3794909111948
205.9761480905577
238.4487113514275
312.7625286731727
309.3778343924863
182.24895440073902
121.03840264539085
42.716468041863735
49.82047995829467
343.7557535081905
263.5159339633048
339.6587958109014
98.72823709422175
114.82173492989486
224.06188986999558
93.71849607709066
48.75488068091697
280.99882822238465
34.219421337586546
168.93408776436868
136.2531749748509
216.18288343001518
282.92846833532246
85.29982160998173
283.1103262378243
147.8346589667095
269.56711959919556
55.17758938043469
87.85755105958062
260.16158342920454
124.12504539519061
33.145437169784685
333.56160814867945
309.9381755083384
6.225505816642962
22.541076148927882
155.43121413484556
244.87314663584857
170.27967752543108
342.20845453932253
273.4319162310978
155.10861023091482
168.06352793930103
265.30800260579144
64.68646874314172
234.23336425796646
50.64300417894036
359.2221538467556
118.4508251066915
80.6644163242621
282.6676375796509
326.706003089376
282.71899619249336
72.73626917444471
50.80549719526275
249.94266458034002
108.65480957765736
220.21052941396255
89.84821322281655
104.07200421947279
259.41287124397076
5.179594009800679
283.2304136995324
135.50422174078255
76.35646434494835
322.8443765867881
327.14088443874806
226.48271240437924
238.0037500217207
86.02826965811545
134.41519804608217
220.48984119347625
29.310329015842928
160.55954723247817
161.4364785475812
341.489801465502
216.15991828342135
174.87371639987626
40.866132239362386
278.53123238171844
335.2591675176706
43.058184711666435
274.0828550071218
202.58275391619253
74.27827202940384
0.21102633678454924
51.0834945229632
224.52275035083804
111.16458724064773
195.60929229645225
81.1694158749403
202.83225597630022
13.149666600352832
88.8924951395142
194.62276205985373
206.14340597527308
157.45853806969671
67.26263406909723
263.06771750899867
18.54207976134551
348.68050789565166
74.05152534213367
193.3938994504062
169.17379551423014
79.13324990952599
228.24316210784133
227.99003870539477
112.64616341205299
196.17833569788056
77.325624853963
191.47296832502008
242.85044235531223
67.06161204590855
81.06111334751476
3.295681504151519
308.1521161947787
166.89146118403013
201.24535552824594
126.25814650201995
159.86762533959188
202.2109968310568
174.1448659561933
241.77848182411526
37.04685092242537
17.295842792831472
96.9036334988358
272.7526166434878
18.134384632923332
264.73724976813776
332.54510309002853
97.37050497556636
359.5957511941347
7.604407415473774
31.006696996017123
128.3330978799599
153.69671742323405
195.41724179125427
300.2565344897155
7.9114489691443675
222.85884173319593
248.53731979629177
58.70305574012503
327.8707528775523
182.17888363405066
202.72502666674552
196.40408143037646
53.1750024185581
238.45524330273267
356.9271649057267
178.8727337304772
57.90461958053881
4.908955011979796
40.6336996391028
264.233150825854
49.822029045954785
54.11228074518505
173.20832051311749
112.56703621519554
201.88878060166
3.1071590262903843
95.70276057976638
76.21121874672697
18.296788679215663
272.1780526661082
44.97352551511019
313.3691384580207
237.7029719658615
83.28224244219211
281.4066816287788
269.91449934854074
323.9832105534626
105.1862938571719
275.30380969495684
123.2643361195244
254.4953456093328
20.037235410069545
157.18888402469292
168.8123051207205
258.4056874269531
115.42649589244621
323.1742699688237
247.08096245013263
61.37585183059824
354.84064596209356
133.98360904885226
51.8731838901199
37.950574799406475
342.3253620881343
313.4130564113177
118.05459514061334
289.813600371933
288.43545670700166
321.54199177438136
53.094452749287306
54.79108966707599
88.78716902364197
33.13257970187632
310.58819010292143
266.70528510030135
131.0033271831369
107.88777579517813
34.82634868562762
11.717531199851633
137.84982609251279
218.97026400276263
157.76970453254788
219.80788958327207
163.2671458350534
136.3688438308546
130.1219335050298
28.002469448516052
73.51742484276619
343.4791365072525
327.5231329422621
330.7532311684348
216.3994736545035
333.4681071263213
82.48928554374979
323.1334703201944
59.589046515673026
30.40630318003657
236.05513421632622
331.10119490767136
192.0073142138619
84.97733248145595
179.18354915521778
326.20889353803466
273.40715467936394
290.06221179977706
214.63321808855028
26.090939137717296
265.1605601160459
65.53859918968132
298.25192991706683
51.97594959339484
260.2918548355235
170.79970090743558
171.2771574127226
95.82766453045939
212.57825644243815
282.4180391795915
254.3539829334377
50.98305250477098
164.17037473844522
356.38748375761685
168.05368288455608
147.1938038198809
285.9075703693614
201.45593504010677
103.98922670648362
324.3253065146598
233.25060617913275
325.1641699278058
324.55082719094935
75.0144898850921
47.36250876473227
296.1527144592662
135.81381207300458
229.97976479910733
50.38660542305813
315.0279724891624
156.52702199842898
102.97148401351367
316.72492766584367
226.86603005931434
245.1198269333811
7.093268988191924
216.2858694034395
129.84982176782572
186.27170403333778
135.39073904338952
234.32498039046806
149.17155866990785
113.86120045530696
39.06756724143441
352.73293232341064
317.6397794615099
7.224315313682752
244.4070130462496
355.7205091165548
266.4517110833933
32.60044032417428
1.6896293751500842
241.5394896494924
37.362659940506276
142.03569138373112
288.2091385410413
297.8031842974822
121.9652989277815
8.074658834597294
118.64971146439096
157.34711237051593
145.50780187749558
288.0428881218138
246.25872328840083
344.3807983732995
214.52273041681158
22.48199690868088
81.27857287834684
268.9781950211574
192.80268960622223
105.8651516319078
290.28417899783557
338.22735524623613
230.94989324732444
174.61634141625697
4.879768573476033
235.2577685137768
344.19686683314575
244.26399950990182
320.75568712893426
3.769506904400546
129.89683739314412
147.52196529870983
62.63862676209206
162.26049200556236
190.79134798967658
148.37923279572843
239.60491355011914
194.05810088285403
20.974488717467842
78.49313274590453
157.38281447170345
277.03505555633376
275.7482686646992
142.10335499695103
18.938693289470105
184.7762291588569
313.7250910335387
194.7566814160391
354.76216666422977
216.15872344138893
5.967098420302486
301.60467473552615
24.45426345457733
314.3809035585668
198.10111511207327
39.25769813255401
297.0099561743772
15.916657621355789
205.4474036483262
98.83122026717942
64.97659961226611
319.9867586696145
209.9897355259808
165.65956442140828
97.09009978658565
154.8072202978469
137.4911393684872
269.9314928893247
102.35150278119578
129.35439279393165
92.74902440952579
37.00188679042469
268.92039123272116
99.00698864048101
136.35468220258267
282.13680671775234
4.808080454282229
36.20150621701974
242.7731703733173
136.8971335218507
147.99201038664484
253.56610280519288
119.49254546713902
297.83182388646844
321.847965961773
332.19495574606617
249.361294245402
141.9938377118767
306.51250296626796
342.62460015232796
111.82744821468052
130.07139383644986
10.410650541162186
73.39779480945515
232.5686670526039
110.39703350421755
276.8058954016124
59.73399280573724
349.2990576428892
190.58028082136232
273.2827920440964
115.04304211266762
187.10785662040328
31.408860179739044
318.43381782309405
111.08675450686034
221.00033019352583
74.35628650380785
228.7798492462029
307.1814965873493
58.851805441431495
107.00959505293194
17.365852380601154
126.202279014347
122.89769671011597
224.40577875814594
329.9637161942757
57.60369939902731
239.85225196004856
134.54589424755767
186.41522456369646
71.17530012888555
81.63421311194996
191.02431407543466
94.3263397306695
291.11907658003173
358.99458877792614
221.2285706201466
213.2086366966218
239.48702024339514
263.74288885135735
208.21324346298863
180.61599445692045
69.77064242982345
351.49719350971316
302.1346238832261
319.5181718231594
246.27415327306872
18.921047310817915
114.9994203236107
244.54690820236985
45.266773996448364
259.8886939693838
177.86732741897927
265.18816809888636
124.68573727104489
73.03364077831165
120.1550779106012
312.7145561992801
96.79252479605884
25.667281800108043
191.32294477438484
59.341515830634876
172.8129750296968
108.88416191508932
307.5021502577596
175.72264985205385
138.39856913821356
212.0080408275224
107.01119162776975
119.39605742120483
216.453068793739
3.6594890001128553
62.141894569492045
68.33292975258665
146.9333000802012
43.5323636524954
83.2266212576893
88.57199339019856
210.73353715799095
82.91308639833416
176.64792578791977
268.21441158357976
203.02769378384068
286.5387891656114
177.17500262660218
334.70877630209816
165.35607935637617
290.57969554867884
230.22391787874753
109.96144213711806
222.66314089996672
54.571833655484724
150.0228375202612
178.5571364376845
35.10999128017691
256.0709544198795
195.56291838248566
6.285526708039769
146.69625824834782
288.4005434273093
193.5308317303396
311.7653574335097
177.48487517001738
152.13908567388515
6.643281980669529
140.58952255560592
335.6131874942002
210.26633521463384
19.16185474027763
245.1199100719952
145.52388256545322
301.84480071386963
341.7150434194326
246.2534914514589
317.49288887634884
285.1967019992756
222.62905483038236
252.9152373811128
333.62361900672045
238.72870879901174
248.71961322825393
306.1233568700792
56.30105325927312
286.33771652704013
190.5526734938601
204.6461266499298
42.89707450610584
179.10362485310077
26.834983431595884
33.26021561470784
298.0139597482422
189.95881570448896
91.449639502246
273.97922070468667
235.20458748514258
52.384099547509855
184.0058418109404
66.41879040821526
98.04376425883964
166.95769198599788
86.75595895204502
226.6236833766007
311.1962255853168
118.95298993058948
106.36219600507313
330.72010218509394
268.83114540888045
191.89148202945097
222.25682949737313
43.90898986651089
116.6524037680177
183.45525749375292
189.72613614085617
235.30916060368128
86.0213524334099
96.88975813622231
292.952208728273
327.1595638338061
151.26667371191556
94.2524241171987
357.66145015811856
274.59729652985254
122.30036020180381
97.42760371697514
154.47017110449616
40.99944558261279
3.092576809281018
213.28816603004756
221.9494925398851
256.61617794092876
87.41594921453463
168.4210413916325
50.033660052617044
335.103522123428
1.8788816485492033
3.362991308548787
83.13405504554686
92.9276920984826
28.887068832125294
46.98682076007985
302.8554807881982
65.83910214867801
355.65779288696024
318.9189336259119
159.6742340132673
115.01702824831081
172.36101271919094
127.11855770968931
232.37016627863994
182.38794269912125
333.1138869958112
58.797348159739336
108.29877574135307
9.34733191626837
23.08302581936955
72.24560906951952
143.40749997002195
180.01439659694864
231.26484026845108
153.11478704852632
112.64949395911066
88.68635609905745
91.61503897678578
256.2294706867415
263.01868133437176
263.5021473054813
353.7856361906247
350.9825573668295
314.70327620032214
168.90742725176958
136.4604878985974
16.18636753278632
247.9041174579252
105.87575655255958
132.07327592622514
181.46284224618645
52.08904068357894
82.19148112361208
41.162930008669655
235.0647244777576
261.610588575139
162.19140663015898
273.0443898805127
76.85801360393441
216.27575632983323
240.4899569772898
183.1147560794177
325.97241055914986
277.94766398474087
183.02389673249547
239.02157238788902
0.2781682738548658
325.81507087276566
44.53864829659225
305.75433793576065
23.255254159850466
173.51026644677083
119.5815211054937
157.84986683449432
86.7883862317568
160.66698958935575
62.455759152161775
267.0566441257994
248.26465596717964
150.0432559438854
4.692720887969364
210.1298082344508
236.35802344677512
302.5790742873111
120.66407712280105
54.86319045905104
64.35762293103134
280.3949767825146
117.17055610534969
108.4381366129272
248.61239675623088
313.0884516595273
35.75725181900519
293.83651231381856
90.7076258732403
39.943683771908205
31.6612604222449
116.57521535796262
37.911485086994524
323.53336950430787
170.48086755592436
81.74989169431844
255.33524798570286
100.73391432341258
315.29739182153816
216.64262025631746
247.45808361219272
185.53162270742865
90.67008233944212
265.3244699549231
76.32207147231475
166.26571874792563
51.144316127871704
29.927384713188115
3.7134162528194388
117.51223417433862
265.21990642121693
27.141208962256428
256.0254887011792
347.32413168121604
139.95430365126413
209.8954248073101
176.67828535261663
15.026125467075282
338.807805424411
190.90241894214864
58.44683159775008
211.73153651804495
134.69713907805905
192.5194588045896
94.88613451328527
298.91441035493204
221.12091877342627
198.23544034884603
102.84110716157154
1.5189265427656777
125.31529793657441
10.873315276117014
278.2586841981745
193.73667547060398
259.87428580146883
222.84097121648858
322.4498683456623
310.4361287053146
26.798754407734656
197.0996417934518
313.09433617792723
87.24701896714878
203.67471783415303
333.18063130332223
144.213847424283
253.482597772355
346.6481214797616
44.38418043525232
153.30810421125045
275.10524099141304
271.3069278734639
280.14068493786107
308.05660053989095
359.35243114922235
155.9723538363402
288.3502552823738
309.44975480640716
17.23568450687142
23.921965880516538
237.89617373094634
139.92661233120367
284.38429818142424
329.4782980113511
99.90887013359692
143.29101007416878
42.47696748829044
7.830542184258194
90.0450358995305
190.78514995284485
129.2029610201657
37.41816535018803
28.8504772074069
241.8107225340444
70.43546424207067
275.1596607270807
282.5931437180989
316.59171175200703
354.61434656007805
308.45360076197977
55.750503479558674
175.43282898216336
353.5211413358891
285.53525548891025
313.02622096954775
37.89591913990055
276.27961449478045
36.22902220493217
68.43047158248153
302.8811815531743
42.68378523660982
293.29311455583655
48.09543419165997
246.75456668303832
224.8457912550565
262.6902652699834
142.73341531760454
48.325561104411726
179.6156727966447
260.87196097469075
58.60409677839577
14.059598174012073
308.43787216949335
242.27883925428458
158.98751901584072
72.92447495280966
249.54593363753744
318.913060239006
184.93555710197978
103.0137744473059
255.41238606941477
331.231724762242
322.46171974122876
291.56955886527294
127.57868606203417
133.6085385211765
42.513538864323046
307.7102374218894
238.70430816249154
244.21320308048064
130.06467341062117
24.816348369229978
142.9846842519216
78.74122109384204
61.57789038043995
46.28415645493054
349.56836883576796
91.50391562134737
19.044063400970735
57.839583499676024
179.01257384148488
122.47618335048313
145.61557614731598
114.4052125753317
322.1921719686466
354.2065839624646
320.0759640226815
266.58873119366507
102.89842734322372
191.62564942828337
85.89027323297607
165.80842344184117
290.97935515869653
145.67966729185716
140.05244834004864
219.3676845185055
7.53153237470031
34.05232265112639
330.2739138423582
352.0901816495811
76.99739363571511
329.2554493917257
238.57711993139404
265.8265097381728
208.12568726751627
148.21542978551847
124.05950001269088
107.59529973767648
239.50348848510865
157.88082213166356
124.17714593101337
103.68133682919961
218.34668815224904
245.71398389200525
23.08996885930214
198.37005517240783
102.01774045076311
27.839428853373125
87.5414862102344
27.504650463760917
109.95837011672374
304.5186201674369
45.269846480783954
40.54826264287165
228.4526939524019
131.02192544986917
322.6267416833684
7.371551892286485
233.82136639492683
9.009401185576236
277.09949846020874
265.76038049271864
86.43472494136434
243.08576494745776
300.7840546893252
131.93390456661146
209.89137731376888
176.65166561141467
309.24832727444357
192.0053410790022
42.22349597855314
90.71234407149356
57.32187723217711
18.27205347250906
143.2830294748321
146.2358488254698
109.74830451370889
344.2590411227809
80.59039338995996
282.4652345584847
70.15808079678696
70.6840868458247
121.22459942282697
20.95843308043347
212.51802635177017
296.7548745815434
306.9012454022389
222.4072197130362
135.7709983568438
91.13764110470588
165.6154980136282
74.35579238602911
27.83593818275405
327.33691409712213
50.31563905133308
39.302718975944394
170.6753462377158
353.39754247061876
86.70626882855105
186.13199082212807
341.8587390768405
84.311788711779
178.1398878380273
308.6904788754772
259.1276204276534
196.4382356483355
342.21343438461037
10.067995621982712
193.30360169012502
323.3287036633505
272.0226158508248
152.96870404141762
155.22460724408725
256.82133258032366
326.0602809303847
26.522820938677143
52.36433541020397
112.4403054993313
93.46937234712614
33.97898329680158
339.50194141716605
283.06904155262225
189.9012779008819
126.17911285195515
146.68915849252605
253.87761937752379
314.35133938310025
89.06021763924853
295.90455970653863
246.04467848166001
343.49228776123147
105.43621887300351
315.73022777631473
256.81587180814796
340.82676232544844
113.25129717290305
115.58939222703683
86.67206458342946
20.530795809408524
307.790432786789
268.2783117764309
259.06019246152664
5.791515967465869
343.9149888903345
344.6137246456315
33.29401319106636
327.17927121700205
294.6051552509971
73.54701204767494
82.75142100371484
344.10111402787646
59.82820623062419
143.14788489310237
57.588807820671185
244.21175777239398
51.6037900715875
302.56293000983254
57.923651964537534
245.9982703942889
275.2325332818244
148.08029873180854
294.7753236865809
347.93862729743796
185.5385651621163
181.72489211644273
335.3944529366446
333.3304653702332
226.16830655402762
47.833015614968055
271.97397373083453
67.2618662177233
259.82994788833753
348.13653928778774
109.96337583290338
260.3342602543884
273.1299635425702
75.39233996995954
93.53804511687515
254.92253064821895
355.0535990065632
84.57316175892734
226.80673894310104
73.49200566804642
120.1136504431181
273.5317065195969
305.9123161231376
26.497724347887978
11.90507003017318
276.5612100455418
256.819234108232
121.32603741336408
116.94743678266366
155.13700880531547
340.43574964132307
257.77858853669073
211.93449590966347
313.07468858583934
343.76988868653376
171.4435791975151
246.74098754159274
64.39536743270591
144.4028202315894
41.13136257583218
227.2325021105893
285.1262358732317
345.6767742033302
341.64159637335916
225.04786151096835
266.716496149533
312.8863079807068
46.560743288903815
242.013184017652
243.79525125182113
80.43893756020641
15.021343793858026
263.7038831328445
53.867965961261056
127.75141818331946
220.2275133664154
98.89196389618236
66.1915749853593
177.49725588680226
6.235490155348866
298.23680335368573
10.757995171470798
340.21764474316024
136.39687626186566
70.7170218349669
303.38582260062617
123.32716685420326
59.177986341689284
14.255123647744231
38.57383477970526
67.73289757711086
353.885771823614
319.76155150855385
62.60091808832848
272.9057121380845
19.82386543881142
23.864906311917473
201.73305061613746
357.3906224495625
207.55693393983594
141.38603277958393
176.70274633699412
6.829956116079774
294.2346631516174
53.201099497440964
20.046736828393335
41.332009062919795
151.03401379086517
9.44663123130617
32.534614410733596
18.884742741264965
144.18486561343795
319.71503330428686
64.3743361717066
113.83151369573388
322.16706641638
192.24287729882772
170.7813059833317
301.2662683160116
165.79418308905662
8.543813730584576
255.10418153394485
35.37840237236334
58.67929676997603
28.173582198541492
75.6759044393091
222.87946557689742
332.80315857227725
10.892306049852396
318.7984289394845
334.2925490302546
43.41227865295747
79.15522325034895
146.3579951224099
317.6900716249747
299.32257417183615
47.03759868509515
294.86206494461555
342.4975274134376
131.93665406781886
342.927079204068
323.474813239144
307.6093790288859
168.14493569712673
42.065576463336456
157.47069123723844
47.3694155645574
236.89119148491875
232.3002208638354
1.6502978543195905
56.44498382090694
281.65104090850656
106.16502355099746
342.86073193060696
338.6554712219598
67.41881632359922
67.76728543113737
338.52104813804226
331.99484108225005
110.65002034409869
262.5215050930818
4.959599277484961
181.97281095443486
207.19869214188648
288.47387109320863
258.05742529081357
292.62688104324036
33.2159022523581
174.06289932833374
37.31639444366677
202.57770589347973
65.39793879499433
163.22637220253327
292.3520823377931
304.3286225114216
310.64097888921185
168.07610252009727
85.92625274109312
106.02713302505795
84.32476223624319
128.27733534028988
104.56307261653613
49.59300667543513
164.53539688499126
281.5289122201485
178.99571249466536
183.77657218308724
125.47858039398714
269.1838724032988
322.8110572614829
152.10951432457693
358.7335206089797
202.03289445007678
144.06027279804698
237.64176913841553
189.5646370157753
103.44619149185615
248.98108316327418
88.00188876638046
85.7472344153114
65.90947706612081
102.66929954562515
22.172940168470596
104.84166040755177
132.40016066956954
51.84259303228526
302.50466987128766
42.10574559345461
176.39462004379243
209.42164064144646
55.35151980966714
340.71631873501656
255.08877582936367
139.01283515934372
49.50191415292816
318.7377732424756
49.85954192729465
240.1215104553612
38.46389479868375
248.09652105911644
188.89430083040807
180.70269641379699
276.4717978257715
313.3940750520378
41.271505122307595
97.27114020860412
347.25305493100444
102.07597382524708
258.939550033818
124.54376039981375
121.77306348208738
251.63987248321186
262.66614016777396
296.6559762641373
332.68219909219414
53.664286528534724
2.1543920424094054
247.4783684731168
162.39355314345062
266.17791474238453
0.7852837117356523
213.3833315881106
97.10683527756376
217.02595982093217
199.5065390130199
79.4287020501205
266.33872683861387
12.81429889332935
340.81151793428916
193.15100249700436
317.73086218009524
176.98059782599236
154.36810280761895
161.97013564145252
280.57206846387004
11.4459856632174
328.16587253503155
95.74729134793552
267.25929063225044
96.56422996205363
103.37115986449739
64.92468643449394
266.42220124907703
139.02024783986175
1.7472149675131983
222.77778326872462
98.57131657307436
347.1690292294068
126.92009493249051
188.5718662677616
286.74611638170774
214.84564652386294
157.25775225036944
161.50598074565943
270.54527190469355
242.20903287026442
7.165082159119853
280.39366545161437
112.16003415367211
144.99966753075074
15.126270606533394
157.87892873352
143.5452738352599
323.75911084553763
75.7727906223952
314.2052085687449
102.12069271385083
214.4890816250028
244.49326819545752
305.29299882753605
200.29924646643244
32.60649644486176
156.0319244185942
12.281426965072923
268.5110995373626
3.573329617217321
347.83817086948244
346.8489156364585
259.4906452029302
301.7941130441659
343.2904142709568
27.392498256545693
155.43719867509208
335.9645083230048
236.07970864369403
195.55932984772227
50.30137441568964
54.00940083530939
111.41567523045838
272.7213112841954
0.03169083875018046
340.8340324098989
105.36018293384859
105.40362028420634
333.2797411633674
306.96629818567953
320.49237038356165
295.9734190838326
205.94077346697551
253.354006048603
301.01549658005
279.3729266580623
229.1538537750602
134.0724745044527
185.21297653901448
43.55603792204785
51.51636741319106
45.21995693826437
200.2862936650953
192.03020725987335
189.92453180713326
83.67680876226925
212.75088774251643
159.96973995428255
205.8799939989101
192.08257774561537
290.49896937277214
210.02882777653656
118.90089001194245
9.499492718716652
34.96353429594297
40.08935993182713
154.11331565802746
323.4236404467688
204.8416331935537
345.094704161917
302.55350676505617
322.32338862961535
307.7868774196882
258.32762798334613
32.74742713918113
40.16154491265717
219.82406913817252
156.4417768767673
206.85599817706472
317.31441755285573
184.0419127621989
27.093811492654897
204.82086194491237
163.61733427804424
55.726707974594206
115.08207258138243
189.29437355145615
263.7614342271824
5.831959434597241
351.45813196555645
122.9056252958357
69.2275538275731
4.63882869091279
283.9542910545989
76.3502381421195
227.13462071189187
259.0604673248558
177.88377977458575
123.29649683286212
293.4060517445605
67.76134752372604
297.9452905927745
213.52822824050216
224.55927806328532
232.37830473267576
90.10017343416335
236.40311829936837
356.18305742026786
272.50682913741673
312.11310191781007
141.23880005402282
144.30884876941946
152.04942204288344
7.624617120928219
183.9967835511805
262.16529286986474
129.6232358521552
228.04359330639662
238.42113021770714
357.6414483816631
129.95741964289334
274.08650914100895
254.99900189313828
152.95905777925526
62.582070422231034
10.499430305200775
121.6532726601771
325.3672547649637
9.503183996535428
247.32279651611125
270.3657746592486
202.27285354823235
180.55805862300326
49.11456088020959
269.3706658127671
230.2679026773407
25.870544859972686
19.99173925554333
113.35185505938153
10.623392860480795
289.56009314943327
355.2425351223267
340.55033157825244
315.04084368216877
336.33542826854745
242.93295857075933
327.2846769873281
196.26877642061442
283.07246965522
54.92570168792186
273.98987160249374
120.80767661024913
322.30372298344
117.51982523299174
290.87828637867403
256.99843761631183
345.10859279937904
85.4074594145349
308.2740150867429
167.59070025772274
300.9070150792016
220.5978391903851
341.9653213891503
246.6780414930174
112.14026296626176
27.331506879061934
101.66467931810307
15.128767580953982
153.04331679590558
101.86213832806058
91.98908022124174
112.91891326551709
77.97566979856958
51.66834981720063
134.49162657480113
352.7828776357584
316.115659480018
310.6759164336551
103.78617480411904
41.159117152176954
244.9206329849596
294.85074197676084
208.84311132099626
114.07717461223287
13.323982522121641
275.39188040926666
329.8581644593411
328.27642916416437
327.9116738970506
278.51500576601643
6.680756580206435
250.43179859750268
119.94653669189613
175.2590145561215
244.84218968851388
106.9931255453173
349.6048424232453
75.19204712364338
146.2085560014265
187.6257336318356
350.51366939431585
184.7096707980674
46.85717878722027
160.3975771085353
342.343521896043
156.5560813644152
172.30825224441423
34.46383484114409
40.395325737302024
278.52715459209725
111.53521646897386
168.5906563482424
46.04824528549742
174.64408938784942
3.30072285602509
169.75720769330854
89.88355639537642
93.82776299161688
154.14697091436537
334.0972833963985
35.78426702378368
118.01576547116697
141.66701360830848
251.08562781799785
179.8008250437646
277.614298000211
300.6319398226831
186.26265639647247
340.9603669256604
278.9402081080028
279.5516144736748
104.29594194286463
147.36394390535142
334.8210456973086
354.23933656081454
263.84592992279755
228.1021223034813
74.88114310975375
138.17799374908066
253.5777850718552
260.0593011791963
213.8412394939247
53.310877523679
50.08091128913103
191.91498456110776
298.9815882143688
210.69487111949746
194.23742293689577
221.92210471943457
169.85436562306677
145.58633607057968
88.83459502123733
334.59265428691276
72.73550859482467
126.90632468652367
268.9342484936467
212.64455940432566
277.7390233376825
57.45556913416185
51.00797643885317
49.32743885824379
70.25072482238478
35.216885766165134
54.800072391773966
41.5367707992935
95.94368131216552
273.9142687673086
35.852633281893986
216.27330296447496
189.02267052531286
74.79646318836153
282.7677583780576
235.1512062289189
292.08663816152784
28.50979654107716
142.3984888838023
322.4363086764441
296.85031162098767
122.4961579670723
114.08327361649424
294.9501921499713
179.75492622241654
112.02995477413334
197.84342899354078
336.00799768171015
32.22383852917723
132.26392024016755
314.2752398168015
223.2144780492076
48.830026802209815
127.26349813717707
71.50557009391778
156.92311723252004
285.84837040670857
146.6857973541301
290.31044906384506
270.8148814383633
359.8831200129232
221.67639755146823
260.43567958084543
330.89676099062643
37.208210392941396
354.03837293715304
356.3351912634571
348.36154813193855
4.814826975996069
151.8700487193177
311.74762839601334
154.97155674142073
205.01712594148154
104.88199846275174
139.64060543788406
230.15069262985085
237.6958174216413
315.9246732922841
98.7091480116264
1.2671524524571363
84.4543722390139
112.87084616733281
43.66635652287194
54.53762875179332
280.8819917943847
145.4769935506471
285.58194327407807
83.13588771877099
135.63776623863308
283.81477359686556
107.92073822055558
7.749043380543366
331.5456285005546
37.06624000482736
121.74044443364772
50.84253439929664
125.50252738038824
261.9267251917896
297.49996274027933
240.4375368476857
17.415455579668187
203.17886261740435
149.71585739758783
148.0733412704155
138.91457370910507
290.68029392541087
69.17756868876357
283.84638299557713
76.40364609138967
151.3069746259188
348.2324648113807
304.66543642158183
251.04652352424065
51.18890766792551
331.2571207229372
354.38241163222017
164.25734678451096
261.5144398659733
8.753591739434224
187.37027805969626
73.75425956929621
280.91680324614003
178.75426023535343
297.9781484083166
142.4892343408214
266.6224290425483
336.2775972403893
325.31509288797815
100.54691270634768
187.93110299666344
277.66538019661664
116.32529600118765
96.7209985781284
96.63458209808407
233.32093696963048
206.54254466773338
217.85836827136418
131.20658318039833
316.39973119895564
114.2156133253219
254.71258314728735
94.29323946994853
287.1266436545593
307.79742942776295
350.7464673560609
22.13687420067549
161.70986090903597
20.175595439201867
303.0892519272818
35.006540444289314
272.6107089166769
226.3644685612949
110.30165589925876
52.74440983104847
205.23575310378536
242.69516215434422
316.7957441036914
156.21878441294265
280.49848506994414
130.85595904758887
128.50373551847258
128.11794161660183
198.53104085677626
236.78878481931034
216.8094079660044
230.20874183002852
339.6617421916454
337.711367685411
92.4512445629942
147.62574771012382
9.12967149072803
248.43325730765778
87.60826546110482
28.52559254908447
120.45160510237922
208.70328319925315
283.3111484814536
184.70049221375686
247.47189475875558
256.4198159672597
315.272721632617
270.2000059027711
203.87021573267626
296.31628927601594
321.61789056774825
310.49444981083093
259.65152186085993
278.45887289124425
167.6887427768721
214.4567869208758
40.0469553441544
16.021547420655388
299.5653505892079
285.01142353976087
177.61700360912445
23.75254839287897
194.13654993833336
3.655461289382129
305.56770225168697
152.22259101997042
83.94113939718666
253.27252539217656
89.66796535720742
205.30105724504278
161.44440942673322
197.86096471979877
104.20015121005824
143.71832767028764
25.397708200541842
335.050929923673
222.3745273306863
241.30213783126297
141.31950466973296
124.76275514994403
105.20993937895963
216.5892927285417
201.77213142546606
50.345355844141544
156.4234283612842
31.399725435036608
183.88492372992818
73.8750040395684
168.75976030810273
305.14650742417285
304.2334706962432
269.66893117091286
235.16253097755856
272.3948749623838
325.0611287217977
198.0054117219533
288.2229913699546
231.66014459544203
5.304479754632995
169.9206463747332
130.4167516049311
93.95607896127068
90.81838202356296
86.60987047557173
347.09701022834383
136.35104290028806
241.114235628339
235.37382329715854
315.14729491802615
215.71969738624597
341.8304040592176
64.40370251214179
18.010941827229733
146.8512020979392
185.7454037696202
116.3173472651777
134.9440540195563
100.79142361181066
112.53179961741102
349.30889381342024
185.07716574105532
24.68967294313299
280.1005671336618
198.06088043699657
31.213143265901397
304.7544374874182
342.08266805925814
257.9406221901898
144.26882720156655
146.73476081301558
89.42132910882192
9.211654259750379
26.135273596964616
61.88068515707216
29.79122906428874
12.624004908268832
173.5305754131089
296.71688501379356
263.98270723906137
194.21141445731476
113.63285189045854
300.5751374083489
117.29286203302497
351.687159385615
333.40428762905583
306.679071124354
185.5676120098274
234.38097608009036
314.76036066493845
254.1788820694349
14.460220739127111
48.62207752973554
240.50634245577285
316.47429578151275
76.79390741011561
268.16253810637835
39.876247945943064
100.24916928506934
199.28073401351645
137.72798486524235
184.34000426076494
80.46195879429384
114.05738744523846
183.0269869654387
348.1338199570305
294.6954098313327
32.01628756547532
172.3156364959208
58.65151605570277
184.74382791902792
283.9629902736656
184.76744177177187
60.72787424941878
188.97984416137044
16.473060129376467
245.58157504735124
72.36248914134684
48.87625797834371
216.32334773922005
13.639026364539102
250.66866094069215
106.20562712217473
251.06331716544028
257.86358139918326
98.5531392469395
19.16842064403665
331.5258311470478
259.5757966116338
349.2849429692894
293.07440193983655
204.11467755806567
232.00690550310216
221.24191977004745
223.85147908894743
268.7880450154743
77.55982777086001
270.31279415664693
135.82180188762757
300.39080336262833
25.567946765391728
143.70549770495222
105.0149530682826
340.9331329660527
27.053114114409134
142.2118112369597
151.01956183560975
318.3742797000392
288.72417589422804
212.47576058726943
338.79980634252956
226.62646714640633
188.19459820498264
11.1442064693992
69.85384192727284
38.32347696998985
165.62229730764528
118.90083767594926
150.20991893281783
267.4647673848606
202.87072586714962
119.8825919243866
5.150916284556457
277.17110238370424
192.71687264539096
42.025086576414964
171.2669286386327
335.3042981088378
340.73238041828336
182.14861066560917
101.41445661411602
287.5514883141903
339.06040639092504
46.51152949672068
254.465465325534
137.58074531669155
62.78740125960983
204.27149267331947
103.33531400669975
103.15235692120449
128.9878548910933
192.58140847284895
296.93050011704884
75.45651040072386
168.5297232491741
215.1663264711502
310.2037507058771
113.76738054777388
99.87756071502778
218.24643799942612
183.87679915710265
329.8966270189225
210.257437655579
87.02223856304225
276.98827313002084
22.06956228797278
79.36041673570088
200.26340199115413
32.02198884062931
298.9355315748497
333.76085731956516
313.0603318794989
185.32080080952247
152.79153318804654
44.39069160211608
337.3499182852521
195.33027468222016
44.77651625117635
142.20880819455851
151.62228443667672
292.44011230664586
186.4772205155602
10.165907437138559
215.51451381562956
79.88048539316537
315.8184857269968
178.6767621012915
58.60434101213279
309.6513647285729
13.051405392735335
37.2029195878104
206.45392046991694
269.70846644941247
70.05757931292693
269.82558055968695
85.04142251109107
48.07026525516738
287.6934491168014
297.2034207412778
324.005895912906
38.079171128009285
209.8884163374686
145.94554642549835
267.89209428735876
106.35226279165197
324.3982645149408
201.2811369598309
350.331378849464
163.0596822431142
126.89149061676369
170.8872012408846
259.8795345888067
148.44521928255202
10.396881885757775
277.4083218701276
315.5288061338225
41.67054869291144
30.699655747970194
297.1117167575696
149.43371471985458
197.21596396164077
81.88530128206084
1.0524859886669682
289.7313646846912
126.648190990108
311.5420277056586
174.14856033931832
299.45398476506386
169.75074124281235
262.5464653149495
93.82149803668473
13.706149784093384
311.1422141414525
200.1150060040305
59.40161357776702
321.91579350350514
175.28762355387684
358.29970044488493
302.1959279048277
29.33687673442681
92.33019023982216
5.059841656331661
170.32847344974766
129.26511883297624
173.8791377443088
117.21494262587625
191.67812938777698
185.73408296085753
282.7463323098948
239.06256279972843
136.2646269860494
217.4663948242228
252.8764186977511
348.6633794817495
351.929478503653
172.43510832266045
36.84637368033362
350.28617662603193
0.5628233925210165
162.65782987038435
125.60977725034418
38.92605486194043
318.05634359470963
203.3264631745227
123.9677277416517
150.91191472106843
329.7540627938493
81.47002125859534
276.37564414659806
335.96945165528365
356.9562089132807
300.50865459093814
217.03522798309382
238.17835278334618
196.37681054281703
284.42894465681246
5.616322237884301
334.0413336591502
155.126012383331
345.2755791942875
252.6917497208875
73.3219538708363
75.51235205121591
161.6121325352372
23.696907077882674
286.70756473962547
327.3986796112787
67.51614013204806
53.89741283527053
343.72196490650043
23.78012630309505
249.90084247550794
179.94216086662567
219.08732053136805
179.91903810974304
278.4937900851153
333.04963714432904
342.9564087214321
28.71757536343815
55.38254260729716
356.81439850332276
319.33032338654255
8.050631868288402
287.0424508267083
249.1422750213898
6.08532272940387
102.30763658657342
332.30227025471095
139.12324272515386
290.16880681554306
3.384307085551641
124.75208307046657
89.42515654691184
311.981932949943
82.81683365370597
272.5134971717427
151.4249336952562
184.36514299504597
219.67415154791397
194.09631895859823
54.575139249554525
50.53688969213983
44.17927481913586
248.7364494344453
3.222359361179574
43.23546710405634
27.778915258483714
147.5693713445438
164.78943592664132
323.76423457371436
314.2416308877959
284.32628147615213
135.7666102217761
228.02611720712343
356.7865222719477
172.58337225455656
140.3228636769055
49.83017821579986
192.97990749967371
328.58405834113194
348.4008545548508
110.33887919106685
106.01162991246231
114.85119189270874
240.40914399836586
43.25284520346815
359.8295742518743
355.15770751330206
268.4035384289236
48.06456569800283
175.1923818918569
155.93162969812175
337.26585155075736
37.397839434796424
27.264703747231714
128.5232882863414
205.27640528377074
67.57607972162486
102.04195812201893
287.72573297716616
104.07727963833145
109.34334747057235
71.82041269964064
0.7532790282881103
224.39856004553872
46.73062903523553
28.17727354764489
248.80981034429084
56.9424874451474
108.49976203285196
172.5314557490849
323.806354844265
220.47255477546864
199.98571815455549
137.87109196987782
218.7808465067288
103.02194275321268
149.14657405668422
215.08935610094656
51.84969127864859
80.48526469203011
192.89743772825375
118.97601417202385
209.6566219928802
355.5869916992508
189.4626967410733
87.89976784905336
82.08852915041919
277.8253033620251
76.41922602516338
59.44152455209375
338.5415757603704
243.76710534448006
125.98055371113966
207.24608016548146
297.84410953338994
130.98419871257792
33.764855739206205
16.89154646599684
282.42290317077493
17.02309808178731
122.10580803328092
58.76795879395901
292.76298009228657
268.18010605026336
90.2326159380965
7.623833768519672
59.909660342678436
34.365277167969246
264.64357128075903
242.09775687273063
316.01713320853094
86.70400274776944
300.93407037721414
72.93988615117158
197.81553523193588
242.85864259869126
45.127702627788906
247.2470515960947
270.9153659806495
33.45894701755982
216.82096619366368
186.68867157727533
228.54463624637359
281.18805270751716
340.34777748283017
104.34713514888746
217.90956636117903
127.93388014815679
146.44412860292886
108.80708417181216
135.01835835713726
291.3191799730383
243.8720173505684
153.7265314269682
33.624844632820306
248.62498058176615
97.10404049485517
79.18346744057199
68.15362060727158
129.32682109714807
224.54154545369488
351.88011271066193
356.22941584517946
319.71973044568557
328.21936899564366
336.54956711619377
315.6436237429028
292.65531172345464
168.90184481366572
203.68090293013555
28.80847205007908
295.19822294329884
112.4711151271555
272.9420807477078
81.72593331407116
7.932077565151012
330.1685293765568
88.2189113427945
85.40038163570354
218.69284615878433
147.3309764661817
80.35307964942872
9.79362971106124
23.84788562120252
268.75790739961917
262.83847947400824
341.5511136615523
101.36518750757992
184.56260523413297
142.69781902844588
328.389156046513
55.183145937066136
27.72861033797125
46.2362500542073
184.3346485746616
318.0708975697155
113.35787331017194
272.3107149864896
344.22678997172386
276.4505210890465
207.18405317882593
231.88416128895446
171.86805209722695
20.45911899131812
298.20734465791395
133.18706679272898
78.03059804920024
137.29844938665497
326.84716094228503
41.084293883089515
53.12785593422282
118.32159971134611
348.96540861539575
27.087076576412546
67.68592595055848
178.38057495443343
147.6779523319759
193.10682634336618
236.28712011637546
271.7553135061691
203.014069702361
189.65563509155515
0.6199628614619382
266.0127304431004
211.0295608989037
287.1602640722817
220.98767982664518
88.57794477711474
80.64701901837
162.47222413410296
75.17760301183078
130.29274111788376
262.40627518953494
171.33422932984297
287.6270750101596
308.96896577049085
125.39558775124402
56.76233836403201
324.0448920568519
273.7388744672726
325.4440563436603
295.0639732007324
60.306782256753955
78.23072640410075
319.02928727356783
229.03980040595476
301.3734690338398
270.50784327204036
17.938614116275737
330.5181974641581
140.20692382453763
315.59179778221676
351.94108011369264
218.8091410780809
122.70820710894091
79.31681465334579
265.04819327204456
55.64362727820172
160.66951303027545
0.35701788715071725
345.1799689695704
221.74411300831784
166.8523350515387
148.64443023697342
75.763793441836
288.3937327586125
12.966386769570045
156.0829578422973
335.1280685961169
190.4296070216665
241.2983027081779
324.81697224342435
254.45885303732172
282.0680534802985
161.97356985962134
9.808650424371933
348.4049247649826
334.0326988626345
36.1697348149392
271.62985630487054
191.93425909109646
57.703603629243894
114.00347385041975
124.25859555441988
164.94472548838365
86.08655920536833
246.51552510636145
279.2782698361937
255.19911644457218
63.06394101866249
308.73330148007966
345.84802177846166
88.2976591814655
299.92614920246655
332.0013289100772
326.7136961486809
184.55308491387814
19.81926144014976
303.6618904995484
93.29347601494182
76.87044416986467
75.03966849688128
301.5930932612384
276.96076918863747
223.42122400928685
209.46334318370066
183.21942218361738
75.22790441490785
267.1327448017147
189.91544731843982
83.5504251907533
232.095381476514
248.00952104037538
347.90554331129215
169.58551981698668
146.1832504185125
183.55422215477677
103.04297240634138
112.39882678047213
38.13717436102118
238.44647855508393
66.67057611370754
59.793836616590475
196.3707442790615
112.07419330874849
358.6286134959319
358.47944023974264
210.1057580996662
184.5871741136131
184.5848898744543
232.3993798521052
315.7785098368383
88.68990797161332
128.77200432712385
215.78270169948212
207.37015897970184
8.287724233959283
50.83021354948071
120.08978500506674
301.5603072163051
116.96863853825636
219.3125265452566
73.3348885655223
2.9725328288237605
218.15280609480018
131.31178872951875
80.5247295066809
314.67311102326477
148.0721638515343
155.65838109930374
75.46810840150788
257.4021525975912
62.212776737376636
262.2402577071698
286.2845015240713
229.18844862202906
283.8258633843681
142.67468149174636
169.1717653297772
11.567880576573167
305.5832081298424
111.77571564762779
151.33202411376936
38.87213170697759
169.26972709534525
297.71441610898444
346.5176157437253
340.2457470797077
33.25805371220197
40.46129701930489
190.08808236487158
255.42238450970143
87.60865761115498
352.80495006094816
283.26385142418485
342.892258882021
269.6145573914187
34.7640854198398
133.10172702256517
120.1161042160387
346.5279982032278
176.12093561375852
64.52867844418022
269.3428591876223
261.81303651190893
210.29948072666986
179.37229978596642
78.0674006391118
31.769740915785906
139.20544057416478
230.6773129931776
120.16062318285636
216.0381824430516
43.007705836363535
173.84099299872548
68.27960809564453
123.29349381604186
99.02601331541175
50.514058369403614
340.0210019840041
94.8208863372907
1.3822208825447933
127.30611554588332
72.32979096350059
344.5804237950918
228.98088592794767
53.459435288348544
303.25655940002275
190.35427740786093
44.645878461495876
161.09768248605204
4.968726824712643
308.19292994498085
201.5699410304221
160.22550409737667
263.4277840495989
164.6584751576836
200.68640680152942
315.9328470227753
74.65134960156684
202.12550620089232
354.39861402043863
21.32958497909821
176.55706064027197
132.72257558082157
15.803054471418921
221.62740251537744
243.11383191604952
338.5067458673949
178.00205526960076
159.72486918117227
153.07508398965942
165.8862646502551
20.780398988415328
279.39392960346413
199.5525910252364
203.93368576247667
192.87460099284965
313.4223142233852
280.6873657983502
284.6631028248313
71.3890924061993
19.077419662529323
63.1771321006257
241.35424607060577
252.67793638570885
295.8760976973209
180.72046615396758
345.5658918008232
15.168903834655394
158.00441214322046
223.08408292708089
44.24657152762075
123.08688220331544
27.374255621658833
166.72138634095208
102.54433766279362
90.76785162148244
246.22950654216623
60.777009988480025
286.5205721193312
96.71341947353055
294.59371609284284
58.38224931999334
65.38662043386147
147.25391486587768
72.81161300339112
111.47240639181256
332.2370235142735
136.67124122964398
4.621562859240831
197.80788035651352
279.20162654153864
71.37958904539077
209.84643454107632
308.84591655723744
156.37542961552597
28.093996686962843
145.29224078642522
187.59848743021092
211.71891418527184
216.30988942061992
233.058519089464
129.27172547833268
278.876550357648
226.8247329775573
228.73212169653902
307.46045769988416
225.83524252436303
342.7341961248356
129.6049037933284
240.38307701802725
275.17347384426483
308.0834004745829
334.5089652038828
201.67642041963666
73.48069623195565
316.0077013955793
335.6354619064856
96.88072873675941
286.13300534717456
245.02959339088278
266.08575061284444
315.0159905097095
29.67007571554878
319.74819868643056
60.34250389308903
230.06382985323273
63.53135456532364
193.90466749691834
331.85156976596517
266.88927658259547
43.26452203661733
31.178511620298465
335.41534788693514
204.545029108369
140.92653140851885
166.66043634823805
121.59477272098222
144.05193071311885
115.41436281082359
134.01195759215938
321.93019904523675
174.53478342877
280.66438817108894
94.98318664865157
45.53041258163502
118.55247529285803
237.8535820984725
100.82431288908806
223.69529852981807
256.98316737497527
217.8887644052682
278.6178651114438
169.58271285090547
52.714154112656395
166.42904266081806
141.26799846836633
20.39993360439467
91.40202269618132
105.64496095926668
349.2384364672774
190.1461212739689
217.8080614301269
86.86982982229776
19.068543741296935
275.45626642110847
166.2897241932404
135.81063071323925
140.95988901593373
241.54837009549863
47.773345150068394
224.10001293883957
271.53878257740666
328.3856892343735
241.95783106773914
212.49764600996122
197.3282651665596
110.33158157495323
279.81239902065306
103.58060900044585
192.64342706699622
175.0917656286021
329.36265029081306
15.818247568697165
146.84254836534922
169.56429469243457
239.3499664153296
4.2393518182344865
28.372652220471966
52.01078078417019
200.13177898406113
86.33834978149876
135.1399249589242
47.43125422460227
355.0388362655488
344.7279052955148
51.71961334125433
12.117904341291815
90.06473803811143
233.5161728777515
351.8596722777061
257.5790662360683
26.403376125859822
9.466433674878829
148.4870479203729
346.97343449498493
27.17113487569392
156.60752745540844
148.7404380890553
342.4359528060761
109.66054633243493
61.20281346008622
12.051810491123646
310.82173809680137
208.544403838895
290.00177897701184
213.3975603079598
303.90362474580854
206.74178223478407
146.07552994946067
204.83698619948876
87.13524235386818
289.4184932210741
137.99880187162987
229.27281940798028
1.2583146510408336
252.90143969569064
264.6189610131892
311.3100520235691
149.50779170175426
265.93836723817554
197.89619044100778
208.11340808640531
260.85610819234347
295.97891361711714
327.401668878617
197.12948757196483
144.04853845709113
284.43286280371456
347.46183294517914
25.788534522669018
354.8731064764619
188.28006202688422
342.8008522789751
239.51973527942886
49.792321046985464
351.2676556109374
193.96336301970953
93.14918407499832
310.8352247682759
50.36959775816705
240.28616988329279
0.5410676227123746
217.77372820870846
302.83485519404303
63.098924120693646
207.16870723082
67.0242023474085
299.896199343504
157.28238694305674
112.32525003985087
166.3677110763215
100.57782589625447
322.76702647030316
292.9267623010333
30.312425372529148
246.46169256515358
67.71441552299723
237.56116819420333
314.73032428226617
233.86423860918453
308.51793863303897
103.21339874970202
289.1983996824041
178.63090671869261
84.15317741782546
210.16295183955862
303.1244619736624
45.11467999372429
289.44572165622185
253.56028266520357
14.769127094993815
74.42470441524634
154.1900896012778
322.4696754279806
134.35570141356277
72.69870913377699
201.36065569739426
32.00529080742404
317.7449919346606
344.3519208465407
61.12356673234705
72.53626751355671
344.3778901799689
121.55155487839103
211.40961375202124
135.98862574698433
146.736682049993
54.5323467673499
188.7791303874372
74.3142963447398
275.1794773555516
18.67951637958027
288.3230893859768
183.85405085182305
162.6898143025231
105.84340437672695
57.00499499783711
204.85523268731413
126.14634937604033
202.28028528132376
52.76469469917978
244.6233644148986
88.91894359348426
301.5004672794303
310.9262995641141
140.2409681531885
305.6931098300873
274.13048082224367
307.3640579966831
283.0009038422016
13.4114612256192
207.6667474441148
7.9265130375664175
54.86487364510725
148.2890400774354
211.7125798756347
66.04964684053498
7.521412775023378
308.4427434900233
312.96627938794666
231.3721691591244
266.5804822416089
43.036655177302286
309.40463400000635
297.0670446580886
68.79349443879559
74.02222314150485
14.966500851234157
314.0393371030064
221.26362597208072
10.333167872117862
242.97525568455842
317.94610423577046
333.9648875267394
194.94837438953678
133.36215508364108
33.104358415107065
224.78365213600586
53.227812141152306
317.30379927236015
330.464493639075
78.18582865263006
345.23833027432397
24.610909690822645
235.1954161798962
275.7572215545384
193.79774646055327
163.14839753061187
106.44904845124368
49.76968501574512
327.6418937224089
170.03346535100533
196.34563798337524
236.65800045555548
85.24698798478468
214.36021555010868
107.96066598587116
348.23189761473566
227.93446995058747
131.94565971811068
234.89425270546735
149.83285524938967
118.57920450493191
283.5468790183476
333.97733053578764
225.4692840561253
229.9035698807
145.69202771892162
295.7916322217104
346.5205485442673
189.2739066810302
97.17835159872756
357.4112974791182
172.5714927037113
315.24365169275956
140.71151626919456
281.05593199521263
216.2578560313036
236.37122221371834
228.3870574959552
36.85151846954876
19.889980950556733
268.8201779955034
24.048524051480694
334.8372634687222
272.96795252723496
339.78574751184385
243.43322501029712
344.6878249924466
282.7206929692383
172.48326096769935
270.0098207767061
84.28436472742281
253.30910628187885
316.95629744869603
349.9787773515819
259.94263801461847
282.4275258636365
146.2806248561685
72.16546819459967
197.01694031982657
233.69175842528622
279.50444054154735
160.79913368941752
359.52753512843293
210.4464207205121
272.6009960892748
324.266631239406
284.152164163193
305.7621058071326
277.29485825655087
96.64528070213193
153.5650533610304
96.4574056354785
332.49690873728304
107.13932870684549
34.00668140030561
62.495043036287086
306.73920742805404
336.34280500789885
332.8844347316185
4.033470417290423
179.97032328447537
254.2790515638623
226.06988643870278
16.05162122372082
218.34620947564716
282.91586239726854
126.29307239163498
177.26672922046308
234.10564282712787
226.63867139617173
280.0938689094205
86.81591490821077
121.44257113565192
93.55200624646446
6.2169597464607484
171.9197022351579
200.65645647496274
252.0137378429845
191.0892972097887
344.04259347635417
257.3173418995944
10.677123767012269
281.0086072433847
318.9205322479231
326.94014080088067
99.86773993407037
160.67339862227885
63.03617248892264
97.88640688297801
78.62528899686745
59.99912657479469
16.203929863897137
295.42750429096435
293.3554414637333
184.2650955773787
252.21764017557263
60.64625290451057
224.9526733319588
317.2919238972256
9.224420297835179
121.26989101941658
123.02276923125179
194.29812636913726
172.76175428195484
342.4537573626826
275.48447912768864
17.803628706800758
355.65772953346266
41.063981673644626
332.1626885072334
332.76604891491746
355.9727542941026
1.4443562797625804
79.81830126164554
31.510880862728033
338.2181186094736
350.8600470545818
124.4836509632265
150.40968657608423
139.5780981242525
300.0679400965031
113.31722727337622
225.38352233129535
303.8059746824391
288.6685510743755
140.63179033953577
93.62987673741635
65.4477774595675
173.63559667935985
268.1521565100269
316.084240796713
130.21723800585735
232.67581139131275
205.8170211826203
94.38385431817011
121.49667305669716
252.7992113189628
262.8635180412648
168.15878639779933
325.1251594536128
168.35078644046772
333.98175775677544
327.9161865239135
162.09143500463966
189.6930912448624
140.47240578382545
203.72756939691152
273.8758458600544
176.84561209900906
131.3324586482789
281.25108550331635
138.12036005121917
98.17263837093248
190.9845634252695
69.17907456226939
71.93990855753756
113.04207225939174
288.7084025458464
262.91964745279614
196.50649169656737
326.58378994209977
160.72617477498207
43.401550404796154
348.0281476558681
212.17178440435978
84.84154217806507
296.97777023646415
47.017044368339064
100.13113186857439
31.463089445504384
263.6305516351312
81.11724550025204
165.5125423897457
1.6230512344866135
50.69957154937279
211.80071932875757
55.80102861849015
287.6528249447665
311.7597943941872
74.08725502566708
338.1827932546537
283.8096706034499
317.3812138469956
245.90498874162202
234.6200040311214
317.29198120754194
141.68334827157213
285.64727747652597
8.523019888449571
84.83553385608798
195.19137955981083
194.04101490519514
322.10557898268536
73.01355539844661
152.24041814542065
240.1974765622893
342.3932006883907
165.032613553664
181.92025990238068
291.7715607566533
295.63168312856874
277.77975751316274
229.48318706115887
346.28884040798715
210.88983034204134
33.62430134901347
156.75522762231512
318.599591522375
68.9776462170279
131.97974832349368
341.994185435739
11.26930140828259
101.2895915764993
42.74076813612038
33.97887890709266
22.54745501525688
321.61733479322004
95.25523024881099
71.3590588899919
160.2257991398029
133.46343871764026
101.46674968437364
220.7943920379123
53.514936602163345
106.92795460932415
230.54876181831605
213.0138185081438
150.412825083008
164.05448126544908
293.29644694973075
359.504017725641
130.33541708313152
67.52905653737649
268.24744682241044
178.25774664442815
293.4675214475124
5.326734666833555
38.08072852059943
50.47212352144232
290.0870950231813
330.72340078219366
130.5864013597087
262.2839693925809
157.7678882337472
39.839768210165055
275.38265874919006
244.41624395029092
229.22103176879278
322.2934326632187
291.5878942029495
148.98144539833015
320.087053736682
289.1032263074867
327.76639909654443
87.06768413272356
212.4197640610319
320.6500391580376
346.11944198263836
124.45814667437241
126.76280273481093
273.3320486219472
49.98602278531656
211.7289354761041
159.4424930012073
0.39738804207818396
307.00837432199353
110.30080883178333
316.89474749603664
105.4361267757842
342.90790292444035
349.5580631527589
284.69691302762163
169.84545455866186
256.80886543989715
156.65512761693586
118.30382574684089
297.0784657722114
341.22910245817997
266.3788033695149
172.83846015856145
266.1121546137174
310.2331283615332
4.3499432938782014
116.54814574010527
265.7985143408231
16.65793106750079
205.41833511117977
85.78124472646839
72.35909508050642
299.6961987597328
96.27266542581786
13.329570836099885
298.93769890383135
340.46300306199674
142.81805982937982
280.03643131769303
20.83279691258676
142.91180906464956
124.75458749793177
334.13081081577906
299.8171894284818
151.24191922730674
262.3353334535657
329.54188302481555
246.42679921836498
236.74541983999222
108.31190369939272
137.43479830256734
113.43889890918932
177.22552070565808
277.19948029522345
291.4823807035784
22.006908732465853
144.24329250214055
33.296369621072074
126.32595077829636
156.29079845063316
67.95678738709451
2.743641570141518
188.5842431854216
41.58889363705423
236.03265184358872
351.8098041933435
56.434395626465374
128.14790819954845
162.79454347070595
261.0844044633679
87.81988713822837
148.68477491389874
133.82437425885217
52.39945781936974
255.6972513268875
176.13560520135107
110.7172176762533
220.7230546097555
25.74407797314512
5.556327995327822
202.5892380864354
19.729397982250966
100.94930887558596
140.8866987479332
310.6492754777253
117.48468944353314
100.41079915475478
62.95262535187851
180.83932307865066
67.17914902280715
119.9014842466818
281.9868372317259
130.96659104844844
124.59578971853894
303.84427418711607
297.1764288461638
193.73137811792947
248.01256654734087
90.43656903141657
240.50756678343492
207.60544820284588
89.39926659236858
273.91223809344604
148.95139260321506
197.77083640772304
49.4873246770438
251.01590910568893
264.7132214476338
311.5667161801953
160.41601745889216
205.67667452306404
292.0634686786606
131.7527931354254
102.0967642452869
62.367504665639096
170.45838290453017
246.64010439214405
303.602676219469
171.287879018534
191.9386563358736
57.88848157665085
125.82377364936073
115.54450171395776
162.22475059362725
117.60541572271255
52.029058778032415
140.76378758784784
248.44676497223847
222.60248867457094
233.19997380481084
18.14649833810644
281.31313577187245
110.39401148703143
88.95198611542389
30.174019178756428
236.91126318428425
233.69622755904618
145.70730663532393
74.90628770603185
127.55419170468079
231.2196688542572
114.7254931566075
277.1326858337859
91.32554311104664
288.54366684701506
249.16437106604909
347.26717916298765
19.11086375568994
270.48572689598325
30.172767672434478
55.02829516558608
70.74305354348493
312.8232523792933
156.13607103885957
208.85406458138453
229.25878060404153
12.405361420165129
113.34660029649686
355.79273598419945
263.77534749899587
357.1326348537977
221.4463225175831
207.61647129438416
94.3568978457066
50.65985589611842
165.58495819919676
127.66168872691384
287.8961580516606
0.3454013698533309
358.1498601664131
43.233700070489625
345.6701399346374
69.41185565260027
148.46335161113544
354.07771691762724
18.585629931803215
289.46626820445647
130.88530378166632
162.42839302672962
246.53555889296
176.71861993352985
114.96172834238098
37.63466024610462
267.76262154550136
186.6991147134887
201.54113098266438
42.12850317847654
240.82207416093584
237.50148530596982
2.370848818358393
48.498705701159835
24.903593589229764
235.7506754132922
151.40471572931136
62.77105850123483
346.61012927399617
336.2673383695578
133.75525885015895
89.85773302308107
336.63662606564816
210.5315669049347
17.481339005494004
58.53900708892939
114.97329452885116
202.88720536615165
58.61397522013924
88.76094713769695
354.6886596710975
289.0657353437471
270.9431385924341
105.56071162213186
271.0150673159567
168.93279622928023
228.73276631637762
86.82359544352505
83.90724353856463
198.2533284524523
191.80290003392145
180.32864595251047
164.9038196595826
218.5308413291032
288.5641491629489
344.2595702264987
256.0424278320496
84.41216429198779
318.51814282917866
131.77491140061505
83.55243841619398
298.02221776478154
65.59377161891004
296.84575919095425
67.67430128525191
219.06795507429234
25.719861292275816
9.696301391473886
328.50315293194245
192.40159778572004
23.78155592192906
23.57421124547516
326.76062562443985
355.275723797015
107.8785521632726
11.740275939923283
18.413039316011993
1.3162528693642974
337.5688016066624
358.0737908221102
191.39643704365287
327.90096283068704
9.43625500745649
218.1787255903968
312.4955243146278
177.73929839799803
31.928122367427765
188.09624813705338
260.9740416816196
152.90930585206323
311.377030656008
329.90083115417866
67.06977910236836
146.59951579084262
184.28551292884856
115.25806758964187
178.55008009605493
240.7443792767646
138.35182714709214
164.25076583451786
262.87515428033873
46.99597896054121
90.00308866997872
321.3508350434021
176.2550851440306
128.94305667405462
324.4085644013494
27.975200540934345
220.43839112951494
84.20346369312662
51.29439066833964
227.27501526470846
357.4085960868278
166.3268660817073
115.8139750955343
84.56772336869459
110.24401682725446
17.07235617374528
115.68582731956872
199.97789581231638
280.276388806925
277.2042712210606
105.1201880977176
229.2672145068945
203.27617571960968
29.31627948651682
107.63687028699984
4.820218493612789
354.1276380156717
176.40605742342228
186.09392695642327
353.9458252757141
64.38371429425834
82.45792486095759
202.46857086259067
9.951181911886556
39.42288661707733
310.2749308255932
68.80792867196567
179.27966079155732
6.829134841750639
261.15009839766554
30.136456658369845
71.18014888476502
320.06745318770186
208.41439131274873
105.4271360157505
160.6563606935929
255.39977234445206
140.17362206872136
243.09606750505515
230.52599271334847
107.76722748031786
74.41387689626663
307.9628335833903
50.29664944580514
159.42215179979314
331.33641233577873
205.67925915514135
277.2300924005544
117.50456857368874
217.9313384672976
143.66964078705405
154.1616211382657
11.476874860695755
95.07375352520538
339.4205734051427
189.729251049796
22.93600550733086
212.99371221833874
321.03940028808165
59.48474551267485
39.636409438841724
176.07312612135152
233.86465337836984
119.57954502951542
298.55671182916205
323.40926319071787
74.31575355121059
82.60100474745553
153.13971296475734
226.83336911071217
46.52412130809821
178.35977511116346
88.64316186250366
37.259473037429096
130.71946714279085
358.8494216394816
142.76799773290068
118.20470514999445
267.64674322032795
182.32902895039516
158.3893230778716
240.7773200452276
60.41412503675669
89.0332068336663
109.05075629351056
337.4932959270278
332.7177375888034
196.22509614292528
239.5252421566369
145.1184066713821
216.72612076850086
170.6851967529541
111.42497901235392
86.7785476368796
54.00472158660559
298.4832577609259
293.01585974317857
268.9944943037416
203.7513235870466
62.63681023939066
54.23513487508666
83.07612280307647
76.68226805504632
264.1782275966525
95.39176338761276
183.8972019727297
107.6290324652068
219.15654705457473
243.34071237473194
159.72367900370799
307.0485714893967
173.63804213222264
274.67130671394676
334.4887377294636
302.25006587767496
31.369562220259088
25.307494489203297
62.56080305522525
1.8655166006377653
339.78893499409696
335.96207781715526
233.6564611392224
158.03443233475446
244.02052718096806
72.63789998524459
85.74911593919362
143.80928098312356
81.56368997094006
237.48635406958948
164.58497643534292
153.1476877811155
151.66702440463288
245.9746951351576
273.0188615066629
123.5914064160098
248.7844420566372
107.15772465643217
120.83939078883888
179.94365484145726
291.204033226441
171.2008260222546
169.26022642070294
295.1982116806409
223.90944149633341
59.05388046899592
154.5532161858676
221.00906736925512
345.4996286124891
333.0488161309923
184.72984369346398
274.9496281046438
140.6762450939429
351.8185436323313
349.29208534972634
103.11455797571813
161.07227547160687
190.20458160936417
235.83619902262342
299.2135632141766
291.74302020182677
134.26042944180767
254.16696499409395
169.6935769595411
359.4494216538503
206.28238746876923
171.63919557979213
140.02621519185433
193.4966121447492
293.51552021747557
212.6794566292484
84.5888247816794
144.2844575372253
22.991958892747483
277.35906799626883
282.5197164210353
207.57252945792695
231.14695617913458
204.84461786645656
229.31542529309095
121.4296863556542
291.80075281339185
230.41129668273265
42.96022263024036
346.23083754168465
197.7667588731471
299.26013887872506
163.17618382559743
318.1159135704318
350.4004806092625
90.92396435976289
249.06139421336363
202.305069810037
139.25218545157824
53.58264573788907
236.23414609544292
52.530521130061736
261.0449169389878
109.38127472700808
321.76109623692673
236.10261913539892
79.75576759118802
128.99838180170147
269.89366125980666
118.11507172091463
137.94586823432638
168.16220111954223
117.96300426322507
54.08311003979057
73.66526024579308
109.13307679372016
223.5626735882093
215.16900073045792
194.34074409043149
64.07734593221093
171.09295043740934
28.222004307818178
152.2611554733152
10.44389861136538
31.62884230490105
24.24904249788728
321.617347829115
246.9280240963109
328.4307257845162
305.62776069095037
234.22592871746832
152.1856928527406
89.75502138756865
227.99902642623837
18.689941831673845
46.93340309555136
145.50185252372125
44.96379301739156
144.24310807902796
84.1067897290384
349.5814632783644
115.83477114524698
347.83967619682596
142.5917521391294
59.17942538670066
124.06594156934676
256.72731056900284
80.5781645861044
160.96809275440623
186.41224222955222
25.6115189485166
230.9820014448598
277.7982871012431
46.94310060716992
172.5532164114386
171.5725608355277
316.0281703621174
166.14333338404387
343.3141592396154
97.72823034415626
33.306925795811935
309.00694324615495
128.23795358797457
28.315473120789097
332.237141085827
94.99358123791161
81.07632212264946
98.00532336778396
30.627158739800304
72.18292940643005
341.72670501628477
203.5628322526196
163.69577062958288
149.711143262449
271.4180916013727
128.58366288219577
81.20195291709439
166.40365395676636
222.20476295710904
27.054114840807433
319.01131196883614
21.93416562668795
242.45849773118377
343.75207209620316
69.73081727808336
295.2106778653669
35.26687439994002
275.56964891618594
66.73431431964731
90.17926364078252
52.67149842552311
337.92862845727257
75.61989312382072
70.8427659723256
320.655173633864
58.0350513477938
213.31849486847696
353.2891950598148
343.05809656452595
319.5594800679464
356.6974335174073
320.8442854075232
278.6608761849109
258.0431268973433
178.21355271471498
23.043624689623243
323.1390804510752
139.2172912412926
6.256204169235238
19.26251056051268
65.6115373590316
261.7961515625208
321.6904917301649
121.82593108548879
89.3429673465014
99.86604173667858
163.13443405218501
261.3077398271676
261.11600404023346
211.49907540915856
308.32617021836427
261.4636349908973
278.11551792168524
323.9010203625509
114.93607942609599
271.5697241343516
209.58984069802796
350.48626988468556
30.753303129761157
0.13079643912357772
75.49819794344572
262.1539225613958
6.459268001872162
118.78610944329806
248.48024561399038
231.92561988876983
13.46791785085894
152.9077642946397
307.8451677337285
238.49014224820866
39.04714439089675
55.28208490087489
141.16218120890042
220.21583814497262
20.657594207612178
72.66576572753512
9.832557687676466
70.25862116284307
214.27285508021257
259.5084912872393
86.24237417973701
40.90846531870406
163.7906366031669
31.526302351761966
247.9924246075426
305.0057289218273
346.2446345894169
137.4883010103245
210.0960437626807
39.188094567630706
117.1780605726545
154.23274030576337
10.760648406864586
355.54495281779543
120.72770841464678
98.51553333613131
337.3764205183381
344.715474566445
62.10908012603626
46.59667989385217
214.63529547210752
323.7205887682809
76.32641540965076
62.62064172605415
314.07491688859096
50.351075450985206
139.34886108711896
174.32303597652293
21.175832455566532
37.45599164444877
30.849032627113385
38.9252153707026
316.72512224897287
155.96251022653647
347.3133104345092
15.729449493493302
16.026888398223488
283.392587709197
245.42111031837698
55.571654453061456
54.260664989655055
96.18970171629154
276.742293555492
349.8953476824871
255.92515492145597
189.52085873160001
163.9246796017445
205.51902366492288
246.50823891243797
304.00498696564995
161.9894363718567
326.3426885921663
12.68028523440185
319.32001681636456
261.7519060429421
78.15782300856246
139.40870507360583
68.0080086591522
133.18720701913932
52.959955828317106
69.40853237676396
324.81828206423387
296.3456107549665
237.92202581387272
352.1148537102415
41.73619201754884
253.86803124925862
263.00873595015884
80.989162354317
182.83688859833006
28.848608749940823
197.72590813086805
46.85321969345354
226.50845985445955
43.08184941532795
157.88104066764208
293.2028258146747
177.983491816107
184.2938166512877
57.277335944857235
329.12204386762494
206.09556148167803
358.34631494213414
14.3909729963308
151.13243117119217
228.7765870572278
286.63355647340074
50.22188459417579
14.949975314530898
74.23718859358439
247.6873643000924
58.89645263472178
140.611942986715
214.66564534348538
334.57440162989866
243.19035307569345
244.24356357258438
108.11469106998008
178.87856717325502
302.11078618234893
351.5768982588585
107.1407884585066
44.6001456336662
229.15814987575354
153.1024602731435
122.76929839932394
166.8395061491833
137.1926991373031
162.9089964518502
147.60890478392855
53.832354631772674
250.2389573093677
301.7322425397834
161.84454077470068
298.29906717277424
323.2020753180829
342.9990698390512
213.32710285169472
172.4756185816983
215.1859499727762
30.887448356290264
196.0562573663267
204.3072991100698
257.82333597481187
262.1647213633112
115.00316841340891
221.15305655242253
140.95135438166395
182.39955694311172
183.32225078170615
281.8017354898874
222.33868033715189
318.89840280082626
33.23512662218738
275.79854476096625
122.24205077943043
118.96064605553663
17.608826281848383
202.73612894367832
72.88667549083792
93.01254182347479
325.1271858549177
264.20713923953866
181.8981153158474
115.0735701454084
338.5093483205873
207.75311676556086
124.85097878507801
145.25460460611936
195.97917103757248
211.6616696403253
207.52512154168815
5.090805323803962
169.0842977088818
170.68306221317982
226.099954150026
68.69396944798196
47.56782409319459
124.32309301985488
78.94406084690971
17.1834391768332
191.7868026149126
295.55127586002345
254.05635442396883
218.15949972051212
341.9520657147847
125.0292078219171
75.41987747202293
300.055035552429
106.97078682603133
144.79429839551278
205.95444614145475
278.70390023551886
136.28123760153758
262.6891927299682
250.45977813282255
87.30792044236176
47.98774363194207
62.900212834702145
150.30458771819642
87.12148839244851
72.33613264085707
277.7199936288402
191.8471822062879
192.53028373303454
69.09833850663377
140.23511728040276
342.72624946817876
348.7406990993856
138.59269222477963
76.0824126816081
149.852977379022
297.8759008807356
240.24550837520897
241.76154285509756
218.9685569944341
67.83694451231854
255.04505781311596
43.92022270600045
278.7741960214029
90.9708458003219
90.30082430963287
15.849872740251806
339.17938605396967
194.05847197678287
324.8823997689911
232.95296228193052
142.37206455481265
232.89260549677178
339.350637594789
112.18251610460248
12.956425567640373
23.333451820499114
134.5613628662309
253.45489210741923
292.8077518755469
312.1026039619567
13.736091677091197
15.699603710342467
180.82472350984656
207.5035418580275
105.2862249631124
212.12767634361998
296.86769697078745
326.7798883428287
295.81586305232184
130.08796946783937
284.8770247300467
203.25559996670546
123.64783658731622
245.47830674330078
125.58654704262797
317.7831214739375
159.5818003579058
247.38457522520613
61.19711503489604
2.497013818754122
30.189749381903844
193.38094099208837
325.73080783112255
36.98820202372014
153.36243997847825
215.7807322194111
299.99300457038106
352.2196332924471
106.54850872521125
312.90667819602936
312.53887579416033
173.80829110227035
169.0864390833606
148.4740207022712
263.2721683947278
53.06579887648615
169.37226837985367
74.46295872257069
85.01577680459376
50.914362129498045
291.7646742575897
177.2855483701261
42.8699367923888
57.367780388973
25.54424501947906
149.3421016639711
175.53420997074574
3.5141238443547365
359.77160030081484
86.31400985934134
144.39160196626577
253.98029112102876
249.57237234301547
43.19978480137991
199.79584638475248
103.50575332578252
97.06716153015357
29.748672825630116
166.4326313434637
31.940201172389756
237.45873789202633
127.0429361769245
189.97332559599332
224.29650514798698
358.49129165396107
22.992474893202804
314.76124616700844
227.2370921882375
266.2178874749915
295.99504611154697
183.15545077730292
325.1036301838844
144.61541520260238
63.52830869631344
303.46729722230924
164.79807941691945
2.186268454520454
334.51370274671643
340.53244883090713
240.49672403401237
348.02343841081023
77.01609574064642
162.3341691274511
104.54100169709002
325.23619437331894
238.9876613105952
342.7397349917021
188.31260431041213
235.6048292974335
295.12021783623464
7.130440365043722
118.66712255799665
37.53180599261245
293.79270896106175
15.025592832189277
48.256030788242214
67.68057374792086
39.23593869599771
302.03587651781174
157.62948257592026
14.162493153936326
45.26190044307998
293.1829220270655
140.6167162734028
204.29144001328376
117.81973847514503
131.81430535709322
186.36596038907888
30.526818706870493
144.2933448543033
134.804950642473
187.79103258875165
284.53788538344804
280.8322289805515
155.5917779669849
13.354296921621996
275.1461112658185
345.5746828995034
267.1043697617218
59.275325714026444
67.83638511833989
31.095065879280828
320.8189297735596
33.245284710985004
303.2334860542351
20.86262325780976
158.6331927180532
315.12027671670523
11.273330644494635
53.03263025632752
335.2018642976717
126.05237836582965
267.9450898625858
172.5718852526076
317.66241591403616
274.69527547250885
331.75973013367786
40.39002474979177
176.26506395549907
126.57184888010033
339.78403941471885
11.372761974413198
204.09804213839394
110.16252087846937
335.0670808562372
345.80574678135633
55.23560328471974
73.56452507842513
173.1084894862524
286.650755332731
7.297837334067842
289.9712976284199
234.6675216943051
156.48687700756577
238.65830843608617
282.3481676322808
126.44946741455
43.905473206885894
347.7507873820477
103.02238465031408
4.85330493307432
75.92810036472788
2.124347348144817
264.16793649211996
306.67984531884736
115.26125219525578
290.6350337328703
54.68788018960856
198.10404783413048
182.08479892024775
142.2072633874466
147.7621136860829
201.78459176674926
325.5740766945578
60.97870291556848
256.1598934032076
182.7607244118522
205.7225756954994
337.73422850866706
289.46794173014575
129.29014447458866
262.17452820434306
89.2248120473982
354.19354163033177
51.92395171800277
176.91790568924188
110.6445429036657
234.59180410862885
352.97568938461177
339.65814273814453
353.1814367416631
354.270472868281
30.795006775864948
209.74431477282693
217.3917088467945
165.8236922062442
230.97485690643123
41.85531868077149
221.08446295475576
56.879443120092695
98.46574467123672
91.38237518066144
242.25993283540137
101.42302128998494
96.87291673024234
16.420507131334013
234.9468677039645
266.7430601563557
1.0183958104442061
40.337370286218956
189.68387380146214
204.98038046385264
335.68809244508384
33.52721048252562
317.5546492620896
315.1806869529926
195.3626624851028
344.43670965956153
154.29013977096773
191.0167418061573
67.65549354343163
90.87440482016122
304.8916484335955
180.8401165537524
83.99543657143705
210.259011080207
188.71206059988702
255.2884541798499
216.2143445888954
295.78964363614864
182.2989251089347
271.42813933740445
39.433218658678626
297.06531946937895
80.61490592074753
347.5419447697046
282.84225473303724
349.36822537164505
305.57692224760063
39.42064921329421
23.81019037899609
129.32066498555363
251.47148432386572
60.34306905620467
331.6879175789852
143.3361983384711
118.77962637749326
233.77119685456978
192.98917580119732
61.57817738067284
141.786472245525
283.4034742135208
303.40191381000926
59.23114802166111
40.05584252930728
124.86284688013012
38.75473745947604
146.81566478127934
115.68074469291095
11.296739695922637
275.04341663206253
35.86915107151718
281.3066662975109
261.449254053682
43.26613609153367
234.38513225806412
282.41870799153264
251.9039167953547
285.42619330324413
146.72317367796572
145.48899009534065
333.47476191484174
241.44592866534538
308.3573250890753
4.631108591401044
116.7256636448085
190.98734046630648
150.33709473816302
120.86637336134467
131.8470696870867
142.2961071772749
298.88703519869944
86.08265224043386
260.7056016751959
314.75794575342496
132.13519820231753
145.3486712004843
275.8551365784383
116.14106518923708
47.26519825599368
43.35383938057652
326.8970766118036
357.59466252432674
306.116213204793
64.90931571091762
108.89036336809562
116.44439000132411
271.4134616699282
42.65716963971576
40.569572865801106
162.34101383988448
129.36949388285103
172.48796156049272
43.10093468913419
185.39713332991533
223.75022805244913
237.94103382072223
95.89667392177014
153.13672561663503
198.6751527784706
89.48832573619701
132.1678685364514
73.49679962079003
166.64222944455386
19.39559478561282
189.82720164955563
283.87853723857944
334.5261147360523
305.1222684141944
357.9521663721089
109.68161366724975
300.78891540335684
329.2006191868142
50.66238638209269
60.872501695502216
208.1387091398362
88.39078834611054
286.5607671322432
41.440607275184206
126.29383406726414
232.24278320270008
177.04233835450287
45.56462538909353
122.29099813086854
243.3409189565742
296.7943449518119
258.8260010898341
131.44587577667272
241.2874159383757
288.93387550513154
303.3705629642188
131.47480464121963
11.80840131903273
221.93526262799722
119.99990540209738
36.322710457315274
12.690717994146716
148.03268221751813
43.443371660274764
74.60012330650459
190.45689168127876
225.746647129323
239.25608332288203
198.8958464353455
182.35775656466504
111.58101463568607
19.994999991969536
140.67772144691673
308.123782674858
342.1023320405898
6.51076847528125
263.14672661390836
340.79204234192724
117.20061114898981
149.88861274704539
285.68828885863985
108.00027334720329
82.8554361936876
341.32777910088816
135.9097569361485
143.7599988737965
230.64408006556985
316.51047056136883
299.9531204893303
78.34097223377258
291.53632149754577
43.319849227253904
301.56037561167443
5.388319270622273
32.525522302939216
335.9744520848276
226.2073843626456
346.67665030394676
149.1652458018205
98.45287379571812
129.19428095443206
89.11261833482637
135.03013284607604
253.28951433214658
24.17743402344465
198.15101604660984
24.27190921647702
270.75534503071344
171.18654891821242
79.88458472423588
212.74295927614722
342.51145143583045
57.21165990192034
123.77966945171349
25.48919843911682
335.9525390968772
2.022513501226509
197.28134543906089
253.07790823657731
206.3224102927863
41.74127739645968
217.02712635193615
85.55352510697983
348.8492763147183
298.07623757018246
220.31738313214368
204.99397717464672
146.8406429892715
303.8191295884949
171.68662170948554
34.728747133104385
119.15329433125717
328.5379615960966
131.2649486267391
95.08663578102669
20.969053493253757
148.95736804405547
234.56408343023068
48.98541890660722
233.1581560056387
335.35562348358417
324.6777147099448
66.1387172044455
197.05181031241756
212.71107524903735
219.338212902899
345.26573216638735
239.0605022875232
74.33432598939832
66.17512830394331
263.0079329205063
327.0195329065481
6.681979280749514
124.21926835086808
308.81418973236464
157.86500931366254
109.38315015214911
358.00013119548834
225.2007316480018
264.46464003745996
132.7728735729998
29.017945857338365
59.27738216591274
10.735153382370486
67.08131373654089
256.2644024071961
63.408973296626186
280.71588846547564
300.52092628822254
23.047788947212172
28.237073207527068
50.49398438919871
265.4101570467925
120.59703199974663
220.39820503054756
12.233891291280418
63.96250286852293
346.5808577896591
279.29296890983954
3.4177454711928323
322.44737182372444
82.78465884933114
346.2000649983301
304.7686445908566
336.1087101962433
149.19594502095057
249.69646269357594
207.9323980208053
339.0802104971619
156.56427496911095
121.94972263299206
230.72722587189025
26.951476206133965
98.87783991025752
203.09626577856994
255.86173138738587
7.860805211438204
328.9290896576873
57.006279700575035
134.3095049580477
194.13466150555433
186.08041213618193
160.18394568901428
123.80380538730711
31.64230570978894
44.39159264603765
289.6099865571032
88.51626175823313
304.53865188652276
23.446665787495384
249.92815986425455
89.023907378477
212.89014525427189
266.050925887064
49.769736211822845
36.42545709909417
188.21545364690635
352.2242595212711
141.16122908860493
351.9469302917345
69.16505289224794
285.6572121062227
310.09584776079686
174.92891641080925
343.4124785234186
155.96484651465673
3.2970254700202783
149.888586870585
301.59251593875103
210.76041784429097
278.262898561961
127.30413798670706
197.44424100668235
62.42252810660816
225.92415229106345
127.64715298687214
226.99265422194176
331.89778252069135
158.48014603246676
312.6285064225025
309.4795559319694
297.36266830318465
30.6808410823074
287.99373736213613
177.3995118729439
97.13807631148147
107.07610823603501
33.085146035973935
110.6889267936843
261.6662548459705
55.5965723687615
32.49796488847155
270.85915341720914
172.5646599731668
176.84396589850357
121.56169689665903
329.5859169580113
20.54529826298275
172.09850458419695
151.1296983033347
251.10929920323593
347.6873738019371
93.61945452416242
72.80931776895711
59.45807275524979
355.340637174785
225.87701613271088
96.23803553704008
117.15583726717419
292.9899275795765
146.7948837671166
295.195478765923
189.28018106945976
31.06302874461006
96.03463709440645
284.09095714220837
172.66651229109883
297.5901250201434
250.70894988504332
68.70096485258324
19.40216810659427
74.47723347368792
42.200072432377155
245.61345708797649
119.17701652428863
282.19167843978016
249.71820583239304
215.5039540737129
157.1478366052669
299.32399358498196
287.83951204400216
116.69409361262348
219.9214695567529
187.10591324404987
226.92906101535698
341.4688947015567
209.5004477061195
210.88197678949612
210.43658061205858
115.9083811235568
44.24009740346126
110.05577264481504
191.0720137487817
261.25118619018764
321.73531020044805
3.562224284295685
143.97682320532752
335.1140539243822
178.61088094013527
94.79527550469446
35.95431096367054
287.4138734198859
30.353751502160044
309.6460686021678
106.61435821127951
318.00921846291413
277.15869308137144
209.03386283402574
356.7020064257488
226.0478964285316
226.90131269600712
333.3115651967746
61.84467988823251
32.23508664104879
130.72586410676143
16.569732203267947
137.70061363911026
26.23975883849459
13.411473512509986
350.99358257181774
164.91767451024964
299.75505029992587
143.8563848281199
191.29787348499823
96.25760582767015
254.3219139824843
35.60728074492319
280.4762965780764
286.74763451666246
309.1785606844249
311.590318464173
116.92537067090252
127.8693002363082
176.05777165096026
293.9433873015748
289.4014271049995
344.54511304746256
302.9976584272948
220.20528400044518
187.2165206496045
15.388211731090653
21.861405578443282
267.3257814514077
117.0858275796932
238.1923034606431
275.59231984520096
330.97631091153806
264.2164827492168
148.51594910679037
335.4152262908095
204.39542848825877
343.64362495039796
224.87454830546616
327.6523207534053
286.90595843494026
130.38618432185106
248.3117890371023
4.072807306543005
16.67914971909648
293.90145207290084
88.58207167040567
331.1720294452349
193.54452616581577
291.64904983662075
254.5650133532946
2.4145147070264046
311.0556050162608
347.6817819163247
332.5215660035176
98.63587410599979
137.5218415676721
296.87824292317
150.5047897460337
335.4983975794853
286.7792989707199
81.94743794208348
58.71964976390012
145.81200729877253
105.5384791165196
123.28359776833847
41.90201411008165
156.45684562032793
208.97343710505731
350.9388832958699
206.22113247156514
264.56905236188146
320.46397253948487
325.79354884817286
18.777428313756495
167.04369294942467
143.1955396178257
142.30640718560144
170.38879499642894
214.24900785603998
165.653615920341
247.68516003242988
200.58970411447635
255.8673576658619
316.03618521406025
100.9669322517229
280.7622063635832
294.9271473524541
135.3909337289133
185.31996367825286
129.36142556294865
285.0023376361304
170.41330976006273
171.28516783073604
159.4115825621726
206.1495205436894
41.003135692983356
230.28995225775688
193.93744808518693
222.76904620352948
211.23405792499497
188.56993863891185
118.47972616704295
101.72874679386801
223.8768607327036
246.67166340229147
36.056851234406466
329.57299057552973
70.0092467430364
266.4295410489601
183.02630285650707
97.46008489925332
58.299993969346566
295.1074619486332
346.1355959395807
293.99388111407484
337.1975418606794
176.44581908390052
105.19064427496275
286.3991996910878
207.63033540288023
279.2852080479553
265.4069035461869
96.03311239067308
142.33656355389425
15.672740542303488
291.61859680145164
254.74288793421746
52.153465506129095
90.95206412102016
295.3285012243249
85.03605653067348
30.488372769585542
18.149256027041243
352.3565393885021
200.36124028702542
160.76242514606471
212.95518216761926
106.66555153816707
164.59702480811106
334.57262399098994
101.39001206140179
304.58308552982754
225.49434973710044
35.390065539054916
25.413232584391057
235.63237102897193
3.4988498799411705
129.4429942304894
43.351789045262585
196.41932368192772
227.9464806452265
215.7328929870654
141.61258548176292
28.55274375793202
10.698842424768278
22.66180695149775
58.02071956999461
300.7832621450511
21.606452890765112
186.0599968682538
12.37881872763631
319.7633317697208
21.186030069079553
176.54823548256013
210.80738863425867
79.07145700264223
222.73522812979365
269.914278619355
347.452869781648
143.50689617613435
207.66114689579504
105.05635107133644
329.79183893987783
42.620103789418415
125.3156651939936
168.85867310807862
358.41245065873306
213.51929372117874
233.26395944140947
344.66195119537076
45.78088474086264
196.19419350917337
215.80552358888775
236.83014803321416
266.5141778714193
265.6818916056553
89.57557390479295
248.34205428398036
128.75944797101636
332.5449405368647
185.32487524057612
299.9511283647808
46.78563314320858
1.4704711392495178
141.96980642016317
327.3805096455886
210.9213051690757
207.42192265168532
336.56600487642066
337.42661176882785
326.1301616223382
294.5686190827897
273.36488704521616
259.02590784414735
211.09975224942545
288.50095777922047
153.31454709706475
41.091907336587816
44.50558362227299
78.5419193037655
151.06893189231695
138.6490232790544
211.2917921364936
36.27091526867228
96.86786747325553
188.30137674999727
126.0838806226279
156.2402882788078
200.0869456487811
79.08122576178988
84.0003052622222
329.7985354657111
121.75821329166024
261.8901072920747
196.29254429379478
23.723597236812694
208.2888307410822
67.02346211257606
256.53859929430183
264.02117279486396
156.35537803137916
142.0490981016916
130.16256740095426
36.2710124380615
16.432467553662843
308.95037040283665
265.4529116818165
109.85783604840402
171.99772241997113
132.86630560055087
157.4871943087456
222.2409543177942
203.91323598284472
329.7593772216286
134.59090252633942
357.947227664486
313.5617116740205
48.49535432593027
358.0324312756883
165.0867679805971
272.3725855818184
188.20534687539413
34.001924810438446
76.47756116496012
117.4856707632691
113.26905718558629
239.29509702602454
147.10722001857437
153.4095333922381
24.529264350836538
145.42359658238192
70.54681885079498
177.72828087923304
35.29574951723961
80.94870153047898
19.725425850518093
309.36220863148225
18.318613973971587
167.7630090290414
160.73777361464613
238.98828627542065
356.1421909498232
173.1381859534415
302.7835048138744
286.5210126531047
324.82307357512497
235.7705570321174
65.45679899305041
182.942837504858
222.87068660450072
200.9681937319803
333.07128137905653
57.239663503024374
291.60705048705944
177.83029619210302
215.92308197366242
182.40102844270834
26.79596756995793
148.21739006043376
42.25864183738405
327.6760508792825
44.6241318332592
105.87848519298495
69.11373398474892
90.19647067453144
340.3475348492803
165.87219562180843
71.96775834669658
122.1472724724992
288.0741217654128
112.44406617257204
3.0252659466400096
311.23517356665604
31.733808935930416
237.22869384214994
93.55241207467185
43.513677613404205
77.52817829582796
138.46166731305428
50.53005827295165
39.99182843935449
308.1001481965042
62.563588438237765
111.75755827697174
100.450986828013
205.40038983855013
319.56146106920465
158.5485875669429
279.87334947719177
223.7242124300674
142.0158920264808
328.9168607432458
221.61284706730177
355.87170644095664
143.11390826610952
57.82273189003221
291.02000962067694
115.8320485786841
271.3251785182909
173.96418634797283
330.5383475440047
272.69514541461643
174.0596899009438
146.47183183287692
40.65349875522025
155.90677595211903
5.427398937360115
28.51920385760365
18.326214761234468
201.72533662419968
108.9038723648302
26.346782794459973
100.60563227253827
120.97030601951867
103.82837306603147
183.3324191030345
270.43002880099976
157.1136814836752
65.1954824288492
225.9744636640127
232.3049590858312
64.39468772529558
162.6125589843536
228.55553490751478
77.6948934906306
244.40832300884747
301.34674079738244
161.8262978311929
119.07761300044262
344.3954619415726
244.16676388263897
233.8186936088146
258.5838410929665
320.8953910478633
226.2339309084301
231.7798889516738
98.55534504501455
128.88337197029855
266.3981283454349
328.30892968231
321.54719111433894
171.67660756760736
49.11041201080454
81.04668971754715
46.7421052477712
155.45707392610294
149.73246270262598
217.95854278453524
102.16485461508589
86.31457810225184
164.9185797013374
131.05205259634752
178.46704782345293
213.87327754063315
356.77629909824327
336.9623016577407
173.36384819953741
66.68821165928811
132.6411184564254
198.9644665345064
96.23437150037753
204.38989185516766
123.6233925802777
254.74245095959782
92.98531525554918
73.78233002726427
191.83783437637388
214.19367203003256
318.8585244210042
205.00006227008345
56.722506641586406
309.4804860108781
201.87976051245454
1.7218552519437647
333.2441699587693
191.64242222789875
175.6194022385801
355.9889514286476
326.2527546957683
337.5011889056362
251.96610819447602
167.88131431501395
84.40813679816536
352.49997464609083
224.23456028912588
253.9749301087677
212.95280702125254
193.2815153150638
91.66201727751144
149.00717241450067
280.2932934720814
30.40168967493552
123.28524377058314
53.539687609149034
213.69671357226952
100.29576867266255
173.3978715167284
320.72525925510126
23.85603727318571
127.38638840734285
15.194644515212955
210.83537868385991
288.3570576488178
120.67199598924104
9.559408798051289
358.392307978087
119.8469178818759
182.21846613886598
129.96239547365423
160.98868839696252
355.3419814977331
21.93416878076198
194.89644828749664
131.4465293945725
315.99382421373554
280.9483407423424
246.49177634235295
54.70516546423805
243.7851344120024
297.3090574828054
45.342646449582766
265.4510674696357
224.03112062663965
279.5947839485195
26.256319342351272
273.9412821156757
332.509983876097
355.36873814783314
344.7762050891742
225.90119370287738
87.48494858111295
45.1345006199383
339.852183615776
176.4129011779106
36.08570587329597
47.003232963126266
207.60888229563128
353.8502120168294
180.71346227093852
356.8880268122787
359.4580272332308
282.92624158718354
317.48988318803185
334.80359233114837
53.80114726176962
216.87212995095112
193.93389643666708
303.11944174497097
204.5841765428735
337.44529874773497
180.62435187077477
153.5790120568114
45.38351728718554
261.5737420077542
322.3986857742574
51.829132454137785
134.80436668263246
32.76433573235496
224.2378180308495
248.9769685651118
183.42808907735466
115.15447877333966
301.8126847921141
268.7439627357001
259.7272088151854
312.84445778551014
355.0520060748124
266.7232419579106
357.08918924547
79.98613507398608
296.3470005741723
172.02550278215793
79.40076392390984
114.03412721945779
251.20761720760157
207.1761676490412
306.2369078185311
183.41973886666545
146.53206589186684
35.69246925233264
221.10232568259022
228.7788845631485
150.26936421268647
265.78980053544024
266.5441419112527
336.585669109747
106.99993510043028
157.86539247343887
36.463465840869816
43.691814524135424
320.8115092140394
270.3133286907712
174.84826188067396
240.12050527615182
125.98978651988836
313.6698245075341
174.70382239186853
300.28048836561646
90.86512157557506
321.6797153016557
19.864400604061125
144.5280403002835
130.18876762773124
72.70506658671945
184.9098870743269
356.5306334914624
260.9415995584673
231.6472669567347
262.3235260704498
0.8529785090595159
262.6431723104382
105.15981976883508
92.55726798597944
322.4898504280421
178.06378946172723
238.21094371873278
217.93105570262753
206.15349307981737
85.19133139025938
3.0459132503189785
162.9932870036378
135.70330854719947
174.05585478562364
183.0188224394661
73.13583636194782
113.77947597239059
198.24328967606473
235.56620645526723
283.4619650950623
107.71201221610565
128.20379184619532
178.1944067512934
144.88546446744692
77.35753623170612
1.5058065763542046
7.874405442985085
342.64375617675853
255.76693724282396
9.326670534520249
207.87429059035614
121.61754158663433
146.63367098019802
110.49317167033905
41.63549792770048
356.16385860493875
320.57524963367456
312.45873215870813
210.36337411812175
288.9896123039966
79.96609576837979
328.1940670014239
334.94182066274425
303.9565506683736
49.68015996339257
249.72420182430594
123.27232483217769
358.3711802730783
328.07805082216197
213.71668557684646
48.76532570446852
88.2582944298179
221.25659784725184
43.89724839305188
37.69134927523671
253.28034947856665
32.13018792875188
236.47421122245413
85.93351025129128
170.50191603355825
30.620564258708654
256.88629404198775
350.07663197843294
166.2697673328793
281.40281762712186
141.60769383518056
247.03849198841843
221.4927439547646
311.3127913279953
325.6357252983318
206.45639954037307
282.73094256371604
158.14412805148305
253.24958337167678
337.86877743132317
120.2207177398284
290.4915336043019
271.6557753753532
171.11341718691526
122.79392957978345
133.03991589795564
229.434287635972
18.79163940355706
134.8255381416042
319.41935539961764
39.97581893799702
350.437689648672
295.40438939107963
76.9848403294434
22.008431938005614
100.56468412652605
26.2057899660766
297.452696903628
112.72773868942372
114.0982313448528
150.9213873804911
265.35242879502795
160.58455422442177
47.77980875830912
268.55164965264487
135.06275637972908
202.99474323557487
97.0440847542933
319.5459501448106
15.883686302916406
51.2884246444007
127.46666079247754
118.33479403738764
186.8939921620791
167.85385917820904
75.00995953772085
279.1782924649359
291.6433835728414
15.677518225361139
92.64458867773816
217.71044381674773
262.912009820348
199.27958115250436
209.5313514781591
325.8269036649467
209.24174833403973
113.00398606466642
44.771632984461775
4.766158307785368
105.66981744670919
321.74300285986897
287.9459290114675
129.84803771560252
286.1582270588588
158.82755474962775
185.63029902360546
262.2661965206894
34.79697393459468
47.28635399551572
250.84252322516028
225.51085261667617
69.43377053997918
144.74810088472788
102.86900532062464
232.1973092737143
235.8305089435588
55.46759824844977
280.5499657514354
117.04327198239633
144.99649883972813
110.88772339789621
130.3543964723957
146.7074832769255
165.1269804078512
82.08978854657065
242.67671777034948
194.89473855353907
344.4118498579777
198.18178365058444
296.56524082774934
89.30501389456464
53.793892597161665
138.63174610351166
276.5393163280327
57.55935751001756
307.8529916090503
200.62015265610242
245.64933004429287
71.33101662889166
338.8581948639749
205.10811869181424
132.59747554707386
269.427663428284
220.4100189661752
137.42519005985034
247.16486221866418
269.0821702573142
80.96237702196802
45.5575332428723
110.71508439647644
190.94914936054084
296.6705016101761
8.538913911441407
291.6903667036007
183.95614266970375
167.77093097551676
345.282466267634
10.02147319825943
197.3379739899639
340.6264740838022
63.3819944118334
178.27690915459124
329.65624371659374
93.03062511068651
170.20765864002973
354.0139635184253
334.5947453339488
295.1299479188203
174.32990165003628
236.9956546513602
112.11249768632219
284.4333585891551
172.32544479690276
346.94891076384584
29.13436003822991
77.5352622588438
219.02901413088568
212.55581054447268
132.0153306433407
276.2662978402195
107.32494755031489
357.9272541589198
144.00853462579883
1.4731208068328525
42.41908268646444
72.38429779198397
84.97695013656063
305.2079770597721
195.66135416294662
33.412069929690034
156.68751217093063
246.3442002143975
81.43961885501841
276.45670256492366
24.685013242257178
107.50883961829747
167.27708871342924
158.26517686239174
349.11368856615024
279.79806800846745
39.904260997635504
355.78227708015123
128.79277207673007
82.29999585773902
178.53784018020067
133.42819106191243
220.99775139157592
116.64782848648782
19.687905003248098
305.23309314614414
82.77604141040213
23.539841434964753
198.0569641581509
173.38606666808596
162.11864282478723
273.7536618280232
244.77099625059327
289.0885521596109
341.08237749688385
245.6325699557202
198.51286811847513
331.81989679217116
158.35726768078658
97.08466559922034
342.7932232917363
321.8327349866867
20.986181281828234
109.00952843597399
177.45578035225333
196.00267901536006
66.17261699778695
332.94207623779135
260.89007977719234
55.79197343138476
286.4530405160179
275.3171394633172
3.700378497831813
359.0836075930059
0.8356920409448054
211.39722182297947
117.0161852321508
60.984833840575156
303.01633187065704
309.74053884527524
178.13552630349415
115.14223927601786
167.004699707231
48.19773062799929
12.075092365560867
267.96698657404755
13.503588786631937
227.1421811440878
85.96641500994302
21.26673232474241
282.9537417057799
20.00938329960034
339.9794168692654
274.28153522388834
251.37924964930534
247.14395315554265
175.09974326427437
183.63186783217816
18.34675524177029
132.3761306974331
359.19783986136486
136.29640685764682
167.8206226060752
47.20836301843426
328.42013394251245
95.22849966063197
247.56776130333833
283.5996428337345
264.41484534230466
145.52651367880645
357.69805804213763
138.58071468640875
355.26337426267764
145.86047704364768
309.51985402394666
228.9297566178867
95.48405895934678
184.24666212090594
215.76101006144302
36.25350502185278
208.3077662443381
216.317698873759
203.02257783473593
253.79590009206674
138.08379790169897
50.756119727449104
236.7902110711417
3.5296788514515485
32.444185742618494
323.26483489271646
221.24539544567006
114.62741648272393
120.41440220204917
138.94695363683317
213.45531346888524
351.4442835353091
5.241860279204582
30.88212557602985
21.480843500808188
25.073079925855343
274.1929101071904
355.0481695337855
101.42173015675925
120.65738108355391
226.7161253994293
214.82226430289128
296.80831377787894
149.2950865108672
18.730007113042586
128.2455987348911
301.42425961962147
196.01671353855096
28.56812758677509
331.3284171537355
168.9304065944637
319.01332554341485
309.72678907574607
133.53697637698204
211.50910001136776
8.316717887737664
239.41052467021123
116.74300798512724
266.967939544385
159.47256585984005
24.139711100557054
193.02823211165233
290.9507339731327
120.96120968706623
213.87441804352306
187.0290679963655
80.84415636758253
34.8761030744508
163.36409422699506
5.344569686983401
190.83642337053956
58.406820500190285
171.1905905822826
256.6039456034736
94.37276035912572
137.67777341254188
60.85858641578835
99.91231855029744
327.57385801255737
71.22473291943052
304.60503427193316
307.92083873445796
101.012081122255
59.61789793884232
222.56977022355704
290.1312949216001
178.54404395846817
337.88617672580557
142.74202347472172
109.66145378498864
130.84365411462838
328.26469598377344
239.91965485141083
242.1664611823762
29.359705581400537
60.76348252974487
128.72858450606734
236.50011214637684
14.349574249494369
104.81668274560289
20.677756852698153
20.79700535096524
164.71004835872583
163.46512242021015
77.50077937597094
301.42534247694044
229.10678603495114
207.3023350501519
273.53988510990075
303.4157732205116
184.8937368390791
304.24660679587237
292.17164240197826
332.2230496502984
192.84380597035863
167.7634562205988
208.88981541443798
333.21441183201625
307.5821310741801
55.231185772393
53.88466880058526
352.5694277640027
350.918281005346
136.9166018033507
300.58919244734443
246.4506228872834
215.2548397675337
107.74206823466051
90.59268950745302
228.864981110073
153.52065556661094
259.97360456755365
24.161047103410073
103.75252775275366
99.66041668470027
315.10436218249777
290.3256088278621
150.7887419894752
2.61770498572733
244.39224977314626
27.060290570654164
110.7201062301175
262.28563132373176
334.27350792346954
170.47875164992234
48.11889772696584
269.0193897447966
341.1704554869738
81.62838254347938
171.94726961712817
27.06533071002268
182.6211606102697
46.26874785436066
31.703866016821824
93.04562554976829
12.237867935822903
59.19039900405852
57.663710061085865
136.5589595208677
234.42092931160434
348.104583974559
291.0451537077642
150.34177500923428
130.92589262525874
74.67845136857794
119.1783288317201
80.40759859694003
125.17947444722464
250.45346048677752
304.9306533200252
89.95564235817865
258.22629033169517
348.0050535509054
24.50413629311337
329.4759488473671
205.96153680996252
157.40624386805715
3.5628504529353333
127.88885549106854
320.0546820940823
346.1603317755949
343.12628615375684
85.01985614445958
103.6030974466563
305.7948547505873
142.17500932826042
294.485181117871
298.1477691661813
214.21376434191004
122.79571644349569
318.0949096614523
23.733348892366948
341.58323910671993
296.6164023491869
204.44329028350325
86.72902731571476
264.4633922383952
214.57520897575756
260.4977551128569
70.26500768339845
292.23513848808904
7.55663421975573
174.91406785915433
7.287574590552883
354.8487913609154
16.536227570610254
302.01105911241706
194.92474370351755
256.6024725182545
324.86157345492506
243.72338688341938
294.86944861591644
111.16088708013638
210.44655900445525
46.45174436759604
161.9652079674103
246.071134826096
172.31118883434561
84.9737919785489
212.06482082787792
59.92589458705284
50.1054186440699
223.56926192122026
285.76089027738936
183.2396616619734
17.658039005684024
37.45794193616693
323.2995590398796
145.43019392958388
162.38090988147434
166.8052167717464
134.57725966534707
347.48689439313273
125.17375901851047
159.35960153471808
65.95359112418535
204.96437347674816
190.64635366894626
269.4493048145218
255.2214419670955
204.4866549750436
116.47992803652234
242.14756331640618
273.713394058647
256.62446560666075
339.2628615440549
138.53300588641955
356.1441852753216
172.96531152916359
284.25441210539617
109.89376631550408
305.8111336011219
329.48704929446404
187.59808269734506
229.4678358217827
201.02041776542475
144.5472582334069
299.40976849157875
93.84411287837364
191.63529813067282
239.54778953367372
145.31727944760806
26.48455850178079
349.32018602610395
126.88519028864846
87.29788323835695
306.4526935952268
57.47756104982959
85.90729165216703
226.18006160534483
268.65534583904423
299.6705594463163
150.8188934169813
37.34436137058616
298.1105311897602
271.6145629846288
6.381746183601624
287.9699808850914
345.6383823556578
202.8565463169091
46.57581511860672
127.00746740416729
250.99431631121212
206.2617797067679
57.34834174249764
356.5770495870292
330.7902080234619
355.2822997336541
163.47795542811267
267.2760714550645
145.20204280256445
266.9548177174699
321.9728519920945
177.83515496611693
327.0065842692989
218.37308289479526
108.08903424959938
248.96778383260903
264.3132837628602
315.82942223043364
152.4479000986755
240.5562893022235
357.8298239370917
119.39161760234684
193.15851263582098
244.9764503212684
71.55975815096568
337.42351044578317
282.5209024912686
163.97982587801667
119.1503575593936
351.7071676860987
4.682322600333159
322.1509223614797
205.6723435988646
81.58677310643381
14.239594210643387
187.59894373304593
326.70339837078023
294.75878244395545
133.72462949208438
49.913248967987656
160.45396291868468
194.74228323482274
182.13235041651885
314.88249855798335
153.0876075306789
258.68103122759396
160.99306317557665
140.3386029816615
235.4111109610866
276.1982067216446
140.73794262041054
274.3218353832904
46.773986464629424
350.9939741443907
87.43248524885568
88.65722338353108
243.66282727120185
324.8330207780017
327.4294434470409
33.47314663513616
13.605922918227078
278.27292272536926
157.72992819381082
39.00010857526211
49.543554615331146
348.93856216291266
327.0948498028391
353.3772338303796
8.207050320569097
21.36367525378605
200.86587002337114
18.026262357807905
168.68609800623796
73.60466915648516
88.38504517331837
287.2315547703291
16.942081102924796
308.7575170486359
172.5060666800406
270.6686367788277
17.54752954348656
145.0901113862838
65.08644121980626
192.02437358247167
113.97796114047313
5.220360320532022
75.19467342786993
248.66279064127679
118.83515693328692
15.191983497149053
331.39185944375635
92.89818843412917
152.01253849671832
68.48976514161762
327.5316491275917
90.36968215052688
77.1244410700292
324.97222611038626
40.49642827617865
128.46513990510232
151.49678696668798
263.7899014258343
349.30310850626387
309.46094525874
303.5375320373762
5.912755022794229
208.3187444921114
6.1613113926781775
143.9743886263728
199.61718498464947
293.9067258547069
303.69323020943665
216.07940659377076
270.24781463209416
286.8877432302001
322.4128199677855
9.49159684813997
187.5289753238161
97.61112063848884
35.58190124728718
29.884597395738094
282.7380465036781
270.6519823852551
38.5457445818281
225.5439841623449
216.32456087657056
318.8752753798934
6.122575798228778
249.278755982456
311.25045893412624
159.76329601364264
253.51837349550993
184.5007737098489
274.0035960019695
293.2388262276518
215.55138876868938
292.2784601332909
335.8565659820146
342.8029912362074
120.16699084393977
290.8290356885626
23.72518633369566
293.7950802661561
164.4021088537422
220.26649118565635
315.3899261747737
285.8637413295127
339.7019621773888
273.7913446839528
115.56857789405429
294.7088325442531
215.91120251416396
354.32265221578524
21.397293706860854
38.02247937144096
317.44617279486454
15.216703697622156
161.48776819704437
194.23241201726864
15.837839262297702
345.5466255031787
67.80272762904355
248.56865917497927
26.66688276492001
72.85742394134311
102.45155149756523
108.2871781974964
43.08535491079828
159.62847102669815
67.28197335364895
155.3213776390638
195.47482438748105
297.8866536183131
24.539950966304588
223.19441086346816
217.34099930571315
304.0536130399191
64.03770083640906
213.66641411847337
93.84806990373193
89.3092674381054
339.14944783717783
274.8264238404189
294.76293885040525
141.07393611343292
10.367148526842369
342.92051114034484
60.70792209191965
302.0341546251108
121.271935599809
23.66185480207668
219.88500124797008
49.51427929562539
92.72796073945385
10.158292186218874
20.532509038131835
294.4480431717307
166.29243488306335
156.10442172580662
221.0870505077579
165.34914163703885
292.7185094270722
357.82239090763596
344.94187525527195
167.67076293790498
187.73368030855144
93.71663181967057
20.729647061879813
210.31487835710533
178.53540238136114
295.1695206725119
61.23746501321143
84.39929055208353
272.45108459950694
27.709130263071792
227.66320466158587
196.3601870771923
220.2675344476664
193.11655249512916
116.6302564137981
115.90368457372841
144.17650453796648
130.29069922648438
239.20164472413532
152.94646460673434
174.81604334969498
28.7894017247412
0.5280623650583866
88.51996670767079
309.3862659058435
17.572130777257506
330.22508262961287
14.9632467184103
27.46363837885696
0.40746802531987797
96.17284157440172
103.09078419131987
150.7398352653115
79.31063736214325
149.9988423061565
275.6256004396574
57.4783085744075
6.169181565731865
324.6627936578619
254.7955273665562
161.1048570090241
249.83290046237732
109.597863714631
54.458660479656395
55.57855097206836
164.05107336437263
26.57993513033876
341.73112853035036
214.9823446009359
189.22816011181038
306.6373874454499
350.16581712744676
157.28188028030672
91.905170409166
349.7011554358387
126.96728450225149
350.03587790729773
117.22772971053168
156.27857719982472
4.610614300058861
23.507374818957572
232.52781089414242
237.80736931464463
23.65226807571276
282.44952569924817
158.71259903462746
296.212779630041
266.8185882170635
339.25659035851885
143.83406724049047
65.45671158241309
205.62440540175137
170.8101507631804
347.3978204155534
336.37967793173533
314.39328390014487
346.0051755794033
132.07840212231702
114.41940843290674
27.327359532127744
49.5386329439747
283.9145337194725
276.6522806051981
292.27831547510084
255.64319537397054
61.921368410190645
7.914070370776414
119.23807987319785
343.02217201521034
152.05468567525583
35.20356171673571
199.14548554943136
236.6943396128378
72.06316679162961
247.76355333664108
193.020601490056
265.7423495033809
175.82423757121256
351.5856903564353
354.3356463531558
271.5631013754723
108.25854125543395
137.39168607300894
10.048747278764885
19.36963202349721
98.72606131305251
158.74369981572482
30.584862508620468
357.25070142495605
41.18597112232843
166.12962568675715
82.88858019207109
71.71049540801243
38.53430035847167
21.684102165585813
202.67007794276716
56.98083653256652
341.55813814572525
301.07428315603113
102.87871323601448
43.9750941093094
265.67277691997157
269.2227321986868
40.6039057137523
91.34660184928264
354.6428931461998
341.34752053076846
278.3617026164745
248.6071166740492
233.25644902619544
332.3901337683837
156.07256917917576
347.6763178922778
352.9638117096833
293.87181657794474
323.52693439133185
58.03485479921045
256.3381586482252
285.7547264567296
105.68212008918984
126.2364011600635
280.2999818989021
259.71863264943033
143.04642154702753
237.44592411452342
318.1161658987074
87.5189212137762
304.73259446022206
265.7171397659034
14.244360386662185
144.4148696577032
298.48565662931327
348.2383033228985
12.968088293959287
154.13276094717875
89.74499340428787
245.5675329894754
290.149739975279
199.92834401464566
242.47864847315634
110.03745065213715
326.81696931445674
243.48491789971536
277.4117912992488
72.0377493605013
224.57955975121862
320.9652406557042
277.866111596392
315.9563895772713
297.44946299808095
27.45006873514705
113.87198240845278
276.06685092786176
74.98381419966613
219.69552093241091
238.7053716061486
230.67641744802492
27.087641786893773
113.66930254427002
188.82964440572223
76.63861222882433
11.775778399467242
152.18895289222348
322.68885124270224
334.16752762344186
352.1820632861424
344.1105960657804
161.36000050639183
176.93299419543817
284.5298031771624
133.08966994683865
157.8740758708943
249.78949743177267
85.7475142764702
229.6251920722383
223.76019491563378
236.83118004310188
294.7531768566766
34.15521646357251
311.2452618247537
200.06106536919887
244.26548027347525
79.02014158647057
234.7975211057056
79.78838134688232
53.24775696989395
115.31974182380634
244.27167284521
106.5188775450383
239.93775882929634
257.1959883691098
168.47650478415153
249.5134387180174
66.00839385429884
309.81343599224556
281.9591838063269
123.53006194070906
264.6508579514562
206.84186944211584
61.54932914167912
233.48574057595852
228.60367860769784
79.03749152972034
71.62811985034082
348.916894045809
336.21297817637895
340.03583445645705
172.08496121633547
3.275812133869193
353.0562601859781
271.43724575610395
110.64199121240019
39.92682674364086
353.25652988809856
1.5805194793541253
333.70371270042784
223.45971678082196
97.39237798031596
317.66429290857195
55.27548315934364
231.6326812033584
65.03487859310148
350.28554838123426
172.4390626293863
122.48789795728972
204.12172238316919
141.31966777424896
239.91450926486078
346.76825587894626
318.7834943263786
346.47828236929575
205.83056789139926
140.09865589828746
4.851242191085184
198.02855431599707
281.90821692899965
88.40854218821293
254.64396310508212
94.55425987850094
127.37372750582394
32.314744817614546
107.77885432657371
133.0121280566839
25.186816805986215
292.98563565245826
78.45796093062998
351.4526681065569
171.6829342490975
74.142975683771
308.9075537407119
251.29004048068697
114.11331554039013
254.6174694447798
323.2006922845997
215.25292021230482
35.901564349813476
170.68013693150098
48.19557395034476
65.05726887914822
169.7287598410597
352.5142168023983
191.91226477203355
106.7220522999304
333.9409585829473
105.61537772266593
240.69477166943864
225.90513234943705
90.39704201988144
214.6915530404596
38.80861979725061
150.42157781649664
95.77709100245065
294.10205536639
359.97754735875094
1.781222997122135
216.41716275036174
270.804748610792
57.290993108858714
139.86288855866184
250.48481565283427
171.20804947868245
266.86203946881074
246.51176774067946
248.13506894608082
67.47717743734465
214.0282387464557
174.1330792449788
138.98295293061432
229.27489470230378
294.9738275254537
3.193000451562052
154.4797081200019
263.5336601838724
200.50869824738018
324.7907443515209
346.6551800783303
128.0416011370304
25.58544314491606
239.47993178034142
262.87684829389303
335.10367673423525
166.82715113507433
155.47030281462284
134.69399070886263
237.5505673802603
35.15483552407565
36.081079541451246
290.44268951001555
113.51813980011529
334.0600650384869
358.9657761843854
111.36090717176896
277.66691168043695
353.59348258586715
92.39598854204694
232.14804023239236
205.31483603041352
82.89254871078829
210.97189182186565
303.4997170536408
70.07398617711168
281.7066178606106
15.653054213893368
121.16583323615198
242.09957287380797
321.0340007430535
181.8117337013733
79.3569068743009
207.80482837513802
270.97705398076016
118.68222565892026
115.04305364322617
243.68154559924383
34.37593875163636
313.87948981260934
175.3884812794481
202.595884700375
59.88744867745554
58.09273892717769
20.691709783031772
51.28761111430813
198.75564233906164
97.33574224374598
231.96060325981563
91.77704275680237
352.82138518369624
98.35393345670872
174.41443723546894
30.824333833160317
103.94625353857795
114.98815655182965
60.22564265089422
202.16717498050926
335.5209900588155
19.60725871989951
110.71818591156084
172.00207343038056
236.27070268091956
149.6100198004667
302.7102975102387
291.2679230645562
315.3684226215452
167.68584846488602
123.00433948589829
260.0802056706671
54.14470704025861
355.82403457197546
305.77325920964455
5.232626370752157
109.63653748477702
293.32253639000237
27.970044942780806
209.24895318953423
262.2911354745911
351.08276919218287
148.66053724421758
321.6089138286514
266.86521750973145
88.46300965229956
234.50559305850135
279.35110962997004
217.90580743257524
357.5082033816935
221.13038026905835
326.8415781168051
61.32477140383196
162.6003590652709
272.17906923815576
305.68526219918874
270.3049706840433
286.20100018429525
255.35951959083113
335.20897081195227
206.54040584524566
194.54313189178052
108.4633976634026
285.9861149771706
264.92358699845016
256.2980292998866
12.933769248626874
76.2917983031952
183.90878241371783
155.570160012143
323.4878146299109
358.50387313046355
214.1618372159305
127.01409880967496
302.26914853341617
74.64935715218674
66.25777343394755
180.06329910503632
49.79813862942219
255.28587647908472
111.79954376386561
308.2818925042007
167.78215867618482
93.01527216820575
61.18462357991805
150.62491447009793
20.10823546374368
1.8705999285025618
295.7618289329144
247.20245795617558
3.7767377424019566
69.35482671654705
2.889801203743493
147.95647797300558
71.58825007312217
6.1413446391712085
220.70768592230058
57.47844156722977
52.5480914814313
199.8880937150438
324.385055297029
46.95160808742568
115.07793185826652
91.667200248653
146.52916472738968
86.02152186706451
124.09458462457704
65.44270868220677
181.48063668513615
154.14271370498273
214.2873240835185
210.75910286005694
320.21135536999157
45.46793633074828
209.45838241105747
234.84784862821166
269.18762243300466
229.56900695962807
305.9676441624743
287.7126978069308
225.9125179398478
9.410750168521718
63.80978815553286
321.83409034921897
312.1752465969381
323.1904730265535
231.23666806870912
325.6822118298988
115.85783119570415
73.77991090722315
4.448923408635548
304.73875622694965
179.84988634212527
164.163930605122
250.19399959641646
170.0885489991429
177.95942924965493
27.268674993438065
154.2904612270108
103.79404302212748
351.72557070261337
92.78035833131597
108.50357004449305
331.99616472600513
204.02387765773193
128.57242136708447
179.28741725385183
241.9451568009485
134.7784171459805
148.14759788856085
138.20624420362645
156.0941490592116
274.49486034328135
205.65097602357076
2.278767120914205
179.29705241266652
94.24514477837626
32.0758883567814
159.00480627248533
57.59928425858934
297.34489798529626
331.56969616772085
44.596985284202006
192.25701642729612
154.8865861417047
314.84164620264517
147.07920589796487
159.2710117857205
112.10227462030761
180.65579622887861
258.35591506633085
56.132658431589704
273.3805597638141
106.79672921833824
56.30694760234357
323.12309524844875
151.09511998876425
168.3236579877752
97.48034328806386
75.30565762687972
143.0002674033135
302.55082959979984
120.86228282107149
38.48971976274181
345.0476760999003
321.1290058406812
223.31896523519598
33.86877600216675
147.05645419707812
271.6951794825061
190.12648135725797
26.861166164071413
150.89894881390185
123.55470677491894
249.11762214377643
313.2046357426487
290.46588642226544
147.893624683921
157.24531686501186
181.4990291976198
42.65047122456876
121.52663685828655
40.95586419940346
258.6032289222976
88.6872314826561
111.32090430605862
54.75667326777968
345.17624307435995
222.24622145261196
249.88943024765365
214.44413032078714
212.438599338523
21.976476712282924
3.0766092812928263
134.09668151530283
5.611284250025643
316.0506470057425
12.306869267311066
59.08546793635952
319.2320563222039
275.72529727511443
163.3807319976866
105.46797898286161
204.53160796399519
13.288237130332899
127.36308134637184
306.8043809231886
137.75971894279152
252.15558221197287
96.46147441138889
208.74124127160158
224.01027430759214
1.4540693520650831
349.6217958041509
274.1048090220577
128.2938864806232
98.81991621844075
67.71531002976211
29.127569327181277
355.9496377196413
244.96465847806317
94.50080242118786
359.75742485532174
176.27205162503054
139.7962038113729
332.316812469341
221.44287492352058
80.28893496123116
52.450052395521475
154.19450964098644
210.26732052760215
228.2584185236043
213.99281727846036
337.40902355083733
271.18773686705407
82.12161780541817
238.18630075175057
304.4098162736804
60.9861115402977
160.13684469284442
133.49089654788983
173.68114064654122
102.93254550015395
105.03310729625831
285.08710172645164
153.85684513052405
243.50606911372563
313.79964333889103
292.38683149458035
129.974870138004
164.8641433359151
69.51704610314859
275.8119327365208
143.5585692963993
261.30091129012754
318.12353806621695
62.19307253551329
144.3499147582829
323.1347021371968
54.5519340376934
161.2076915242824
110.78374295701914
209.20545205439683
148.31674051773865
145.26858688922067
251.84692230033767
15.37983729119686
105.85177666325248
359.41789243808563
60.23389415345346
136.66222156750635
75.19226358477353
195.80718305089883
241.12002564553066
89.98008369392632
222.8690047789991
5.167821649462205
307.2348990616162
345.24030238146076
237.3024779077225
89.36278537607552
227.45392990857647
239.94358693445002
242.9669095231585
93.0611765219948
209.9123495764936
128.8473049172321
52.36671920109951
74.20928476818715
26.872776466586828
258.1707671948508
12.920417276188202
251.93377936730363
237.35036892323618
289.7096511757567
259.88570338804215
51.61202841010983
128.3089735867624
98.51658317802116
131.06419593492532
190.7515092983191
138.99352127703244
216.07908625325751
240.6179510775349
316.6288632639038
221.0279356870656
348.7298539391729
115.45989155334162
262.71219989886004
122.10184366632758
64.18198711774698
211.96444216724402
92.07762965433669
200.45429034145096
254.3349092444154
187.02728446901972
53.958092860041376
93.61232143920066
37.748518230864974
215.1525592766535
82.75756148863496
32.0607096877678
276.0030428273533
23.213810159963565
135.93205683369058
156.22924519191585
141.841819122053
303.7413105981546
307.09081103891634
115.41500802813096
184.7842539970516
199.49663930647276
15.99991017099041
60.05182208178704
9.382165904326806
272.37987955191176
33.30936302500014
126.30654923861499
289.5889881706675
271.5909943747644
223.81916720251
84.94063023379955
110.06325129741262
53.51833559378165
279.1022872386083
293.5980608020383
57.75275685364128
227.8565231029472
314.0382014066985
132.22172789442243
296.5641766045806
10.608523284931966
92.75897237514047
316.43879774911926
281.2771477519038
213.29879285325538
263.8749278915691
282.4777288343033
11.52192057163101
93.69314502142274
97.3634148886051
308.94111313777603
13.356982580103926
132.83140790656046
167.32416727302797
130.80498294044168
54.40721023947673
8.838589893139341
78.64706484314901
56.90773970764167
157.49887365200829
276.2019479155308
12.208018899082747
118.18674234911046
198.90312604540446
292.06826210633074
210.4703531627085
109.61116669254864
181.8222622816973
86.00557643327042
291.2819785325343
93.04976734681343
209.64111363706047
175.9864549623703
79.59524210144022
330.3595656008631
128.79990776964317
138.3844850390824
87.44407780712216
222.55783842476183
61.236337335310694
356.4769284618361
224.52162199459096
352.97049996623866
38.16370359010284
160.45008235919178
245.7313950951648
77.18548725217619
70.42411299415548
54.47013919247273
37.30246407628964
117.93541774470968
295.65318529560875
98.48171300083453
326.01309108098656
0.6968163213775939
294.39317926236885
104.78243175208723
77.6606946331434
204.60041279222204
73.24037679554083
117.87260402514961
62.651632855232656
252.35058517030458
109.576422870527
91.71725679083939
45.261044196322004
112.5668688564081
310.7958778553054
327.9964191553735
240.55452933052706
148.49667353328275
278.40908342657315
303.4534702317434
331.5152024205019
204.85728580246226
274.32896904058924
306.99717652640027
13.590429511510898
270.26240886986926
31.49483657874
156.83930515258572
64.14753380865834
48.52211082577037
193.99950165487863
353.8071056242032
224.11850376313248
88.13689142960375
239.11844934006473
356.7798938973386
262.1877663149991
161.7105943114738
171.1573373751114
300.2243178872308
184.26415180985444
233.60539856180614
49.04427320977908
251.8074829960437
58.41388863794587
260.3435303165695
24.78654062258722
354.57778376371385
349.72693740906817
130.90216139893417
47.80900118269586
220.44715034356582
224.06121151639297
217.61372786987246
152.84742066109342
346.70627430041645
129.81990746641307
76.45306652293507
151.4883738059138
296.01400761397434
290.7602128786087
127.92679410074238
298.7998224026763
245.95496362308666
239.8405167481613
14.978825666176217
183.8042032423763
236.9639110238601
345.06210023287326
44.84658380885056
176.95611354258588
251.93658069269853
27.791618487942497
136.03699128139468
84.56223890539457
24.23155995718818
231.6687519007925
280.28435250093474
165.6136948652736
225.4050602982602
304.8617208124537
24.093990514030285
119.91236511085177
246.63489454604775
190.05413716861807
359.39578671895725
292.32465959651677
291.77332311813785
190.78846321873175
133.49791014321343
246.30065475730075
86.750008880203
75.17821075522612
329.35413852873654
202.72404770010323
83.09811996635385
223.60919749787755
353.04439713435244
276.12679832339506
195.87384654557172
189.06195867535942
318.82799128894055
324.27407427633045
357.28145363797006
315.1642735997668
44.826111988925604
153.86151830117578
293.60283850643555
72.36623114997673
226.09145939376214
67.44675265697698
124.62542802395136
259.5151585091642
168.65444442601174
159.1059702799561
293.9749414242022
335.4459855227385
112.04923142320702
211.67110089670453
345.07164739789704
51.10361988505118
303.3833064603136
66.82088321946722
14.552149515783073
318.44700289426163
299.47455781189404
61.56335149410752
101.46409076474124
179.77675350150167
231.36490722131416
304.21887822595517
6.40469481446386
312.42284188478953
69.59816642504329
272.11839251541016
219.37919423000565
121.94490047338988
215.2295561279457
188.63788729141166
206.49862129999246
290.8397318664651
54.14318249084321
330.97961182648766
220.26126511924642
167.74050362682635
30.289257702822145
152.56563167053704
113.75306235237825
13.79599925368897
156.91090854666
233.93269151085215
238.5095464645339
333.12771362921075
152.41481485666432
191.15118671907015
302.74997873111914
354.37279812639474
322.94136966632783
187.82724826844853
46.601596667014775
106.02182484114523
261.3755034699478
92.49497607222114
7.471230002869394
180.20409573092695
290.4211080867429
324.0821092339918
198.068038968669
41.38712151431944
61.87679614560281
191.64095378280237
324.15708902046043
102.07114954082893
240.4769560890543
103.09017278075359
76.60275995522363
352.0904154066284
33.48335351596082
324.04371819095525
69.4061047679604
99.73824437399722
100.39894900871255
354.65022362391073
264.26324739534016
158.99953660307003
100.21793381822559
60.0700483379906
251.55953483639797
205.47533524417895
76.5675081002183
68.89560201324065
19.24491327446905
263.4615849369699
44.411670930015845
252.63195263031992
296.98727569522214
346.6914515635505
19.760179461070095
316.660118729983
45.15002374194886
96.76253814044836
7.938928218854879
36.42215641703575
305.76679574314085
42.225822195671114
7.291042988238606
298.0271446465418
127.80361049328432
166.96359890659008
168.53431741455466
137.7038954295497
19.999536716750477
192.19601233750834
239.15553207396758
172.55414294097125
188.45527788335318
281.40872344197356
266.6171117366432
95.27493882764223
197.67032508503993
308.68144751628535
57.952161947486154
156.51083525176023
198.19361536111563
266.28362651026384
35.81616448793225
230.7087038716615
48.60062997416979
344.78145359311833
190.47795014231824
267.45423629085263
334.41415237703075
224.49501511477587
90.19913062226198
64.93150212937209
359.436342805381
349.58207857103315
85.6482176747386
89.81733207317795
271.1681242387641
20.065507332764774
12.578351470303183
27.675722517030625
163.15981775896478
226.56052637627974
194.37808710659917
266.39853983253397
59.41650435927444
303.7311448261234
173.00989865800145
297.14271471080747
286.53821581748537
106.59534313170631
159.77801886695988
327.9290536292452
144.42061567790608
173.25968219522449
135.37647591097357
222.64541061598086
324.9788227272652
229.90572102108368
143.89699054719864
110.72034318810762
84.0687272082837
294.61966604365495
236.9660330706693
120.94318877689443
164.58379278973527
310.8856602265558
71.57586466501826
47.39802330607616
156.1350903727607
50.9615403412963
327.60107961299474
219.68577617661364
32.154174960863294
223.8668947951043
128.2160534113031
197.67381288699244
133.03166410633966
71.43685195464619
75.5052535431489
255.36207352590176
110.66456275343877
3.3092860586264843
171.36813563736695
44.09710337703499
241.02621466409673
286.81339435065155
109.34578654785564
282.0761114760337
313.9318136799526
2.2541041124584593
174.68575193607683
157.47736484322724
305.055220413912
284.6778977097413
37.38637047226538
256.45380087500547
308.97899418793975
101.80897327274775
17.56739988259057
43.25709944569808
33.65167344979229
134.32454951373313
327.1684128942466
84.62075021124585
12.107831826291772
16.592881360599268
63.76675242358948
347.0531722645752
16.90137041165428
292.64136438886345
89.45076772956044
108.800913788847
95.62228731985199
92.1162501904136
156.75896628756112
81.4807189976253
254.27199825377392
314.7959970753667
328.0223817156624
288.573910193045
60.78109586434167
339.0795830343046
70.96032922121472
34.372553925141986
112.37751934086988
214.2436980572771
262.0893322236682
108.78415908572417
12.747435142100425
206.93377897698545
352.18533152007905
75.32693119964628
135.53913493163142
144.27350358714315
160.66998599004472
150.3626692341263
164.13900003940014
74.1538363732916
79.36510443402432
353.8786328891346
154.53896477162567
251.9494282361711
168.95770633464548
157.75498620149708
30.67199010366835
32.11550107129351
128.05162534348872
317.3408175898897
223.80268287385778
327.33728703166247
310.239070676144
190.82597459890292
297.860764493113
148.5430085052728
289.48829233176775
315.927508050188
293.46328765381446
241.38324672291603
27.485284600254516
79.3343285820354
269.1056502568763
244.52506263768606
140.79172125907388
283.0985305183475
48.379668829949466
66.63289094592687
44.85359860901333
143.01882738735065
232.94013703493565
277.66556968613526
74.74332936612505
73.22918781266044
150.5324625455364
236.11952914849144
120.91558840640953
63.46621963082271
38.64480636182464
91.96143869402852
18.26595413424687
2.312640622892519
342.8647304810892
253.82311130720214
202.08769167150584
251.7608110808495
215.1895673324428
121.06954211203481
274.5267134797021
359.8926884957832
69.51636022979247
85.16388855973283
179.7096492655643
91.44848586656805
150.93541093828966
322.3624985492747
197.4852527199493
186.27647773839422
97.60145439861525
217.4418051137814
314.7072474249628
191.73689850637757
178.91479825422692
295.11408646687244
208.6839626816188
276.7934099100683
33.5121863742274
98.51966750836779
67.97786814866436
79.26554256952343
244.86727790583777
201.4429081283853
245.73615961341764
299.11237311464583
108.98041030151786
211.72535675450746
233.18201690956488
237.771102032249
20.11519041419405
42.257836363244614
4.0985739865740864
212.83730082718796
5.624603569122493
108.92870158028708
118.01273551373316
11.41452585383892
312.35066010157345
188.56901552663405
188.40201581567774
147.51879086145263
296.24378933337374
172.491820304109
336.1699071439785
72.70131058336911
212.03455336790657
41.08950275129341
141.89419474721507
307.63801065832837
294.8010601313361
251.7856212801291
347.73104938378845
113.92084048654202
94.18397530847395
63.42866194630428
307.1853336164608
303.9559720300645
2.297154073163446
202.893387517473
31.825896935982954
294.8844414664576
187.6950622157365
270.9407866550774
313.1405712270734
81.49166427863105
80.78917740040158
141.69154010818218
322.9489419382683
226.32961751398426
311.6892441610026
242.8290537127511
92.75223056461128
288.7245277614676
335.78308997175657
233.66163878603365
233.92040499673735
1.622522607503976
332.7861316658337
171.2512790087913
262.08189642103935
165.52236483821844
197.95443416803516
349.1957412977681
286.93793302524165
237.5918683088639
199.86688442282343
166.29752144277998
205.27430229885925
346.23575244584515
211.97190053544742
213.72093862102022
323.64590191196515
97.42991671392092
206.8333056160088
346.7935894467708
216.7233991053258
71.1505362868277
260.713570559796
100.62495803482561
320.09852620459895
303.334933471111
233.72143519957467
211.98256499469787
252.79057882359345
24.02459885591801
153.12213452903802
85.59310673531724
49.26150843539697
72.16946819374145
358.967344166599
168.73080341066353
240.40863311338043
314.1823859947589
235.10892854673543
155.38367182987804
319.041625879411
134.79655336245244
210.31546579098162
86.83461893499266
6.162196796800517
250.51219714634874
107.5277032458389
120.7162586640579
164.0155795781316
238.95218748200088
197.56813131387372
191.17523464763346
264.9118823659142
313.5570176381677
249.19597148909006
270.27528678883675
227.54011169334223
132.57785225348894
98.49006339198652
302.1384426722104
59.23618732041264
342.39577412797723
0.7419261383286598
267.2990763311417
20.2019027264576
200.53552418276794
127.98553517295036
20.391497856865012
15.471801471535787
244.30496613770347
77.21068822767836
284.4337255020976
246.45292230921086
43.3562856733677
218.89920266975486
292.07667068219143
22.49417761140389
3.4608790089927908
225.87074453273138
235.080730722316
172.1085404114001
57.514183917867854
205.11385892982932
22.077070915594934
88.72491557939775
339.88793211475837
137.10275105423636
263.92273607996424
317.38430222380293
57.08284080981496
221.29173352966114
6.523555403794123
177.38417615979154
275.0494100485975
194.2245715709806
350.1313179236995
340.70950365225036
116.37137093441218
205.0920209989735
297.4230254193213
98.70582892831258
220.60681796749932
68.34327730402535
153.032470621605
90.8278595487644
116.872580026753
62.367821206829795
124.85742392196441
153.26342533745083
204.90699711810365
187.87136641421864
272.240953524994
340.9344096452913
296.10281759990465
62.305427988289466
18.01850819557475
117.12807647736483
118.67744862439265
204.59553381198538
259.17511352921235
296.09028597566754
98.55166437076764
352.42776489069524
321.3917025589431
294.07570320885753
128.874563824917
130.60570561613363
8.679339712560836
321.94095060669065
98.24415673477043
208.03469280318603
259.8723959214341
105.12430181606034
247.25152394508717
279.50177717580766
25.12172931057835
267.1748708149422
23.34091445792915
116.51503705998054
260.28091112542825
27.386517192322604
269.7412050384225
283.9833444621134
32.02717565393436
324.1229908085836
246.76756350308028
173.67140783431498
150.8663929727516
163.79119073746668
304.6647373940718
343.6516266020245
109.68786759562445
275.88023948709053
129.1659477111646
328.14818677775855
218.65242122635345
6.226436428294241
234.26200437241587
11.093112230634555
357.94792215942266
213.96386961183617
177.36418718068384
286.09014713874336
313.50103833929177
345.2907581735318
248.18206143267142
320.53608532083456
296.9977698754679
267.7155814537492
127.79079181680495
263.60114428709744
271.9523072137004
4.194925807317044
48.70004741463269
176.13990101457128
344.27828621343923
195.9073888243919
11.02779106280395
20.880819653774005
289.20516761698656
313.7140844279332
181.67741906134862
88.05421089156063
58.273085848819356
119.13566508597536
109.86061760390591
74.58974068364141
325.2627228052945
146.14353003184127
197.25182697003316
117.30182816114122
193.33726480437736
227.85519556691557
284.46696651344206
138.03907299643373
226.25936736286098
281.2353367979041
149.15479654728034
259.63843357857564
350.4319493363389
66.0353858525823
226.0381028121054
69.41755497753972
256.6395778402618
151.9490671023853
192.61849231188012
182.27479524071546
127.79799988011878
302.99988832839006
259.71461226047154
190.69347944018125
192.90926227107505
200.42551598214197
234.99655531879114
97.68858587032437
268.8050868807262
135.2249298479609
303.4034221189419
345.1714416751944
153.40864402104816
287.8238487813594
197.34840421836697
201.2483041288249
274.57069152434934
140.12228062448918
92.74212341434206
125.90799923347868
226.02805899158616
201.276770322171
345.01917883308937
99.10886501154378
157.9377439566484
288.10957206891965
92.09671153306437
201.01649008663443
34.37119664934259
302.30372767831125
16.7728505302261
39.32009044870803
313.15632938407185
139.51361684909392
183.7576258046046
356.6634012175765
8.801916709480803
25.398070729616208
308.6177090859011
215.58886066256096
34.71540019233486
136.81568863088643
185.52126873755017
67.98057528285831
354.5751067641537
142.77417442115737
232.1192981220368
329.53622425525924
7.3523901444364625
160.3351613468771
193.29179646393843
52.98975114886762
359.78825062812916
151.62408824885247
192.40537791313926
77.36737984858823
278.3100774961365
312.6681513399064
120.31906351568222
93.47596800394359
40.76879633856327
134.68240832267202
323.77633836253665
225.21716233504074
213.2021563532926
179.68324942938577
313.9612544919838
95.9851508074491
348.4506142099832
211.4432641384911
110.40501536579167
80.58397701110005
278.32211846331603
314.4513272592407
134.19372382412135
31.709014744666042
34.534704633939754
105.7728336202747
133.47259168673628
248.12023415851527
337.746869362966
202.637596237796
69.10855943381351
228.17013539349972
209.80255818435856
83.79669664404298
293.83462482454115
169.938549049809
337.50774765006867
314.3090087368369
85.87399974492315
139.86063812109361
52.83616513411324
0.2593274618100947
245.4679423167523
123.31170751762275
212.59698700156068
295.6384315483687
24.26123498457342
75.63843283331303
282.0727698293649
1.5783647058293364
145.32584485333328
168.84664068638202
24.03289820327054
154.32084558884418
36.14176623726888
267.47285332333183
274.00333476300443
143.8325332430027
282.27114929560815
232.64080141386827
209.68371605207628
58.849855702211826
11.417684618360747
247.19300839067682
96.95764048861632
122.88023741298069
42.22419857538421
72.38250263365916
7.399141906448183
237.23532145035492
117.2317316262189
288.7764097587482
76.87853800438731
241.4085391104458
133.39562755413834
250.94927714695808
327.292170858806
50.22286010153672
208.20948528902235
6.027136958978899
181.36843992422422
58.915393547195315
127.36708020703313
120.93078499316354
201.56205400266015
77.78661372103642
306.8806706963634
229.62775859035332
93.00211283645184
123.99276260489252
55.44996469905329
359.4010548578521
219.9134350613617
19.076954007581165
320.4006711754772
202.36479969801806
108.01547078783449
297.0373247899446
162.90301032326587
239.2920726446675
7.533870931972143
70.18842414175576
13.086256197949199
240.1770014293511
128.11276525096702
236.93838255023485
191.8585134194283
125.82742627708195
132.902966033476
28.48487031216468
211.52364312867263
251.30928611122883
60.33674814160366
6.9610460653669675
216.59860524178256
175.86563912540367
200.66562819847374
105.96692168291631
229.49719161538533
316.9925088613584
113.51620810956027
251.83437005347798
131.73942916519567
318.54429064525954
301.7118165474423
79.95394335047212
219.2082901843494
306.3288441688222
313.82111573581403
29.31146039938117
270.2828888094211
320.8401620961381
0.5684909631592072
62.05116627800274
277.4752720710981
247.03594674825314
256.38799785881355
6.076597307329122
202.6450071359328
50.74264062427597
330.4892701370991
287.77378307198705
312.66809996862173
182.56195483964677
295.90477262794764
46.28744966006316
264.8191773655625
83.87756446615421
281.602810758969
172.1920029440894
66.91365277888099
218.0763067770036
353.14277146279653
198.1655513227604
216.92824988325432
2.3792574723642317
19.990802992677338
136.23634495997598
32.74049899039779
34.544889393453666
246.46932068687852
217.41379529841382
104.15759784396883
197.17657666570625
208.64091599387325
268.8740870509786
91.38135349205496
257.11361587032934
213.69164341993837
18.89121679734411
332.38688189471543
326.0309312804784
69.83135075752317
231.4352520454208
182.4116112202075
318.18531639228655
52.282557637665036
34.135885654945625
141.421175067555
71.65040004936263
264.5636752532499
10.71405507602924
330.98240512596703
317.63615408138884
55.45716638453751
304.6965387750623
149.31977384936354
279.20072574565575
196.41620829506036
157.69775689399975
202.23611720312508
35.63460572508439
6.0990386095541345
211.33823040459896
47.785976768318655
47.26178147671403
334.52415986453036
233.15703432827655
64.85653691964501
262.4306736498088
253.71392011822823
311.81790039310374
143.4982954085088
291.3338329930451
238.76997278637785
50.770224907390784
104.15915285771854
29.72078596962232
294.6619339972965
259.31117436056013
114.00239800741036
22.995696978509326
261.4851868649915
228.12689412738044
194.44243097901284
251.65029232747048
131.13238294035455
87.85725129227633
338.3574840228142
26.924490771387546
324.61134355818734
73.35890265327492
158.62464414048375
169.62623714096702
166.9508767126591
82.18963221136777
237.79339651509542
266.721102222301
204.6902291985078
171.41451563498566
43.72023376928259
69.24300279373655
196.39212398433347
248.32261547178854
131.45071950116076
25.326996281957737
116.41641113911305
7.067327724342859
245.76103927065384
235.9258530334035
60.30390617570019
37.69097005593616
298.5425612925775
168.54023368235212
69.13395806223674
141.84259319716202
48.02077253765086
284.40766155692825
242.0381207587476
111.67115643290586
289.74225644156814
138.81260471772168
166.03936029680983
195.51534102041074
223.06041346344222
63.137176086112525
108.22955134159334
180.70959519339198
70.72880603545119
147.15368786109298
142.37377359773538
103.43606900942527
23.964379221770884
128.2092446416885
181.586451543238
75.41279671354872
113.66346811530968
160.6450210047542
257.2491586290968
207.0925952800518
300.14177239693873
67.79656960022892
130.27997661975473
313.3029699061538
51.428820010768874
105.20753588515359
83.79744458797305
238.46527686554117
333.9684750771005
126.85719650735584
26.04060555533648
146.25474757953342
60.424381914732514
82.28001057638271
334.7028919326053
325.06619219429496
323.4553917915044
338.4012964167378
127.68455368747586
189.05982625821156
92.05616318247387
153.61220155727986
94.51273936227311
326.7079921887218
210.17410440517935
63.509035273249644
296.1264845070773
108.03440879631829
224.7092739342879
295.67784330813583
111.82148372721628
126.1514133823438
64.0998264326458
62.577366280845695
233.72803038637383
7.674683783900212
90.87913752836786
36.60161413570169
282.23819007530767
342.03617731149205
91.98463293506411
349.2031389204426
138.5736878035569
50.05084388644332
130.2165499195398
171.97821720768613
204.57930230705233
67.1187295392975
216.01458799810158
240.48569980276497
288.65282419977785
69.9777596711979
72.38107266495498
318.58315584474263
357.69216625818103
155.78733180378393
13.933867122510495
26.74172835694095
245.80642990914419
277.2780365664417
27.840433351528826
179.0180438677925
41.22283975168842
313.3062102433058
169.26322016948313
237.4141727379761
12.20739349497929
219.7464833763427
208.68186350886265
156.3616011472695
302.133668968792
17.99803421656303
95.87084528170985
105.59784791073125
80.72497033493899
298.34436214378434
143.37790093751107
239.5338419505431
315.66004122525004
192.34523736205256
34.011156438471275
1.2445931146171052
337.4253521804114
126.99686593392286
311.29616537063924
265.4573004682097
132.37349937378266
327.9825894059601
3.0829501585871504
38.441348350351454
39.04337568025112
175.77188658054268
327.49180044567976
298.81319333487755
182.74014474757368
211.54473083064678
157.5219069727826
311.7007642979854
172.30685256660806
274.3854555119344
208.8022866279816
317.72876121426253
16.135508441213105
358.93329237694945
112.4392697155387
297.9359317774522
127.05454872165188
249.3911177956199
287.8114798541982
211.013990079145
305.6687377788061
71.46298514804664
251.29420661527593
241.46935351147096
102.67073386928178
317.53208660719713
33.52681288245784
76.64307536028026
68.15401544700528
190.63032828918506
285.2255530528764
53.36234900787091
172.23288516178758
272.29576996708556
304.5652744979521
301.23196812004767
11.634831095794237
315.6671024060432
239.45325915731797
83.52274712266794
38.405504924105955
322.27798448657575
35.66173296077196
80.41467901578602
80.27473766995243
44.50595136649105
248.55369849664683
118.63597177261359
316.01414623947016
110.94018284546576
57.92314585741435
142.32643746559972
349.4128050842215
162.7879654503275
329.6869021273574
97.77002638025452
340.55819909521415
146.99309466854393
306.0761033451678
81.29786301491234
153.81405205216012
49.20574126647638
214.9482730119164
231.58875178144558
100.47979340774742
351.7649170973092
176.5910574923651
273.96075956426506
293.0909351454377
208.16866565934765
268.1105331874741
250.14770176522384
138.75445307649258
41.73580989644692
308.92887698767703
239.71081434826982
103.58714056424111
119.86439603482138
299.90605464298955
301.89326744417735
180.79967982983166
43.45787600711581
42.16391799286953
339.2963689696549
92.37145260575122
181.09932706551183
285.47683812628054
223.01943939906465
12.938292124918188
288.7934920554687
320.68274474514175
259.6738027950123
317.50581698475975
119.84719196418826
174.78319165872597
266.75138871916994
27.929286691705165
319.87126971007666
121.59840338027026
117.3438122582724
193.5209603106863
233.94313107223647
138.6946088764077
101.19383407898654
104.35726989340039
269.5736855912171
341.58018385577327
331.61125992546374
335.58106936267444
94.21578820851511
19.40000228543076
264.76016060040513
116.9019252864416
277.12205152102416
322.34933729990905
348.5548797453189
169.36407250421902
271.0587125862407
137.69366467819006
326.80543093842664
275.7860508316709
189.74664404133094
259.531726825597
166.29546532806873
110.2689501681515
338.0860540793214
153.8184161709525
155.1400145863129
111.90830410366759
210.3283338963686
292.20583659072196
240.08022202405206
210.23885762506262
111.30151785787648
106.29534603732087
14.659672701621853
11.020891150722099
67.87804443508406
102.09122823115881
291.0446833464271
109.35690192214318
321.41714047020133
1.799105923465786
256.4333287542464
348.07382522269927
61.59130948950138
154.7923788770686
76.42683635942146
31.018867502367325
136.35800626252407
182.0778129029316
56.75863297159368
124.26713402781553
333.9021600806118
72.02703759259242
286.0403084303627
43.03289804967118
63.466790672973744
271.9875224145776
256.78734553323415
69.42341809438534
325.6750027248678
114.72400239541695
213.14857465981123
97.5203072264296
315.88766054110295
53.38305643718376
3.348668490059645
94.64078401642459
109.3966626133273
353.88082453623934
291.3988545410405
325.65010879990757
323.6309489787482
264.96857456399033
13.479909791949092
16.132925744041692
284.27116330073454
186.52607110844005
169.082398615951
333.4247750960336
203.44099925994706
59.06730058755246
230.52030774278057
116.2574495798255
60.74042163471801
55.502597987371146
286.57198432419455
129.1977032301898
301.2729109269264
37.09618130709693
4.873835853901567
102.66711759937331
282.5254055392242
35.417537128631864
240.05833980086982
356.1944879207704
24.434259190423344
334.10777464047334
226.46734994278185
190.6668639528297
358.0688025812901
276.04629418187994
204.6278655173577
262.6425381531614
224.8687211130606
152.73241634831498
232.761124270183
207.77501739186118
327.97469449627505
333.1023655672382
199.622965220509
124.39732313524273
236.85262968236032
21.827468410579392
325.52926126993674
230.778119767743
302.2536008928171
150.75712146581373
310.3787897638364
187.54685152113396
262.33721440417565
14.496959907351306
247.33090873740926
358.8093819341692
309.78285124057567
197.78615357422183
199.8182824809772
175.87480781855376
5.951957447308072
94.02676218693196
12.70439532374197
343.78025718550197
206.25095200240634
94.71832911680389
302.2866958186513
22.519269660738907
184.88846795024617
349.7166620054371
241.24894575086208
267.4486344257202
269.8035857610681
285.29119089758876
153.182756264992
127.98483411223336
166.41115742639613
293.00297512967614
149.99960679249256
231.65124886084118
222.60548699632557
100.79803820710444
299.439071324582
154.11483920942433
343.1351890861823
153.03434435416335
353.7624640547853
247.32371826567933
316.87032641814386
284.3779088245044
110.6169891095313
340.1007224983894
196.70508277183202
243.1336592876954
178.35034326701933
128.1927031674841
169.95230083387062
234.91757771828412
65.33893779947087
266.02509393397605
28.07657432742673
290.4847326051342
105.27791088585388
319.5114006936136
221.75388115426242
129.3158717726343
291.2687873912683
222.83065529878414
127.2548731929813
354.41422523496607
336.7069828448305
222.2213022134065
65.58857192269653
341.31420274834846
135.43191907689743
184.32526698511225
46.81086512857278
319.18322609020413
235.32805801810312
120.62494026314579
150.87012272459182
274.8039690465643
108.06978259051156
163.91044085357518
299.97282889936884
24.99169341095633
165.66276350008616
58.93536158643493
22.336784218278165
219.12764546871605
123.51220814983043
180.25633119182172
190.15900676522878
174.74467531623185
201.35318111141072
357.8401318313942
138.24618424687083
342.3044390128931
5.805621385764864
263.18495988501974
93.79808251896873
256.0318813007004
287.1056800138991
10.220407659808073
150.76420779228678
227.06595452855765
146.25457188274
357.1556920949734
211.18054263924873
320.0443055396148
29.83296296795628
319.448530573859
234.982182687163
158.26396352808706
234.31409582579212
28.60047671892169
9.182206638737714
287.60548392624725
36.72726541259796
95.66694905162505
326.4016790547364
144.71055766940722
354.83042618468835
184.1862690454789
331.37969822237676
337.6393267188897
350.18540187426566
83.304445330812
293.50340334230106
285.0965432808742
326.61905323421166
146.44462422265025
56.64412876902199
342.3060866834739
352.8787754716805
156.63093502190912
110.94456140307935
117.96952313408657
149.07246134771373
169.34586155659804
313.9000705835671
216.99611755048375
263.91762305674126
321.4423692915552
327.5739566044955
135.37361065662844
104.96371331425267
233.9848416250839
341.524759619188
256.1250252032171
93.82775998634327
138.7445326465223
293.6423939847956
71.17113151689944
19.346173822454205
3.9691812570637404
79.6877007211601
112.65272059485996
348.24169234402297
9.808522688877645
265.49807055569784
329.455461809493
295.0907605615522
105.51725372643136
141.15055390818213
312.9122097370913
285.7964417636493
82.69443088647179
52.23771653167965
160.38399592153613
243.41172663637553
6.101608119944295
199.75832609045625
26.971344825395875
311.34386371014824
284.6229029432646
78.49968826693612
273.35051422541113
278.43124538073204
172.6482329398573
239.29168483627575
229.53981874216095
314.0216148305021
28.375167394902032
43.984497895411145
104.13404859446698
351.3240949496345
35.57548429659808
141.96455299988983
333.4916910445637
145.7370803772471
100.56497968072435
30.33681349913386
352.1303348823979
160.37938392129107
315.098894830504
78.27757040131856
309.64650860766125
181.63922271604244
348.08132493741454
178.8408343087056
212.18127284130438
242.5761489919517
151.09837711357576
222.69776389746795
296.89461996073646
233.0562296430906
296.1739395325313
122.07065484760518
347.43813161610416
211.78562244761557
26.797504201175467
239.03983345115017
200.98206277458
224.57051404010997
310.3968123172475
255.9454514195128
97.32531973813597
309.6796722533373
213.94551387230104
35.853384360302144
21.535516738404443
124.58676309594158
26.795844734788304
106.45830264284393
67.36956781401982
69.66127642371008
235.75958197038915
353.32539179062815
197.86540140124302
354.1298965424616
342.96251086015957
15.91471194348622
98.80245294519816
237.44888914342462
235.31480479654974
228.09202754529286
272.6089243724999
231.158719329602
53.691911393393205
23.97282891112122
208.0960899389309
189.6001910933781
23.932919068313694
226.6790742984916
142.56644107697224
270.1698237844986
290.79167713024896
271.5777727204063
116.59440812489237
122.84338044391029
221.32740847570827
48.54433886885796
343.097833498557
32.76059991187863
9.526572250154672
259.7569840494297
181.16912399747915
232.60077550853245
295.5291655892612
116.94020901024125
238.3040342013407
63.81658208536088
20.371603324445083
187.4940440902316
107.7269991505907
113.62289471375185
320.5325278833611
214.78733191584809
245.0607032264952
163.0338595471412
258.6543549663982
205.30279064238522
60.27944150217182
318.03221126077625
174.59190551292306
237.14389550222023
214.7706594336476
12.852640647273025
17.516850410560078
112.66855496756375
61.63497370887434
326.71935310030256
85.92290033720774
280.33352627819767
182.55601940167423
42.01914493453383
18.127665350193976
206.7680432104147
10.871580493748615
162.48112257114616
36.90391581018227
148.83416771842994
152.6898750479275
93.36097863660189
318.7195320593685
337.0053475641574
137.1965836422306
193.64853891291997
228.97517513176092
287.91004168696816
67.02648389260838
221.05325979474597
349.5110687331777
75.89880638295404
79.69815205627958
97.18005737536785
8.184562797279666
230.4508082980519
107.56637171911765
139.3118002294624
48.2155525579898
233.50054851176174
347.26519254047855
288.30370753238753
338.2230567737156
103.13070350551763
158.77898921004336
136.5026276176601
316.66231939921795
289.3220454552243
292.6113886542395
123.53102682635377
340.3851676732212
198.798514759137
136.8930282409438
130.986424960871
318.3978833637041
215.6659730981601
105.95051547339237
247.43443695830487
205.1295810837847
346.6425860867409
132.5564504543025
176.42531702150137
297.90006766331805
116.79485733956379
240.98432752274988
21.31416646433282
147.2541586581221
178.45799954458678
235.00051761971386
303.5061275172173
47.56731150030066
161.99726665276086
317.4205681975427
22.194071177966137
153.88251020129496
111.30793180921745
324.70716287461175
340.45169489557566
343.2475453759761
231.99237342817878
254.2430205170909
333.3760981856923
87.16089725831505
286.82892100273637
69.65615155365631
332.6969818982656
60.92553987933923
72.59898834691633
207.45305812969792
87.11161948349746
100.91810951562736
165.8219227844529
259.4643508013419
249.7694869020268
167.17117717491934
134.02595083015075
170.99460083498306
264.582942660198
143.98940551520508
223.04120580785332
145.170739015594
131.94043860690869
342.62858336249013
43.032992224924755
156.61811265440477
336.75757699104463
286.62971531949705
348.61424586634917
251.798542614434
274.8424236661201
30.65414435645791
201.2213969994673
279.7735580587878
269.4546641694797
187.34580443298677
258.12993637444106
42.262420060104475
48.72801542888852
256.8364944571215
318.3019665666846
293.17300047132034
89.26458962364843
238.3421213243666
324.21699036769695
115.26745714860833
222.0246522169518
54.09593713002957
231.01205990759468
349.8736479229631
89.98021270951162
285.32469139844534
91.12951530573685
3.419719435616882
8.586618923670644
278.3267272597753
230.08769387882526
6.561954261486311
25.43933179035134
129.60534231044483
164.64646239455706
119.59426856035469
132.9062246326388
186.68069673792763
227.79881062892704
159.1939707266194
248.0163343292011
114.6430617489521
264.8125727725605
314.28815585149806
250.42054459468713
136.21816193462618
91.92037313209792
261.7653924471097
81.88165622804078
98.20702293749977
320.4052990119844
80.65023757064189
79.71709394512963
157.0562451107802
114.60258101426552
20.097189242500566
23.782733260807348
19.69136255694641
183.40596992038522
229.19146054041195
81.00586165462269
195.6086437626771
338.5541484135301
78.00512518253613
58.2298719631623
27.971403900853087
320.91543745017844
129.5890174940488
267.96563802075747
262.12259458518054
169.33446368052714
82.11799617065824
106.31070133571008
333.00438483668654
233.15355649966483
47.021566375570636
128.58510906549105
299.449965494251
242.1493220679542
14.440736958099553
96.23809387212289
268.91414416650184
244.01836712021276
168.13310998691566
42.61153187592572
13.585854752551489
227.63532183775163
101.23568836434599
357.41789531545714
119.76565445707278
191.9225560283391
148.10911194930335
291.3442974388449
184.8428380087899
193.08016940341545
317.66019355676707
335.51454261957576
222.01537101492656
154.6902311312122
333.56205333582056
347.03365114498257
278.5945094296727
234.4394590538075
242.44213706817868
280.3183119510499
195.78130792022327
216.1620006647509
170.6014629776435
340.8127080717711
255.73091507045913
9.874438813856768
182.49248423678668
106.56504678437159
293.0927285103086
318.23779573374264
1.254510680154081
205.61827828418714
317.51540409736987
162.45113364125356
47.41311445681915
42.605434954670514
337.6553675219949
38.998782783164394
342.190745540554
118.49381489899666
63.936933891528554
96.16843209505514
109.42894652776324
350.6546580904778
150.96915502570732
133.27540163222102
63.407271656560084
138.8082034983084
148.68677464542859
89.7659741186777
310.0938161210955
18.585590765738047
218.4444049906111
188.09561588210056
307.40165302418694
192.60340761804434
147.69134268156495
50.57961742496529
321.60621051201014
283.5051470037259
323.8389730093291
312.49366717838814
104.513815604896
64.48637551218101
67.16500077188348
87.95074633663164
186.95434504095405
225.38848367340822
19.389407152505786
185.78937684779254
252.35063167771588
124.37662779939598
63.70678090255121
16.291518947699302
157.95805482561312
74.56132532463195
200.0998151574428
73.04772782454945
346.8655495328664
166.4475774933102
186.29328489630012
129.73485737671197
255.17907035247651
65.73565596361694
57.3620353221485
188.96618536910566
174.48344981099606
201.98510279091144
162.9996642247943
325.81504801248656
148.46464590127994
6.443214224910162
79.00385558820436
192.2026363862194
141.21113146174278
297.2369509084009
51.30746155947732
148.16806698719958
331.2813127985102
296.15090621976424
54.342986226243575
13.887046731791736
236.2194130666962
108.67179599479891
178.43012597791304
351.78372778319556
283.32327973996667
168.48366231473668
248.21524455600976
232.505838387523
70.0278409643176
37.83254912675882
232.03202075506414
319.5009519247845
300.57731397312534
93.043743975457
284.17150563312833
34.11996973243901
63.65013933387005
327.9969876085026
113.73190232241745
217.55809328398098
242.84660731377892
50.36569486258583
25.60908901996289
179.06906239510204
353.2677356435278
151.18845697130368
232.05201727449975
81.23771859889065
353.8427527729379
290.27315502685184
31.308211356886357
159.36984416697942
98.24446637198518
122.88248486430989
18.00388085770421
177.55825402232531
346.20759164442904
206.41562352635327
28.834543852137706
255.3713915891135
95.29054432311888
116.9058758078493
211.25076601643005
197.01675117520904
207.45908991072275
222.02725037166206
315.01244680902687
340.17737919593316
326.83334561861693
183.88099286570696
8.006630891117302
172.8546847456938
148.4134899592911
133.9775101291405
115.92018742915452
87.83225209040229
331.9632839041557
277.5798299778046
172.62508892286883
220.37265511210322
160.1143914335198
146.7420837180182
235.3591670610802
7.972106399623841
145.799802166375
233.74745274190687
88.98827958502235
213.4371924703077
44.40794955018919
256.6542953142722
212.90795151217864
358.4284739522055
92.65423494963477
285.27658246498214
121.3023410353963
65.17696193917259
47.72012448301613
174.86602357559659
94.67677769562492
215.58630686532518
35.566194942798724
327.7947999019943
282.0516722984701
57.79793673742898
244.74332390652012
208.1358785815311
313.3596992999953
40.95523249160621
240.59576403547058
140.47157464173148
343.8603391300376
102.77453972319752
338.73641051702015
199.25643061072233
331.1691916022868
262.38808462455535
294.97268888200756
337.8618219110566
272.3335881162991
68.00833013441427
315.90100850659684
128.92454955571435
62.26031558901089
106.10861897653115
248.78128219537456
208.71313901272515
257.1181064515021
212.69469321370846
10.584743336492588
143.62465756381303
251.3097279897618
290.813464407801
179.52251793549058
186.57193171953546
214.89251561290095
56.25956610459901
188.7049728007981
72.59773596788688
167.75467418836718
196.8814859678225
141.3302484181113
259.23638520864284
319.4679567085644
261.9167572656927
262.6505489064186
148.71756085416254
165.46177515460124
35.86391865211804
62.727529329912265
245.2074333255926
262.4196350645981
116.0842727347795
342.6235133826996
181.68118539961847
38.78173195909283
332.697402441604
136.3234189470818
303.45315427452573
258.3765352778402
289.603185350851
155.10683034242675
103.88213211604136
266.5079906036397
174.42088363785635
245.72327679787682
5.029252189445186
175.40319174224652
226.10086136285514
55.17497064327647
126.74496972253434
76.07157679012008
24.491815206677188
233.49167011259865
216.43925535600758
323.91024243720494
101.2538465128023
9.582280298716743
138.4298230077491
282.1402389071057
51.40248549049671
100.96810247074534
265.12917712358416
208.1106742800679
247.69915911885172
191.73934176815894
129.53453993433916
282.1858091223413
237.70930891350343
203.31246815467435
335.3898146603193
50.15050035929972
244.2255004406731
281.42046700330275
111.37829291087453
28.39500558074457
69.95930962830292
345.33781648213414
40.009078592003235
36.266290178865965
330.4587627002612
125.11008602489625
305.0660888650448
298.2221359893759
262.70333452617047
213.3547461986238
282.5735761880236
17.37905051852653
195.11860408629823
6.848942660450711
46.85574066390436
100.24188463533471
221.69430847713045
298.5407830251316
224.96963561235287
201.46045740632638
285.7795189473843
258.4048412766493
356.1975703077347
337.12696529627453
1.2586275368773363
295.2878742958996
285.07573799626556
224.81555173595734
294.12650900622117
86.95319163329303
275.28874267427216
193.8855709673661
39.38450201692165
42.729372389936515
329.27858185590327
266.77112339546574
302.60708402342254
170.17118087765851
185.29768691758335
5.2867267634367465
20.615287078428437
116.7272135880451
273.4230273580902
164.73996867777652
222.1002028841128
17.841584616289786
354.1451910837357
141.83308920259714
153.75793646302134
253.3372751587399
137.48985654425783
73.05628274333723
171.34939075293488
281.71442777741083
67.98799837386349
76.8998426335091
280.9232068923076
21.05604990991807
164.2043682763315
302.1355846129068
62.99870401720518
250.52901033048872
191.0533919277624
275.5670492668332
57.822332002005865
114.62116838689205
173.91112891831975
300.51766155941635
10.409719984445529
315.4597327257313
109.18861753804879
23.964634109158656
165.52298267235722
328.46974605606584
359.3202752238318
128.771553643576
113.8125506010378
145.03393779078806
23.08569978377366
225.15476563633558
156.13648080752512
32.30624352329528
28.83787189321701
180.79180017097482
259.4024732331576
77.62234079660905
146.98445657602585
278.95656014766377
239.33641282398185
184.47340498110722
63.84408254198878
302.23187778838803
340.58241013741224
230.98450259062952
182.29936193529704
243.29604597070835
21.239828640561978
331.7472367939892
202.26360909522734
338.0129300979948
111.73974736523218
335.9301940670363
148.92634282202044
85.26729561883076
155.3477268234567
189.49714778507635
244.80841350668845
67.41153529515282
229.79797912584536
84.29445877043526
51.04928872318196
229.12073034365045
73.78132346021138
279.9539688439745
352.6897002277698
213.51390351310758
320.9468711125246
105.69409069554129
69.6878928594664
296.3002627785737
187.20336438258178
348.6731475036426
46.96499278264391
234.22934155778736
139.52733216801008
152.302578557584
264.8825648223842
118.09644235584429
311.73608221330136
195.0741935027906
275.3872782177422
4.2930203981957336
201.7624404839719
12.180186036036604
204.86054307885814
281.2630863649631
230.70552645142956
41.079552336101905
68.22787488369829
148.87071688326913
168.44486755894332
307.25116441218796
113.1110874721639
131.41976062498256
345.329256034262
25.392523288915175
352.6212777153568
96.72147477749087
334.80086269251694
345.53408206810485
335.79208583574496
151.4525507792842
23.609016636908603
21.78599585602964
74.31941615126385
92.29503267157375
128.09140396359257
148.3442564182564
248.4899956365136
341.21681499547515
113.73034379660157
69.0832818968814
239.78972445453502
281.9436942369714
340.85329189824694
240.02363216981476
48.30524442775836
306.6403755806408
64.66009681317331
147.75750254252415
251.6255712672563
247.02493259697178
195.24064921655827
289.202585489849
317.05335042440817
91.28644101865812
226.70523286238378
125.61165991442677
150.0652179671426
140.7237454302825
316.601674392074
319.7262743281043
95.1785146927826
240.40702213101963
58.55817606191547
305.19021072333805
256.3883886846585
2.110991630380496
289.57746515060256
299.53518305713953
179.3989126791843
298.08301592800586
355.37212734036706
75.8838475905707
311.921103955228
4.43533192529586
314.7472476077925
213.1419343914913
25.10860895475262
13.04691236433742
139.21317433563627
206.61532529366818
222.6870106831288
341.89097758253246
43.17056968992445
183.61676160671936
136.67206268550618
221.14051518768875
74.92567849519138
13.767431655307048
349.50131445555553
263.34230237934185
171.71978521906254
142.23257785238764
155.40088401747974
186.99229423064278
190.22340616531878
120.8526166680224
359.09034428348406
342.4445972000435
331.43243348975784
276.37337168442264
96.56547651199978
202.05366471104873
190.33572709108142
58.52198454515869
8.249923450652416
350.7864179962086
228.1144912915232
129.53088038053988
169.40749978169117
30.015113497441366
331.66471873137357
208.38922041946836
335.85845595932767
236.31605418868944
144.4983509839374
248.4728219487344
282.44439524793233
225.51314413767332
170.2729043939439
330.0768944740435
155.56808380052286
176.9935487864571
244.3834398953573
272.824432150748
168.79174580854504
151.62921513793
122.74052103263004
46.05629528383157
31.701190197888106
293.4500234461885
157.0391605759042
67.2621290980433
107.93427995221735
70.56872439976425
290.06297044081407
57.224566828926065
318.91260143409824
166.7734656021538
236.87714826889425
247.40014673701248
164.27721699766624
291.4990707721179
20.72994896612336
288.80896698344657
177.80923271067962
334.0851196354508
27.71891004616713
160.08047177224364
316.1097584909402
226.3232385643059
179.76716605462462
342.09824495277695
173.48079033767547
101.73796991001471
74.44513055575375
12.745017542285781
172.4050753012699
41.03906739874875
181.40721495142483
177.79488965069092
248.58982203979764
171.4461045549139
175.76511741939407
185.3595629886342
232.71061643733364
73.06880938961383
338.5484722863368
265.9858106452717
306.7445923593153
292.9725647346356
213.01404444461068
104.43183619346755
92.62170353996973
139.67183491722258
104.63372057007847
251.11187717417954
32.28660802514009
79.35373357832998
38.58204569221663
253.43574453922142
240.057839082496
289.4644647566527
170.61886766041138
290.3985043302843
282.91422323068724
119.01063654764667
265.2245566651909
247.1512845243289
116.5696305004037
293.47097856948886
148.3211535489429
335.00255635157515
93.79055804940519
248.59289323427637
343.59209500261306
308.3683225054266
313.23323447259236
52.222315705135514
259.2123974497985
336.3636698421096
189.2973576446404
161.36801054871515
214.99915615396222
294.7554250689055
266.64557476246955
7.569220566423274
289.4220062630896
200.27624958428706
211.15802000705634
113.39050982214516
106.83997184042778
154.2384970274186
150.85420981235984
243.40258298392564
6.7248126021853
175.66166987633898
206.16646861467527
342.80415953536254
282.6582869206591
151.6315989805258
112.24298532537004
137.5992528738776
322.33158901550956
167.06077212455358
31.438342636840385
123.13950066978016
344.694298163854
29.605112141592315
160.9320236958093
219.3499225490097
265.92622731251976
14.30131906468271
281.7022172079117
172.41659003923672
66.57265479136117
219.27573438055606
139.32926651643726
140.0246735195164
91.49715450373421
152.77426756802143
227.1835277498704
174.83456028319048
179.30109501883808
154.65895134422246
334.52208678024186
155.85211899883453
304.94335677707744
98.7071628215037
353.2623294657238
196.4039849386485
258.18613848367323
182.8460433266644
342.407514771676
298.92089136994724
235.73655562934823
164.49899190416656
42.82908414341131
206.39115194794948
30.427452711869094
164.0369024803845
110.30490824014687
261.868780263429
88.16106927157284
249.75221255737927
347.2160982506757
42.7317153746969
151.9089688304414
76.05678913582595
205.16683431712207
93.66528027467072
141.41498298257434
260.8723752773334
324.1534042942392
104.79295843968936
256.62807776887644
307.8779665937137
222.23570297855153
78.5457973892307
171.0530386802177
353.6972815985754
230.6715775575863
186.52020953937244
272.0610558918429
124.19905421843926
87.67943826825675
143.29853590127328
173.42318634122768
47.94638658375482
26.081731861530184
299.7824216827665
287.624963303863
231.81548722324828
21.044757660456664
219.76250341890074
156.61602136203598
77.2134461017607
285.8652687267816
83.19630421569161
210.56577463002864
300.85608874516214
202.61005844226628
199.50451773328604
268.06207846230234
231.17493644815949
227.68178179002754
107.88197150793849
289.86768885777457
103.46514922438769
343.8962525538624
211.16918332337914
190.4827464698272
151.97861866307971
149.9291888639887
12.845980600315693
103.47325203225309
102.89510268437037
156.69852862572245
93.69079226043289
315.5804889707088
161.14374489992537
280.6643746988863
139.60542469415347
329.3632568238184
353.1866520945581
219.64531270130277
45.84356999523532
152.16585420408097
168.58806653562846
85.7961558649242
143.47110046622421
114.43434679608619
31.767548259905478
76.26729675090336
74.71967192685989
119.9285500938062
171.12654981051625
3.0092980727668523
240.24868232806114
109.69559299266828
102.72267289508503
299.2743255863607
45.61129829088321
76.033627116501
16.183371779739144
339.0611856053812
64.35108072181293
265.1055587676401
88.41664322247979
357.31799865853964
131.67843786575764
151.9279762016755
227.8935051642579
41.10006151955367
266.83523827333937
262.3229074030306
344.11047575050907
18.245998352693174
359.9363459144937
46.56852317928911
333.31543886691264
261.2326873164069
146.68924165521867
60.664795363617486
82.79915938240921
4.816172203214828
354.7907751344332
324.8555930193391
152.2286765652567
144.18938815211848
283.38248333124267
136.2593946817008
189.73095396117066
130.80912615616174
310.5303154320005
62.87953414634082
231.8809217773176
342.96322990917463
171.17566375049637
166.47249597672445
343.42767217484544
197.86725812325776
319.10608480923605
133.79929687486933
351.51699330344087
190.34514648495826
357.6164353156695
129.27632580600158
149.68619118693763
330.2193502022092
102.403833044272
293.9735137057324
333.07537948691066
251.8874894199137
55.72233612260998
267.9461166411382
280.5856589511915
75.41558752474968
155.57714407674266
98.34482436492361
84.44557091277193
269.9795722713467
180.129395206618
157.06628953204952
161.04430427209263
179.62386665938928
124.44249035371509
172.68451865400334
162.9971272374208
212.59901103173902
246.75568420997087
342.40079683796876
111.56972206809155
97.09513167240833
88.05984840468788
320.90772903490364
59.533394779576874
6.1018933984106605
318.34290804939366
32.82669351658387
71.58252617524774
272.7312629932468
38.15647098694151
352.52836317578067
112.23477667513306
171.2824958063722
152.8343095306476
250.77343863356222
201.14315268772313
260.77628723402887
251.2528974513675
36.554994609289345
309.30222178973384
263.6220135516713
22.77480599811618
63.79379237547538
110.78790668345658
263.1615556385444
236.93636490421707
215.85989440592343
12.313472297790366
350.7794080252284
203.79400280602877
205.4588294601002
92.13454282425214
48.7829468545903
158.4592968952085
136.85654375655528
259.3239108146728
348.3272076109395
52.86102195359251
218.7590876758023
297.71847265136097
120.67813733186682
84.05024000837989
263.09786751955824
152.91857087251012
217.59686814712708
333.11328890346624
57.9459373176996
247.82671789561178
52.014352588478424
221.1597877520939
359.73792351696824
94.06905728883486
117.31428572842275
54.48390517946082
288.0052419112603
96.79314926261205
8.703154680064657
52.096139371690924
228.37875329325672
185.1136656586746
24.032498786955742
42.782252682774974
357.66327219831686
268.32112183396214
196.06752700753543
287.5640887879595
76.5292620433565
17.35021623320017
297.9898878045535
112.88504590605692
129.6245113380269
56.300304158814214
98.22317420239976
301.5044944955887
34.487402368555365
155.49306780974803
201.86568176337698
43.12830592205562
143.0791502185768
260.165175897659
9.76337297772612
298.08031804686993
321.36358086518015
205.79386905634613
46.17943232414813
152.82902452019476
264.4004653492855
98.56729204620054
223.5560226115294
64.92425992045222
269.0865359460296
55.46715330469847
226.61444939957318
43.342884564094234
256.18573100499736
339.7723195077347
138.41026174429055
285.9038105993189
208.58688414657146
27.08128867219948
178.7885133181775
278.4173467749085
94.49500513190128
67.19540055677986
114.29485734714086
203.826874515669
354.6310247231919
266.80872017627587
42.49989568948312
277.6728102840536
118.45378583360296
88.39027748821218
258.2095545354619
213.90895653851302
198.12729486929368
209.54864140329937
288.16996587306807
227.20385121327467
355.7098083947345
46.99153952715397
156.48573238547027
254.07206135290505
351.2943656047367
105.49513531196169
274.05113297486173
35.08220216994322
355.2473325168766
305.0694426263109
42.55510219468364
12.912367103020358
235.4114714406172
158.37859037040013
358.39002182716183
28.849606938673517
26.223394059448186
337.8412726063557
328.8542008711049
286.54885168430417
98.73109549044236
263.40840218356914
42.07250637486786
133.5999995021296
223.33770401439313
163.80458686792673
143.0299749627805
127.66987629146641
316.4263296906232
122.14894583782495
16.54933313897267
292.2188138842725
356.4991469259041
50.61612993320037
279.8955229297024
263.8177538302429
259.5563803008891
219.4856277464721
233.52596101785954
152.21642996939693
313.0541865608843
67.03234445941219
177.39557607121424
10.557222263229669
238.62685457734864
179.21805750929101
245.3560579648235
198.57912885217854
333.6454178955187
341.7972888655851
313.82338563757224
326.02991919758557
8.478079828301937
171.7504846317208
76.6362390607788
132.06589257045783
18.084835538393392
217.3979018559843
257.95708665805614
93.45032092670743
354.34581428410957
27.309767842713438
170.56938201196544
139.66240805160882
304.82088834553787
145.7198012659747
177.6577883913175
355.4216851421121
108.49924915604936
349.1079871587848
287.16724138828783
218.85101649712226
293.5310000116118
352.547456049786
270.03174563679005
102.41712215880307
285.0965861945161
52.772355414225665
17.975858844873045
278.366731959268
240.8925540161924
261.87228370614366
244.95573514321205
334.82869627059006
218.05859532659602
228.04393434394333
62.506492152681716
262.3017153457427
17.99106109701545
29.169250475416778
350.06149480286433
339.6061144264402
184.86438144966547
143.10320137714055
337.07135587683354
106.29616164436874
104.49818959160564
77.8916319201174
311.8242568392276
53.351320273659574
74.28747986455164
79.7730326971367
129.71200310680516
230.6631293140081
84.53116618064763
268.548236168719
211.6460243469718
319.2225406341606
42.176841901354166
140.65801159759343
316.54836364886853
275.23922245685475
221.24091498369233
36.688133378145054
66.57649700245345
287.6126535525263
305.12585951927
72.63850770528634
104.24062782841186
356.9918725596396
211.13159176568246
319.89291663227914
57.30709677060316
59.98176254703775
343.94930292144414
271.0788715530761
199.2994764486496
202.29295505262755
187.92473317570395
216.87871147096885
176.12195802118927
271.6092320043992
72.4069344246729
341.9348348394928
265.2241803381726
16.081074505980048
335.0711617100225
174.5081527575078
240.25885356235278
84.99733233634684
216.40309582145707
114.20470839717441
356.09884218024905
17.74229689836575
43.50976256224453
245.08391608095496
134.05621663640787
104.36297952485214
278.8429473909667
331.82829396332784
16.247932905157544
57.551498656737174
209.4828533010519
263.06850091343773
20.924311375929605
139.70217619332348
199.60581624738717
97.77200853468177
63.70043686884985
111.99360296564315
210.94196567767446
196.04565021095627
13.08689565359891
278.59896203733126
230.9584778748375
202.95316267567475
306.1502664022665
177.51690195490403
122.3151072542411
86.01247405408786
103.57309835039206
4.841538635048229
263.84049462222066
357.52904195687415
290.3377301693314
217.51764009624006
127.96317975318935
88.78142308270739
269.3825556401983
41.45054588928086
166.22230907138274
48.261748492391135
74.23176407072016
349.7341203417705
141.07470987552594
212.57926349538104
133.84024924452436
147.71123581096808
209.78447938134957
143.15553186738822
108.3526175813756
291.775317579228
212.3881178149213
115.98637072942357
105.29602689663531
133.26630490416298
146.96601217896196
358.0221913024453
343.8594942301786
295.11274715914715
208.46086728562636
358.27186719530437
351.7024989924812
132.6425922899841
57.42425524379747
308.83201857440497
302.3386682054556
352.50555358098404
189.0440606327675
335.512013206538
31.045717909819558
208.40677312827768
196.86041876824663
67.46953061815505
60.381913971355374
143.23127094821666
123.98947506330597
290.6261003847367
316.9712263977457
99.83478816294752
214.58588365501114
330.6505803110156
355.7585894535618
200.21857209968283
107.80761474072796
260.7921723099412
226.2570136602083
218.1691262511948
335.1472667182533
214.69008613013818
222.99277279452076
295.47665732712414
359.82204758021106
186.0039382275982
249.31114578998265
212.71166636538203
133.76973974109532
325.24487168030345
112.0054001530729
170.85905017892614
114.73944451092267
218.49413079350734
255.06995520489411
265.3128896490684
346.3922150257648
178.7323505247691
50.28492211002818
321.2860343095578
46.29474154499226
175.66014925879034
127.97917008377064
6.972023656058446
64.91058909598827
178.6923130320778
321.8637022181555
164.1248344026291
207.5283674420944
100.504710961508
30.905294900421744
325.37327975544883
31.362688073870494
338.92661463055134
128.20960004427297
313.44945529136004
328.76190933375386
217.01807448920403
96.15979125839144
227.8442777944243
263.53343100007396
279.68702749752526
336.0398298322896
3.3590237213815852
115.60133194536328
295.76058329128284
219.55435143396681
281.68979633066715
224.63908944693196
132.42847638491241
267.94278491988786
241.09990007457506
224.82799262364472
267.3854912074381
94.84713976040891
40.62723978281477
118.5401234635722
51.11969863290552
20.73320954572387
50.895152395565766
112.32421994310248
105.72787335078986
179.5857432669426
1.0007356129944562
186.77568034410257
206.72381307775746
170.95520782862974
287.17721468516066
328.33421162966084
226.85300111506666
215.0737068462941
253.76359194274102
215.5998971020333
264.6880646826874
300.31259738084486
179.13900312471606
172.581702317604
159.87842325579956
248.67740132983937
56.494512515559194
25.750730475077788
172.67238381075944
194.6781931897434
265.7549238534241
318.21386251323037
97.49402521411527
206.20209135809375
160.9930971639822
61.42946908654857
347.9438024615271
0.5535240109556975
107.01892715148455
228.00542048363187
324.8770400533281
38.20086365441805
317.2845231452589
85.61995421021908
256.13624852169744
242.0821012821979
34.842447220267516
276.39050306864425
193.34987177272382
221.08416381423103
143.20722308014106
155.07780498453388
267.04964544998353
100.81259541052013
109.54861108568956
64.72356093860304
31.755331694195036
87.18146354007207
276.0442668644256
217.34070906187333
340.1125396905638
355.5755335864219
255.41414728616047
248.61183769194054
316.3752035554296
343.3598847889969
76.78687999352987
199.74382318703107
358.7499384899561
8.499296185962985
239.6809631879494
172.76930934529523
199.6415036136861
168.04045921666403
235.44781146567348
344.393526758198
346.608310549183
239.36873041329784
74.16862708374465
347.75535373145607
347.01169351891144
279.0194211992247
5.582971034115602
88.4109499066706
236.2304229328505
229.15945564638488
155.9586965912206
334.8358416729223
332.0323874278487
124.5655956561505
331.64012543517214
54.697267850385536
108.73141546138561
262.94964724421726
22.954188058182538
143.69617382785026
113.75270545554626
77.85189392468132
234.27679573073902
177.35796516724767
238.76598533308115
166.24445771409313
297.4633260614206
324.7573777378414
153.3367743976059
26.978572716700977
323.94261047423396
64.60426248131478
277.26757989224313
93.840587201518
120.1487333187778
96.7106200758328
44.22197934660664
0.5787236907032598
170.4228495195143
208.83824915464254
304.4866932066583
14.828552120210178
10.854656496068465
221.30590294613367
24.177474149242265
265.6813138553427
204.62540033320724
147.42017235274756
117.02140982273038
231.02227165131657
293.07802699269325
210.290174330744
169.31878876855077
215.1929244374564
358.75106096978425
131.80870167245376
95.67366109126432
12.46178207618181
150.12215660964716
157.83587137884
256.7155293504706
262.8152449229131
324.9309125973781
264.66412141587926
234.66036713015785
45.303387231938395
144.76943226929214
250.84171662459644
13.759235294158932
324.90855245103677
289.8886138803843
351.7933887832438
146.3794190751821
260.92756326518344
179.08289407189443
251.02806081384557
85.27958679741477
353.3029761245601
103.29719218208737
241.49258908391974
146.45104947384897
12.707124731529133
72.48935511607701
197.22045807409867
316.8207486573641
72.92734736118283
276.10254460494036
270.66717638005326
317.8385702863765
0.5278874147678546
173.28078489778835
68.7502433629595
39.55410361693408
225.07994930725613
242.66583507450292
15.07808624769927
37.6092577011748
307.5173476593136
220.36535234385548
59.47172630349438
64.39715114089276
63.690800661765216
286.00717080979007
74.67140509909514
258.80752474293774
324.1462940022332
315.18021264960134
259.68219021991
192.92375728435334
182.40915295334088
344.15812801833033
338.96835006234807
238.51485503433793
29.323299991415784
211.70772786401506
166.1653860921951
177.24524210576615
359.2508325527034
297.41366450097917
359.46217928117034
211.11397582694445
312.2572234767639
246.24998249002718
287.39637607511776
324.37404278900436
193.6558972411308
264.58952007861365
357.8010663772461
249.34207050084487
16.341225783754098
338.1888418284524
73.77142339408482
178.12643150131652
70.80829739631538
212.5724643999085
17.889165016353374
277.2053673088624
24.91835314791395
120.35850004756664
71.93869640338086
166.17607002440914
114.1333085320009
38.76766469418371
107.08987129953397
183.99921918835273
270.15009650701705
203.808449063848
268.73782888023555
285.61919884764586
45.633903583239224
104.9811125630799
108.4558726926817
77.9714846073172
27.157692583979415
346.2128606414915
247.33378495150495
326.5810139450545
34.05231014976574
64.06021262754612
34.11983783628816
322.7280470850823
338.2221258444059
44.68016220684454
186.98972384624588
46.73218427023169
138.7389916463804
190.33268650452976
15.618753253732041
195.9455557753698
341.17562569632344
22.974561321828137
231.2028552189908
66.18206794179332
42.4503258656328
79.29582747926025
42.13145680627657
242.48392607792897
228.2626275720278
253.9711531722567
139.07337413214216
315.58255293535143
120.5630498141003
101.41623877452602
287.72297808451935
207.54456518028493
174.9045121898421
34.74657635089689
105.268646707922
239.518683366475
310.66537625817085
164.0361577383963
64.27513947883567
75.18040986913007
125.14105355337173
341.2586460823554
154.827596786066
61.214863382569646
166.1895602246183
231.0359627732421
292.16471379677347
39.4003067761268
17.11318753520214
98.24284435783305
312.60931441171584
105.81662885231258
326.4185474356339
261.8078463765383
319.1377177643681
259.4288213482363
122.67811549161638
97.36464002412627
184.1022799243375
28.166261616457582
64.1686393703232
201.11016160375823
337.1128170991031
324.59974957102105
355.70713924433124
204.66636761306032
33.29351606705456
152.31251680055425
334.6777048074613
310.8332200215244
329.72064582150205
50.24764551801684
20.010871775794612
184.57593535977895
171.2243311267917
321.1914719454768
272.3499214217549
322.2242776703846
301.00510556221207
89.2799676826056
104.59091787062334
262.2495656927712
343.1693735374177
10.383569718091945
151.03808586256972
65.69592361740014
94.34485935518263
282.56518574498216
184.91560270838454
328.28259870264685
213.00516607398265
18.683499194821383
233.11031582429237
0.35934986187425794
65.93347540957954
306.00878303670567
236.64774233721405
256.31974218591887
223.66756288047776
11.681148923989
255.0216210702048
343.37651573163583
91.2455809416118
117.25549208460764
255.29103640180185
112.61394526221456
54.094378948256846
15.497432036092656
76.86016242350334
217.83880267145128
35.7943229371143
73.31096165969437
224.80947292193804
324.1303432963875
122.94624603897138
104.56265249637134
298.4158959134225
125.95721713877269
116.14669364727514
286.51192080825155
79.50991429987286
80.13844584008952
89.18734966636491
299.2283632669681
141.88398478186653
280.05620486335715
253.31303554819627
95.83518790902758
152.90175226238745
306.62230903290936
356.4211507690969
228.63915166402185
339.5106889201485
32.875070882353675
267.70773274323227
86.46351730044333
163.96007183820979
132.6524701176383
56.9863877509539
140.89919192312757
169.1239318699405
312.4279458999441
107.70139802814145
168.46989377783882
200.75912828018562
76.47873979437422
157.1382112281391
39.24323799443493
72.94860432441925
0.15715050699121635
131.878450621917
256.34704232806524
20.88556415576433
222.42963599251726
100.3881925764102
187.7182647554359
262.736306063121
266.9875257821465
97.10097318663733
16.242752979630623
334.26407557853025
157.24479310082032
33.030265977901465
163.15753100385513
112.53374797745917
256.4081435184431
307.08127676120574
199.7312793819488
320.2359152662846
118.06075950157495
223.8952179345163
43.736886930107545
179.63475563275964
330.7060114905391
199.43917809512726
125.32284961749689
213.33279664023948
265.7067959755008
238.81033061462887
277.0057039389067
207.395389208098
296.5218486193982
185.90396648414247
238.10594293940014
124.7246488297797
61.56075410485479
222.49957183318696
359.1448034324327
83.35757546631777
161.82319023302662
283.89956057888037
231.08924936727269
63.98637328949427
210.05548515425156
23.202058848407894
183.55168581648593
165.83996882053856
67.2967979857895
283.6021092156779
272.83838286471337
294.4982035699201
13.978503194759346
187.72092909960503
28.9112982989745
68.3647622514178
93.78035025711654
58.708507322108936
330.6688492211024
317.7323818500789
42.90662583087655
208.75289524591088
248.90935426156034
95.31087651477422
5.536662258367247
140.89228839796633
293.24355907051097
74.82446476651795
353.9885069959803
106.40885275523992
121.04948615202271
259.02999370754367
294.3190808551417
38.1422775904081
234.6180006903284
171.75406515900508
303.66468208229566
324.27262288816524
251.2680397674031
348.6610787349124
171.7982819789746
303.05716935634945
211.76432237194336
348.2271272067296
317.10456644469764
7.945943753827501
27.656092441010863
115.90552090305917
119.82104555353372
267.3550834722225
32.93803063966354
21.347313621563558
178.2004391951104
274.219740240956
105.8084172030857
332.55781659474854
123.3749369274212
125.83955836605094
348.01084217543723
138.44358277522144
345.0068076767366
151.70923213650562
347.03881806759256
312.15780907484543
201.9874771840428
178.8922174535071
218.28040798418238
333.9954856694007
53.126095525283084
252.0713288084394
163.3899352605383
340.11574685048413
190.5890299112249
36.54722614746691
11.47835729337221
55.409188106249054
277.43361672068846
29.267988177136317
282.524138719541
3.079400842332835
356.71870161878513
45.557715988593
207.1004865204447
243.58983957445906
321.1092872591133
26.95088003483215
112.56952621175635
168.61268914801855
5.390102197395425
320.75161466743214
20.709809436441045
134.71819842017138
328.14156992457515
311.09648937922657
176.6603465008704
227.90312010150924
357.4396071340507
27.243477671678985
173.8330132885688
43.69524725106981
149.02443033171147
167.62206393820412
147.34732461283537
276.5673604969733
109.84308162080814
273.30783339479467
123.45499527237295
300.79105284027656
286.93733461355015
38.47765418000744
105.80385246428065
5.189396768368769
356.27328997413036
25.213957147678872
160.74377806145523
151.2997824155936
85.1791033349541
297.74038530651535
92.03946990180208
161.33894433870094
17.71991805708994
64.08358963383256
290.3390708673843
5.694230460304858
52.382115522768714
232.6789670137043
310.40289207124783
359.3576270879192
55.27939976922745
188.92394406912453
111.69621047470308
186.01507689377223
48.45722684870083
189.70786466635604
285.0885712785179
221.36761622977147
50.997941175502476
35.732679718865455
349.2726172217087
135.01232133224264
23.491840285888763
204.39452466265462
166.4146815463343
239.69160496036253
291.1289838269102
24.42825340271941
243.4108631042174
111.29793927041727
256.32515806666595
207.49087446029202
154.83853369290813
93.88621142839551
98.6999745245205
185.09475728540087
108.70922827040512
186.70994801596905
232.3465192876315
327.59459489321733
260.08993052292936
229.73455332737782
85.09228017159663
102.40610257876475
75.05313405762837
278.09046176671905
87.96941277062066
74.19259612280817
65.82565100962927
24.01976466491003
340.04963510361364
233.01172505393254
181.015638446487
297.38494911326916
79.01920033141253
147.01291315578987
81.97261965628607
144.21836365304557
58.60043441457746
279.59922045172164
141.48187425018256
32.02993306962395
150.82122550629876
255.32385007426316
209.70627780362452
196.4423225553142
209.13718291120503
49.55366122792636
132.41086798038248
215.0173894117336
345.86703446109806
197.135050350653
128.59550910163304
37.655936895333525
197.24237444764643
239.30921179304133
346.2270051873339
48.64764311199653
88.1800462171764
350.98879827908985
99.68138857649033
95.85225404251919
48.07299670665889
11.911757077091059
341.61021075055805
334.6928617302674
39.85123384439503
30.50185960848716
147.621291932262
358.99387766171844
257.2400587711056
292.4878997748583
42.3300354314043
42.479697543062436
319.8860600972581
163.52452580029762
5.435457862698285
334.38897757229074
76.93166981469129
195.36129107340446
330.03357492618517
44.034640245204166
101.90730585962763
92.9993375576397
179.37970442594238
120.33831648837038
168.10468562348203
343.2112710032576
106.34722874706397
183.07745098056063
293.4716217747401
221.75819545431096
98.24873732787258
252.5228132113382
294.14637518560033
283.8629118806574
222.7635206512425
294.59113163115114
142.60502399151827
344.7629777203658
11.504557903480134
299.3018548883953
180.08964327116095
181.77395013899016
148.90671502821846
12.683334842838194
78.42579677629355
227.01043212655927
161.91211473578943
70.61511029937068
337.7913595545301
80.99568198044771
251.85614944533006
53.5723080216467
126.2194347647529
135.99722979719994
23.112068915367296
144.23890454386722
220.1122805856334
298.5865406979739
350.08957041171556
275.0478432070894
136.51201422942327
299.51452661790404
281.85064049205283
124.73263083166417
86.81538142918163
327.95757736526554
5.2690642433490025
92.13639347997065
58.30232357313888
326.47028101086795
1.9936172371593441
313.6504327949822
143.50949042563903
92.23131966940893
308.3148015584555
77.83496362998449
127.6387726913415
133.1726445436883
51.97951170270731
228.75162017268437
341.39802791568474
120.50248982018837
172.64386954658696
325.0801052480242
20.33747995481307
97.73498462379864
345.26972475907445
171.45700817408243
332.3025216038469
134.70934482722225
57.37345303922721
13.316666647302217
294.6268267937478
170.64766684832446
81.1302714525281
193.65415624806053
194.92105505087963
21.351717335093397
67.12131843087072
330.2036836269699
328.09568874919285
152.62902937019277
1.0265050736922408
294.60436388418265
94.49987900263112
6.082918455934088
48.922968488285214
119.98482210681553
356.8067749406884
108.94370448030142
186.19473608971035
198.6917376826615
135.27282204183737
219.39612472855475
22.919519535174505
108.94343918491376
273.17033043789456
178.04935231033738
347.5802599384102
72.89474114130354
97.13870194539177
205.789247419889
189.77256971050292
64.55557413998014
350.0960840872935
305.3650814815853
257.09533270720715
324.23455469989034
260.01283373201636
120.811207791412
187.8133561372902
152.24404435816845
103.12100947780156
350.6472193601197
35.286955250852834
281.3823221393102
50.16337677123475
190.9362915653094
142.31132819425395
135.01084537124942
78.66888222302053
307.55146296898613
58.96996306793199
285.7338222986248
199.80176023618407
52.18442700152657
53.6537974935492
304.60129231158896
258.2052295693335
216.3474260788546
229.89060070775128
59.270269703210104
46.888880930609965
75.07441093595497
216.8542089385747
180.64410794043957
164.81435095433687
145.78041958003686
199.50448724978472
209.60893661056986
300.7867766640476
288.5818375359683
220.77121271255973
25.235637379259675
102.93063235558951
224.21303248088307
72.75829269552196
346.4040661793847
293.57920294706184
118.6904461305155
119.4859889744566
202.19753677297183
219.5299795693728
12.42856809830994
28.680172181216648
248.4148161555534
10.264890894451614
181.86283631008172
109.3344110817208
122.6277578429211
180.57067085975146
220.7103350338553
27.689692187326013
194.46795972757837
53.8300878347388
244.18214984901368
114.08119126840234
220.8680091853517
52.51526101745418
318.4016831440165
342.2775634689151
289.6708436657238
239.04129270724096
204.1328460774263
171.5306435136715
307.9277786735174
288.676602811681
320.98271159427696
26.168642819909326
209.99320354879808
349.6839650449525
202.41036895727387
28.202543288304938
20.371957670718423
260.7036466943656
258.8977317662641
117.4260840655969
99.83661014588934
185.04846993819194
359.15958623175993
123.30769290588186
314.0040297114001
302.1140922812617
13.577996375905373
155.06083739914126
121.2061931177249
219.7340914633819
286.61100467488836
339.2876535109752
63.5051607372387
156.6097158987197
339.8137250148971
75.69418602743447
132.59648626143942
151.92751828270423
175.18055055054276
166.90694327468296
180.8324672135979
236.56620567509574
82.29379640353008
153.18671933031783
62.414912362658285
76.12629447967778
70.14805489521919
213.64532882262867
183.7648177124017
215.70511836748764
257.1931046796526
242.0560631096329
166.54327247158722
352.27511303555065
301.848736675045
69.49492879061077
339.84313888759414
67.85665431102785
342.81740085506743
156.90643872370748
113.29134031244408
116.38546094269304
55.95454140431376
326.4307570389339
296.8903864168246
269.98993601970665
128.71137158113237
146.93144680912332
313.92279530097375
133.43780190907597
41.12298224357048
197.60969102900498
241.19169346142215
332.1901307104195
232.22479157343892
133.5665307548159
42.14554059304551
43.59274846816643
19.995054698646214
60.28935972950588
184.9468032689811
344.3567239860385
54.291208823420774
354.4102096280833
204.53027353201838
197.57784550725526
85.1441496642229
193.17341330588795
64.0715833459879
164.6964935209037
118.40647696901243
205.08129356638335
212.5105198169481
2.9846427514575913
162.31579809248774
148.13951176828638
63.53579329165772
17.887876454231595
259.35754842909574
13.678257289332969
104.92325262678753
12.79335960549827
219.3007838249657
71.63268360302291
112.261899537123
132.10230301447083
355.54277320593815
225.45050167479434
351.2769862169184
293.78015170350096
188.50186479332024
56.55140100781952
302.20900965741146
281.26062382399994
87.28153096549684
321.44768670657425
286.68234865314
197.9083934719147
84.2318927286199
193.65268691136365
216.0993079991454
325.41126509009746
57.23651636829641
146.39040427109612
72.12403093973676
246.1712281559224
126.93232747395064
338.9996575945767
343.36803249535114
202.75455660844747
108.99114928459355
166.41890950428095
26.608091055146996
243.2363724896554
69.43250594561641
8.95358900628901
167.56438813154494
272.6044485266872
354.92484899833124
317.52659247177394
65.01718734962303
134.17238956724546
154.33750122940998
160.01837426304064
64.1535571780954
239.7497314240408
147.82482890347055
235.3163132746019
34.857305914819236
55.04632248641778
35.352789665684796
149.12765227122554
310.51168486815584
176.5013507289527
50.16960575374877
302.06153375953835
242.6816790556151
38.93634505624209
223.14701749186406
184.43853599269593
348.34577133334915
320.89592145953293
0.9381822626473404
307.0424657100756
256.02788011996955
95.48317615382722
240.95122130146473
77.03029945968399
353.70317869037956
273.4431644537141
219.8670417799627
343.54400846270187
51.11099037408073
44.720681979575204
10.433378278323142
21.261449608918767
277.14360174055486
203.72379564117026
222.0677220623343
177.71355843470553
72.15855608309967
89.07502057539297
175.9980233316104
112.14096377048148
274.06948937710865
176.12882290467036
115.65994540186425
318.92655585083963
13.887590336550964
181.96310365893467
278.51011932999313
59.67828438168173
33.620221241468705
217.3376287276854
353.94796294654265
200.55925382730277
181.38303317915617
336.1117497011474
162.49646631901697
15.409386356487941
117.60257869709334
254.91712251097118
130.9769656194208
81.35545939971067
245.5575868799617
341.6674990541703
200.81544974153218
158.1507856992407
78.85796650254754
197.88792715222263
350.39849588221904
96.38434406434892
305.6804885546866
159.44202422426164
270.3558355512119
318.58355613013754
51.40021895094834
39.777402908076965
228.51471187538405
301.4077643760982
187.3740227368471
134.61662012443418
73.74051023103554
184.1485471182919
140.77811262655737
251.77291126588267
168.5040151896882
57.08805989476021
312.2012842746213
4.524731783001427
319.52670625966556
137.99252499817214
235.97696940550296
9.301067378766014
292.4018874504081
231.94885578366137
267.52934269013247
11.69339647373382
81.27490476862503
203.55901999051306
252.0131811876496
241.91138820938852
18.889678531724645
45.79634309121381
56.78186286113013
194.90041273737558
337.19193033902735
163.19202427974912
186.1755545677686
261.29556179957984
300.12287408364506
138.13585981919803
185.82067567657757
241.7230378208899
41.333662869425964
339.2642273553217
283.8163685184911
196.64781603019753
166.77791884001172
342.65129824425577
9.402467873101529
235.7546314333871
60.51751666821275
292.1483169049584
147.7429526040528
123.15857922038006
94.49073823519514
268.82155223814993
54.43429683168509
143.2624331343257
51.82264803247538
251.5014203728825
212.3539003762463
294.495647742023
102.4886526466507
150.4664350673843
200.51678942499362
223.2133559936225
146.8425553200807
215.74143288642617
94.6811487315311
282.6508680682527
113.71046026096937
220.70293400061138
129.71451777480578
259.082862811692
170.014018408012
282.48380057648257
14.495793822088183
243.3458926937658
33.91997570678337
162.2557716874837
312.39981357449585
48.32494636978683
230.37527641688686
255.39083021093413
333.6237131954235
45.69878719346105
162.76543827557828
267.58381266641686
224.75592495669846
191.44525490049838
261.6942011694741
116.54649011473857
25.27742667001629
209.21820889272692
274.58907555259196
300.1435129601097
3.890957112139002
144.5752663505652
72.21513467608773
150.45842607358645
343.6130549868323
100.22607220781912
56.06876307241122
62.397900162611485
234.5426819958856
136.18072217168915
241.19004098794662
195.38853578180533
106.0597581186002
128.26911013158238
144.36605974437754
57.319478161878514
142.69328991849054
184.13929038478904
258.66375661125454
38.545991430201056
93.92882483537288
20.002793035351313
43.29545454075216
37.70910698768091
132.7172230500755
193.386002782925
165.41803900685284
153.18675314426773
204.43970198771106
31.63602538774737
326.43290587752597
307.1845756575221
74.2161999338456
57.14737564452228
160.38315828793358
263.2918414463454
210.6925755343175
262.968417513628
140.69827202704636
78.3926825310521
16.28545305460926
83.16248591741001
224.04531417884408
238.10980417729527
27.4773517267606
14.772796975263017
213.04653570059898
154.3665144640785
250.90565983332922
17.391262304634395
11.88749449017904
219.58790611954362
151.669448152336
247.52295353701265
287.1361106899863
5.191691044862011
36.699671072553755
350.65691391827784
62.070126188991516
48.681025837162345
16.48297102564736
121.22306529826386
217.2716706252077
95.32300014570893
292.6161989317474
61.18451704010558
148.94693292411029
353.7599575504702
22.842611421931277
322.7778904037992
316.311686198383
263.9219364850459
1.366452469732715
87.77478181481692
17.30135450632463
58.4735087883148
24.257965311562778
101.91140806352603
232.84621852133847
3.9833575000225903
277.8326313543071
155.51790392846152
101.6813084195084
242.09628769577643
11.717313703482903
320.1026248714554
359.6013722961471
255.53580152573525
4.592884691449207
333.9871018317082
199.5303064317169
199.17710119680348
171.44092645256967
124.35392453939401
60.56869762213971
344.5232890796611
24.591270862394634
81.97061786593261
297.5474980940967
330.7574039806463
43.235261181064395
27.626323818242923
350.571594852895
36.98950374409229
323.3794303731145
345.2943858931911
18.97210168581243
328.4954790919217
3.6590886751456115
165.46141234486976
28.938635834400937
312.09622179879796
292.35846812647503
245.42170975514708
109.73791633980323
179.58042804370436
95.49740171121601
205.4315941555377
212.92096817373994
344.2745578720001
187.78546585861713
45.47507707319544
250.00682466294057
127.30758248873744
11.932935197991975
250.5196336007358
6.4583949498277535
357.95745746355266
107.8695565128955
28.137513128959103
140.28329196191584
168.01620900705882
18.26790079025249
353.62603349057986
236.6929276147406
249.70564113657525
280.8902578633049
121.62558104631198
117.65221345619743
60.621676627579006
246.28887096699822
15.619504845782087
197.39031498017403
298.2755420833408
278.5165532219115
108.60190094003426
177.42099089044865
156.9267850322259
84.39006861547841
269.440022677495
23.13085549695859
163.4262231143376
52.623140872197624
170.44074579633423
143.01575701832692
226.46605037961868
61.20554034575697
38.992486311193026
91.91673965588502
70.52724340344733
43.932477319364104
335.85700656396705
333.8135014307493
166.72083504782685
204.32807318506542
69.72037019799951
348.20784622749636
63.599435242421556
319.5314101994675
292.52935399668644
329.4838712865304
1.0820696064238087
220.10186683779554
252.05331137311822
202.59134244730132
111.67699017120161
266.96873816184325
330.9750143622183
68.71249789751629
234.50654415569036
289.26229451337605
316.54684492102444
202.03877655338474
87.5574292533467
281.9160293660607
282.121740217776
101.93615498416393
58.30399072418607
166.05580232010144
40.48853347103077
250.96698542442607
289.50180010391375
221.21454951595499
359.5968448614443
92.23266688232789
147.3848242481985
227.2550494123303
43.06557965758597
192.9537369024773
345.7379310466473
222.97108804646038
82.94010491887596
327.0423473716992
22.552036305408066
230.7050920191826
308.74507135772006
266.82147924085376
269.5266706385202
80.69199351720911
250.8297203692233
129.5746059446806
156.99437136995218
343.8160480224164
234.76863327953095
316.1248103442391
319.02088516854093
321.3528453920576
348.0256516452471
107.25283288548745
318.39252661270723
331.63593579074825
109.36753586045765
291.00312690286637
245.55588043987993
276.3073728599835
21.672757715093496
57.70732465813985
49.30100919811116
130.65949256538036
255.30108949395847
51.08008112244005
302.35747141854375
268.7872751617967
184.9334590615005
154.0025158052551
299.33822162099545
127.9326620235269
230.03755205793288
170.57295417928202
195.9125798516653
11.051623906335843
176.93009379085072
126.30546557932516
0.19532749992474027
36.44731248984595
221.9977795761123
2.615553463666201
24.040043366382722
326.81699971999774
297.4904463775168
226.85380047433694
75.5579475699705
321.1058106045794
154.25517280891546
162.7827256149738
61.55483945558698
138.5350455597975
64.48198352866407
155.25395131752364
94.39695065272406
291.18190317717966
122.16344528621636
234.27511771729868
340.57554563151524
290.9395619161751
229.72564291071768
61.245938475761925
51.921708558219336
53.2398811875737
170.81816003187083
283.8513331481603
53.818633607855915
285.64514877353764
43.231768381268736
226.6432462440727
308.7529575833895
237.1444257348261
36.58012041969648
315.73728388307205
52.045815591940155
358.99889942769545
345.8089187211691
171.53436513601346
192.56011426594978
357.6235982464679
153.12804405205543
207.04542119790273
4.908690958402142
176.1548401247509
208.05383098335696
208.1478547571836
280.6248255601246
221.85703683498232
177.2473986219991
159.77353022003285
280.3068999847927
8.705505163884396
97.14462123116657
287.8485480044028
274.1939740694492
270.93058037007347
212.63056385902925
353.74276397442463
312.75869519422434
6.227155207683115
13.782178007099324
62.68516912739926
82.91282410277574
165.6926696881147
275.71707717835733
286.4682690798401
42.366438027365895
335.7382943618407
86.86680375210402
63.16741021809069
320.4154703701453
347.6407551424763
302.8519501110174
88.4381715545081
12.509442805019651
213.2992334969572
257.30133224214234
296.76811493407354
144.67362186950595
265.63030809152895
59.60799718964505
160.2319958114923
296.4950842116156
345.70547645787633
188.8595737876563
209.44112469367317
295.523670554931
185.04429684521833
115.80713555170053
234.8234293499087
287.5890873783663
275.2688245335327
164.02740964559075
119.82336886923545
326.8720050663898
257.4559625949734
59.64397035576983
256.3263922372623
149.25807230019717
23.77573523381499
77.2308628182882
196.63398510675546
186.2728671200531
260.278939561051
25.388756087551585
158.98560061480916
39.067628076807296
40.038726043358714
354.6557121670055
312.0263451604303
36.40594006805689
4.304773574393319
264.857279728135
233.47194768282023
272.6551961421533
145.42976142679342
209.42057797505018
213.4855366610464
198.190614946898
53.72703108924173
94.73341191525803
97.788907610811
195.69273652077607
277.3251699909488
24.63214670626936
203.8946296716305
140.00697182352752
56.456460583520276
261.98691374354473
17.412645325728914
350.1519354254085
346.1609307656141
112.59052874081986
2.6806180183142185
55.50008626065767
181.7786422390767
151.39365624062688
84.22605170272642
281.69950469878637
65.5385659867364
42.05633968794379
262.8169235750368
168.2420158155881
336.7730358732785
132.9389997793219
43.657754572892706
67.33078250186665
113.33677509071518
357.82275693711006
156.00129670263559
188.12585408883987
196.8254245217804
37.28169983320814
93.06540126628896
96.85282738246379
201.3020542241733
297.01046613887416
82.7891834364701
136.18107766844477
6.066301388668058
130.6714359843426
277.73938800787755
181.30920296250827
23.90036874876768
203.08049161754354
238.9326970711505
268.9888816671016
258.15879033847796
132.69631281703053
290.0349633294814
20.96962176978268
105.74394546082219
50.47352747579337
212.26965879777555
159.6906999535371
69.14362018683345
109.62970356956095
137.61973073534128
168.21465568127795
85.79093713343974
169.72954151318478
268.9263198381209
191.4918327680997
243.4947727249237
115.21741739393019
16.533357056809578
25.06264947551731
168.5409135207497
45.034972381144954
263.83471697585344
352.96696201110575
323.6927326300699
10.720393606715062
216.83331513542805
206.8038854039136
32.14975265575485
16.935525830439975
166.7160672422371
5.5163092800867455
20.60292589115787
283.15034821596555
99.5374484274298
72.81759211958459
149.5160854582682
52.12701406222888
67.06875013136688
184.47849204725907
325.5966156997552
42.73360260317385
136.15743857678956
299.0871466059735
155.7781991075186
87.94431753381878
336.8608602147942
189.29173516700192
138.99134058317543
100.06154955092387
185.8748383689634
256.67001387354634
6.383286364844694
97.6674472915952
266.2796158716045
347.5647412124712
340.6745809837307
249.23433871181552
87.48679928862107
300.6292528217228
110.70039601989636
99.11692470193775
294.1115252286224
188.7241881777629
133.5107392791937
291.59742996445414
171.91563601306538
260.5501600223321
150.3164830919767
213.1781480847683
258.06021798962803
324.8440974234173
63.007480850623374
79.11432092301706
288.47767843852745
90.80325675214903
46.82861041241818
121.97815052914852
127.01094816372337
153.40787326724183
109.29226798469007
195.0243613424215
258.70735845812425
38.15718728785562
114.98979676786514
56.73790662272184
257.11849441725985
300.62443418208915
43.91286652154338
20.520655585854914
317.5565888872802
192.2334278093754
239.25775793950783
28.85059088067405
61.84717582751106
206.13329858492511
250.30270246434748
141.657071726158
253.69103585309796
0.8659770929561507
332.34715905080293
313.853629003264
284.42667782891647
343.4476617697339
130.16273815767735
120.24644078209184
119.99882343198382
97.81134599426599
21.812793292525782
156.55043898047379
18.977253898286058
49.31756723962375
335.7883254062561
326.3870550602991
157.23093407471873
197.0400943739753
11.715970363205779
331.1034538355929
281.8640754176919
259.4757924902624
64.79239616426052
326.25295773002273
23.09281189490287
4.714013948926581
116.87815724469041
240.57154259813512
129.77777246834896
326.0382127867994
311.4342375455552
326.07082231197336
183.32248884375298
27.844366028123694
297.3145572880049
102.24138347164387
349.5377588922509
42.719807832640655
236.36949689597554
75.85510755422534
190.20912424528836
118.02983142392294
47.34249314977324
81.86867471169771
15.270872046224403
22.137912487549205
18.95198494978071
297.52853924275263
105.80196888479868
125.79686589874805
265.19743055004784
291.51247945396625
90.32264574051753
238.48966694497452
144.76744049257027
14.635781624657461
341.92223436814015
274.18034535111707
355.9077163140777
0.723816481929129
71.41641447157626
274.1215319398581
173.60937825158388
136.01587195161412
250.5552346117948
319.70003829154007
301.52923907357416
7.123765070279483
178.59224600817225
54.23307262093978
58.73010298147175
257.3124165518966
26.080101904696807
111.2269775506552
53.72018465657996
356.35092268580394
357.70796552646914
232.96801424554667
154.803241059449
224.74565553159778
90.98968056239305
98.10529810958596
177.29951884520304
233.14712087755862
273.7775369395706
131.6425393708914
355.64547656832787
175.96226931965995
18.852566118973545
168.01506537348817
74.95070049453213
355.07099227899715
36.41202914709335
30.365441726505946
283.06719476908216
147.43444489299156
24.21702943422675
67.76827322604184
76.7931415345705
228.6300928579418
298.3609792806989
117.17226518721279
225.77852498418207
164.55280514296945
157.15026008251004
205.65301682679592
93.69631771239106
164.64971960465522
49.708185373306165
199.1305338789741
77.18998864345967
329.6818525475431
168.31807497590788
187.5655204617233
311.73017094248297
44.33701840361109
174.98089533994266
264.2615715264518
69.35626902069062
289.267700805363
147.6443432492547
352.79977580017635
134.25779791603705
96.14723464456084
315.8239205314431
245.34599183343516
40.97636279838851
48.93228295334782
118.83886150062821
154.2852902805302
117.28056621653187
84.8517074104087
92.20745403313686
121.309900410069
192.7518404518268
218.99059372320497
30.049466279388746
305.61782701858886
347.9082689797783
337.65089491848636
19.58521684960396
199.10998689624222
333.74558670008525
225.95526938110422
76.28042197288661
228.89540015930623
279.7613003210123
284.4155634664182
202.99085048840902
290.38979135744
220.2600272679758
125.30379278772428
174.63795926384617
308.7985753063861
132.03035284812478
25.643574512937825
329.7908610861823
201.4057638770686
269.21521248785746
344.93957071671196
22.52970643874723
88.98870470055381
327.18971051794665
60.56057814398067
218.4359378027902
184.22662787841597
44.49993464829772
96.75992520273876
245.25315456443053
260.7531683580287
231.1237412795891
97.22496495242004
236.30749309519632
244.83279677152763
124.00487957499813
154.47549795437718
242.93166237906985
291.0052713135254
283.653702842679
124.0753758727476
63.61312850440663
39.305331530104134
277.65845258676165
207.3689363713465
139.9431884656093
64.69910265769069
338.29010703777686
98.12377509710284
77.63521384360385
278.61258220991976
111.39480515811125
265.88625839344576
194.8817785056769
287.0807314436205
123.0030534025756
70.43312343545433
153.11896039555063
81.03873320592972
9.43916619048135
173.6557476688707
188.65878853206866
176.2540523882832
140.02508783979349
161.62741404776676
73.60317170645128
202.15231146055638
194.78911628964235
11.10111055858606
328.817286583041
326.88109604707273
94.93515704501948
67.73939150824816
312.2195877587564
306.15033644426234
189.59773731298324
265.2284464503437
229.3877784229696
195.94027003077565
175.10396338053707
193.78892884675116
235.23976780081784
97.82527948449615
205.7119635365515
308.8910490799081
52.59101854680173
305.7848408086649
314.584683076991
175.5958153512883
198.77231431739807
359.9592436446824
293.11336453004304
207.11416268157242
179.40990717269426
81.71870778132397
302.17581845639273
167.9825843974426
42.21597599580793
24.714378925723878
66.84045351833899
2.746788014411467
318.24905180593856
70.98656807845138
118.6999928018263
241.4270554931596
272.21971939432746
279.3444363131787
138.2135417965337
94.06202956366165
295.2912353809582
140.8259672099511
290.0813724255997
215.6199335484194
286.4734400745503
139.03604781076078
38.83118803434232
52.06930340513352
250.9589723486832
292.27568656614005
335.8190796820134
30.772960041140767
127.91458534401414
128.67507225328936
226.88074276620048
317.4551853113736
340.8585411369755
147.49149637786928
281.60400242771783
56.02624997274835
123.53289976543427
203.862290984933
54.25000597042625
112.33118734851561
189.18300146761487
64.07318183432912
274.03939512981526
127.98898595118234
303.147395437682
19.530986485839524
242.7673531889814
269.9330226275791
205.660089239561
252.01366592614033
289.94915469053575
333.5921058790487
141.93702551861585
287.2464360482544
63.6861386042799
229.4037820893917
178.6455472694019
343.83180813110107
323.71406574529374
13.93822992356274
320.8737204265323
129.1349026584001
340.9320183100959
280.1020636208237
165.34485503851573
122.02071522264175
117.75249018186577
95.20262677832872
333.4234103888936
155.79264432821466
254.8243860525462
338.87369824366414
103.81899840976018
266.797049948839
296.41514320449215
172.11204243764865
223.7881870624559
166.30231259085338
226.56189948884034
22.92428874392318
83.17387258124445
16.50152697901299
306.74711375036964
48.311871170866574
56.085785320093386
149.53052225724255
217.25797903500634
76.24357591950329
266.8549102725096
209.80127311765267
149.8063599195948
232.60660394968338
261.4986635109608
151.12527769809148
231.99197017927483
200.24202717916071
188.98736460144764
3.329095274590762
118.74971579605348
277.85453705019154
55.69001568867918
155.6600244195552
149.93542324027078
144.3567261403119
75.45276747149008
282.1420546658709
303.6535292753932
317.62882480704945
160.75421143147017
157.4158115538821
146.99692575624672
136.58676190304504
302.3126788478008
81.69397097818427
164.22324853049943
69.1974989826034
175.196253424202
82.30110007345016
163.43903942684022
51.769550278603226
4.011884190239572
157.77351808715176
160.09525896620957
294.53227230725986
135.1060036078805
27.97522603206096
332.688818036798
184.0923463682632
35.39544818395099
116.00974626887083
175.97723373360466
274.73776103281017
9.432094876134817
226.7295005799253
357.70554859971315
234.14869445373714
24.04264670292541
276.8921984682234
227.4475358934498
30.744665195428695
128.42844169375184
58.78842127737828
318.2485027662048
201.3864225283288
165.95016208221688
270.8512519078217
28.756161757011892
24.566193065760753
258.13444361572584
98.02468245208084
357.77440834314956
208.31594359415647
61.920063442868916
142.7997381457145
209.90278398193058
99.59745152426144
279.4549750222213
31.69872627913609
70.02724750088187
43.56770873765101
324.1873423534224
316.87097643858
275.3239782411432
214.43522018476267
184.63039231678533
102.46903076601123
92.40164483289485
148.97553049224106
103.1525321054731
211.53775498138526
136.31284482971915
355.7790617815961
140.61998354361262
289.696271849648
76.9561262396208
61.130230973357435
224.0996090661441
37.51048660035288
20.451323953045
175.04346424806954
10.303652835336804
172.98649915557772
235.78647089203153
190.69081928651968
178.30709445798206
206.12703817710022
64.39663451663723
137.41837167868024
325.7787287516205
49.89096010547507
53.20305969766709
218.30573890731404
165.6886761799287
135.3242193701836
131.7745643691847
75.55907550622656
120.90465318027843
313.13647145357953
81.35869782598543
174.25933146403807
247.4663528515309
309.2229543985092
127.73246369975777
310.8945025116041
303.25805105974763
272.6986997287799
145.0713564222845
68.4971511981379
136.76437354137337
334.5248029820368
51.004283422327724
218.26635338483123
342.2871320679878
83.02936303484597
302.3107322049139
296.4009464267618
133.48096949342846
92.93915172993613
278.6253063510026
291.40890802218854
202.73556731385474
123.21796588964256
302.7033861017694
273.8547857845832
93.12729464313193
243.22579654528164
223.3682577761758
351.001582638964
285.51073050706174
113.72488813206134
45.57888305226072
338.13109968866934
3.2044622096463007
165.63584889985563
245.49414053051345
129.90213226175598
234.82779399362792
52.83971007996648
286.9461161931219
16.931391765018088
238.83120520855707
198.19192615940582
75.00104514358132
336.2532858526714
350.3264807845782
139.52686221124486
304.12376174793053
89.46686178979823
78.23800586882699
44.78904871243365
85.87589287471187
214.66399101307812
232.52384306304353
97.45920368333998
190.92219517820678
52.1824442162009
44.62425920843526
217.1202274421118
217.34202920592466
118.46653456780902
27.60568847235029
265.7213314075872
81.84906858061458
350.4571042847339
281.0542833475276
34.187508937250094
134.0757224523104
184.21577923746727
47.894479485644204
84.72363020452875
238.46631682453665
264.4774237260522
58.21714196624469
116.8955497297566
2.8719003389724844
60.01040350523386
84.05554907601693
109.13618059078016
199.98749150573911
114.44141393567737
321.03644880570573
303.04733309244403
338.6509491595254
52.390060787697145
328.6177779659404
313.271382789914
131.5231871312699
35.2771919800305
91.07377990424972
312.61971018314966
191.7389070414549
182.80597459391416
96.56546633891215
17.48958513999275
26.112108840758182
24.1030644797613
159.65233402683342
264.56133316668854
123.97753992550034
303.17405419900433
58.29006183176866
233.6226497087182
301.84099018662914
239.3865697028372
197.3181379743205
50.68569132068216
37.352104409351746
279.52135861820557
168.78030952133915
288.70996842707325
160.56687319859358
313.58657383688967
319.6380712427574
102.15206744029254
218.55301561509887
17.69424509248142
152.63556123234474
335.86642144438554
273.41152548034023
176.88486580285738
169.09479771704764
239.60027881992167
330.6760065698614
206.78755871546056
231.5069227123886
206.90602133546292
165.58612461300206
210.7316686728705
272.89486657967365
295.2580880798592
84.44930357688267
25.356462410826875
35.00113371856894
328.7679375019711
199.83720195745238
305.70122167337286
195.44456807634697
154.10921777359277
50.81731265159967
235.0907951971265
124.8313601237595
194.0021699847962
189.38487251078595
340.72576184384434
245.12703346778432
219.66434311750223
166.74034761437457
187.4813225734528
78.07853451540416
293.00962458908896
49.53385668453885
182.18977876878236
162.99470995198615
224.93125157741937
298.8432744585996
227.5333616533694
145.4598703905073
161.84361650445493
37.78270978650445
307.8135501362776
261.7997571776221
346.6656397736641
39.552711764746455
214.54182770129825
274.90357101608606
290.0987452332777
118.43675206913305
209.95727444159078
300.31851468051786
130.80472181855004
336.4753312678072
319.3802836091803
267.42946419513527
224.13845683991838
304.6175346190599
356.11222806234014
190.2366751782568
91.5834726650747
325.4049239965501
88.67753994889428
60.911760832034325
37.85075504238219
254.3638780986613
270.83493018519704
267.48388279433203
295.0251302233818
252.21711055346614
83.96745743182714
258.7895416661814
66.37618734612516
240.87902054357784
74.16047001259517
305.0521324955409
49.19585277000571
240.51051308431386
130.38529078951814
287.1198267312362
20.149415938645088
328.56244108736723
2.453098501619941
171.45959710264074
147.24184180093005
160.1874380201206
75.17124304510688
17.70899367488684
282.71663106719524
359.40481386139624
98.94879636574777
288.0639603917759
101.2203260581848
339.8659360887879
297.9916063369447
222.65703756312277
335.8933445295538
330.94561307225206
221.99910873296665
305.9796692474431
163.61541512887686
32.3795885028408
31.431023090590337
34.238855105521104
6.549877439196128
182.06089469785402
259.7756280885626
9.711229994412214
15.478630205635268
94.57104132854185
176.70631351447088
9.234061867832997
306.5469370380958
92.88370591611977
259.7451380792604
99.26996534312839
40.55972006576714
338.2106923005715
137.01629660616751
63.09050145226224
128.37428854456343
333.6085950803063
7.332063001491431
175.7728590122179
254.61021176496635
301.57522143690727
293.30628971085537
91.75294177647929
253.28486011717334
308.96610604448716
115.75665654236938
65.5377377035662
284.547045637749
350.5098440215194
212.60950637649452
326.0217727473498
201.44969522066532
72.16292954702682
168.95181506666904
8.335618251598573
154.36385448347667
322.6933130808841
94.0467670674138
156.02849406569848
255.67603378782485
11.676026283521507
4.828333463063075
349.29242292395236
335.1997524787187
156.23640178418117
232.51776171885822
112.66840109897598
320.4927384439479
353.54613630577086
4.494498484042613
330.6143046964925
317.11696083210734
85.37245918563785
228.20999999185725
108.49333337807495
102.5271240506507
108.96481468274021
12.818507930140294
130.9682958351995
166.36908942821387
195.61498356103436
265.19840377133653
212.72860656376096
298.20355038547547
64.54348464670396
88.1725154538821
307.69268226575707
349.7732163068985
118.95954337419559
127.69309368843852
161.79320810414626
277.9983699901077
14.914247124387913
43.61291562521843
324.63668942048486
155.2256135016108
263.4975142349058
255.49136502692764
340.02001511485946
244.49668095163887
66.64565925409929
251.9816638493423
71.25917995455714
218.03972034749845
209.7443082258493
238.45132996573716
177.6883026889995
325.45078525919627
145.93921247814973
112.85696436097385
244.62037750227307
332.2148178446143
227.89434854973206
286.1996979458684
93.11937035542068
283.7800293507269
101.90492129679144
252.3436050392915
76.53543185183185
117.00593552958009
303.51419625860257
91.3747205515995
138.25990453406163
309.946539119562
83.72877031622794
45.92012037687912
359.3762940683006
47.75982900641837
169.98223390224422
268.14447244292296
135.5255079948222
94.97727271668747
335.2682397103667
293.53973138047013
5.027974947650387
40.96082434614636
53.86428849559462
127.81216148785246
16.50102501760445
251.29670089357114
307.02543029859254
300.2089303003956
307.5434578947859
29.981551088382453
255.89719414971898
346.4744683971718
231.6490462664231
287.892565775086
39.64263086462894
217.80298917710323
183.7263975248813
192.23557463425405
274.33050026152046
332.21699545277886
74.78357027680414
202.95310192527094
265.72752304030405
219.46466774476755
141.6722168660989
135.8010173524987
146.22861427155797
165.1710256963112
22.84549269632235
222.27981733206911
72.19563572838163
257.5438993501744
53.081236303014656
226.66427026791612
196.05485691461396
242.40691724976554
258.65706293505696
250.34246588632038
65.17765520182358
62.51677184005945
64.42786673021244
98.03828419190111
298.78742851453825
98.26536390464695
31.254918898832578
159.96073605878493
147.77921094393946
183.32291039757186
178.15754518474134
23.32235111670874
111.75280754185586
48.07902121585718
302.81233687696493
125.8451979480617
310.03069571929024
30.533021751767613
139.32578639871076
317.1045117991787
146.8568889221223
319.2469913133453
156.55508946558245
209.91228842602314
223.41219829988643
233.63724833558632
330.2389446261611
242.98754781540936
158.66078174301833
312.5337835377753
189.25913955444761
159.52493720609937
81.85164634292548
83.63849057377804
263.61724324926274
223.9927488011904
207.9407758152132
276.43593518525415
358.37185272340895
74.66010858981042
46.904227048336786
196.78979052723346
52.835991999501054
46.21255896361339
142.41356300871237
110.43604688445926
16.447814535093148
117.30701241097552
19.26846925668506
140.19585259036305
95.14753554097139
317.17384101667153
94.26656389282687
42.45547210417303
161.3100696844976
166.7154595039481
311.6483235765652
122.9582700530148
285.65866213541807
327.52099096253943
162.45705782381722
35.02807284152995
69.66571719229678
113.6925945353658
292.9138161208344
192.1277819641375
149.66219715435724
347.44498894041925
175.90386493063383
141.38499039870447
344.90362435076736
144.38884763101052
247.97494581432701
20.884922757930127
245.9370951328621
281.61206230503797
173.59779362750504
48.04747012269311
35.967345893803966
216.64754938233693
255.81307567565446
139.19501399748887
165.81312174873736
128.72749574247965
25.339102639170626
338.6887262931029
346.22542248164643
306.9784420498815
75.62901759968534
15.245404761726537
310.7920975189475
136.83660363226238
23.120963992559208
257.51466995201633
0.17906357473332737
36.535045508514514
128.54595241702077
75.47499737470723
52.317879751769944
314.1835277849458
63.07903537201076
3.8232228048413286
71.39635223224626
62.82614563918941
184.17846686072232
351.840553925508
213.40638931043287
2.8669613466380857
132.770636077573
38.52338701649989
31.217327221249413
102.4808865152788
227.94602836341846
203.73812831191904
129.87152594832781
217.21052285705878
220.78797484641234
166.72714043749164
189.74229424415654
256.1977975806765
214.10903908833683
300.2204512534422
163.67904357868116
185.96079163400518
229.63657026170426
125.52130144806945
72.4454713907012
254.13833363065697
71.51856716469678
324.5930878754008
170.64702315049536
300.5451770857711
102.92987978155394
154.13112014178984
93.75402591371221
345.6841216375924
221.06542520095715
279.2320434701689
308.83636646284475
225.72800429090125
256.2639913499389
163.99377483650997
70.84738484410155
200.90421995892942
82.02923990185708
217.31124743772503
331.0179345852698
217.65512061458645
56.92766100782635
47.99434108668217
33.4016818912333
243.76564948958472
80.4120704979586
242.89358474991536
195.49106219363156
255.37726901063849
27.392747671495776
261.8992653178353
102.76588010311458
182.22288364030095
35.427745869930625
116.05784949629167
86.38206483804309
242.13462957897218
146.95955709519993
202.8778905759672
210.42317728904476
180.976499316593
350.7162148612908
125.78470298201435
126.91199524621169
260.2955994320035
65.48313206106789
175.40292820194614
264.4366675355447
125.89417936032365
30.776503377633322
357.4310027501622
227.95295482754935
198.0039971195444
73.44763441643339
351.4767814630527
215.42633231751134
267.99737616301115
63.22570966592046
193.8711339335406
349.9197377865684
277.08024389178667
127.0373943990116
90.96840744465456
296.324792650201
36.28502689903535
41.67772747964739
157.94579188060624
302.0777883827404
177.30978769690634
41.04210855806854
166.3758325488666
19.056660134484154
206.92711863229601
5.854471121209439
136.78788594622205
1.6864223959330096
75.15320773726174
95.62429220003307
273.2857274246703
347.7486055511087
351.96518302138406
135.91621448697921
238.89786624603477
165.6137346816995
175.3119392337616
184.48459933346314
93.75235096867608
161.68658484101928
128.7709484084608
339.5660737912342
339.0613544591092
113.23573234387578
307.47769753412564
305.70927115972995
262.9338628356033
307.3189284096208
226.2051763806608
299.4789414840502
46.02417841595877
225.3027866034167
214.6468317834125
239.35996257547703
292.6679348141705
234.75824970306692
187.90537602849645
130.26105740749168
64.29903501235482
131.9429388597463
279.7417699867169
128.05235533471057
148.89400461745572
43.167942562934314
46.474777633925434
192.86290330609108
160.27372223882878
24.215194921402897
290.25047488030344
229.099781577197
306.00572620963675
240.1043241099291
273.3176878571156
3.71785248762249
150.41893000621317
158.47434114036673
155.91352858277304
168.6498788519782
35.49715043371888
351.6775473024435
283.45853056814747
42.91123676946356
282.7250958385924
114.94914263370262
46.081906387873566
304.1753420124712
151.55284374079832
38.07385913821686
248.3670826586606
268.52114690936355
41.385613717831625
55.599632118264296
49.02718832111109
162.56534230767005
36.969408987096244
259.75559669173106
288.6055366936072
22.970164183258536
286.3932284698602
319.47120755435947
184.15850115646444
130.77081523726653
318.3382073295041
32.92437906053862
13.394737643936704
15.46385589905278
109.90144906989673
201.11125057497128
12.783033301440634
133.2617026704015
64.62676320886402
74.16861652300649
248.2305465871019
336.8219009818229
178.23763482078868
175.42002431507473
21.846382054968636
230.2044295797438
172.46859411039426
33.958099117413106
315.27969063952787
32.4543314062647
313.1136549062137
47.39333068653492
182.63580103631395
8.529342818379257
71.05684826579231
302.05149193375684
149.13012790776057
212.3585340612825
34.552860286668924
202.24349779677772
51.567603734128674
100.07264837302681
41.22438783889901
140.46500978995903
91.02720839142371
334.86520702472603
70.04303709661177
209.1148900645327
238.04642496991025
30.26998893883587
205.95579773126246
248.45796048854518
152.42431403359774
286.8981410222669
352.8227942257214
63.49622896598599
185.3750152784526
185.1110641079475
1.5455836945599462
254.82872541500282
311.86507953112596
338.9648354839019
127.33704426355538
314.25558392471464
73.91031537913828
322.43968639087046
272.52344114132035
283.5114602368061
150.93153795089984
229.77137421622922
352.42419771940433
315.25046424783375
306.2082261747715
284.55138346135215
99.37223556209975
85.65273217562046
258.88893246568693
13.848934719386211
183.50282104834022
68.77020292404664
196.56808548977537
310.3139701092984
174.48409180919512
251.22884906582792
190.7779033581558
93.62397791305268
255.4106059695819
77.2259914992261
249.56534010212852
316.63123625193214
38.05402382633286
265.52863012137243
189.3099374062341
158.09178902406998
244.17224513256159
246.97825580149092
108.60358676667805
17.50206349025145
171.31334327477734
330.98239169608667
241.06068701112127
154.9949630085436
358.5490899865311
180.13532685619867
316.6379542291372
6.55540424940035
286.2748070218737
355.9795535244508
87.19744196223094
181.63371877213456
252.58790560377486
128.07130818872972
106.04656627121076
227.48790992126132
358.18867419274017
333.77173013515375
93.59250620276087
215.05741551439735
296.60792288571116
195.2590884740852
105.38982474179255
67.75455624151334
59.220409042932346
254.88220182072828
130.6369332106715
154.47926826607363
159.68597281525456
209.8079788158339
331.16663212176206
137.55084535953037
184.33491469219837
168.44515974841076
343.7474769107555
278.3980677972263
74.16768411110233
158.69681079866746
41.64745388185026
207.53497017950707
41.382138644418156
262.26919842940066
56.9822761831197
330.2499341362408
129.3237351648072
149.48410049746997
175.40815900758585
285.21401846462265
237.35604407437907
204.43458042623783
274.3766498113732
283.1870441086203
109.12858553853941
27.089288741835222
86.3223565022258
266.7033519056064
57.03515874033745
148.49648385442225
346.24128272710556
243.50053570435418
177.6227111625864
349.41289782800385
235.3363711757056
228.07139138702564
244.79201693181784
137.74434404008406
46.55682900798665
51.14198867693748
56.51424667717924
297.33526605380723
172.9366908878493
346.0729289691184
140.5637608155023
148.63499999531092
240.7300790355396
59.574765069336465
74.5020953065448
57.34158464361865
16.559011993690675
333.3057371292845
212.87745451424115
338.4954236960743
22.610761152409715
77.60858366527444
66.8984625810825
337.04622599609036
347.66780173967294
192.19282939628647
241.1116748156201
12.897380296794225
346.6659009778846
269.37938028000883
19.20503800429013
252.98306498552887
9.603252349256314
7.404319592025081
65.81866087797658
128.4771061607298
26.381116552397256
244.58054018082987
127.40189910406866
170.34690385537766
218.21038784422944
157.36621598250522
25.074285751165007
186.36869262006107
75.9990891347283
280.0456853854732
108.03535730145516
262.87332821741387
51.415381715567996
178.77364768550527
44.04043686112341
213.899129863018
265.4829861322514
255.36713180753858
116.44048387481759
77.62738011868281
232.0284934480486
53.68791202475468
316.70015171027785
30.802601387972548
280.0752521345828
214.48282963352048
136.31760638753292
141.5712262203971
305.3300028641977
296.6119668168151
186.72883603103702
306.0188177403863
189.94224588705393
179.39261161947215
9.238318191157058
220.37327768164917
36.684513691658154
203.82369424121504
264.59700122578636
325.53419627316333
186.00086107761663
29.99638100372526
58.07914320297032
1.2389903613918567
340.39684224716194
209.99482943678862
138.5652121147362
263.190439596089
352.7686501196521
87.17794967614383
71.64964920563214
264.81004867173874
46.547595784268545
128.98653033858017
289.8214593364466
200.9266814159
159.68184973915837
77.91390757716768
233.78549257487853
118.46007953581055
2.0405532862174565
11.710630671064814
261.79356261134757
97.72422603492004
44.3853101697653
88.67603287257435
222.67251133575206
48.94622969550907
57.51886861456435
229.73005727156666
346.9233597548279
59.209454060521544
111.89727385542992
147.54075521360852
299.3675115722142
112.66267510824153
171.7376726304749
184.02558688828913
21.5198043847766
137.73011064233046
49.83558555640667
32.26570774844224
145.7290425671159
346.75863272568097
66.26320532265791
255.21932783628762
173.48214045748264
1.4535798760591134
264.0751094424634
247.37505575188877
70.90196026344698
300.8479500290011
30.42132709717449
268.4456709164795
110.20860729252092
128.49067772076572
54.53194038132288
171.5606213825811
306.63025632362087
178.05041782430615
151.34456889809496
247.4565272047473
78.6168102632707
68.22746624850593
32.059451397850445
29.12473913563234
120.81368162782285
230.3363166957038
349.27099231982186
287.55322954526616
42.69376555123104
300.84669879407227
21.53687455706546
277.06854822167725
336.42949077049695
74.97561869348328
171.79583912182446
168.2748221104621
132.4059574344655
23.549355243581648
102.59360849798435
327.2329402829993
119.86318381362068
24.228516637738885
332.4928267809609
159.23562926741187
221.97904848417554
62.89491284153472
234.3857007537821
22.03929872135279
286.3460898516299
230.51397403625825
237.85965006999112
130.691799262662
201.18546576400252
292.52665654844253
300.31774848288705
66.06774390370187
210.5223547670389
325.04901264878725
252.6910149603514
218.00140937739585
83.35289183471113
73.27475685823752
88.02324084256182
146.98737871456782
31.868713785169586
176.92717601048813
101.83785131255225
173.9444158828184
313.27988601075685
136.90214232380222
84.65172484409328
348.50533902015667
35.11340939187883
76.42085974834241
49.77128098752322
60.54390520201561
250.8149329288224
285.4859855187031
261.3824727948331
196.79804351263056
39.88234049127751
10.874845167958204
303.0245762787257
134.6053798191337
133.60757171382534
179.29731415165622
205.86788349642234
289.97801931664134
155.74044099120894
354.93280265559946
284.9025940088418
186.46491464648145
341.05510565877336
61.0501071264366
87.64414111240423
263.86333070561597
225.5336071188618
4.363667530419683
95.68804632453045
332.6427096870055
312.1021042868705
183.4760109779604
327.1603714385032
222.99135970070282
98.71119532221022
351.809606937972
191.35462846636318
128.68965075049638
74.96587197867603
81.84529656581432
176.2201457401843
179.84402468865807
237.37917196785284
124.22809547636395
75.64456796589548
351.6322193136211
259.6383776450332
353.9510874427521
241.69035809243616
314.3133643723207
311.32629604180164
158.838532768738
311.97051254467317
198.49052097966396
328.934177102134
100.13628538957745
238.1573791759778
58.32721845217438
138.0032225155916
42.11677651970339
96.35870730445089
356.99046605958046
266.41708982912
126.13848247122873
263.5043548123178
242.58187395367298
169.0129117782307
322.03084548821874
48.60814018478925
119.31532649500082
69.11643352677763
205.77150676156594
173.5514676959069
184.07552728630822
246.061367590877
100.9925410031049
100.88187900612668
335.9560863926926
110.54774534912967
40.0983055407259
47.55853126576081
278.63516145449114
272.5214702557547
333.5546784388667
137.6571343062153
333.57312345969126
280.2742703985652
134.15266755440265
221.5132037497669
225.92851420964874
91.14691064160994
319.5851298090173
102.57543931500203
148.44895344823215
162.43044340032122
43.849092491035755
83.10207223695254
54.11114697644928
96.65717924334365
316.22215859468326
254.29009078792117
57.77029436599595
279.5011936962869
351.3306427987731
145.72848493292554
344.51983457745155
257.49039652176003
50.15191844579721
337.467014409895
143.01134881859278
137.56489369528794
250.5064742770323
30.84541024127367
204.3390083120393
62.728915838666936
12.702306323007758
251.11923617910628
206.209399927925
216.03366823870618
160.95804828778077
130.92340184105078
129.16985269398165
189.46281249660962
320.9227431583138
248.2911613205089
263.5551362546281
67.8512504005273
121.97944126677989
279.8758974132909
5.902177779669575
312.59455375958987
159.94306588517043
326.48585631132886
46.71640597094044
269.5450364794205
14.784384475314559
186.7762098651493
312.5400020614675
145.8225708991798
143.48323818750055
171.8988517267153
199.59569337859705
109.92650547009565
151.99150224782832
113.22785767144958
316.8219829725021
11.372470324242132
90.53598255691811
23.642555832291745
68.71890883666312
349.5445392847162
239.17370057322387
33.90720354556841
195.28024947160804
0.2984037842582998
148.94083995572046
178.54220815440078
177.00984036738282
185.33025265341945
198.3416503166602
192.97374593687744
259.1104054567468
291.3149340159908
20.04576593029213
340.03004509453024
241.18207824156298
214.52912929262794
185.12527224925316
74.62508030476609
184.76666644371767
333.78610114212694
6.7824609840542465
5.206094289036663
162.1633806894562
249.48498517301593
233.93988896855709
80.9703537556968
215.95047710947136
7.811338098837433
10.10458968396503
106.50107995615804
129.5440211765121
108.07523036377536
27.663962583055145
269.1459472130345
233.19798060129585
86.03593537221165
269.9335104846196
236.53058206407383
221.94279695965838
160.62545403829824
192.61830890262937
110.13063677493452
312.93582795240957
269.8008170728923
195.98854161574826
69.84856707974151
108.84185256744169
115.85899276530941
78.05566796151778
162.65353069862735
163.55590937386714
299.73124197884414
38.909095953738216
136.0369599699361
117.68763811454873
309.49703244754215
201.07781712070505
25.611517190044484
288.6466831812728
351.47512078921176
241.8628319228679
121.70977202023695
27.49273214288567
303.5986115290291
116.19542734763952
340.98982978314353
255.87088289371994
269.02270272200724
82.43594304742611
283.3320618492521
249.27741560349003
57.31065184245813
304.69117990218393
193.38284952959248
278.2955575846404
149.23005494959446
216.33324836100525
112.55595607628833
5.763559114461487
71.29526937031015
196.2292806667842
122.97154212161162
139.71447709294293
303.55541518378055
9.150566511007819
291.5432766251562
5.632299242440469
5.818964089822395
236.031546116522
327.76253580863363
131.68224861523953
56.217670602087765
133.86002917372463
201.9851178471619
273.57548278375094
166.13607634941243
14.41684954188976
71.22886245615861
278.5103536829176
303.0420135660134
180.98511355563744
225.10203212114334
312.52815727072186
73.97091970868233
121.99370760013129
335.07574469762767
73.91899499847688
296.8718183988766
243.65562438440674
186.00948797416783
226.83383832709217
212.4931090211308
234.77686103086526
352.9544224324984
275.42274860246374
93.20963630201054
225.21073368798002
313.245259857096
249.88025255964476
63.64301544824008
135.05741267143677
358.4601615305098
48.14711076351552
327.3780309254198
46.76076733953077
276.2954880904614
140.1033519148547
173.20525488700028
58.87044051504035
194.57340525680127
314.37644582215813
134.22790856340637
177.82002988608997
254.65510214318473
24.068623169007786
318.7184500557416
214.12377585499777
99.54057460835922
238.85017065578984
313.9555055374479
69.59687803063986
334.0418015512818
330.0555923944778
189.29844079375502
212.39025550399
307.17262412935594
192.7291177242089
64.85255431204513
303.5668129282244
96.19306135800583
298.2068812278371
273.9564505146511
285.80872317289095
22.246538091955404
16.96871353417515
190.1144509147787
201.1813391712711
267.6267040452547
284.312110132424
140.94789626651956
329.7358956203142
279.31275197306485
171.17816270704887
162.40084180072992
78.78257385881103
185.8807588072179
123.00701775510656
209.19854250171227
158.39944622947695
134.45984383337768
124.79544591990616
183.71888154996395
175.23348227216306
177.20188714783146
214.7408603371097
31.694461625973148
271.67026769201567
256.9513062097811
134.61791433906436
1.5503085799890937
51.370081049001676
99.33991399184832
141.24470358250656
228.4422632240313
224.8877103865584
155.23053344974724
219.58951737558718
177.28357126728793
51.85828824186652
44.95941650796301
40.48018713474622
247.71681715698278
125.62338493746954
337.9737422411659
13.579489184404109
270.20654266544886
151.25720576308174
51.07908187286742
316.89120095899244
258.17445103929145
15.307187641088499
103.24362413213856
299.67026386428637
105.04334100734071
5.644818225526945
335.20802045475546
94.43495266007166
23.993576263613843
237.97913008841638
21.22300102553525
246.46577837876373
350.8163853826502
78.33996365015894
181.81601429017388
333.3079801100517
323.6043891192181
182.16758251615633
95.70351572747664
331.76426003512864
12.872145082290086
267.5814220296404
322.73106060703515
202.2992314685745
218.25577062383064
352.3136204679671
111.25381611068576
247.38767159059122
211.06354014028432
112.55745485563567
79.09479197039643
290.79383047531024
180.79801592718857
235.65128556553398
71.61336413840712
259.3867587097871
43.454630351205914
327.8591330363016
359.79477235781593
317.6804394235919
312.1042949272562
102.77556414415842
13.797894969782323
48.37114392829842
51.428141548272954
245.73080320531906
215.92533354853637
212.06320447814852
137.37739730400187
188.9411677183048
274.97533124506197
26.465444896015423
334.9849010570387
40.31422544855802
211.67842126593106
18.234590226650475
268.68034793153447
5.977795280512958
120.2371381524086
34.57724610901658
18.72063363573643
14.282982868705488
162.48543504399578
36.48546528623593
53.66981473145337
284.5681640693957
314.53130423038687
251.18460595868518
57.714549572729396
292.6386784815488
259.5461652870143
162.3290031322769
162.926078359122
58.707568708861125
40.2822855681987
152.07357242548218
351.9834539751809
113.84499190333148
352.4987949191696
35.17356991614392
24.071241220077493
301.7985434086226
215.44285705695125
159.33824801299085
240.1876822741639
31.566158099105518
296.2257831351793
339.16488855768347
255.04720553591466
12.097491322714491
205.39733336202687
150.15382517655019
309.06468911053116
277.76671840139716
137.3537901294895
51.364716300204556
194.6844393518553
121.79108508621789
126.29786492191417
228.08006386150467
170.3384891531484
218.95095883735354
109.45818627444116
119.74970737360937
346.7750074927232
241.81844809363926
69.22111273449119
163.91484611694122
194.31987172560477
6.313498018176582
187.63558038353324
335.120114816974
292.51968694150673
272.1831331906003
29.117386948572697
82.26835172314705
27.609530634725992
228.70093787578165
244.22365641792382
36.073400450291054
0.4776651661354746
64.73980429394146
340.5895879925254
292.2307071518962
40.49991306965568
312.86669220373886
107.54268047578189
220.04979976442547
116.19411647337213
68.44370354571238
223.06076067479137
327.57558242535225
316.3155850760877
166.85215350062748
24.36548155640846
1.0376984995866891
16.143817726444006
211.93351123315026
117.34748834642666
165.96576050994827
27.042829165732144
244.49828674990965
310.29897584023513
166.8831656602467
190.33258160390773
144.29961598029846
54.507384929962136
337.77404559491964
131.85050505835343
105.57430150524304
291.75340894838473
162.7285608767321
123.72110621502289
7.579161093928694
64.70326620765678
339.8549460391309
290.38315390884276
216.70622480597333
324.93150133024494
309.1560726213499
283.9528771009113
161.3782626042808
53.642701658218876
223.34206091326436
77.93686544660649
117.91241068624186
209.3150285300432
269.0009653703527
216.57013988487319
121.57238432283444
85.28874523949916
283.6753379322624
256.0840784630865
212.6023383414513
269.6981208583534
9.609284349342905
317.93488311566165
10.505137337395311
93.55721919099919
219.41648569334234
21.550226677436854
234.6974555858296
126.17831687332954
122.8920086590323
331.31548168695247
148.02314497569023
144.63786666301405
224.55815320307704
353.49628513565966
122.95656192570816
145.835202521432
98.55576175799196
125.54073074600385
293.92266759569924
248.55977861820105
295.3732663054188
240.98109753688811
217.5864510029254
352.74670973053924
334.30541663579
278.3276727758561
199.04264363570505
29.07201984981613
279.6883256251969
241.6307495545445
197.5048158764825
155.13872459684094
148.0954196986693
196.9202906736155
160.06522148083192
168.12462812482843
193.47078793318545
215.9201541708607
294.45099645287866
232.94747458573733
115.10355793316525
33.92166554303039
341.06048555133583
39.47117333292635
349.57143121737744
161.03329765221503
334.81834220888015
292.4947805960953
192.03710202438396
31.370290034486498
93.93079372986932
63.23600649049192
162.36843410890043
308.06656941367436
28.233243416013927
30.905158607115478
194.16843159765247
295.18183724792334
216.9411754141708
301.26388514496756
22.14977165717625
328.7646801166615
281.9942567172259
51.819297429752154
207.6369807926453
251.69197398844454
105.90725740075872
184.6017511681277
158.0495782007293
188.8212873784117
221.48710920960613
239.33075690251775
120.56640759138809
342.2728268746187
64.87628306936483
76.96586751871484
200.4796925532795
88.32155330841184
353.8681447031987
273.0727356065001
160.80526985132659
217.99715187669202
187.98719312246342
35.17419840239756
67.10195818483622
91.89962897667911
45.06359757387003
212.7170788300512
164.0038461478557
301.09702645572145
62.16251071712706
339.62589938393796
28.584021937101955
98.41356226254932
159.12324511768026
215.28250663142254
61.6102807886666
314.81494633590137
235.14550917904313
45.49297309676821
82.739604419739
159.60250129262664
261.3622329991859
28.916201946800864
80.3209896816199
257.6198163889215
314.4760397774441
84.63358106500824
85.61263669509994
165.92797391510518
50.29899875698301
3.0700928938991536
130.90120132873952
328.4384393046732
245.1500074240602
320.30039368021045
224.74989195962323
285.5343681074719
338.5261782092191
147.82374956717345
262.62922375082906
181.60928922976524
115.439897740396
100.18450537357288
163.04886667884654
115.84608634142216
271.177792277003
81.07464985882999
87.29359544853483
62.29615276981722
148.88872831891743
130.84952989190327
26.564435619653473
188.8677732829437
87.06800985913742
317.88186641984174
140.2910436390676
112.71964200472163
61.35294592357531
295.9877697734805
142.6887846015342
225.1657582297334
312.769874048907
319.77269272042383
188.68019683228962
118.8842363264699
0.3544310832520862
56.83169405330892
92.19537895486049
22.121012378995403
124.03346751686443
205.8267779475203
304.9713006262412
348.54487933483614
17.34512516707351
256.2108346211147
97.30843386126415
60.32180602820554
96.65132815763289
354.50299760075166
242.85335957816585
94.2361092490222
171.36733125659057
345.1557131330481
66.20071098140033
201.39364160840424
355.1808427379545
190.55491429200003
143.56595810642648
70.17281999571254
13.814589382445615
6.32464873620984
75.66580790754894
161.66561423974193
120.97548166730712
154.2830707736243
343.6484946894456
279.5683260480124
0.3783044993328777
219.346532364962
14.996916541204008
306.5469186798649
246.62336919258686
235.14293509173794
14.878761142768779
56.348622726076066
166.95653556626075
39.68686998218713
48.316970701720244
195.1144043757258
353.5338784555001
160.53122104277006
118.49593253082115
239.95685973881635
172.883263697508
33.15754107600853
203.61862672190938
52.86174122073697
221.85375733282777
348.7754333564172
309.3073309748892
326.42332587263223
297.38114281390267
302.5665961141849
26.607394839710985
110.15265396081729
34.15898012957351
36.26795701385135
225.32247276571778
148.8048384548395
281.72378865340886
48.89863946036376
294.4478593082971
41.91523591975234
34.124471350580286
302.5794256149575
253.79553509732995
77.9665804930549
117.68383583266018
159.81904607279233
312.56941902041467
314.37358355724547
172.6308865310177
79.28793070980115
177.17360598312257
90.36092317457481
116.68680394297031
287.8185693815238
175.6130225860796
169.0416454230956
123.89353499746151
327.51007609872084
204.55157416954037
273.3953114691335
180.8314790666467
51.17605213553866
274.83909947033203
63.77756377097544
221.89753052993763
231.91142076375502
273.911173096742
211.16505838564933
57.04716822690808
10.45759173578748
330.5900428716478
58.597777808173596
7.474121837417173
324.5291976287891
122.25305400381875
195.21248569613206
119.35984470300198
142.09632228605372
109.04479988103067
297.5183224478991
276.5170675555059
199.521383424119
146.76026149593483
149.41738734363338
232.64741409099412
172.56177490847742
91.2195272364155
2.258123890358778
11.780291524123902
299.1256135571804
229.37514403017286
139.26234289623903
196.2681588535676
11.49768315101808
56.064908338476776
182.21692943096565
171.07628267877652
64.02048175060249
167.91368349892048
114.34215891377296
219.57847665168245
38.140912544294146
189.23790732026313
169.05076085464196
287.15090852897737
125.14846909314848
138.75298597965335
235.05745640225769
96.58891496058867
20.335290650329927
338.76066572481744
271.92823340746605
281.5231430286585
37.81402125305818
234.09311178188796
182.76730874447614
340.92096711797547
57.5953922002824
105.99847665361996
142.06412956996542
43.63814976921828
189.7223579759624
29.33999271362995
276.1685137897555
252.38129668888442
5.0538511907766575
20.16433468196514
124.41530461277883
45.52223148954545
93.43818681582943
257.5610804380493
219.95358834836617
89.3022144653334
334.6419836457747
110.94923029250025
324.44112458138545
340.2690355832441
205.16115511192095
142.48255058004776
34.70270124621167
88.72078636745027
289.33560045980335
6.277256608968333
347.08505173168163
238.9942711328311
168.11141916115747
193.42633197503045
30.629171349111036
87.89230650482997
5.698410409435001
30.543329437827555
280.04383319925233
287.7102421228477
349.35452571726756
26.420685174661394
28.20997139153382
249.4150363237793
269.3586038299504
250.5707076724306
281.72864200199496
347.9150875990948
125.47938710041332
206.06394955886765
234.4487076641625
151.26550511760482
12.165091005299226
199.22880981952886
298.2241791981588
55.49847184852052
102.6515323494505
260.51261243663674
87.43578577594114
32.99676326571449
3.739267139607059
331.7342442313207
200.14553294067136
183.73807060793555
280.08230126174277
67.6789944448352
180.64904465514445
7.973894469788379
128.42483097575146
88.39556353555935
297.87035789382804
45.98489187707059
220.8499831877346
27.579880014157016
247.5252808547743
339.9386406272925
295.7852153402002
297.0554550119985
89.49820822855436
38.12370587808688
74.23291424722366
239.54161273869693
85.50780985088178
131.62575050544996
351.46423099514493
92.62632865455969
280.2944245721044
227.66704260576756
343.2652319519009
352.2722318913811
28.294708859341714
212.6134231763075
92.18540920727031
178.7461800131677
78.20709704069408
170.21586554897422
289.4487607899319
287.9467769078322
120.83276801324838
251.57732432118507
208.10474287655896
331.66465161644356
65.1529897956286
108.9568777007587
52.461214746681414
286.6493738230956
323.08974505160035
51.9907765275
138.35932422399367
357.03763903261125
73.45428426390116
176.02045271085748
336.7512067410636
63.39437481328301
269.17171823879414
260.3468038287223
221.11714204479335
35.950291558812715
145.9666651214187
110.38476384899535
91.86994269103766
112.50783161272635
216.17816639756725
344.59410814413036
355.6425121266115
171.74062522137817
123.37048688242827
153.035641321315
131.4064813848259
137.54174765454343
296.1528854099916
97.43153838445598
255.91558999006162
181.05689588482946
56.447518093468815
289.25779439086136
86.3014590804782
49.668991167517504
100.45148542312242
347.45822006837926
253.62254017236938
335.2072878917863
295.80666790661627
15.417248398214811
253.38738881506308
2.2226374989514937
276.70452109997115
337.697514478429
297.13374107079426
259.8507036303591
257.33315167340004
254.0791849335565
202.52838286532628
143.09436981303372
329.5896163284084
105.49771823132104
49.77238349350612
22.594431143136028
17.34430182188749
36.50995917771336
325.80963174126555
324.1014970139233
180.43744757065318
289.5614344082447
184.10854894969157
258.21805086301214
246.14382199621758
156.17451427779048
36.775772652386934
156.36744072250679
116.02590197003487
340.3024527617562
138.35907597400546
157.76480378633363
264.8442093302945
64.06213671026303
4.6862969549057345
154.45705616406386
113.43025355228373
71.8094380934324
167.26385863614126
16.31827760598648
10.299958865623893
90.85916976370602
50.611327168520624
286.62572022906807
191.91458839479745
186.18443421931153
277.9878382178316
133.98754412864673
168.90329762177444
335.94543028439307
155.13863545595893
116.86970377877734
66.5545266564281
37.97204104740595
93.28427124537697
4.762243456631137
152.21893849886573
95.39774768262401
26.063215685445485
245.93419245610158
300.0631163077429
268.4732035020965
291.7835216849887
34.981000583951094
263.5128171795031
260.15274979392717
317.94789521424997
112.73475751938857
137.7313459592067
142.156120320397
6.62053846758681
201.83522403638545
148.7310291879896
350.9489091861648
230.88745880705562
332.7710185701771
137.12183669651824
128.54806621909847
114.19338153457679
147.9894017067858
257.601420404622
93.94907077868439
302.91447573083286
299.1141223445586
109.25830372363343
0.8960245413783836
328.14428654593513
87.85162114388915
164.6900142367318
118.10841889209568
224.9498604764424
302.4690055923169
345.2456002069563
313.0216249598085
48.73326838024308
333.59584162314593
118.85903040966882
60.63145761137941
186.1545552291771
190.13510518106142
242.86388274492563
140.30714252978643
277.97254550012667
233.7536044532761
189.76221882805456
131.6333456843482
67.59135677602883
154.85047690514946
141.96791365965322
123.42329547085822
200.19616548651263
44.64321334611636
104.04723660418091
265.61984625272635
63.11917974274052
75.30754940559851
244.04878331210355
116.90505104543647
151.9962168111074
141.54173713483203
98.52523624916162
105.0825600133906
104.4767911222507
66.39603351801031
190.26414260371237
18.512155462513075
207.88574836503182
213.09053197694158
301.84317643502106
107.05580558062766
219.3879278466772
242.61380341213743
62.136284711033554
138.42805267379745
158.70671709073508
321.60106778940735
329.9982108679571
0.29898397939285926
236.49798704154085
329.76206903758714
242.52040698782216
55.85753286227412
286.19483162308063
318.51813426018464
345.7281119914298
290.22633324523713
284.5217785824064
275.1001721375829
232.02993774879485
223.37236838108996
18.18581147840386
296.414797482705
207.52357189089977
355.3585843983366
106.38079151178702
130.25941680580522
224.92559705926945
50.05205798244014
256.97880259420975
47.83467614885146
83.00033791025103
197.14789309350093
161.0585248070468
24.851713978673423
338.6520916213919
4.205541172004045
219.82136905352965
129.01568975249114
51.600690889798685
355.27275672900305
155.6702446931774
354.54031188652084
229.13630198582655
248.15319417815704
114.12210705712319
146.88312102500504
110.23665220471773
202.84874211584565
336.15295773129026
319.1931705614545
237.83189426263806
1.6964319666271785
354.25803812786774
279.3038956776522
72.75215710485632
168.01438878297418
144.01655487074083
297.3281112474032
110.72565023679283
42.48166643843754
103.79476294976193
53.323881947430486
251.30095229758265
273.6886934749258
21.611455387961055
159.49373155319478
32.98753679232444
174.7046400666946
266.510746794559
48.284138750791584
121.01612417372743
194.1398538960902
272.2589146558282
234.7280844770598
286.12841107752246
83.79503055447755
69.87058819514574
65.00299632027861
94.32066228381817
174.3727987553497
47.3628512588128
69.34101431290125
15.353387479553971
44.78198349686309
322.9931502153657
193.25347638644797
309.138764086572
234.30728340447712
15.924232107604759
135.25036528626427
48.975480378514796
205.94014942616948
64.18495330163591
273.2034310921286
47.69422932617871
300.65165185111096
359.11986883935356
236.04399094539687
226.19325586851502
323.12619580279807
229.12512101943187
33.35849714519681
102.78045804642318
312.3022161806865
351.8033429575244
60.006528784510984
99.76151030674454
307.88574615995293
270.7996411360257
325.68527046534695
332.5252985017302
88.50233954911874
51.56928122609506
282.9603701692941
59.96915705886045
297.8263585033167
132.79440024643102
41.6878159462163
148.2804718767656
250.62413457878856
83.11475598958485
106.65958480550047
294.9998127924045
359.0144803840965
129.9522240339806
24.23695500487833
248.47395544618024
10.382868902073449
31.898259752809977
23.101596275327882
135.7023549422138
255.1143943164692
102.61101345707561
81.29786312341902
50.29644297390843
298.8794439801637
240.40758851131238
122.90903924716756
275.0330983927243
257.6391403539614
117.63884024709577
68.46769963157438
205.96959985125253
81.95515297215991
262.1952151011328
350.3656135586154
52.785254937095
330.6902718140678
67.23527031353242
61.58868330787555
96.7253070140053
60.53566894140462
166.02176444554954
177.8872998277174
110.7529372234821
121.98128390576888
133.3598707773396
89.91611197815574
43.45045801001353
255.1095455545346
37.992293860805525
314.4837915327523
154.42431267520615
172.3168034180412
251.5453524076331
338.9598072344733
176.89773670488339
296.20820887389834
162.4179597355042
7.746753321852988
326.8601980775005
88.30246089733903
237.0717486581972
101.80532255825081
257.8341301244252
41.52385326681854
298.2921219893748
37.869399001143975
80.16208938243206
274.0131318315773
161.12703755475601
45.81444315745493
282.8336555339399
2.3774632609224855
192.31280448834332
261.9379537141701
202.490484365707
282.70602234509533
223.01348019739626
91.67606670333848
178.2177503745907
129.66201065667417
229.36256368797459
98.53153322843849
103.43531331758376
236.39806135916277
187.02000008892546
353.8277094594727
329.7693412672247
262.6179150819644
11.823588825513571
232.29771342032663
79.04879633830492
151.36087142430517
49.152808430412634
148.22342255294518
135.72790250949706
336.5033988309782
348.0814221985854
1.1104038954151245
227.3297408465735
18.51425426751315
273.60655791017217
321.77951503762006
60.961495877265136
248.44071605485078
348.2584688478226
214.4868411541368
220.73802122565584
272.788080577238
257.15925132733395
243.07966823122112
171.81870856713016
221.59437717245294
21.687659185687348
234.43433902029153
27.9857062660237
200.46304616381414
338.2376699678876
199.86602209643294
268.5730431323964
67.40393127022878
313.1473723979593
276.46000636813056
112.50744555949598
85.14329935152006
300.35750887174214
13.274628109138876
193.08536665466838
101.1334630213225
284.4806886133536
87.71329732377939
320.61384519425184
250.45894207955587
166.75633298133604
167.70752339106565
3.2727872746230924
289.74935721056585
246.45951863604907
198.44976826700844
278.32213525441057
155.95656093800108
29.417621274282805
239.3447660604893
168.77171974285142
156.78907664606177
168.92255444815896
341.29803821665917
171.1827320463725
242.72019294102407
235.60012410589275
326.5087396440033
238.81124665871053
90.00752383963905
126.26661221134674
126.3294780109752
263.07315343094643
309.3054038401634
105.34897096696052
121.46980036294532
299.5516736958563
317.831367845477
56.6984508334035
355.11344134375463
265.7135365257701
143.90233976458325
176.5220531558496
166.4237748250144
116.79734915217931
128.89490188235212
330.53637881538623
89.62210877061615
334.1993299892474
121.87220030417491
318.911501608017
335.14030452678577
161.16616331762512
138.36630256275004
353.1378809421087
297.05537556529976
245.6172513881887
345.92948266907655
52.342191424395374
290.77485901698554
45.6098743255254
182.49772255148218
152.82040954064928
359.535810054876
304.18962315085713
53.1474635937091
72.78573259110463
77.4557980642162
209.64287380651288
294.28752739229947
345.3800415505137
93.83998422685309
142.6077670416301
177.91836940695947
228.1325696809244
185.90567194924304
167.81410771807901
211.16159152920005
254.1657417499973
280.18296261669116
92.10520951352008
128.0365749912713
84.64210076061464
250.13831868348103
326.17672082661403
359.784754015352
187.0573136758524
298.4344060334811
219.18744693231767
195.10314278784216
122.48960848383327
128.48897167398178
74.05205866522316
291.9413759015072
203.71728252743856
36.852242422987715
200.27686773804436
115.92368692746373
92.93315564271916
309.30038483918685
201.9923431267946
134.2713724697568
292.427462926389
107.84833139441035
100.17354147034514
275.41163490302046
274.0129299678967
273.8795328935356
52.656635951489456
108.69616555139042
62.65741547335184
39.10512655785346
323.4755166154152
72.89715384303426
116.91152805338126
166.24815662343903
175.9516542116227
150.0726718508278
127.81786646666336
221.15262217009445
88.79071670291992
19.257041372448676
87.56827996050191
8.646935115655333
216.786090526982
92.94359475879158
2.3124221793448543
308.0380179803979
46.624812209645874
275.64930278375505
296.4723837132192
52.653375888289304
121.4616070681813
127.44287141449276
83.58636091214584
191.67435716442603
114.05610685714855
313.25839717153747
106.9039812474969
72.44267385916153
93.38731435140612
239.09856067132935
245.81243001124378
270.87825970720826
356.1818293037403
358.63118330136473
338.0980977871106
20.827743418572528
172.78326713068245
276.349620254533
170.14995782517096
69.95371695595816
350.38478967715287
193.8164583627595
264.91814569221435
244.60481037681632
41.972546496998156
68.45590863823357
279.0705281427947
316.0963991874028
149.13429796781517
220.79771857948293
339.1550691360748
279.22351004537137
119.77402938473193
240.41757484991595
276.246161866993
142.73348249322123
296.35652136065715
173.52393028317755
7.028962225865704
89.7467138010607
88.81777679467001
171.15418131587253
296.14667949892294
184.69630575525895
85.31181338878483
153.63401696837624
268.5112573908558
69.70471084106454
113.5767138234574
24.980844269694707
90.74680484485464
125.73476305355213
301.1942610433234
192.68372668109842
170.8983383825584
253.61338203562832
35.71716302457733
70.17535574825322
346.1723375780191
124.48918005517719
138.39269431331007
292.0350355893523
326.2992663453864
262.1675103074692
63.91802398666304
166.62099967097097
138.51265678228015
70.34121469410262
56.402981715063
228.7178452131535
324.1636814469658
16.663162125819472
135.6352228981229
192.7008703640071
237.88640073367225
197.11901007328956
253.62510702897612
48.79340983949484
150.98374579936404
141.30682784669668
76.59359352515123
112.85074675786194
5.054495912205519
97.82445388504642
263.019112542252
236.91568833046622
147.18510301221988
123.46925207148479
155.8175472753193
127.75020208740231
336.930755826532
239.31964821021424
336.1031953293218
11.25529616175452
94.5153622261856
192.60497215284437
336.7197205200834
209.19814095844347
252.7462322171902
355.58570841382175
54.71883045517736
167.13597963895054
65.43645228671653
162.97890490564868
309.7945322602803
316.66113038489874
40.70175977133353
270.5450957282957
303.5133367929839
309.2736950027794
306.8245685667539
63.64776880862361
158.13071677231824
246.218747066859
146.1777462306064
176.4579577682293
126.68527784370463
290.09336752966755
328.088123169501
233.84882854906192
357.0294854576607
135.35268955894495
273.3427941134253
192.2173978731368
354.06625592712277
188.0132592340057
295.87271775156677
308.4589394690649
295.86626876775074
322.9861277503602
346.6615754240159
75.47081224179662
21.176473215896177
266.5313024589772
49.43126953943606
315.9104834190932
161.3103078045608
96.13740244513019
88.26193729165807
172.57598183502307
27.55589204477817
299.8784699701622
157.35108144979412
118.9645918215226
221.11953837599313
204.73262910244645
4.945572333437529
299.3079204211118
45.297205671069285
133.7337115942957
328.4643368339708
253.55769279612446
38.57757154336979
120.00511374096162
136.71141261615855
175.33487883355212
346.5008157906774
317.3310443132847
28.43630669279182
81.72997198152454
69.29993668561909
171.27620326967153
219.27245354828844
291.2547474776659
222.88250836876708
300.39880120173984
269.67138006805476
61.174541663066385
140.62592813979938
171.77361813462466
11.659391408326899
214.7648132271392
131.35596763671145
276.624610322061
138.00379635925344
170.88723158471507
9.731555855862593
308.63921092194295
166.9896286814321
325.54333793290084
254.6528139717158
202.56662620027328
48.59424399475872
164.10381698434082
342.70038870935355
347.52589384460015
50.94595059337566
120.5673204982411
316.9958962984066
21.362211155748867
337.49572598958514
322.60796491877693
257.3627186131764
353.71143394763936
99.12705319933126
133.289452861945
47.924819698240874
262.85506142353637
95.9706543891818
60.311503196348305
26.792312136424652
77.38712296085428
13.377838503588615
50.51378490800338
103.27488218155722
130.01163694842052
314.60063454835256
168.60809720317238
279.61675467473566
325.3117264916672
14.82485214879241
292.2386108573475
265.16234870155984
188.77029829698242
85.3087777373657
51.35612365704819
188.71250472869167
69.16549787239842
202.93488376661034
229.45547165943924
26.34916215313697
172.50325338498897
72.583541165713
98.21084924403004
28.681539258458393
280.1206713490118
150.9250347836363
203.45959261423417
221.92699804232527
162.34410522634806
218.1858084948811
294.5021615827587
152.13687127282265
269.9426528414921
173.84468558621947
312.5767654203868
108.04186831763433
79.86925542136987
221.01523378384638
196.50492357453174
240.8734260254422
7.923586339776879
142.95993220682794
196.22267604013467
19.383995681814834
233.41734952959263
1.8193907047772733
106.52587960987657
231.9833333907087
155.15199787759374
333.8567335350485
275.53472917626226
180.3379172457978
139.7301330470344
204.2311455787801
321.8500520575889
130.77204005393222
142.2677982288634
223.2071581851979
264.91882355718565
131.2010774600548
238.40175828688075
358.68566936303415
157.91293624874487
277.7008927211864
194.9328904765675
166.22975801609942
40.760675069534685
190.3774375925939
58.09609734978109
101.26355985021237
125.56189729055299
299.4873985049176
132.52920908495923
244.07007372257
108.37187810646729
69.96735825023624
102.60912535972189
145.96748122140627
76.48543246025692
305.34096085799126
228.18127529285465
35.381196338652295
247.6130930879602
152.82446502472538
188.89569483502547
186.9239395174711
94.07911707165906
143.99121609445055
278.44728114992785
242.53617261544915
350.9652975385461
97.08207102702703
212.6691749679998
56.2345796307283
193.09595256450228
349.9335309255399
292.4934242004935
96.74853355250139
318.7497175218314
132.32272425223331
40.75941991096402
14.064060633542914
120.28965974722458
231.05943568982255
359.07497025063486
5.9100596526305
191.02034336202158
12.233629689532064
45.57034873641999
168.56137399532184
208.52072653726714
352.5150458923296
155.98285277630535
128.2808206916924
46.28125977282719
165.55412220980196
248.72391708463147
322.54633319009224
224.77574244264008
126.66001812280152
102.86800728267383
253.49413113406447
67.19801249331498
111.76281773224173
324.79648043369923
249.13810827037736
159.9031881152372
185.18076219038608
114.58414862926168
289.6804363151944
41.04818223294199
258.37876584698904
156.36583347497427
130.36579414540367
152.78265113561403
33.62894761304193
351.87764495388444
140.65856069835198
232.6237196109833
189.30125255916076
163.29203032091186
215.5090567620507
285.2245005450635
178.98449838410764
261.26333094950684
81.35452278974103
12.736498998126795
294.8012279877483
168.20303816003963
210.7189274015854
11.966489612542851
59.32495640041624
267.0265495239005
162.43302851365743
324.4485925692673
300.86334314449635
189.5001419171429
53.626571427621755
344.04083703007984
159.40657640484923
248.9299880003246
129.91363758531583
75.54872195620618
308.3405211925917
188.76615246288856
243.5924393624316
308.0145176824511
189.62017888925448
22.435250312164534
325.16259137453363
3.194912515009662
178.86416977145942
290.1830500277294
271.77722246541697
47.45610042004184
292.40724806818747
235.9701427404757
132.94164935299327
111.57704474288394
208.68706308409
84.83951732152362
191.04527260462262
243.60658895682857
212.35669031414668
110.35461587106664
331.8186081690133
57.094537399872955
50.78565150212493
169.73554391840892
123.39564727256263
221.47896193626147
352.91544155339045
246.89413283641386
89.8969947994706
17.724577052228877
279.4405307501938
279.8925359387081
354.42116243162224
239.92597405950124
74.00976235257811
12.511679544847947
192.59338064286956
343.47365414945534
307.07918243697657
243.68121606229138
160.6702591744901
7.853548900678665
169.01490109466107
346.44158721149034
35.549214672277614
49.79873380651027
152.9639310015754
318.6313488429499
145.73953167173616
120.56579465184524
273.9731156776015
137.12815517200107
119.8648920584599
195.55546349413734
317.6902921036002
139.49485946672996
325.50346383972743
286.0529300856014
211.93267044686172
286.8681993649267
258.9437320526652
269.89689075773634
143.10184522701707
221.6910937106159
345.6292800203951
82.44009290290806
279.3034140689076
207.47484140453366
261.95260337506653
178.5869834921653
143.48841434081262
8.417201691983573
6.514621235638303
51.9468528958954
206.47742930789406
92.07263570794674
59.179873966949096
242.86093893800498
14.048383886486029
314.496240656114
70.50187888868325
329.41483071370726
207.04041307723512
96.327651744042
11.115670995033586
44.2171038375177
10.321011944382287
295.8019597563441
267.41634653551074
117.36459685395678
191.6637096201571
239.7145929358908
96.64096496002772
197.9644080846689
14.442544775782089
88.67285282399439
116.26642571459892
144.97979776092455
161.40089384132747
304.2244399841228
21.374237285546048
154.89756400209313
232.22365555357106
200.80066771313352
157.0108558710402
136.1100372854915
13.716033315995997
143.89084797944253
212.8860471474628
50.15135210123991
119.04695209944187
311.54883508609396
230.23184917384046
109.96353255180114
229.43787980706009
248.2975658835732
168.2204717490438
348.11297295268434
163.87962722738584
348.89307689003607
333.50797949688337
326.99276716792514
205.02009742222788
147.84566110817633
34.924983446040926
84.35028471593981
334.4667131135406
225.62466429228974
186.9420965587804
232.80703675638966
261.4814294154944
336.2589430713837
351.9262345955224
276.3799730425558
156.01303319222467
197.51828850479956
187.29824296667255
265.3122811806469
229.69913842465684
113.23095613793113
193.9965745047061
228.78389522985913
27.026988930210337
281.8153196213955
310.2715471300393
155.79236781392024
48.65310392589379
168.8012615190756
267.749308174307
36.62030030670893
263.08235483637947
59.96390686066939
251.30812532517078
217.59451377791345
136.54956917427378
221.5889761478973
267.2261668751394
280.3760819466157
186.24473346507645
62.957514454059236
89.66704215531546
289.9031705965593
173.62130104285808
318.5458364384175
259.50763132915137
14.092157180152924
68.22479089322435
239.54210774653404
210.93379118282434
208.99195960877495
300.8665613007069
346.41987246451873
200.7276593941742
272.42038834115436
302.32631948581246
179.36956735267037
265.39562416004026
72.17942743207522
303.8963648638389
194.0680793919202
139.93616717415387
103.82083325012411
220.28593366196344
233.55032739697535
185.89590660815855
86.28354619649826
322.7201959194126
174.95831663619444
277.1225890838325
124.87860934594859
68.3906446952188
214.8605311203641
104.40167192936318
85.34054281529039
257.3017349231498
184.31356061405754
149.84703225850126
85.24897692001713
36.91561616314885
60.873586099410645
346.6032517169973
111.35495931720487
92.52909876414664
341.3012099781275
80.83288562093844
326.7570768650515
359.84120458615826
207.60205454125273
344.99474878808917
163.2594921186535
274.28487212434555
207.4120094640798
309.4924951532437
157.04707040123384
148.02219774500028
206.91004888441168
43.691388341897266
175.6912747556384
20.3331151283525
58.154214719614146
259.9889349535022
0.30063077400472565
328.93665001379696
53.934054694100574
155.99926541488506
230.70515400674884
8.07143693872841
53.585048021434474
236.4471958858487
66.81034425068509
279.6829642247433
108.7974590036801
269.8336208533152
297.1090864613535
211.48127453316732
352.7534902752189
357.3544170170447
280.7402316983697
113.05810391393246
201.02714497280238
327.19100472946366
325.59169057824624
296.2695341255947
153.59910252920426
72.05196850677666
157.57811640045816
241.02577688578444
279.86548320364915
30.446534054061406
111.28932752749898
53.375178769310466
257.32584063139984
5.004326709379758
162.10103085947028
120.4516738922778
70.09726440034956
285.11063411084507
66.78183165688152
128.72777449584254
331.8163184678604
162.35125598762278
118.0243692906836
293.82275503048294
325.7012913883777
183.4327882532518
35.78915117230493
349.6257152210228
92.96050207949352
139.81892005921702
287.40041787862356
59.49210168620778
238.78668230232307
61.784763804197794
105.7675032783345
67.45103473697256
216.30389220219237
267.7017763194925
194.5888478234081
157.41487934362638
340.1254911358396
126.27399484175805
241.3183184729965
208.86980319508996
103.63465638776638
226.86029704571254
210.7297530952019
295.5268093756396
251.89673768837366
276.1106719203596
230.84786204477362
98.31970631113512
69.95333787996167
110.54439312832933
237.5880265995498
352.14440597892235
256.8228836393481
166.59783592215433
276.27955000122256
339.7242911023478
115.88660036369066
73.76063900967503
309.1097685503539
304.61843701617374
326.3967999362983
12.13902586832812
263.23962124400725
123.33454843783215
138.6540415370753
26.10969889583763
172.42510652050206
271.188559145222
270.1215031068174
190.56626442910044
157.9556328490057
62.60918473002622
87.4685661970721
122.86536057451305
355.61459206689693
235.15102862604004
351.90040659872284
183.15732439607004
102.07019856049034
275.14240687357693
175.2291906930537
171.26062552172223
130.19733945776517
162.0771334329704
144.1065019905042
329.45798264258514
91.04638673394862
331.2142361937672
147.6707967888439
230.89383164238424
201.97775321949507
114.04370760318572
131.379452575422
152.61083750004462
0.2062042386477921
182.223803640748
117.74975280546434
317.1610203838075
90.77545034965385
15.173029617088526
62.03250499968049
127.57326707538115
21.41662213921864
155.59926781123878
142.34384019015113
297.58747734226836
113.83421016944914
251.60323712693778
219.02389210750516
279.6084302690556
293.13090318002196
225.9774639471506
130.30162212304768
164.5248061784005
10.142071833522527
248.0964655409197
195.42668009112205
50.38065298638267
185.76682726630338
226.46081203674842
220.17217036624493
310.66030303521126
347.69552963083
309.4154722977655
148.68568061051823
331.63693199940775
244.54248783573263
358.02111326893976
217.19343010616805
70.2312620611142
194.4403832943363
273.3394747359656
164.69767386349253
146.9939839473227
86.62650195494584
212.62515579196864
95.22555648431614
219.35432346390292
283.4052670156839
215.86953243526952
64.21920439607845
82.48404274242247
202.81839891147385
26.94486214964259
165.3247944139671
22.767560484837368
64.16697895825236
149.985697189691
122.26789210208408
352.7493789880104
275.17922449809515
287.9006174885429
343.3470934444142
164.13364343571286
211.23838103544233
264.4047405294494
220.2382116201555
217.5986541904547
52.3691971726244
264.0050956477913
25.546680980606176
342.1943687002953
316.8166873727751
214.24728858710472
358.9841694947803
325.8640682285328
356.12497793193967
259.7158298852045
333.41949101661925
279.44911144786784
218.92753964500776
174.78409037788992
234.2677725899646
271.390972759
53.13685849782736
15.555890342330507
46.89653660989992
175.4174197176424
349.43351686715664
285.31368296294875
83.50842002045923
343.23775067237455
181.7068203365286
275.8269995828261
41.26884367590143
351.91843493031
322.24645478088826
56.89472021606286
32.49692435677823
266.9303718556336
308.5965552638335
104.39517488202551
228.80837978794494
52.46858121921496
24.884602422233403
194.18173083639962
109.46950753007793
139.06317306818923
206.2517687639426
36.347792079434406
11.011310061657543
182.17785579811033
150.68559239128456
129.41847803770366
17.872203601338764
237.54748438432333
155.04651730969059
64.71019515657137
322.15250196281534
25.40211935903977
5.432747265829633
218.94119138441346
290.99488216335453
95.91065231383097
10.543158114471657
102.00748137997391
216.2976347312266
196.53653652671744
259.04521660566485
299.5711649308581
4.273814087089466
203.58533914761236
77.93552910089424
128.40522885150835
71.34510648005376
117.30120043939138
120.40759111659554
308.40125101667013
135.1533450354936
119.96168022064563
299.3291707788569
274.1333828014765
203.9118813397912
264.43164441372056
326.15687117454854
132.7502984339838
177.03140650005446
301.0209879861582
229.42922818007344
293.4444112611096
292.87160959787747
174.51511003023987
193.1515951776764
52.85744837808455
226.71138453553635
188.6673087484336
238.4137316418634
89.01040170436266
316.06924592677217
15.512298336795162
77.586355853855
203.3075197661908
354.0459796571323
190.22819285937686
228.15190771444068
67.62164919066619
273.3617800174546
50.9808265050985
98.55345276027278
255.40032693583612
273.6479875613705
121.81938284812259
145.26676690701908
28.09582632099634
303.48585565721055
322.8485703982195
256.4260977167924
348.5792680118957
325.64129633373824
314.4336439456592
39.69449459426821
128.56412281295246
203.882109628057
307.9834186357446
358.1168726071508
190.06127462142064
351.69774939075666
207.1245246975402
40.01639490940093
65.16436832628727
98.54156974718035
354.5033039654977
10.232696458672278
312.5244226813386
25.883649626649728
69.61340039330864
359.1136672539984
179.50537313198382
326.69856846443406
11.435869166939352
277.6586138938965
21.766382411821127
247.40446023893205
81.34715542003848
232.869247305308
265.9982826456199
277.5597816652053
75.37565299270267
139.92166769892296
202.0767578120625
52.638937770412724
351.45033966540115
100.61762640366838
283.86761789525957
253.31237358596562
110.35100173159964
186.18626213993008
235.53328877637952
14.720099737639831
188.6496445328267
82.83567818755304
224.97754803947785
9.031763516086185
313.451413169483
130.85121547931723
181.46656857672846
243.11625704883411
170.14692903143364
163.302246923784
323.6863927609158
350.78146515765485
276.7704238433447
228.05242149356053
263.1580602941696
27.14193387062137
30.08303541225521
275.78287823394857
338.45027737444207
351.4332995975882
193.42024354437245
193.67703348251638
313.00927373592725
288.4805954417334
339.734357792942
295.38919853973727
319.8229054935074
220.7123691840009
160.4948244940829
37.33111434832278
53.82310069719194
323.9746330404476
235.12701787230168
75.09730556466951
178.705474705998
330.6156837376969
35.72255774876213
333.7167499494139
47.55861083194177
137.186180248482
309.5669130645911
72.40976529782456
168.96078345603172
269.72239076219404
323.26550904809096
324.5138429066141
263.5485686083179
1.2673613927674852
223.61683542376053
345.04188790163005
0.10333716385851727
225.26638511191726
259.75507353603064
208.8165114736372
264.1175614934391
242.18986919077514
62.94087683191721
295.2224171288704
168.80958490049034
103.25677485273853
206.9561207416215
89.93958621440342
260.1659587786831
74.97231238518484
225.25025005339188
33.69247729571135
40.07921077518039
5.076212194261587
159.23098287720578
158.58994690486432
144.83493384304296
142.31202741578895
127.66505410374135
16.109959585362557
210.989850135687
177.64172038784184
176.2122742623693
162.80158702078347
112.81281426219951
241.9687092615577
70.84430775235283
150.56330029663505
269.57304527703417
327.1182827790281
63.14848514774816
54.10514849942593
118.29196668908054
221.45070341513673
304.88692736359474
320.68600398348366
230.92375684734586
302.7168394400635
269.119599473718
240.80139507045948
241.4544558631483
172.6262990579653
347.43565025881765
351.465766865873
184.0007919365542
285.9759078139591
100.08004676718362
197.61561178595878
34.74536043294064
171.53697029743654
318.2774743755385
301.8099093723037
180.6709741428454
186.78473003101345
48.8302669987131
219.18898674260717
313.05244290271423
301.21880543962425
235.30137337002765
353.78826897835205
56.13810276013872
352.1544969139139
0.0858589720184974
267.25438707298173
100.85128138178399
114.80365059853786
196.79695641076643
17.671515709729047
105.0948513828181
232.28812572764693
6.648198866055763
340.46818489511594
158.42047310805876
44.10339252989381
215.6419525814075
225.16842980196026
73.40985859650857
193.71117236963525
140.38929132500002
207.40835238322103
312.0336223686974
303.51788806785993
137.4289375253931
228.05621726010585
24.658704510477325
312.1124315835899
340.3748996528983
138.35977473760084
308.59942665219825
60.471045947066926
50.078313988862625
303.24242560697036
95.43624300174514
101.24387849396507
335.0817197100885
194.35694916217594
228.93389992353104
50.750054958905196
108.6025014554491
201.58882976988758
294.8512915974587
258.6739630230997
4.593446912156101
252.007894100268
315.12799944161804
155.64479214165573
140.2753631664885
179.77384535811385
17.18560961336431
30.828527413479538
221.47612404142967
155.86314302262528
239.2688313755673
258.38555349999615
68.13561495090015
318.53407975873864
319.9568950620212
53.6045696309049
27.120478866453652
48.13978407153015
268.13019232660616
54.24936770350388
340.086952760961
307.00638989229645
121.35063498275366
99.93874293620571
68.57187092676438
247.1574411189711
258.86598112454107
318.6011705639856
38.49218324114634
211.61346038854305
24.378999002228465
343.0336820280559
79.08856311176866
57.746573011079626
146.0409543615038
310.58204190544717
346.5950890817562
316.0185592680607
235.25090689823656
93.11097479908928
253.30904960030136
255.11617838948445
97.11124588681704
188.55191422388782
137.78274263629862
155.54625152033051
99.45357342635681
249.20044412159524
37.967276616975944
354.4435419902286
139.94983268662517
322.83957187686275
149.99296469354
283.04049679254615
189.37040552406592
285.910020951369
319.29489521746825
208.33848574203728
125.38220725200034
178.56866163086838
178.70743916121023
290.51701885914827
206.30335473937262
288.14986651495326
90.01885013038503
245.34652547035975
321.6591860849467
214.2594025803032
334.08158413353664
327.9319505858005
290.4501468345049
268.37282371494024
284.146914474979
319.6368305004203
120.1944774411463
7.7254309712366425
210.6858543436723
138.8975795703904
297.3875707074019
80.64745005236325
120.51094910974408
3.426091571993724
109.47744140897476
241.66702571599285
135.12318604225035
207.94153095143173
68.76227570986867
131.1383104651008
154.5214935450827
313.3328700760312
311.67221372534686
52.751560212514036
264.77331994181776
0.6182097504398869
271.53925229224393
134.39517207692955
118.41640509304084
290.92042434136215
187.58507199863507
62.845028945978235
49.640440368078444
239.29607377855447
253.36778746799177
345.98998082650934
66.41592005596587
220.326687826458
220.87029216883408
166.65283288493825
293.6593729888759
263.40080420771443
92.83180928352388
316.9170497005657
143.36646713408612
217.9137655567885
231.83030195374192
208.98400680970204
236.47385922182
171.51701407465816
268.38728751834157
236.76939705264581
302.60388853628575
65.90935509043071
105.86663438089148
168.03836608455723
303.8341619183296
72.92079695902129
147.67223967181215
197.43275001672427
13.619587412885208
26.581669438389675
56.85301560414222
245.96884166505757
206.36525377327285
240.37316588648025
284.99585843029683
317.4942412207178
57.74315404031753
84.79545810901678
326.0792857853999
6.764255457845093
103.943903284914
73.55077818302932
29.482786866979612
244.47031150527454
187.37936203830188
80.01594370245887
136.32765687455574
353.1539383797252
139.89906795422954
85.71038073736034
308.10343353238284
43.53198136639706
18.823750662114218
49.03880989493967
108.24331610227368
255.50623432279147
70.1935563971253
168.26153566801128
28.883205439447
352.8611733041424
25.210305187156166
352.5442588357327
44.881368881184
114.16552705824259
271.8317141109708
304.3562952592055
12.678612653846457
141.4284072362303
128.95946969699241
61.77780943798087
297.369854999713
8.128108060951673
145.75969080966058
146.27055812603206
292.88600121419296
274.95037141851185
127.99886126345962
262.48916920469276
72.87108986188059
42.22407808425516
160.17778602916556
24.174982815924988
303.1429020022716
89.45346962064919
157.61509687405396
205.13836307776387
275.6339295993094
99.58246454986158
287.49166374382645
64.45889910344903
359.19533894841555
55.51307467293098
26.28129161597342
350.54996766032207
52.553957998902426
202.35389887638337
12.533157983839432
353.9624656029564
130.33702495630934
139.65631160064095
274.5140565995461
7.306942835501291
255.23747302864777
206.31218687767372
169.6421764602522
166.29133734817043
155.80635953343187
58.327206719509746
114.90046253241692
34.38605814277508
46.24138777474817
328.5236189107718
330.5374135939268
321.60923508036046
61.89368041872524
162.03811848808866
14.855667561217714
212.07577396498704
101.70074052462864
45.431343878835825
195.69281919659053
255.03506672479654
191.45284816138604
198.7252259600325
131.8910442672436
65.35958115887698
108.52210854054307
194.75617910827887
30.7853178252236
331.7753997224258
133.86853813574976
64.18942099006706
150.0223962222687
74.08300681347919
297.6644644056059
10.942778660501066
319.37676477764313
256.8933580934513
146.5162784907669
120.36285695689337
22.859089572245097
318.5089773610091
54.81116290059367
204.15072799021178
259.21873547475195
310.31951394328235
341.1455684478042
357.49731227119463
114.25329171043764
40.415057743949006
287.05121850519606
23.906783128801084
294.16545610667276
78.79660919124807
289.8054328837464
61.95468950770824
119.1800101752238
14.984864941506087
261.0962272633511
211.27871776856537
216.671405162686
295.68430928573116
317.3235366123351
163.3560710510591
152.63685119261496
245.00913634575116
156.0877375665842
43.96107185335481
152.14184660307214
13.460646050225492
250.91650995761864
312.7708421039594
192.27335122778504
323.79853865784077
177.64261629795436
227.79338101396993
15.243533671631344
214.09660390330552
242.76996335721338
341.0666123931876
252.65542119760934
41.72231165407061
335.9977387227537
265.3561111035982
204.44487675526074
355.51421833357904
2.535169863534544
159.1020389502749
227.55821589480612
4.626886624042738
71.07363516516565
173.46931760781055
127.15548721274226
21.05957667736077
171.12597742196982
234.14196622749557
1.632361119739046
240.04939923680226
275.0115792911366
9.166565355440296
202.88503526688183
12.81212241608564
181.3841078928033
302.2731164186683
132.4242357219627
215.85035375610826
42.84996698240387
223.23575985294906
156.08015899486054
205.8476283794669
138.38843151530224
177.60146662393672
79.77198610201445
181.91992969653478
326.1241082081905
137.43818687880852
358.9900545129827
255.49275754968582
222.36774288010892
79.51567594008185
262.1120842954306
122.38031720770557
333.776833995721
88.21824425164448
193.00886221723158
335.2543713167753
114.72636244892996
29.87152105994369
183.8951377971658
272.11746441330035
281.7976032435225
19.30564245284911
223.91471822593996
289.14828459899877
27.305705263874884
329.56331498528436
276.0543038031077
266.68744803975187
105.2552921952197
350.2862116697963
284.5595691781104
55.699156729989326
239.9839199213744
355.21599038191795
240.31466365942327
14.711429969944671
230.4277644603633
242.1445635518357
309.3684525007464
168.03347226085125
297.55772745930426
133.19513663266957
81.53673658091198
19.891961930180184
286.3089291071916
348.18035392633476
354.50787474536975
217.68324003250223
142.75668364117297
43.19172030215622
22.95974613595899
153.502392298249
290.93600008098275
137.1725481189075
208.54988775126125
158.67903551592408
163.6691649041102
307.18341986184026
42.174072262745824
92.02153405787585
148.28100687868837
198.32445228256725
148.07741091539
341.1045402379843
299.2850403654888
96.67009269131454
108.4819916593614
75.18681082960937
84.38722091834663
267.25952362846994
52.40138285696541
234.14111578363494
195.2281875153874
348.6473220535593
314.3412114454476
186.20542755487546
29.190699493904535
318.9339707554542
9.874518925351326
102.85003922225562
257.7837710468497
299.32858146759435
266.17756000977676
334.9732871909529
246.80963014127823
167.24684142956954
345.17875711043683
79.31584053765734
160.21009403218943
230.3533445825121
346.0770714164961
306.9210387321476
184.78369903081403
323.456261108871
96.50045338197395
3.7449913641056387
188.79781435695662
44.90428232555142
306.96565996857856
274.73984495922406
19.087874514020914
34.17306455224594
191.1550138930674
287.79154714323454
200.76380484102447
177.5229983394484
97.98082226899353
314.24847317077047
204.78678303582734
12.970233069850046
110.21932789032817
70.02928454934214
42.08301606463837
156.3417529254552
115.64682293322235
354.6543691502893
267.9207299222295
323.99629152827976
237.0414171477411
171.3807460166083
207.10148624610534
10.298207055425014
219.38108728315243
39.99075251729501
161.17140609791775
96.74300275812588
196.66211877954905
195.6525753332033
30.289920355056807
10.78930034031599
208.9679708479577
9.143449802033551
69.63187316384553
49.30781057476254
23.31766734151167
83.80919186397995
183.32998847611435
168.22579233409272
243.15371117816989
89.12650304522671
170.65804060010467
219.4257125334979
165.40951947322668
195.73062012061723
78.80436849210584
116.09234454521587
307.7042399666622
233.82668229408603
306.5593770878247
38.376508333001006
267.2946934252716
308.27767847069873
105.68662846330912
322.84391633366374
51.75495192421013
219.79932159917624
142.37760311987748
32.8481860965483
65.76902764342942
55.244770924685646
270.65429099975887
250.72887757987533
341.3430343898327
302.56443535734604
196.86228331739633
293.11403977529983
172.83736610920764
265.3920262884371
186.3082399077825
335.8210055305707
22.61867788418373
30.687417362733722
344.18808862974123
306.5481238151187
222.92771831281848
163.8189087324538
259.19321957506753
246.66898894684803
235.71597542951534
288.7320324057634
191.43174250569783
244.35916921850063
251.45993573835273
163.40269887840927
142.59586587781325
61.578470182912774
17.467013337267026
207.92277035086278
15.623727309941664
166.83315987669846
322.7831153452513
250.99143850491814
140.29844393956256
67.22814648651793
308.8235737669501
111.91062087329617
95.97329811162054
67.73018901394262
203.0370010562381
287.57039730232754
303.99343248206645
351.5147295548319
256.49308033988996
9.318317535494828
4.399901660484967
172.5876477984264
96.84995444965725
131.0229347436599
165.29042426197236
212.0489978993699
244.69838164372166
329.9703937453584
167.7823265972657
334.7983442505428
12.049046046280457
331.8041562160127
16.249178979065377
93.701932668938
80.02826522150133
334.21710627326064
194.90084366374413
142.73608251910332
40.85648067892819
263.3173559223613
207.43158189179377
96.95016132191896
48.50720247807043
101.47817779929738
42.766185892456946
59.37778674015691
155.38777492179753
333.1660875337377
56.304792156110715
26.387502552031325
174.3502002871581
57.59778186590555
337.93306536674015
158.43300051201936
257.52162777216057
171.57635449385742
353.4226432612388
187.0819319553503
82.66866937047205
357.35285971586933
160.24097225754625
112.0285888457238
310.1404463325718
60.869694794657825
49.393584187663926
64.69551347390896
97.3756946979274
98.02698275017374
1.4321559849149874
51.422418602476554
29.915103963524274
14.293905384717707
111.30868943325623
73.39412238376148
209.5093071358341
296.2178071699131
46.55969136045065
123.41360838437899
14.884462938632522
238.85742641860372
342.8522943374228
287.0909247694243
185.9175897670119
315.19066852161217
201.98784745889378
143.27730651074293
274.52982851072244
166.31906912546083
3.4930445687330614
164.74406247131049
186.80066014350805
97.36745540518586
263.52614520397066
351.27752751245725
14.679866150820127
270.9729984501652
357.41836378902303
263.9753329340232
197.00066135042306
179.52205536821285
24.635502550285025
69.39998615019451
15.359985023838414
320.2218918586779
245.74397162683962
117.39380055197825
99.93436486791897
138.1005414458542
155.21318544364274
117.34481816527912
331.75534388329334
3.1136340368467725
23.475592701865196
187.3794728681642
166.9444496772676
32.25175012222086
333.93774117827985
59.66812353351752
91.5483138250957
54.751555369704704
351.3494741861959
5.9056779504656305
335.66490849919177
40.54276002212617
107.59159939246241
85.62059115679256
200.41383456075673
62.543494876751176
54.91740635839669
253.8626184521767
205.2586743244992
292.62682257560203
333.3338110213122
356.95337017223335
345.1137564804971
238.83190650835985
220.26707367788947
246.6683743841649
91.59763902868592
121.01633560401963
280.5121244402673
155.47098500806837
334.6559079502894
354.8425715739885
92.81257848528602
237.39129442018188
309.0249148770899
253.9405883598796
30.97921170676769
133.16773505492014
215.6046483400142
289.76759618075073
158.0093902184435
336.2280280671151
93.45547369258597
69.82296456838972
202.6615486702829
223.4385223235652
258.65927428858106
104.6185280919359
305.68111205957155
353.5825161315993
4.949302327307047
158.47011923551332
88.91452461069348
187.5844276810494
265.6603431410823
302.0621528751754
350.4861221932977
60.84446594172715
205.1482603198835
97.36954571779167
9.197864286798767
77.39333752874087
37.78231919910329
267.35761739677514
45.40676971297114
126.54656620459792
257.86223704678576
161.41848588731727
165.0630502656096
323.85468389293953
112.35224951139439
280.9784507233603
344.6320954784983
288.73646789271646
157.9717813508728
304.75182621997146
58.72170574089062
48.08149010766745
50.749840366354704
13.245475249874508
359.16655350804285
298.130184073303
336.4681054036084
180.72978956569506
162.52241536968202
350.7738073197763
50.434338117892395
334.66186191327716
238.42450809140385
174.8742610954484
38.991528043032126
273.52640103899927
41.89005649279042
229.74588570613395
200.56071512231284
203.84056691706172
91.37176801861867
278.59012262111565
151.81153646554725
83.46006972154578
208.09568694335448
74.97131363496813
39.60927508685153
19.979492030172132
56.78532048630729
144.2238557248587
164.2252524647094
174.80445838102204
91.87116864126845
13.398962885577557
156.24551891316142
156.10372924270055
192.89266276342826
33.49442188977131
125.45014522349894
251.37721968802052
207.28484436819184
54.24068139863569
226.96297321107414
49.15339069161536
54.48776880700251
210.53185788584113
40.57349566938742
241.22960747189842
89.08939311227694
250.35177623565514
188.26300308831912
115.99972838343388
141.50868285558565
166.70338663138907
29.825614816554598
156.7652453017522
162.81073802366168
120.63715920083308
136.72352826103355
117.28081863549988
6.261755239180912
280.59755351159924
152.2919361016273
323.5761415816624
173.46913198476165
192.95493233813227
131.47186311696447
59.10549397784971
205.1717211135537
133.4044858068414
228.45487194177716
22.895048114255815
71.35606561475244
168.19966925493267
277.00495119581086
297.62398806550317
39.33596439597525
317.5512453006271
22.818210594351807
265.54738856856187
316.4281071455068
156.2953407398541
206.5266933102755
187.35908778056788
111.80286852611549
28.191465295633346
5.121079116737269
227.5088197264652
153.4351155264086
325.917573041092
95.37527985481978
181.06426358445836
115.12530193561697
294.48028114603574
329.3603425868305
169.40192787626404
22.981801954617573
259.719249196527
178.11613229888619
97.79701202992811
124.34571624457585
183.6788985801553
146.90085798408683
119.79103217413726
359.8055513814286
261.82721697862326
39.44697704808741
138.5207711800682
23.15832179683063
357.714618869118
325.30906558966467
51.00136198931119
337.38686986801764
338.41854260478686
184.94176124739695
168.14154070439284
288.6890905476226
164.49471433349197
79.20924076108821
256.4235719482779
169.44652336270676
359.6845553471723
121.87834970086114
333.3567415862447
51.10622320719765
198.4382326349921
338.48255495058544
178.7027159297897
7.96267356929607
104.29801014319823
27.58646729908283
156.50821013216114
354.93571942090773
169.092802890707
11.331742148805416
336.42627171405104
185.13163901425435
191.0871370314258
116.32600512454745
242.2317414967451
359.59550431845224
273.47038201971577
231.50771639348824
113.16013340407234
323.5604907202309
128.4173176055688
331.77250023091534
62.567116781940044
159.23999111888094
108.50888340903043
300.62262791156894
342.3817062366783
194.07013529299417
102.4268916135291
309.10589707453806
108.00936774209367
79.5054430059075
172.6126155385236
133.80224494417598
308.41449769057306
356.39000897847984
212.79311829160247
241.77996327994435
71.52119707976021
95.81183798615187
14.654462510463539
299.0219222562657
33.64582666558357
348.2448957512423
232.58133918051513
247.32479468388266
148.46237451211016
110.39529159134804
64.07613745238231
347.34474176089077
212.85895383554535
242.81454673479388
157.35091622585523
4.001765919188608
337.9425870214134
175.63401811228832
64.61595044530938
231.19412854797858
140.69232460720414
15.823189037366213
17.47413327975325
314.7602055117043
3.2880062268758263
266.44843649195445
211.25584483305718
318.4909570509059
134.44556546080693
240.82167305954812
5.297288958817819
259.37979976508825
126.03489918983887
143.46408158518818
11.228203615655483
97.52471365845062
66.64526013479856
202.10187095162917
43.10105727282198
131.64680800096497
290.83440685179875
259.7984087016929
118.33543916356275
288.4580815415099
273.12700799095825
259.1437592950417
128.75293749072463
92.85297274957311
158.48951524063241
190.11619010932802
141.06859424446162
275.2538104362343
343.86250131370866
323.0316700036823
89.86429864249462
57.422742893568774
65.62158075019676
303.8295667207624
99.42169615274967
286.98575427796067
218.60020210082874
290.902359830421
297.97980691836335
2.784555180768187
323.0715599620055
142.4229356941797
82.06349389008909
158.1198134916432
102.3483064898301
40.23695987472478
38.70215681207353
268.9316579799983
145.6965471949089
283.0925429597767
274.90394153938854
38.117364121318346
130.90963666553003
253.22264624123088
346.6234682069438
290.76093655967094
218.06368289146315
211.27620252506475
20.506662340777872
117.81814797367987
85.45175237136307
122.56064135940878
262.0049795358201
94.80709617012063
160.38155727579493
97.34185433524996
154.10815878469032
177.84135240908623
350.67294999422126
12.460377817331715
53.93710162673737
205.6647537718811
126.78610666757126
100.17071516791779
107.33229058342921
122.25269356331826
5.596198452121107
269.29952374998385
42.16954463901706
213.42718490709268
288.331955601358
57.67443920940213
103.43084218776276
131.8156840988728
119.7177780814194
108.521699835876
326.1407022068614
293.1427440251388
228.33216042281256
298.70470784875306
226.17028233780354
59.741644497455646
91.81951606450993
101.54272170291661
154.61555625108363
224.27496559041714
150.62329276538392
348.6231464408909
175.77637287689578
26.869024732372445
191.64621014856962
243.54198774020634
16.304536729113085
181.76448397535827
338.8523035771654
252.87918424218378
272.5254589611604
94.49116025258284
149.2138658752013
99.00452523850258
60.92019778080297
182.89992361202872
313.25760136809504
221.69168110686826
21.44884637708232
314.9940576893878
239.96198743045576
337.89946309501613
102.80930972731929
68.11363356333321
251.7956644984182
35.498079775434164
329.67100089583994
9.859084456559009
220.39659615522692
156.37476712192333
238.11240048991547
178.1451025274877
21.080952668851467
54.16550724492067
293.45558058415304
29.204545312728452
170.59768114278208
282.55736855125355
108.68527286078813
19.94356481603808
251.2429509289606
270.1716719901211
174.5042572060483
307.0029197375152
115.5786844960177
316.2113469981742
338.0932845665001
222.47292861161148
247.510834674577
258.7190992879459
73.95268422287427
26.22553714135464
125.09764767589132
358.7774506204876
42.22371585405721
18.202084180672642
6.660230244149988
105.67966948279276
265.09169540971675
331.62638342160784
357.8053262027034
304.7728338551945
113.45710025500915
61.70870490902158
75.383346285758
337.94757261491065
121.5764381273824
168.1872591038944
124.10392204978608
120.88181436726391
225.37269892896754
5.072404387543957
38.430398572151
349.093896136873
156.47436068236235
134.28701391078226
188.76626920967158
39.87700792135997
117.9679140230174
14.296758532564915
39.85817678517004
246.9370178254346
210.289605178067
179.01436254497273
208.79187045717194
251.26935565781847
83.89866980849757
327.50794820289263
187.5499243997396
216.71364925413832
62.8122543738369
122.98827650300342
38.94116562766989
141.18036401471528
104.19410605673535
283.2606468293731
325.02823955508825
306.4853712332267
275.9684662363304
247.93690886003762
294.52945040451954
333.5062016343736
329.2346895070221
291.62809703318106
162.57123804709386
107.94204802100161
134.67607600261525
343.9204852026149
305.2164263249302
339.4753068218799
257.7013250944568
333.2218105706373
119.55497110866024
312.95076549897675
252.3290826695697
299.5374170000805
86.92800124568969
200.6146685372147
45.5566256103416
218.11035184831582
289.7056368781103
111.49410092166575
6.416459159183243
246.3833518169472
135.9006820487661
50.321022061326445
175.59676155301594
215.8762723179164
344.27536534147305
238.49872596742748
225.4925163992906
356.51806210160345
77.12196007832522
241.7594657880908
119.63920750235731
217.13021773042854
177.65958661420018
35.52323033817142
242.80661127956387
351.4915091573411
318.1272252692908
241.8779547469253
158.6882383768958
239.00713241079413
161.50740237184323
242.26296719153524
225.82842724580848
186.86800942040608
98.0592817409907
13.696922792611314
317.36700449462904
97.53849824993371
243.65889486794916
108.92825456884209
280.06605204953286
346.3415450651063
49.98172151753098
69.30778019132569
232.04402704364642
157.43867511463907
210.79078897650268
234.1782012474213
190.10216785115426
279.1447897864218
316.39251975926214
299.9179728475979
243.80488895376678
188.2062839857337
255.6257196655344
73.89342996102548
163.38432234524336
145.65519906700325
95.26304658403545
276.44927787507925
46.47424843293264
291.17085283342186
40.56461411622493
115.80943492162683
56.801131202989026
307.05022991373926
268.6508558307143
30.374964165315227
103.61723434475009
180.63740536126852
184.0398689974306
51.79630490378284
348.7949407305497
222.03355816191507
334.44921778478067
147.71831010172318
13.827160154287167
145.61338863430447
197.71056280294596
347.3002716252541
290.9363507925358
296.26754170259903
106.32147207239436
261.72409220292445
142.7596054249094
51.23204108440184
19.638947798255494
101.82677698832458
99.13315255206108
26.624567119953745
242.22503349474232
193.76797714126172
48.52425824050486
167.73639174938452
342.3752128729967
320.90520219816227
232.90660650483403
358.17846666833793
317.546401157583
92.30938232840053
92.70631068242784
330.3490355472174
225.89142160642382
54.08753033043593
207.15891310399667
192.66249841320564
11.159782574820909
267.6996228666455
21.502039437691746
128.975319157567
149.57460049406214
348.47760158725134
86.75415714116788
261.2587020682981
220.93375773194066
268.4238364956392
23.54385962238181
249.3043523379525
162.23457495460562
313.1138874871723
65.57829621261621
263.2051592568263
242.0212049120292
89.81932064658618
199.4878441346408
117.72842916028516
342.7896914584593
348.6962596050257
47.530464621696616
103.67236158300805
350.85407102931845
83.62909182329298
338.16741074876495
187.91044576610597
201.19044825253678
71.71782071044512
153.9137775994464
110.4156554493547
285.61539221134836
218.56988442989356
151.69226821736493
326.3140652605105
75.4598230791593
135.25210552078357
227.628518935543
84.68194199200603
96.29051814843125
90.61302558374692
183.7942804261294
118.92065133388218
254.23676064574036
3.998778742107897
143.9243257629515
172.20836300562064
263.73629736590965
268.59761795285226
28.960417359834928
153.4364228917766
302.17723065325936
308.47549124730256
9.778023541933997
136.16732771123833
109.17279257518923
271.45034682595144
313.38125683374153
280.26366674045886
260.81315872548566
164.95815978685036
92.58997245649059
35.52185801251514
355.7042423030495
189.62236897342586
272.636627663996
64.3014389750908
108.54196191053038
287.4973916818756
63.94729146394139
8.013069445637896
94.47018128356108
91.52317511502723
271.673430735069
328.0738244049215
144.8686249357314
267.3894226673032
32.39835672403775
128.5500492171131
148.39191423739564
286.3749217021199
60.94875220638757
213.83888046452591
233.53761808940422
259.0954893530856
330.42758022265247
235.5836786446778
190.18802529297267
12.857187458902716
318.5667760598869
188.2789956525192
191.3060222893125
223.50123879103643
6.472343290903229
291.60349695955017
124.10170641739542
187.13935863475925
116.16359594632736
206.975100556818
121.41664160416926
267.7087899608667
79.6584341254919
99.09474554891243
149.16091861413938
141.6173775220557
187.50309692009063
239.90114906692202
225.67205281492667
80.12332984476653
115.18244152158759
204.78377321272725
152.79886386118105
2.6297054081118825
336.1152262708358
117.56757782528636
143.5214717730343
35.59680616092151
189.86813856701593
85.61041586847045
37.23205243374088
300.6830948945008
42.66639697283554
25.3415134785481
289.88818179061394
340.47510923641613
239.98992284998985
14.416758607413252
128.5845731458128
61.28064803759908
338.9248445691529
208.38930746263193
256.91242124207366
110.48274667805136
211.02650471541284
248.87303164784842
106.71603849117581
306.7984893260496
335.45769406076766
202.03040371887576
192.03017857697685
130.0965831289834
283.64961074561836
62.65951307100318
30.623495395462577
303.09659996922136
318.32175375210306
164.76828291096402
28.617266288812193
322.9101450333532
244.46650778280764
312.624560357992
170.6199211539879
85.21537885753534
296.23161040363806
193.2137414551573
80.410187684667
266.0277659401189
44.469736862935385
151.1381381940953
182.59222408729372
327.851951725743
217.1823098714329
169.42183812046576
290.67976837236176
115.69499213789904
244.55787897959274
234.10625399930888
166.5583828702097
25.890711489465136
326.6936166753429
133.72694801849138
139.39039073574497
354.61480623237884
195.79231159134426
136.75784128167965
258.56343293948845
161.58873147873786
123.38754864011052
19.055250175203536
86.42591692085402
275.12686690278457
347.7111307480028
263.1888656525171
106.4992846387801
43.431781505650285
356.3205851775588
30.06146889191447
355.9531364022159
173.79987557019285
247.58858320828728
229.80533144298042
118.64092121689582
122.34529826663388
76.38070042146714
167.2907529138714
350.4837977918639
262.6788012160426
185.8907934545856
35.38001567185937
227.3898677897278
101.93307445139503
357.29713143701537
238.40768549235315
354.80132736224823
325.0877942324575
200.3334289671234
69.03203796396323
27.745337879080964
305.89887966264746
27.222564648756123
107.77869841424422
1.7926828841585358
160.3422099185741
132.73942631831503
113.8608093149332
177.81666281789546
115.85214489891746
179.76721794525136
294.9392790755584
267.4041532343091
66.6031793399505
78.13409314332631
248.51659012400472
243.91769082177413
61.299080124168434
205.53571125314915
51.89338624838239
105.08319794751363
168.15797992309007
284.8189647024648
149.79714212274882
12.094165865587545
219.24968808707254
340.1084069884207
178.43180461732334
77.98326492292942
103.37231016560713
290.68755257830605
312.8666549110168
209.4781597169137
7.444112399951294
259.52031266938513
287.81703006347885
261.73657808670407
95.25615688933095
209.5785115436861
38.48392876735493
23.813863459088005
196.7119353902678
252.52584506485627
134.3375480354589
180.6067916845585
264.23734082151884
23.223848403422046
273.107057228137
339.7229935357891
75.40553675683424
224.13229039765218
59.40331790794446
246.84804910526873
276.11123135800676
101.09329934173451
131.95277558608035
130.23375729630948
309.6130712157522
28.346461022663274
316.39049557554597
73.75011851288302
357.22214407356375
246.3890000382463
23.912341355682972
127.66738903274862
150.17251835706537
143.54717367448168
270.0440655812749
353.5587537622829
120.05294021849494
350.36135847075974
316.9973309715514
227.20004506050816
93.81771804046699
314.8908302565164
318.02559812157875
251.66403382337504
319.6258030547754
92.40664488928057
332.0985362726825
278.25340747294666
181.36622938692724
26.548446077843263
97.14480910879249
84.04938879514656
37.462505998368314
312.6390769131712
89.07567881702454
112.46549343847381
256.30298906873037
350.6824936354541
32.485401983132775
185.07497711232108
204.3233639487312
228.2199289375889
154.9033331583856
94.15895817218853
176.16391449773087
212.2246184942421
2.3171880688280813
293.55905923714636
241.58491927697312
67.0273524723883
233.18716584694198
153.97602117052642
7.966041703214705
240.11657061825304
88.12361385306009
57.05294537700243
139.71323891257842
86.96117959699066
207.46315461932957
18.937503155005686
21.560688836960626
258.0822287682303
100.79675515987452
139.35991752598778
206.37843749467822
301.9631552928799
63.325579321992585
347.8135300205435
357.9827374929109
48.88534809414651
168.35176411781904
247.55189557667984
53.21672752672331
218.30573661954944
97.04304958765098
140.68510468313463
121.1875988478482
198.61596162908498
115.16506402957332
175.40726213341665
278.2624534476389
305.98520118139095
286.43244310777084
203.303862517699
311.1034046197028
186.2278136035303
114.90025702664914
3.5971577062534754
122.10983330852497
11.332896061933909
37.45786421386677
121.79187699978952
356.4515031265176
5.363877651742064
249.91973504437794
238.90943711893496
53.20390777412601
208.26775795261443
315.807837227515
144.67584806264114
289.96418910584686
358.61912695952844
44.463528724187526
210.99791932186287
227.3374694766453
248.68614882165812
56.409979925614266
176.65666924254393
148.48623446854603
213.59902528740534
222.10635636137084
47.795284587130226
88.88116017473992
324.73233797819125
5.243463841266972
106.18062537512779
246.64240155054938
237.0984000532897
159.73175342402777
107.59831057101658
230.36018950261214
124.07563082361732
146.11791163150139
278.5578146592937
311.6608508767275
165.53866543991475
6.8737310908807805
42.92268523476442
41.26312309011547
81.07901552097758
68.90210999461024
261.72409838919975
13.755282240901112
263.3734435529459
253.36532408674077
139.5233354057762
201.77267169226423
170.9089131338289
16.217195171292357
316.5948622138558
148.9719036839658
265.3859096300135
247.84960009001344
169.7309451987351
143.6932876187743
324.03793682897856
295.19525655469
235.23736750110604
140.47221768928438
124.6533454869161
129.47029869079515
253.0794542306065
0.9765118134304
244.99302357499707
81.10223340209393
280.344699030772
329.36600139996375
252.35842719759384
275.004801597263
201.1263129696871
35.10744899419376
42.90055467742858
288.28314799283385
17.68824602115169
329.2958656152745
173.2846755444105
202.29070930767833
100.90705689317775
357.4232191912365
83.26012356364802
315.60202661071656
219.78838594603528
198.14430538074055
124.39063448195286
20.244777511007385
307.68330753698774
312.6289406302959
42.66435886684255
113.21558810652071
166.2519467237467
130.8022579903086
45.04016298586856
169.27831420792168
261.9851482416031
296.8079201042241
307.5932965179175
266.7982625032135
195.08392745141657
87.59225222242979
188.28951181256224
25.12969911708541
37.0267311710557
52.468238400435986
340.4295955559279
121.59509661794148
100.06850936224726
337.9531226974056
196.1750739273592
55.86247610093621
287.75017473003453
193.82118849608295
314.2175539367717
11.505125558551882
307.91830679596166
335.58600981845626
273.436908965946
267.8388965663101
311.1990451160526
121.40530576446795
219.07425267267132
169.35365025707034
228.28593664778188
195.4131458691946
120.69983837773779
139.74666662393824
212.1970808452663
296.1931179302833
26.962451791878415
94.81566872568322
51.27413123137318
206.96762808300466
262.12161896239314
104.00524762666144
112.25440030052872
184.36201792005747
131.02296633841507
291.7170125966912
266.73144906708376
242.65950064623348
76.17384762214046
327.3462154305187
270.3952940102581
309.89499662577913
117.57762329315099
333.31862014791477
247.52071935108123
81.8522998747116
158.37486744517147
351.88259672594893
3.6103291309964125
272.14617760684445
146.21344300442288
18.264993756400624
349.49522917811913
334.35833159848937
163.47713896392872
168.31368318276512
310.13889974945766
350.0845236039821
265.7570478497136
285.2241794562243
139.90241354279945
162.83493072735718
48.935634671141614
234.22735164408286
227.60505901064113
240.1727164691327
244.85864634672595
29.47096695706203
201.47476306279293
250.8044889293537
84.04985176464172
59.32452887482694
224.71449105215035
344.6399957702701
225.86529862166955
343.6984520879544
278.5263420202122
70.68154355523485
243.2023864289253
133.78237380863553
234.81408957875135
231.93997166447988
247.67389546301862
188.83481222143755
254.9750997992629
273.0223324556232
336.77827530418705
143.47867153138824
130.1367435696823
291.07263747242575
104.23732158308742
148.56270556195645
272.849103216323
4.413079771201441
124.76218216755662
87.4110279846231
67.66490778448373
261.2578759534144
203.9071941879418
125.5801466126502
348.364713664172
293.7061242425938
197.93533379728092
164.28044392984518
300.8512622142618
173.44841623598396
186.37115947609627
226.99791892327144
169.39575086471004
75.70657873287736
333.01586987011467
353.17211535431903
268.18305521291467
65.79033996299636
303.56769175858614
35.43003744536578
274.1449196401828
153.46241387741847
325.9946352458256
17.75902053490182
109.66067256818688
16.618933918940666
358.43664128065143
234.1101242998983
84.41097186862049
87.46972069203889
350.3295671579452
189.3578153320802
150.86753100988616
129.2982333622778
180.4535382489347
328.17808509561985
6.116647555596589
317.84662404342464
47.7045871382686
281.0059409967905
5.630911838797363
105.24821230050635
350.701453979316
123.17964129248774
145.29140994148446
225.03217179149198
0.4189136463801018
272.01836225286775
265.76780645667117
16.710680270597983
122.66232643845068
25.98673971512657
51.83860594781643
182.37357743848682
279.6301001369006
81.58936021741252
127.51831211757371
287.06194920382546
159.5870939159946
80.60547531953031
296.64705819683775
121.81414068908295
339.76051932687994
167.6026342467694
104.42556959886288
275.1490916814173
85.8231150641612
8.604508271586807
100.35461445628256
180.42834060471824
166.43789280366127
251.17061966519185
356.4614852479515
137.6719741927656
117.35113449410139
73.46233201528251
46.61462649878345
106.55361708566382
11.899102026570505
53.57994227502778
167.56716012196588
35.78905636578106
138.7529643439849
236.47695937585073
131.33793522371693
148.95057636233065
87.86297607468222
86.91355115645628
251.33280158023067
324.32966564574195
118.73012815490466
82.75551594565479
270.39295705062545
39.50761469786652
260.2610139798842
225.77401035503058
110.19448125560163
180.47049334720964
28.748845794784838
303.7215655131553
245.71068122889616
260.9621995886973
204.32548711637915
136.02941525117515
33.1541779514275
165.29962796003662
171.7985882963272
77.89172324980063
116.36990248399566
139.09220394095817
306.27902390536684
15.611498785673515
40.23722497177922
200.37528602944943
85.44601311641689
25.687667506766463
324.5019915845167
345.60512906397844
199.1500565517888
131.08782516858895
138.84492653641686
230.00440734468594
50.79824625021722
33.542799687915455
73.040857081603
174.5931792270778
85.07693397886958
218.4384067114363
211.3019099404992
186.10153376429727
322.41487389262625
159.06832467512245
144.57939172861055
240.5233911250279
102.02772262635844
245.68743455650014
21.611041768789093
352.85652681489245
250.27830946836795
104.52509838182752
64.0815584637131
343.5226115341291
296.1466741401319
354.77376389081127
78.71763759762901
134.10115016516082
203.5089595372316
341.80487343394714
117.4795420302323
80.73930455882086
217.25871511808282
145.69196976807697
156.33111313686328
332.23069635066275
15.17517216306073
137.61471144599963
89.62019559258003
83.12438538131227
99.4211487797058
161.9502666596303
225.10352105158717
128.76277389225646
290.85325649996776
15.472125800325525
181.16406855576906
292.9065715509593
12.238213561495096
274.28348521541955
14.971037872389621
147.2441492869452
98.71466465953968
337.0728100290802
47.816634323968216
90.3221973208291
320.75248187269807
182.56358838412353
191.70507053971536
123.94308045053803
54.00271146583263
178.07625862192637
276.03392104812997
194.08611902071084
215.8050189977493
162.9407473431928
27.08600898292298
119.60554758502954
87.09856200859814
272.3521401239659
24.45351718341417
232.8482437667055
22.854879921784097
299.85936032399377
258.8393400188628
277.821318251651
291.45526476343986
128.13843462558165
146.03849692128188
359.6488495866491
17.01606975214365
17.45258306428387
300.4784339157034
24.60548297679309
187.46003731030927
83.60538518128573
153.34897766133793
32.86169860017936
270.2330952688624
44.611981419476585
338.01100842987216
157.37655677152483
340.52331141482426
294.42064752759774
314.36500088862095
302.2246329854934
3.765875840315435
222.58987232211177
94.35179968025702
139.99594244668157
301.6940031794871
62.547467811469176
32.6278145485852
304.8279907289102
42.78069790538959
15.50839833748402
335.4868382086929
102.26764545972813
245.6317141119882
351.069239748479
226.46558921945015
211.53532813896365
160.2984288722056
38.37915584572504
203.86430654955063
153.40894481919398
58.75023523044659
307.19558359554986
263.76037244741485
245.89288774398634
149.12254471672193
129.7573369190505
47.95641562049479
66.70482762267159
288.3957122405583
258.47560984522073
30.917091174298346
81.11534557205833
119.88476729527892
184.84308906589877
306.7911882764828
269.62637212932776
266.10056384625756
125.05868253035447
35.89985139925145
151.27567726931076
324.3757979888156
316.73252916207656
67.0272486290736
355.5256787417626
52.406754972311205
154.56350159500576
346.53838004308693
176.87888988657684
207.53462346983716
163.704948087258
4.501451353274819
54.28184984800165
205.74124792328234
282.4383250113418
303.0272726657866
285.061328447338
243.3720301420325
16.512578680512505
288.0471621858027
54.985654196564255
73.1385436709602
311.48388204542937
142.4864794812513
114.12700233709384
72.47055394750899
347.09088671282154
15.523193808717597
220.91027253627732
15.983721148966074
244.36122562257867
278.1004624123175
285.4995520995763
40.66906868670097
109.22286567106312
109.67295567939814
150.92675779213502
257.937762796077
181.29393457952014
95.44189918504901
27.87954245888342
7.335778677279556
171.55201980026592
34.30580796427667
188.5179000223434
255.3462234899528
167.09328716043416
197.2247622226417
275.08164827073557
175.06346481683482
107.87405312501805
20.3952378389238
290.59828247286316
265.8464302140432
338.60147964552567
42.21181786693563
317.68981698482247
256.72098282658555
35.729285404695666
314.0515017759029
158.81828974784912
61.59494906824658
230.72980378925558
326.7488038637978
136.5090105016452
344.05469938221563
225.00076261006953
214.68532772874434
49.723277623951574
188.1409222937625
342.5986731870801
247.08472160917952
221.7868087550851
199.1920105869897
198.86894851857406
349.09734486574865
197.20973388577275
114.00899111698581
130.3912633456168
112.3904086517282
147.43322825693406
298.29665218515026
269.3671702729913
177.55739307282477
222.66601481889538
332.55486707993805
106.32984622203992
352.03083260306323
263.948681664545
70.14263844791466
274.2085415698426
68.15136676695501
217.11706298695162
127.95079090804869
31.417196957187443
101.67144816126901
341.5748486527304
290.36782443618944
20.006863444992508
133.86706174517312
350.48233354414464
353.82694720182224
53.36660084006329
52.87393701618993
22.04935269639458
107.78151700003149
142.29897153231892
208.64454162976776
330.3813976008526
210.9706551758947
256.32808974455986
287.3347801398668
343.21675621932314
173.9727053434362
241.52499847505825
231.29146341707275
220.83322628133683
201.0060522349294
78.39632860999787
289.9872822173467
126.13929243740657
8.206128148506755
120.70886381169085
100.5806967345019
309.5138899833581
255.51454798252402
199.93868005330006
178.46895265994436
289.74734865596474
128.8199489163732
139.1616676916581
78.90614668706078
280.75932769448707
116.90825941195673
158.88655855674654
108.40305843927008
61.84946710470666
262.12392071841987
154.71394656457966
113.21493220169941
146.04992824400574
170.19467544859856
313.79816747643554
299.59179478287115
96.54996711313693
336.62912434236796
103.0265894935763
206.03124261465013
63.50577501876495
2.0275101518197536
220.0893111886993
19.511639650674745
114.78541100664675
322.1357416079626
216.29591387946226
238.69526341934173
197.8925084489906
29.059565620584063
51.48690962049122
338.6432193353601
359.22129935987044
19.164970496552893
148.09682127975753
108.51539207014109
172.3705408308802
8.542584809528142
229.97094512294808
32.62612152447164
126.59234383045978
345.73385405783193
344.86014975830767
180.01545766883794
74.81943789863509
336.41069164013277
186.36398287948452
177.9013646392997
255.7046244827779
130.2069400479902
254.45376336928987
298.0612885502351
109.2622723096142
308.79841827827136
56.413880584937495
76.80429609091655
315.5667525158617
119.09897523904264
83.8033091176302
99.01855036783051
167.31527995161417
73.95222570198598
231.9127647795322
78.31446732792327
101.74490511281778
18.89525916713158
258.78995366063964
247.48648349278335
335.2617430585405
164.4229432577815
341.4290275332315
299.24671299360034
70.97339099696131
290.93041531572254
311.1335430208507
350.2143449559662
24.6949838872726
65.9010977446554
244.89086072743115
295.43016395559965
169.62829620657075
228.19022346777103
252.0826942799427
250.99379116277464
329.8709844143772
51.43984317030972
181.15087317227866
28.071324521130233
347.30448295427794
311.66708803715534
297.2788189171767
162.5071665318055
153.64505839421088
27.64633969121477
246.30127678745816
203.74195272567906
127.47546869929852
82.58964156391339
83.10763219622793
121.94482464589866
109.5600212798602
131.99760523049795
258.1082434613196
83.99110733854984
85.52814870815162
277.950004362405
188.98086512763533
20.086934701579015
243.97297466892917
26.736542535709695
36.00608108904077
338.31419510114586
178.61224534743855
22.567527231289358
229.5317912684406
62.70629748484629
299.47712552301107
321.74604616669563
44.14065665145287
36.71438546110253
140.63924121144132
45.246313353355085
91.94300635185999
21.115584610619912
240.159799069318
349.524943398834
194.46668158562397
279.985586568683
119.27220930296829
150.26429524737992
47.39220035400259
227.2692762183467
130.5012255821244
151.954272953122
293.33358454085715
53.311921741893045
18.93375584177216
11.734283382738116
127.15089536657176
202.55295961386494
274.4645628050442
205.26216340831508
130.42053103938406
109.38038284839502
230.02097303293573
84.96602967692438
237.0116687533485
25.303437458392622
84.04581532526186
222.06590143775884
167.08286860217459
92.31727990480373
108.92020046977025
243.8836476272565
171.6621320433809
340.8810739518818
6.371774881922917
119.14039555333223
279.46874543470085
143.91092815356464
175.48872022551114
72.74629307051586
69.1830744784608
144.21489754146484
168.83293402876907
143.633112700042
254.06516540233935
159.3285284774752
288.6925473002868
125.56423856182589
170.7019350410499
194.70616760095444
89.1074961801595
114.25718767638583
1.6776040850209166
351.9884841500074
281.1946821747601
117.72371357985915
341.7524965643311
237.74529746847045
60.80149196382062
143.14708730164736
168.87431246743967
81.94473031957732
141.40071685180976
147.98576830853457
323.89792416339253
302.53391799644174
18.59978232003286
307.55744609413625
160.76872473773338
118.727791187406
18.988047193408086
26.024215831618392
146.02969719986652
260.9458122760353
74.18707180779808
66.14571298853501
197.42242575760596
258.2849786163051
90.18534076266008
101.41607157190465
325.38957462259964
43.785096685192414
155.87440364283302
174.32006610109826
282.41202823901966
98.27814858028367
223.057626654456
13.588084844167582
150.26919002677622
335.7285339123364
283.45488761291284
288.17034047609036
264.2558302388218
10.813915110391795
357.0724559086658
103.38578063782182
61.9582096307448
5.948710394854422
136.71057147370172
122.76657817452885
212.00468884070924
350.14707562044407
249.01615214336664
229.03041923859274
280.5473112509252
304.80133480635527
12.591333952529208
157.5198086381112
319.78513597441747
294.0628503155117
219.00816880299416
333.2306408481757
122.65890621730658
293.2618618304193
302.7109187683614
200.81053173546928
315.437800408917
305.166561847874
18.828873656190872
2.3516561754560517
31.592082133565224
155.92556279594083
317.9805507276806
266.6776001858153
140.31505464295498
68.94275268299074
288.64921279036105
220.04648109859497
311.50077447193576
355.29690995614794
295.32184257111015
68.74367848345076
48.160554856209664
210.989433634276
308.79987120074463
5.0358802760727785
70.37670134732052
41.36128900856476
168.12466048986875
313.9134565358914
124.82180090570034
355.5775106182971
195.55898344361174
153.30006133466102
142.14808572396416
257.9440500563863
83.71077961793368
227.57040327088822
120.44269649252652
333.2218751136218
20.306075095699725
39.17235705695486
100.766350669417
144.76038493937654
294.95218347895656
14.932631222191123
207.33878684846445
354.83763054127263
130.18218033001259
77.73919679830232
222.65049024457056
357.7211532542204
34.180622058642854
237.69308466074915
343.896951608582
11.208407521712296
215.46036107362488
34.92702006637817
266.51078727669267
119.64950426053849
322.7130269450417
232.19658053936772
85.47358923457189
62.35434470081625
310.2428546256494
102.58379784650157
241.51717512488221
330.2080529168453
178.74179629817135
322.8384881208075
325.6369448793102
181.63565028784186
129.53114756176112
44.342083865360415
292.29885828921783
200.51028098388463
6.364788805391127
308.0881627008519
37.21473179454079
356.05214656180954
302.0139611558944
79.79600752998822
151.1524162202907
276.77300427882193
306.10383774752404
215.34826964492544
111.34921233333125
191.7153168772882
161.14799611908444
279.8617380767014
342.4868724255298
54.2319997415461
86.71035968417995
327.2199956143621
124.25104677228511
261.6084362730571
130.9563387562001
319.0620933974743
57.82058959139286
212.35243841920718
152.43036625154494
40.160686258825606
164.25523422178506
277.67893803783153
296.6116606545508
181.05091313392728
62.468387198820835
177.00248466319607
113.55754620307157
119.7612717715415
347.94130632678036
63.83350060681968
80.24619909132723
268.08690568182334
311.4099877515553
9.627869179820728
84.62626438855
132.07760496736174
179.56600316722927
218.2312341011296
18.56792567845819
292.2547329107368
276.63710464567055
61.13059954956912
64.06175202470055
293.90035539138984
164.2816736472686
164.85217505907457
157.4519638241465
341.43985365944167
230.72903954385197
207.37284041981053
281.6507116980581
315.2390335513579
211.8300875463098
116.51095573762389
239.63856750517078
201.87692387007223
331.56859986283814
115.41517420239158
174.79314836073266
16.255769618201576
324.2920016718672
310.63515171341584
114.33659386963579
225.48854495537938
209.65029750907632
96.71553252379462
279.79337411999495
116.78436551026596
129.63844048703342
203.03528358056067
348.20337942428887
308.6361719985412
60.715745809496944
212.34235281922892
266.1726628476304
176.17129224450582
329.3798813277472
266.50993770869286
320.8077056030352
355.59202091357605
199.79716378837188
11.682703805545948
223.7370744115249
221.77425830476923
204.66383238914017
63.62672684320852
268.0951519689649
277.76514870248315
79.95671882519466
111.08818608376903
148.96060879135263
328.643413775255
34.57734343966492
83.0155162603752
162.60941440886276
48.83777384691575
108.23381452438248
16.619012122524612
224.86945669886273
295.40945516695706
78.85385519348497
250.8033150409083
186.88267692946073
108.86472716003559
194.96412361658636
255.554592169214
305.2370386325508
353.98732973991275
6.0261463996825375
103.4393701338576
83.7204690338653
211.96373814697432
193.52200079111924
80.90902267373424
215.94977892164408
32.08479784733022
340.8469975020573
176.32280670428725
303.0984533743947
261.8928594937246
246.48227426148264
67.53879555043368
269.34143156177646
113.1567521823806
195.44511740796165
264.59885264352243
353.2682540707307
118.1739124609147
2.420041372558081
8.810789777928084
284.87521654123185
345.12224492205144
108.50376892829749
262.24077778054084
322.7172136782586
126.31084320766487
166.8799131378739
340.571142661787
56.48476022605963
349.827068009523
272.46478998948317
52.76812616336217
105.45893776594397
216.87086802446765
202.21830983736842
174.305098286657
274.19521422720464
272.2136978358225
244.16456065369053
200.52596276501149
209.18308982174585
115.72669241228714
317.63092047788984
54.997836923466
119.42010768295889
301.44278330308265
304.32347808577254
61.90560000990026
166.00663233615361
208.8632607616461
273.2698426275879
12.28093421152043
226.7047461974712
297.3691705137159
87.58277785701213
89.36966103642007
167.47734485017588
333.06032441072296
241.5980063388367
309.40675414104055
295.89411471864656
339.0668272534677
92.92743048346121
41.783752878612795
348.2602711800255
52.849885036426855
301.8126881665063
66.4237860202092
356.9357676373914
202.90417333708055
279.12682635344305
258.4882643359197
60.614040272817896
109.53171146082079
4.9585001461486495
234.2298583541677
76.4783478245194
104.18146504094727
177.81010010941583
247.8550116421908
57.50830498631677
324.74151158984074
115.43347160245087
186.6902012064345
107.26241710144765
344.32455110302146
316.45830129130144
99.37293853286427
117.37052847860517
80.18222280764901
276.1498935784348
171.06124533358317
165.65574348202884
163.68647219081706
252.27767516152548
331.9434531078801
129.1534941088841
133.61730121763944
165.94474730544354
169.63217751127883
73.97671531418635
18.337338139953424
42.89931801517697
160.96679664996748
345.2791154813782
56.607493548088506
276.06299571225605
156.90085845564244
303.78673839312137
286.93685729214764
120.2450521726189
337.4040250015644
274.2088721950756
27.362811885636553
14.609534272628391
146.12975283803343
278.0967502933916
5.872791583084377
185.639167052152
55.16280797743841
175.4862104631648
24.14425666822222
208.95434924452525
5.529638868978927
116.52239686060369
292.8965704872512
56.33853112088442
205.04247380261134
188.1103958938187
142.68285742856148
101.33347617923047
195.99992943524813
248.88282937671596
309.73069377374054
184.2516589078528
94.49728528058397
234.43892191328956
217.90954823645254
13.17260487141356
266.6175797301608
320.95789788685966
294.0676924575679
47.54834090990759
225.2707095727943
36.51957256898428
154.8629961879209
47.52615828327307
309.8968240627239
84.12216121327114
274.10211965247066
55.340527159947186
329.45939244623025
31.533392442506276
102.32315314204733
60.57799464557193
72.77768561015306
356.9961482943718
4.088266760034226
287.11574295361106
214.96927479796645
339.12339067848495
179.11633771257974
73.25688749303718
199.1733173916917
235.24538548801013
261.6576853536153
174.65297116003026
124.51443264616222
116.38000553441967
292.5569504796485
316.793376428994
87.89671305345009
306.43252700251935
184.3991178972789
57.57099527696283
193.21844352328213
327.7080116699077
114.740397590571
106.4227497436235
358.9488989406071
285.5093411200825
319.87407669200627
65.57427009354367
11.035085434258065
265.7823694323451
344.02705712657536
274.9853573421969
332.1138406856736
59.55331499428699
75.50298003214206
219.13110646938043
34.79897767178108
127.61848782839462
107.87280152988302
266.3262625819722
258.5739069251802
254.5247662242257
134.31294886667388
287.0365899178518
125.42988073140444
243.19897691591493
2.417093554149877
238.26728435116883
5.0803943965306
130.15946883836943
270.6858095656025
98.13420211290078
342.3017309581631
224.41875842311558
236.1852442624444
34.730110099541285
8.200184583572245
189.80539608766912
162.45407189163524
190.06672678501366
155.95833823572252
243.89553506968292
130.86326011917743
162.74256908210614
38.15877779541303
63.87695904728341
183.04552718467693
26.903240101725064
195.6379265962667
170.48710632102532
173.70877736771467
292.1954525265632
44.1319207542926
143.40013203455783
56.51573299008803
248.03770237904453
300.29285953558013
122.41368230701733
98.96825279279993
74.18233976807987
43.99023420359564
166.93157788213534
116.81068108434366
39.88250930024014
284.20333451315776
273.5281803356562
35.03080547068153
158.37991480870173
59.47581233998186
349.07065409838924
145.50217170522743
114.73710800559691
89.84004937781911
120.54206001495751
350.58197748701446
267.6201571552504
88.90801121573493
242.5421823252211
36.574577419206385
173.5439293475438
140.98744586810932
61.26685463891103
165.7489561128127
349.0125382647597
345.2648693482325
106.2997104891149
222.62544959083112
350.5248495475274
155.0164108024898
331.51264815029276
75.26098148105754
288.7404266232577
104.52685511347403
124.167254306897
54.21018220496176
166.84747910578355
179.87031372314732
102.5237107574835
43.13653085854536
18.201885943877055
139.80288058651718
171.2496247231808
29.734061715240216
245.81266632314174
32.930131540487665
306.36895453012784
37.55266129533636
252.55886608478042
144.20011250285998
127.71351652257032
303.87062321567805
58.53618555682896
38.50090904697052
68.72413736592216
326.43545891598023
217.9585168405962
29.4640573354095
152.50216653895828
136.29704013777555
21.311289106389726
289.74394734371606
318.2653935449417
5.841054187740692
133.99383656031515
188.08339123805087
55.72676137150108
160.46804321648213
66.00486847151322
158.86423045491816
323.43639541415376
114.2369722725039
195.53913484932107
51.81475501742451
305.8527894780047
265.0366802708836
102.30710335709408
294.1098913033288
335.6295508830335
263.92195524146956
79.8684596521098
354.73001057199633
285.4471228420741
253.57355157644085
235.1773002923377
151.82339498053577
195.2428370777614
87.43239841411862
13.359888219274465
359.61178752161277
312.60923744957523
35.78840318786161
136.95861216320256
351.9174402544086
123.36197194006458
231.07221729194316
240.7648674512289
65.36409452450674
288.11080815186887
217.95083897497042
254.63034337090622
287.4743171633244
106.078039140914
329.74816019222897
215.94158800006065
267.40280373756303
210.2390102674881
80.06171984872061
211.84769038115112
303.7873979573871
90.22029553857658
224.41463370351673
265.0465270737112
109.97374933290087
30.321210217684737
178.54630580452317
336.2620173986664
24.194642635640857
226.22260235071664
339.6307507570488
185.82668976974105
132.74582423310707
166.52158224548853
111.62920137698724
190.93935759330014
2.100929688864834
85.4798514931922
256.5639509853619
315.8461661259212
62.293825484285065
227.19512630958903
297.9347255897162
62.31654675393567
197.92086323227244
2.5882431303778812
59.81291915085628
6.201558031759833
49.645762966168085
247.99618619696074
92.28786217320854
111.36343367724346
103.40683159271222
137.76905751886287
123.40913320264278
283.4481715819859
312.5797432769207
216.95508660592543
72.3264706267906
277.3864865396061
346.7734631652468
236.04919262553193
35.79516067588501
335.66923215922236
38.65006813186896
185.72810021253463
325.4677049067658
174.4843873240578
58.122143616889275
299.2828250155603
73.5177558950369
253.1438635143053
199.79537475948618
325.8326144202862
22.58241481456074
351.2709713666608
324.92009273436184
111.70471163890335
230.4555015089217
204.90059558061313
356.5170917264527
238.59753755096457
221.57339719761632
335.27169498633333
302.5573662106329
232.17155774596367
249.32995525259037
235.3532586342519
41.65275378750747
135.89014125219907
212.52821939690338
241.38566518610006
4.73438052692177
331.56111943874305
218.71254817465433
263.91579128290624
9.958899668217775
131.54739830664485
123.72708336868864
109.35915906409345
236.15986363863348
136.4404674995396
224.57998531931437
292.13561072578096
310.93053012800675
252.6746326482163
171.22758895730416
266.03134303529555
15.20568628295248
264.2400919218801
343.72041281063986
265.4416581784217
185.29488332431146
181.06661269149737
156.1568293729382
267.27222212372783
312.6695878282192
251.04341196257087
249.58961055226308
55.95925401679648
176.63169191750967
208.95181016701562
76.09543131520377
227.98299980816134
216.33383517981093
267.9627572975141
138.03258538250614
168.45675036784712
195.6279116326867
81.32548518688121
328.7120807376159
41.316162124734255
347.33734716180146
148.12070863138644
303.73997802608494
159.74168278951024
246.1863461458335
128.0303836885806
355.1565157204064
298.6461128797014
210.51133532062164
265.59378458402455
6.27741822516925
119.85395936988155
102.14025256307515
318.2487504477734
107.40899482624921
194.74846835779908
58.45508589489736
193.78608772832447
293.9110061123401
227.35861767474137
178.41963101872122
130.802437336544
356.8307259319228
348.4017358000822
277.0758408197908
61.599143696831916
311.91143120526283
143.19024155635873
179.6337166946767
38.03613715217535
316.2515582599722
22.926174963423147
357.1700522906674
1.6486215814801497
242.72030531525593
73.40074421246689
191.79787154587993
303.68936690546707
99.93958388079105
81.03130146371116
46.64341468522873
261.54751467488916
148.83107286045984
148.95108742536672
331.1053104952174
264.73054685466315
123.19912284188823
40.05709177534871
190.3171026134725
128.9457544677296
46.48730523560539
227.58625959265277
10.964376908723093
198.34059948432207
185.66507164097908
266.1552790170435
62.643943925170035
70.27308446029862
194.27300439005703
8.948881767343522
181.0424235954087
53.420274754643835
186.47074660758597
46.29190654158273
154.19717508186037
82.07304718343573
87.55471998672922
172.42849376019095
323.9727276839687
149.13370372255073
129.7102802530034
98.76592618196646
204.37624450961098
303.5711019597571
214.22727641349422
130.34332081016103
243.085430283804
348.0903905091783
282.558036519981
257.9181916633798
55.37827348907204
85.15493692570386
295.11993243587466
206.52681006115307
16.17789949247583
175.04610153782818
284.5369426472788
86.84070317183675
23.828933356645987
215.80865244125496
259.1760672337434
98.1190476284639
22.185730679516798
217.745439473118
217.9089836928555
245.52476404520922
291.1006102787845
90.8017446907493
58.91141936164327
214.77530311138003
215.55186691522977
286.22482431378563
336.3644320151034
315.05925425229384
348.9680883015496
64.84663047646953
219.4361347360701
104.17884210881138
315.6853576330414
9.79801779096621
320.8675643305639
301.4136341138178
251.7058751567513
10.055349297512407
271.320228813111
26.493628069991626
24.83377298525614
149.3752721487675
91.8283665303126
1.962597161474518
45.541805744428885
220.2141820829557
101.72537470734558
330.1696283101245
179.11998893570578
58.342701547275425
250.20744674326497
99.38987240842246
114.27633999677728
133.87624163696302
334.59358782418457
4.777087069593591
139.9539157920183
172.8221142274304
161.6332164021959
207.76769340393105
126.49491318216322
270.51296909190324
178.14503423888408
272.15964780411565
219.59210547771355
35.74894876676718
272.2084729291385
262.3322034445536
195.59613062019002
200.73247089615808
191.71226180720618
16.093079531746476
353.0600935047293
314.69139535947494
288.2822614270316
239.28354037368806
25.563503724537778
134.33948519303843
235.30813664711556
184.03287883967636
337.5943805812599
276.30541678317354
136.8291061248717
118.8715013246316
95.5299570709284
342.4640238571201
189.458122196216
214.4454612626401
128.89173016906116
28.075163362955436
224.03811196990117
86.01609762056643
8.64263310805007
344.21566273650717
186.6031850962645
16.006463779516906
228.46543275629128
188.9588835934248
45.08097644434515
239.5555339399937
101.82634355410426
95.32058955418465
92.03466783983865
320.75407617490043
314.8702620459993
266.7391530599042
276.16830722478227
70.84045839481722
153.40080515840026
287.8222492726362
75.86154506910766
91.76997467933595
289.8227459493351
11.346996302324591
100.41784834416235
251.80201319616884
17.21435214578822
259.23878034494425
150.79706299408875
125.36240352890343
25.685199151152737
317.60796867950523
349.2481399868518
93.30743074737137
20.704433881747462
31.90355509414636
238.12642574189292
157.13009133295293
136.97290838318085
220.55091557439795
206.98029044981362
280.0814282346373
185.10798664983523
18.000939915380943
241.59733518135664
195.73825764216983
244.99959980483246
331.496102471898
348.14314243449917
122.54107387508397
191.65352014373966
21.963575829236284
265.6495015973811
87.27964121169177
199.8737464849884
349.8143620376983
298.7591081551153
184.50346893950734
337.4699981442884
96.90292277288128
127.44579568697145
166.69602209210956
162.73455418601466
25.106996181693546
19.10941843404991
140.8655493091855
330.53174347062094
15.35287318828638
273.6603908940367
130.26096777315894
26.8972690731334
328.8550361612026
193.68882013897124
213.912233616079
26.86188738713242
218.40000332698762
263.9550919035333
120.88455739099398
345.7843529415909
250.99052510233594
110.28770399037091
310.77285918097766
274.0659665199076
146.9496443058678
143.80984537877393
263.63697711666816
196.10614684404803
287.93420161677864
185.15571550244456
142.0522781599945
151.92449197321776
106.40448427917612
260.78672346475497
273.4082247252729
301.11887026290685
240.37022333167033
83.10840066633439
161.79613588332475
211.99900799663763
191.95780658910508
324.1892469959572
29.713719738765704
311.93217565553874
59.06332685630375
122.6720534006927
163.24671995822462
78.1621073517352
255.74025009009233
348.2105486995675
114.15023532185917
203.45089521044787
74.61580529668015
212.99248918627865
133.39648395811835
81.58740807370253
50.752738317897055
26.97716619734169
257.66906308378805
263.2719823230085
261.1929669857392
1.4744901738082712
86.13452280111022
161.29660125990887
188.97987069393554
95.67417613092826
261.7930203509733
293.17122190152264
52.19622859798101
120.49008191576026
267.33403978437383
283.5667946363892
225.97010297149666
41.74938228566165
196.6643327374803
152.93937802906518
54.652798697241074
98.5602105278475
194.38266240726486
211.86964287581554
225.70898072580528
67.65648952095151
183.44231504041747
78.16150753674422
180.24065776480143
261.15391725532436
298.722596456983
270.70338475600374
337.1967068422276
304.2797548787442
211.08539296879724
180.9323045334371
317.40747126378335
309.7170391205175
357.751982608557
32.575794027937114
229.17705130767754
42.07716375968478
298.58826658375204
107.18246108095056
289.117937988953
102.42554027277896
196.69609218939527
357.3445197302053
87.75039862597343
57.189692672277694
221.8452933859284
315.0474590890393
334.5291298427164
314.24874792786557
284.7591149209814
74.15350539247476
351.33993847831306
246.31506310376096
118.41982439455795
265.56582778128904
165.10538582285884
11.215301005385712
237.15899123841922
59.2289765837301
91.52303300263864
204.30895887299818
270.3897336230793
202.15525634043297
298.55645695199064
267.7703927849122
25.423322020286214
324.5788176696629
216.03261748720809
190.89367163673472
163.6444828530545
135.81654500735712
114.8336272673167
82.32153842201815
307.01545910540295
94.02730316093577
58.17998901935655
29.69984467697983
101.01054911315703
11.442117929568859
316.39386587913464
241.17955566669582
185.06030676364526
338.7036164458526
152.10997999426846
160.3312111623736
191.71741863927323
80.3918390721
109.0419194097872
229.9859111227035
353.88461981741483
116.0982753609611
244.17575982900786
17.585278042217624
214.25712255040506
347.565071201245
11.72782427654919
335.03267525775436
306.464747133922
334.4385413693624
357.2720848357618
291.4907385575437
354.40538354731217
276.6063574956549
308.15988850959815
244.66736649882398
249.59331810432244
359.00298743724665
63.78194764705873
27.288042363746722
168.475175641492
287.5615145532603
333.8583449937757
300.48870968129614
4.098089650517755
9.16569356994055
177.77264027564235
225.55509343221948
217.75156481992502
297.96485660037615
142.53441436172494
167.56726675456144
51.781250291012725
333.2148750298687
333.25888801084886
263.8708969745628
224.33965035232566
13.440116717786175
95.52704617057256
336.67876086436235
48.73662497482593
329.4496966258021
322.3102374020684
189.91997434183753
103.32118992256571
3.8248675541494928
157.01077999470775
128.9235315967965
21.358391394149244
355.9585517446505
189.76719731507148
59.08708474269278
83.87479105391282
116.58011880745855
1.1843284818649737
56.29029847574536
5.086111509537569
206.73864778032402
223.73806901357622
292.68021871410707
22.143823048042773
114.38145176001709
352.7559722518434
132.05346535930857
52.11529684483126
265.2751926605834
317.52495166432476
159.01232235204162
320.0870990170624
215.3043731775373
85.72202119067774
64.26362557172111
12.97984640568675
81.31266464220272
113.403738791553
247.40918958763436
10.935009413784806
326.23475309581886
81.52973920818826
161.14417231653786
301.6090472937608
296.46962397722876
163.60482780878505
105.9037963315818
340.04896424880235
242.283263805413
321.8059282700925
204.1019474473339
271.893425094452
298.42331534975176
9.289299247170774
162.90546582996782
205.93809329341306
92.15075388393026
243.28811509498237
231.77350246514862
224.8359898610065
140.69758389319023
105.07300795083192
129.55726934776146
162.75666115165106
251.97241890415128
320.4845109647279
90.18483262846348
67.06115697741129
1.2749999848745976
201.41499045220314
243.1274138165707
88.84669320273234
324.00494628231655
43.6145021460091
81.29941215066597
62.41044372776116
79.48978048489556
334.9660462942082
9.979648483462233
59.757032071576894
77.97204208797547
282.6466594104297
45.693099278297325
41.470688873229356
41.17069025363835
313.94536747466225
262.4359374570903
323.05701577268803
90.40054298287878
101.7848171173025
310.51095915633897
318.5670070518207
159.48238532940525
281.04027415678337
198.06996298714964
180.92412132182338
79.99596980196796
238.22571565929653
36.20643688956896
236.51510652345183
335.47532364139414
262.0749324436284
177.46272145009615
41.520767700661
97.96143463765226
118.99761721079251
131.2750505732587
19.136722177766927
239.53616561685553
184.33641678824307
57.990810248811
313.83641178182415
172.9521589877909
305.09243513506885
183.43763791089904
270.73707929910836
23.118249835250975
52.96867394664756
140.92559761502534
53.546133525629074
142.66733187906004
79.03597910959941
137.7558364429318
304.4930070960392
199.9464966842803
350.22138307352304
308.4808589216372
298.79976214850774
161.7266885851998
222.95288912535332
91.09642073707249
246.28040246396912
218.56182953442757
152.37904143079044
52.500183377399196
260.04781319625744
332.6364543063993
178.41237820710413
133.2007646808837
202.59798308087827
328.4403364548513
33.19102857067491
120.50714151870544
23.884909025937777
116.07593245646308
95.71510164756047
295.0874055784195
115.05309996189735
49.10197241422537
338.63706885139146
161.59700664604023
132.3950170215048
206.81182746996157
3.0453374191355422
40.6078581349376
66.83255684342748
9.377807819716333
348.34233943260534
234.769752731256
138.96045828177844
253.83508109950768
150.2788360215258
325.6695484886958
41.93268653021721
294.7040020303003
85.17622188268221
331.04910835265355
342.33611738351726
233.6160777149321
132.0346358995544
110.29070806077766
143.5336388586588
48.00058372294321
256.88327196896324
89.47212865670353
333.97552165931097
249.95463174125692
31.66177719851786
337.585044090677
223.4473059996643
254.3160738904569
352.8673217292644
31.504736792526014
156.90589516340395
205.6314399174605
181.41987665248232
283.08568054384114
251.26149317204514
232.98247095132476
185.55217876252345
204.30481545613225
13.516206918870045
283.92068740425077
221.7785824911688
252.9547121969935
277.50722144083204
256.345904360371
36.3991317294315
0.6328017655829957
324.24239979588293
306.5513563321074
277.78131874771344
49.720081705610994
330.64745940267255
148.53705458835822
12.900571074816796
120.95904321367998
291.9579316913427
334.17667637136276
300.6699359171581
81.05672721975206
6.793247115998196
107.98611972583998
322.9575372415243
58.594606984501766
156.8969797918355
323.3909990783856
260.9754748709157
302.2457056126102
278.67721655796396
275.0222820633331
298.29648144859544
200.9544975141067
52.30091143670247
240.8243073287304
206.36180027800813
108.43042272652823
211.74585060829278
41.093147779572206
275.97575401172935
257.6430054379988
78.59249072144091
329.892420689636
26.52053638416139
192.1325906424122
155.2442280285782
183.8530472805692
49.44397073303462
260.3763692802596
161.33511962948677
174.77906704054226
310.0740251946243
71.59612157748059
6.944980745033559
240.01863292748268
90.65282771844701
45.67623806150586
73.64932688843385
33.16134866476811
51.18182583500056
154.41664255510662
159.43963558827735
164.52997259185494
253.55270103286372
218.8457867950938
211.91232718672967
90.3883698442197
112.40927306353902
183.85673482941823
309.36503531217807
282.1090643023971
262.6740157662602
338.1174336520256
294.41483086156876
314.1446860890366
141.59177975026614
114.56730397326338
136.12536372380976
238.72073296824652
286.1972964752091
248.9573630711863
38.82090529170777
101.23742715023916
332.8418710503184
108.86245638898889
270.8033781491145
247.42093247196547
200.89557040806505
180.97076138292744
16.806114269693726
251.71392370137045
277.26749227814787
265.77106275827924
287.5512414433777
91.00879379028402
292.01234508607706
111.36281544137948
157.0910357137825
299.61070255653846
194.37578571880104
357.5595244578683
202.39728040962405
96.89051063359798
272.45405091265513
105.31414663142436
75.17026814525113
217.5473176494385
15.650235220947115
184.41010304327958
318.3055614646393
4.405096229118152
267.3933310914107
339.4100263350579
80.7517715668127
236.47699171512383
274.03899817189244
75.29684946231039
163.10482421972122
183.08173088169096
168.48393770462167
44.46565550485819
114.16538741576646
96.1470721726106
192.83713725684075
339.08478461905116
172.692850700739
335.4996543247838
292.13310228951644
353.8328744264988
143.8772030590548
304.4727818740325
44.199603353453426
353.62315956637536
204.95525173035222
282.06422530871924
42.889685458688085
21.443901469416144
328.10513248888975
79.72962095594882
14.61289390459022
95.1745087303131
148.11476093804174
252.57590290660502
184.182612413074
300.3491177392441
90.44966159759278
25.113732716766894
29.05651669806195
48.35246501987447
151.60011862564343
178.44329785181182
209.869645760964
316.9460803163894
174.57771354472956
94.90811524820114
202.55158752094582
96.83988344900452
283.1926351406333
82.20279992937785
118.11073289642775
166.68566879880223
17.95432824072626
98.07167186830345
84.84758415572978
282.45159385288224
322.7967736465226
283.55315805189065
212.0329436316169
353.2170008156747
261.94914943681135
219.17549692092118
144.70869796978806
55.62043696283283
154.2215028557457
288.3149009026629
48.487565258270074
353.4405649827536
205.75480873811114
78.34652988034851
198.29263870364207
207.65951315674593
119.5093925913968
345.56579970907507
115.24567129668968
102.42019473822974
78.03493294395686
320.69518975763776
158.38463150325563
253.43637132460046
49.320368151119965
83.73866143215011
309.4822220540375
77.62017569248354
309.49352084204037
323.3166535741906
108.90161855915822
67.10641242007581
245.0134660428279
160.10406023975534
96.33929551681288
223.79941397424832
238.81660489538552
247.5022697757184
206.3919498280777
344.32708806372074
200.29092239116355
315.6532542346326
356.339977952859
173.08146711784164
38.79171924539516
74.68667056592633
119.69466379516977
135.7145341734253
309.43594293751084
325.2978874398231
206.1336845901594
132.30399075551827
18.004583110226243
5.696902935421178
280.8799562411346
47.78159886902865
162.22143451915898
145.4108567752402
259.10259839468057
124.37747601401989
171.15147731773618
103.37101227822986
40.55123592535451
350.25062794341005
33.576814325377896
14.415174956789857
227.22569241636432
69.7471484030486
341.0744122464451
147.17424753834564
36.18737527821794
345.5267052892204
183.90517336103872
42.23585466024285
175.12077104605672
150.99306104291517
116.47037686375673
310.178616620381
332.14322103837833
278.8868127407455
54.17224380474082
238.6342696450719
144.68154247378084
13.555820659723015
263.3672588803045
69.31015293951755
21.19447308156482
309.13606624668097
33.18246416182073
165.68106833531291
338.1932172568322
269.8977544234255
123.30533899955996
20.425833450699905
330.9531553066507
258.8489737627016
19.208820927905304
52.934533082199245
81.56665690147041
257.5697893423017
0.9174612978676955
240.1650874539753
18.751125859340288
58.79996619386423
121.47813824849561
137.50838729096617
183.51795139545268
231.66456132628127
190.47437743050546
54.29502166677835
110.78216929078361
82.45449365869992
167.16313475435382
11.559504941591698
266.22794982303725
16.908850788963242
165.07949284975365
356.3810614352892
152.26313140164666
212.32717811912235
168.09909686290146
168.2152181465941
343.6936343443352
198.51327191601436
306.9924676939758
153.98654646404046
195.8174653704892
51.995659524942404
296.736414544963
117.95097222784287
84.2564469622543
228.90567814441766
167.13194173837547
121.79115704930464
271.60882663452117
128.820119871977
176.87845688557414
112.8037473044396
52.67354030784219
246.60334245628604
312.72265165661713
350.35881878275376
101.66443851710208
45.091947018778995
198.5701406146316
251.32397719462676
192.9094940124257
217.05220770538622
182.1369678734097
23.577757114831112
323.97863130511735
235.60641663709563
46.240806425367936
9.601830314402854
53.42477110144258
167.33677828485023
74.95049772046886
286.61457039298426
165.31385705375962
308.590075205102
146.04302871607328
92.64545946963835
354.6690621789937
118.51530890721183
229.3326438603374
267.3990420286356
99.28249651962417
161.99799792833966
19.630068262764638
110.03038631696826
299.3383246245698
226.83424954489297
264.22253524479214
256.7792612870406
278.7244772372067
8.070255896241672
51.500827693511376
139.56212881186474
299.0751584158202
107.90224013755524
198.2031679845761
134.27625305561074
192.02377871964427
255.00005262713918
253.41257905583274
125.51499317819933
136.5579706672769
321.9408075688031
69.6494219433385
159.18508811388622
199.19125909951535
97.23701453169255
47.34283176050968
181.85296291158278
62.89945410071466
177.012009199625
72.64564970709813
247.82227652438942
173.95770518311625
212.13864347894028
316.9775353098959
21.03858605883736
336.9230778880685
263.54110826441104
285.1197430861404
343.4841706995212
279.59393459843733
292.78905342826704
197.54290111641603
99.28809006718619
0.9782141655692039
255.5021955212722
35.81119081188517
119.79190161976635
287.6353952486396
330.20590217859035
50.71686541263083
16.034492533242467
23.463630412190323
269.1223516391489
65.2753984607429
307.3945818442873
343.4607501159088
31.820636936896225
206.20691312133965
265.8984597836057
129.17951603561716
24.943464378644506
3.805632837203572
91.26281778534234
301.1235216556142
173.52293678607793
124.32346533542449
36.914646587218655
264.7458185217418
15.039155433180632
273.96358353795847
278.2777781084237
208.47263943347673
99.77813345065273
17.112198773624552
231.4745245249236
16.006594783240992
143.26405051381835
21.394218840715833
152.80991748798616
283.9039175071752
192.03751026399166
242.75628123064686
68.27474244747737
269.3428864184697
233.21716217392992
117.9331243122168
132.73325533732987
164.3910370976519
310.130222119627
288.00706956374944
323.7148524611387
133.24578028219204
295.79240370047273
113.9438144724087
50.49366286319936
208.08224210519973
35.07668215570896
18.667742900370076
189.25892887764695
173.3286298594396
329.0142867054589
302.40963388482766
312.42617621096815
109.18838624325734
214.23146470400752
7.5208527321429
344.1896306458444
185.443411337881
35.41641670425248
290.35121673458764
221.43693430102363
108.61356533766771
51.09841304721742
109.97306295060976
296.84645739721066
322.1817693105835
169.63389201340232
326.23531638435446
117.0441354050049
3.2771888609330184
208.71706659868414
97.03283420468556
30.498659120907373
134.501269578348
80.94606334324402
250.75507026723125
258.80479663008566
274.62470733838046
52.87767994276507
310.8768429188976
91.99138383660751
30.001471586872977
315.4846080923088
130.40649270101
116.59028214552443
69.62400672226511
349.7561435021426
8.961516268713025
70.48633576115165
135.0615546760054
116.5664352363457
352.27738481264623
187.60704452642625
48.2658832596729
250.93308181151
219.2210029315181
179.39796064417234
204.65176783824094
125.67833288267443
134.40125678041534
157.8942788240946
168.26499637421256
240.42192731704057
300.80079508055695
143.72628019449232
39.871466228794965
324.1909658001738
289.94037914935586
241.00295265563753
84.83437108549164
76.73285274235155
244.37952557625445
137.2795808200741
240.28621889678337
149.02356561032187
170.2193084357133
190.46386367561246
91.51740302250805
358.27085673827617
17.78200054393381
237.6760555647922
286.48278647659345
293.43895384512064
234.51669883803567
131.8018706762207
192.25895618454382
254.55317290449707
300.27046477784114
252.6564995802852
119.41899193302444
319.46265421924073
132.0872513036146
265.0529427086899
62.357379361809926
71.2396971214846
78.21674788085606
9.144115475604798
357.7754678581263
256.2091702476064
206.683402220607
279.365492374308
220.00374168777958
303.8071047034211
23.625478762293117
109.37637530858473
137.34378962089423
125.57532983687993
43.27759157951499
230.4821602619642
238.87090129584593
34.95578079123416
81.92537420328293
332.1826339978193
87.87675449900252
12.274024368076788
213.9455592863932
266.0347270934434
72.65696576888374
58.389987190401726
264.3915453787466
281.2273094949298
88.68276596965164
55.0930935853288
49.9120985154062
259.6556528466597
17.518776817037182
154.16402919259423
27.02072239410623
305.53633643137385
270.5986017766613
34.00515604628228
67.86412852425414
305.67188843181174
28.219381042251868
225.5517007410958
51.23554973489905
237.11276112791248
162.37823740021003
173.30574752260515
121.86799290343207
169.53590702245347
53.817163247843354
106.45529039885665
42.879503389775266
58.062179035418104
316.57887987283596
144.17126374167188
301.49930218594085
105.20976680260173
146.0597895716281
102.49554239899196
50.35125061035774
68.05944628333077
272.7845912791153
32.40645809196241
250.26125344410713
23.884212800558593
255.08348420165865
120.44133176818629
64.60787608308168
64.9169047645139
71.77504168128358
304.0244549488915
335.10943520181985
317.99722318263537
159.74350043877126
66.47278807649208
274.6450192634103
85.15047339647508
299.8669601782253
244.2995609009557
289.9868202123458
186.7849142368939
255.66504714596937
336.50000560246355
268.82999186599034
265.2965441411244
241.09455805748095
235.2007941307962
212.80761712521664
146.13368789135635
215.8648042714742
286.5932383162567
292.96142506128064
19.589114781647528
286.6940922424507
204.62949579327199
240.19588173722707
183.4569096899068
332.4066008189386
140.21180895505685
232.4134175312389
30.75844105864202
29.595345039016465
213.41262408687004
152.72774264886695
153.46467932142463
191.72447726441933
313.8088135348012
145.30706602981408
225.3071575490041
213.82219062697789
186.6668669805991
247.63784837026918
309.4553185668721
159.5280029522561
332.4108816629841
234.34604398296457
37.94958447818645
228.33219444541808
117.99024747799875
112.26081073184336
311.39741537910345
327.63223550466284
48.831660299684195
311.5365881785779
46.90617941642729
80.38987907048683
355.9526304449838
81.49803303870074
318.0017654800387
231.97228477408754
126.39638301969829
352.0153843508446
103.76643575741727
253.52392427894029
16.490222824033626
299.4008255863473
10.171336515913733
357.45985045718595
207.37297091910995
315.29539473877117
302.3639665382298
321.1144367869209
147.13502381301885
99.11658118996515
230.77128584951183
159.57506750984845
206.9937060998404
241.4977981515351
257.02596423150425
187.11711155201758
149.95788570573964
71.30336255728757
251.10146154231344
117.23741387460605
119.19939831602696
317.19454034129666
32.41662567170945
187.05660805458052
117.89369156764386
300.95174784376354
218.828896223159
251.61113963024732
169.98331521270194
64.43723314752451
15.452888429948699
27.146445514553445
331.6432757110741
301.33350354630943
140.3936960708501
45.18702834158943
213.20299088763676
172.35459939118834
2.2387989219608455
22.08137151973545
248.98944784864418
164.32688799118688
46.888154015243614
226.50501243529814
250.41219844684633
109.40087221606969
34.63860044372783
343.4722834232429
1.2232667478322459
167.5262167369184
128.22839308740785
156.50524624088501
116.31446471251388
355.6997844656615
328.10837745032376
294.64721568266435
338.4596306730069
164.4458423741
98.57354218971705
246.10769954541382
294.3671317068518
130.45051296985216
328.54280681178847
231.0676174470017
174.83287524420058
262.07165667566284
251.8471659652775
299.7487908910235
178.41374448033991
120.30014923298941
271.85133585023914
50.96433087303916
332.73878603126906
141.57163695031693
161.28268609278766
104.11037444720125
1.5075667288635919
305.20690672285775
237.61143076237366
44.76916731389503
300.9048001277866
212.07807206495647
98.21475066157087
6.5010826242186575
5.514515138763506
285.2888254759136
149.35375040185335
34.80493919272163
168.1548479736561
334.74713952606663
156.37299639634733
188.14441570080183
193.00759321964108
203.97996514052537
209.1130414559189
248.7871074000938
100.17286475181919
105.87228375180558
0.5915148656714596
33.864193441386874
28.994747962273763
229.4967571519968
174.94569178828542
292.1412263898957
300.32593481318116
38.02185568182129
190.15875445739528
289.0115378097907
210.45077424731443
222.20047107187057
263.3583513006208
307.74344404145984
198.06895010908784
197.95708995682716
91.492441213875
112.73374675370584
352.7751235368406
26.251517272059942
199.46583298426182
170.46653165865587
164.235736154308
279.995089630184
24.523483712023776
213.04763172546853
259.6747334206958
308.88659945366186
357.9347543373839
46.67457659322069
105.1648403603615
337.9228730848195
207.6069741656842
215.04724417873592
1.5512620223950817
219.96885714017068
38.90579172547166
181.13916063813699
56.84238561491837
351.36542428704786
55.676250354187516
82.24028780180116
134.01194600276634
55.29812410138325
118.88216081881215
345.7437050629987
5.976752348125052
327.07424574226064
207.40029321315933
327.2000071408042
164.64555105814506
116.02994685325203
235.50430511457589
47.22010840600735
340.29396034564434
25.195842793702575
100.145222263647
318.8138728761748
351.9977320007719
57.397783214024344
247.91459495812092
29.165136197395057
332.07479675002224
224.0371385719257
110.84739624062385
242.2787403508362
36.60220900112208
51.58114226481678
52.17308887117083
294.8481936725605
284.3101523562113
263.92454379918036
52.15662673937776
130.7645806582408
49.23208089492298
124.57622303378501
130.7249718498948
195.31302646173657
284.4499310155602
217.79920038099596
237.8467991719447
24.877854543621268
243.78285677876224
35.24303957996677
231.20727932762352
35.668003150306454
106.52154686546947
314.2196008059629
89.85549217369378
181.5619303918973
273.7822954583911
321.1469892837589
145.9296220912289
162.89997008542977
329.4095314926789
101.07378617574822
52.60421239713132
254.757770397265
316.63335152531033
186.8235777459579
315.0075532467248
262.47698699385893
24.475756668909515
21.042908716368753
331.45110309229455
130.16574662012465
8.33900594615213
105.57766792117292
330.4000179611691
25.169005040728404
36.84474246691181
237.7230691839695
237.76989219234184
231.34418109969718
115.13566909564247
301.66188310654735
157.01272190059737
283.4972498047462
25.355991198509493
20.715620567853733
232.96498021914687
132.06841862532553
117.72809004551746
325.5703303688668
171.42602027878243
67.50992472605598
14.492793178303419
46.73947071771902
254.33435094549142
89.52477492348963
170.67844814563563
215.12960676571387
341.9641720158759
32.33984528574628
3.6906648530571897
162.59152668133788
5.540200350896721
343.8938899403673
227.54959120846652
309.4961991861012
98.95424068218213
284.8032530100684
233.7629514929607
242.9097181052608
322.81610592476443
135.37391099805635
265.003258389001
157.90397738687074
110.82323404656591
76.45416510744364
206.00048922413248
330.46277811824496
176.49074293165165
49.9848408183815
299.8431145868818
283.84193057519167
172.16564359502092
212.13638132866544
80.2556002654868
336.91082850071604
154.73108687154067
73.69902953173624
329.19849759096155
354.2446897668885
57.49082591850688
253.03194296047124
184.4776708981823
166.31749011621713
140.55896278742813
80.5586638467927
211.04274849702628
109.50260747043045
147.62697288986388
105.67209311207647
284.5816178443049
5.006703029614689
120.45519368609969
115.34870845951289
325.2037399228066
22.990946228762592
279.29678029948917
200.65229258913
319.4385277759243
184.75627160127098
300.7950631872994
309.5007794934649
199.64962013671436
6.386882335061206
18.49817186675223
58.69606781439099
59.15796672531409
256.9777109952242
19.476279503486435
113.50189474314294
66.55376317353392
125.37832774993173
68.83846228141424
116.53098992463245
241.55037941864893
333.01431350469574
302.9659816898257
245.5438337825031
8.54504350066778
225.6952171807314
104.66322466668196
23.46695135340618
194.13470574073668
162.94820440666285
192.1465315908909
190.7213108113586
101.5696696484504
312.77318631424765
180.9991408480143
343.4305771682823
289.521517987529
244.76501025075743
225.0863892359185
328.01678705395005
100.43758951444617
67.22318486845782
44.8388737632691
240.277670301738
312.05868284015304
309.8932031948329
264.0951072248914
242.31214300790123
268.3254361375651
92.47940263358575
137.14819425936227
72.08312133338484
299.6392202677107
250.56154137733978
91.71054705375698
16.70338510735052
9.444796691862589
113.0705735183389
14.769546574095278
321.4676500720296
290.07953912898637
120.12442774018706
219.94280523777473
17.255861580309205
271.082658782019
134.71031865298949
198.51039579218167
341.47367551220293
46.83336032814581
201.54042921641718
115.60288987409079
317.640270588758
109.3836400181316
190.13208935642376
66.41867549104367
112.22223343484981
159.85781378742095
249.1780512890574
67.68383032260202
82.16761584047084
89.61828063640687
210.70573935987034
100.51629253261956
172.89319386285837
103.38454188947341
156.9409113381285
242.42667142864218
308.7834837249161
307.9392987823025
95.16605214707573
206.87093491442388
71.31105791032242
189.59409455768326
149.08800329416974
28.427302958193224
271.36731183435836
303.1048473498814
321.63222248258825
220.39237904175044
356.00268335157216
229.53088283638
304.66485313261535
240.9401419282817
78.76927740544356
317.90536108430996
102.35624060841451
209.0814655314137
319.37216941110864
115.4695139067673
96.3302457794738
332.46903595804446
279.88760046399665
152.35301529083225
9.797772437339033
145.1177590219717
15.529712478039237
347.14869851863017
97.73181427273491
277.86146822251635
107.78770505743474
136.97150504676432
203.2913318601104
282.3045227550548
214.80186663613858
290.23497069048676
235.09560677811945
324.3502113138886
305.449287031059
63.146999267331374
209.2545886754306
134.3877170435093
20.911174758217225
81.60028846174708
95.88408727809839
223.69466846417708
329.2080593087762
308.85234833990785
239.42081830625787
203.70820167794335
142.42765096116364
97.61215807380587
272.20545941776294
14.675588233352276
121.95848207510035
254.9612747871669
208.8605979773395
301.4125082975663
145.3881465108753
195.26932398512304
258.61947604518645
8.491440552203649
120.09973256393397
53.16990857508332
31.44776876001015
225.90865969367977
246.8511285896831
65.3427806838062
324.7450766482999
133.52043638739303
1.9404747424180697
84.09232777851578
134.9062798361681
292.4097471606973
257.2109454111569
112.82608116293744
193.9911277077518
321.3563520829357
189.10073665618103
312.5879806573624
56.33961183453475
161.6499920152918
141.43976846764497
274.26356807209953
61.58093185314385
70.94570426094897
319.679434890566
67.0935693368971
302.2586251963393
323.2652742989625
278.7623561102509
346.1467834407939
210.14896813397382
60.57724230705553
213.41246498034172
275.76970057710037
247.59254561761037
228.65015302774523
287.09416373659496
103.40816039345337
234.61758604661998
44.13061975855952
132.10825002923403
234.13023499234208
307.293494828261
307.60227956728284
49.47382063743812
69.85890916777431
88.62296814834065
212.48466943265748
130.8682967383431
228.07211160860294
340.70732723285334
19.692602336792568
226.056679756891
217.7900350577384
321.3826539613249
227.79670553229568
19.656010270427416
5.597385704076242
32.789820553995106
137.35636869813544
147.15673005706373
296.61731993973325
37.027373858978
233.41040911401296
351.9335837294199
31.53251151187755
105.17374551272907
184.337808199747
118.82135029309511
28.578069168937017
91.45054803418576
128.85397725136863
195.93214356678095
45.43404627132629
308.83159469607244
179.23962379021222
196.3797839417185
339.64662610700185
242.80796096624493
312.79303247064274
48.44149927263729
238.6560656906595
254.4940592764359
312.0604863971381
250.59071520056102
122.37500582492851
322.13180688454196
247.36139133739948
231.661689910748
235.38039849131397
185.55012280382095
71.86655036628713
25.03028403490266
334.84250276066285
202.4335375548712
127.63852609013679
83.79135655630155
106.4498030769675
338.65941916292195
269.6823230019788
118.2452087865555
165.94122816270632
114.0113329547211
69.87009162876302
43.34752037604229
179.50744588323167
86.84003442575651
17.998724983413616
138.6403756938417
162.67186936374435
135.53091838476348
329.17310232428065
325.2263571838345
42.439990996173414
180.75489257240793
324.16050943387995
139.47525811075656
293.05444913217354
292.40080198370157
11.65912422633453
13.31958999247194
236.05033461854424
121.97264030075891
312.4084244841264
324.75552908899294
34.38174094816515
2.6032348906594307
243.13180021767016
35.32862858418041
226.27540891263013
262.87234636356044
39.282581647214066
295.6771494490904
166.74887406803623
218.58949987099132
204.35742824527742
43.80890083031493
294.85505412743834
283.7532405582622
353.32208194017016
177.98843970789935
116.54194521872213
33.45197453616457
84.07615016271194
183.164064868962
38.49296345166824
254.91861351696303
330.47846094722365
124.66720607536942
298.0992666463792
141.12635651462716
194.31426674525466
283.5421061650918
106.41400592980254
279.0767209905033
17.059197767135025
276.8572256663398
103.58852456584043
344.15577682617413
41.557307220674154
22.739835329482283
259.7546795266335
232.6834426277156
235.6197774626741
164.67187833335632
95.87644458771484
170.45338025948422
132.70207272610537
258.56800231997204
112.26971366560957
238.6243415445766
275.41362217401996
310.31683754046793
222.07777057742476
229.05933387575934
339.97892807378145
23.648121217188137
70.62046936131613
148.51703461657917
354.31676348049496
258.8238040672612
94.74511984955264
21.870096058919597
67.08059039119328
328.83690261170244
296.8757915713036
296.9934469691725
187.68842099625314
235.58097298680468
168.63663262529977
296.32224484859245
285.25978518637584
358.35836929307396
233.17390717206843
26.03912953099934
116.32987194877563
80.14600792731557
326.4685534600214
232.431816176745
355.43957461247794
243.81070836823983
225.4347524510047
146.91583630950552
84.53940712407322
25.945086075254096
63.76593861632035
209.67347096430646
12.063427592390278
66.4286283275024
207.7220495264656
86.104390292076
310.75812352781503
51.42803611167975
327.46682055715024
96.88687010871251
75.0090778818279
142.50292136389106
249.03984207676731
328.69974758396665
235.08207250737848
97.42742347201181
69.1353678921424
70.6785322461935
142.35675996104104
121.35660949955562
57.124215504960546
49.60252233246485
346.6173261296248
109.24987228895095
47.2473816401212
22.668642881503253
110.95144070291673
0.22846630224316417
242.34513601015726
31.113453674290685
93.92366274894354
156.32548621432073
28.70001621081682
300.51505562530457
293.6673703931757
211.82915315580644
201.4368167700684
215.9360137387125
195.98370448764697
75.85278688332957
21.460522467782436
301.88898238410394
345.68336434624337
62.3970873103391
206.41722410387885
138.1062712826031
27.356197942551027
288.7026682443233
79.04547732619285
185.7774436460318
161.90502037287288
241.52368577471583
21.76439891895528
321.15466919600925
47.874561389753396
311.7033310398352
71.33396687655728
23.29925468221754
158.23508269088953
253.3340216672926
111.09599544079974
244.83018039418084
149.9749195113502
239.25476480641998
120.94746106467242
11.65544262381984
5.606502503131389
96.23554107016324
138.5394824512585
318.2046553443033
9.002378976340738
310.1766155894823
249.02039057592717
134.67648285838024
181.20103172404401
230.30984111154945
106.1577333700404
114.67739007613508
29.28776238907625
134.2863474390525
264.05120360987445
44.592012661746004
15.758011710521496
282.62397936695027
2.8428322594959363
279.8064073406829
47.35192154751204
146.24907037418234
192.0466011894157
278.1718368956446
64.12453219655286
212.94646536409678
100.1534341001243
115.88343161532912
132.88413797694605
108.96999774973004
121.91464281553435
102.63697089561815
14.329201758734369
76.28711565669019
200.83568072331352
29.13382105639346
170.81585513767166
137.6662791079901
158.4128418359169
222.15513964998428
75.10885756087507
186.2466730886992
246.61854898955156
80.55284779739273
18.781164733709545
338.3990396173377
332.41207705049897
274.70513161933906
237.97749141199475
285.4340139920113
38.84637765240435
178.88021762011056
259.8896665980643
76.42324003906505
2.6803208556422615
91.50926921944061
320.0803907225293
180.99547340389304
246.97420380974583
102.68807784975915
134.703014177755
229.72459310480437
139.50208386285863
160.3889008337761
305.31638924276155
325.97485556051225
141.7649464345694
51.655553765042114
170.62503120674205
16.1487400861409
40.89614986819973
206.46303416894312
221.30564273917764
176.65730360192688
176.46021673575828
267.8428075423839
16.332655909677722
231.89303654067535
169.4913584610048
170.70501825425868
285.90297540365185
163.60355979364502
304.10605636818315
129.08146046831627
73.80189906556942
212.0178170880814
107.9258723450102
125.64737911149142
135.5414055843703
219.92970307778182
246.51703828838222
160.14991454966258
190.28571633273867
251.92276503113916
354.06001812836115
133.46524711613299
130.59046500458336
249.53024444221722
235.37665139883154
284.18976799750425
296.57603515482566
152.54346998730185
292.6858439418773
82.63022281126781
358.9529938443032
145.62072972577482
73.65154405239232
174.35710158553997
318.73622551772496
160.5377305769979
272.6764846317397
142.8886255581037
263.74597287998756
256.63447626633956
186.84987118066098
173.56836725371804
280.37470247630074
70.55853406532869
224.71694103384763
356.42129828450635
275.36197433327084
312.0601472439007
343.9492360093218
159.3552115460593
196.47872941450052
50.428033491618855
287.45809473100076
309.3245887415674
106.08154294934607
327.93141556223003
119.36988339631314
323.13829924658074
33.35839386782064
29.277046396501447
320.1374987568553
26.11685858444921
16.877699801315064
130.71149687815367
140.71150467152708
248.89491784385046
138.35620256665882
68.0078787515212
142.69440299973843
16.91794619418519
190.550786467214
269.38687284535587
229.00589884235686
335.95066458852716
359.94740575620534
208.45571585343896
275.1104536129901
305.4503682968544
108.94324770626415
190.89232568977877
267.84799969089033
202.71010699988864
18.70017326252268
288.9702803186181
249.60514773006847
28.06134379785803
122.8821835230832
321.2523525162625
261.8627389897179
60.327128337982394
313.63819226089106
244.8633655449051
66.41230446412362
222.36882656891135
281.3971057188701
65.58977257008463
37.50366109232309
213.7997766211248
5.466402719507889
205.18144230505288
147.4675481305755
27.165286999895
239.19813609166235
107.27914374263769
290.24737761463604
214.9906135446681
24.648609325048042
221.2166017720236
8.396986483735578
358.2303972548433
344.13707397963736
294.2211707921704
137.36057816710257
90.30203718229926
0.1832352394712742
23.633065481249986
358.24562425712617
80.870928200866
35.05967438777028
234.94868713291382
39.920308094717605
188.5256371961734
10.197497677968112
274.1139582847321
112.17558014846294
203.27803166457846
25.478027741184775
36.57729559622409
137.85708895903386
280.66271870475936
202.78019125606633
0.8790859543228282
57.48720768685105
99.34871609717308
249.58587451163038
231.6373018052828
195.58334782015947
298.784516732838
281.84987017357
78.49058587628251
323.91461275101557
270.8676062580499
73.98363318486726
115.93799167568828
0.015323924313274976
344.84700031172105
251.78259393859355
202.70622589113754
343.5026664271624
71.74603142717734
52.86899857780522
353.25675681374264
306.18847897711186
151.6089042846583
124.42431621865728
138.86215571898674
218.8460116867989
288.5602562617382
229.6102575699057
112.25176374043002
132.01758155540247
223.9064568347612
223.9217432301543
55.448286230671854
121.76013327926842
62.16159852623305
192.12058848090527
87.07210161571903
88.99612768370612
118.87373259040382
297.47139593234687
214.66321187839816
109.81414309372921
137.37900599571933
196.38171703665756
172.75456330909785
269.1515811764818
277.68921526068766
57.35425323101886
239.66725910432328
179.37814093992458
224.0110268395722
139.9596311267626
318.565440172995
81.64122893528469
264.4671620844082
116.34043499186461
227.99421411367896
322.3541736674816
42.9069477638514
299.0161779251655
159.55028025922596
181.09831080528642
303.48981683493463
242.25940213184518
276.1157017024662
238.89351409100738
189.77045426023005
72.4533060095389
81.84025065100344
216.80214329800157
223.35777862154316
327.10750110211814
129.8719006237313
8.7419958437827
205.02913910236177
259.9055251961834
304.29548229009976
48.13140138035556
87.28626243262748
75.7041894206607
105.48411583289104
206.62402021482566
170.17845082872034
348.7839919315944
266.12857604966194
119.53661498810852
74.86066738377838
114.28100285902875
70.69106331360688
220.80579118007861
279.99431114411976
149.6355296479929
170.3647078012296
69.60784357644852
49.82994131496202
94.58446332942158
320.6809197800249
136.06319639092553
353.5000654859579
266.1260961950638
317.812333139972
217.42829622638826
114.43488816649683
311.38437122437
62.321313609062315
335.7462899849912
269.0065784086993
225.18040952412431
285.16991125173195
10.328738202327983
231.81463976232132
114.08606013819798
141.6461974098424
218.75054233466724
285.19421097016607
288.7487416594904
306.75963373639905
249.27449706483856
32.276006441206945
32.84829278561403
28.166856521120025
358.62155129236726
327.66770929544765
320.32100335961564
59.13192672860583
234.31488428664483
126.81710701973289
253.08327592289479
307.6698889426011
212.23440110982713
109.77183422982387
165.48402585437782
29.763402200325935
309.0013290933963
191.51514100596592
71.89555759037563
27.479850322057075
232.55466381298942
9.839238191694257
248.8542655446614
178.06768916888726
18.86445146400108
164.27215911184797
176.13141536070108
147.80452684314295
241.58138806802725
3.989457301977962
94.6367628066793
146.58070343267684
106.6000622566456
303.8075428398613
193.1629405919615
99.73037804246057
262.8757826755011
300.6715375224495
282.58123615049357
114.08908352600801
326.8661802446753
29.723352903419755
69.46384174892212
162.16719350144956
359.41646373857685
208.76934336952067
89.23408890895043
131.1280974820302
143.76197841838965
4.444756355613295
6.0395514196232485
256.6868826299404
314.9606027458304
28.20422095651083
46.54665111463207
85.95686275938185
353.9551668556279
46.904663974623894
126.57578971782648
118.60033637050063
351.0655013341843
50.24346323256047
209.13670515495946
264.6637460147947
211.25747453281187
114.54594744354716
243.9475187491449
271.95131333772184
251.90959379510502
344.37061542471105
173.7374346042859
271.7834765126763
234.1268867004545
107.25384526122467
136.84115466064785
110.8171687310881
91.70916702025671
327.00170238819874
315.53320662006485
55.99096068307395
36.40494422933437
175.45310956178201
198.23286118919185
38.521848914056015
191.28930848616406
29.44128959459113
124.1505876041483
155.8731708818803
98.71843011257607
83.54452522018599
243.23227317319592
156.18054442476077
213.0253422815684
146.2314377564731
175.76579046153685
68.74953331229705
238.85900676925337
152.32791169624815
37.49405392353048
228.85133077971312
18.129163058491176
345.03221766300175
108.15783514492097
64.39301323146753
199.94828583690293
302.45172323758476
240.41088551589093
39.380209095464664
17.473612984588538
307.70612521881014
123.01391289726223
322.4311699387292
72.67716805919795
98.74463364836073
108.80023417734218
29.75444360198551
58.86460597694472
15.965905839290478
95.70229543126973
317.19401575064995
183.3323125149217
295.57639804809116
44.64828338420611
125.09852404483993
38.08881562365393
263.8787137958661
68.94242409349573
268.4211548796097
156.13805269599368
328.49568789177613
22.874506616956158
201.03037546195944
246.0213515173066
79.4629806286485
143.01675350084318
231.26645803529885
320.17518824300237
164.6158323955373
266.5884112186407
270.71893610734475
14.093250571081262
322.3097471186489
344.0402466306955
201.39428821416928
240.73183947617719
17.016949051174244
144.71666533506365
175.6923185415816
344.2238749556921
256.63990536044923
242.66307867784803
150.9409974563538
333.87503869233035
320.76730891462586
33.809096098064245
341.45676666332
140.07904660159343
287.45118727381436
91.91806907560749
283.35176894819494
20.68586730287633
179.55220286372784
156.32311903866764
234.28530856478557
190.0446599682222
126.07133978304614
322.95491601170374
253.80813512380047
310.25115304795963
113.25735350822671
305.87855659319575
184.31212483222154
306.0128439051342
169.81906625097244
225.23360832306963
222.8273264524393
112.69178661820666
129.52653932013433
211.78342913125852
159.37846067294984
116.17056263566843
308.8530673046136
290.9490280074169
350.692906798474
112.61946003652236
77.39509348852143
118.16237944162316
167.02782965596288
21.548467230193562
269.09428729227625
213.3911652297664
287.88096423017555
95.8897303407898
57.537176576384894
85.72759459820927
167.28477214077236
200.3942421688885
289.3203017616719
111.53318596354019
244.65411546422112
351.32964199671767
344.9858328125889
124.46972254897607
130.01889054108617
38.16023554174223
141.7228799721046
284.29634357626657
269.42551944042077
218.1133510775986
126.58979680057492
119.1303453530257
325.01371605547894
287.3409545517133
284.4901520381339
268.49552287054206
185.51807860101383
77.60182912327325
213.2089695341843
226.960147449838
96.30219780125361
17.1551427596506
34.51450107751388
246.49810957801353
41.66907708018771
166.5742356004373
289.62206248947376
191.9428156150113
302.5578196226078
122.42440144131018
14.190062039939715
263.19490400051836
40.127904767949325
28.47459008985728
183.57488147717314
140.556626165057
116.45091066720238
70.62741009887498
277.07311260235286
242.54516356157424
224.97322094481132
143.2720017083623
101.5509337184388
231.1980600139142
313.2872657598636
53.662716715655016
332.44443638953953
204.79804135414778
169.05776218134534
28.387367468503314
349.2646752076316
328.5003735678345
316.01809086823454
355.5125448079191
113.40669924770914
240.09614404747273
232.15461690621933
352.07126450153095
328.84373634423815
107.1035802338343
2.310702113040363
256.06073676209166
244.67239501203068
226.7427929870422
210.07114203447202
56.489600281310864
287.62613316784734
225.60795622171858
328.348627953433
183.06272810548225
147.49477461807112
223.4870069131226
348.52379108547615
358.52329644778587
217.95201875245775
111.87174505491846
268.8514928215027
75.93553125761376
148.47091927008694
72.54754205698335
104.48913660499419
253.5190706512377
221.2962791248824
205.34218351561302
238.63459634253655
83.96963012454844
160.8954779113732
224.02421201458333
177.11013703165972
155.8525713640482
299.5262672852996
137.74685305758288
253.58860247601103
168.29178162473252
308.76185967141237
215.81000166847542
53.79846971800667
112.69738499223686
28.697142003175692
329.7662557949943
202.25841608172468
25.193539173252653
163.24584260720607
59.70598919311533
131.58350696187205
156.94617153044
190.78765974452622
17.639577582713954
277.41958464577965
270.1495336334321
93.28860629486161
260.9066515798062
134.04099244913587
167.16366397378738
78.22665423650994
319.008098506021
157.7247113952481
159.82911723085962
200.41123624318763
14.411264947546528
198.61499255351623
314.24305159136776
304.3606046848374
340.5069908919261
259.8102951002896
160.5182162760372
70.80150804923139
166.98776272835107
248.1172195450416
68.92388565360345
148.37619173400148
169.92514034870624
223.72379463013596
51.18549867046431
4.711382159983633
251.46270380213144
281.97939296581796
18.746948828409447
341.05157708545823
174.49856896476166
250.2090351259917
216.63164585217027
11.08596624966321
102.86254407463372
316.43176076145164
285.6630083798582
304.6985896784673
186.41741900815808
126.65379417157953
110.40602858566133
89.71435374307899
291.0688829291305
13.581139890454892
48.16627273562839
166.33811229163936
54.847036320514746
303.16360424005524
223.46767003960804
34.223152294296234
168.33037833679558
135.04950598215035
166.41325000197847
69.82981600138416
188.32122104558744
279.56479812576623
10.121038073973404
226.06811440632333
260.4443817259099
119.96177830303958
303.32228207602
329.82743358004996
46.89789911931298
160.1286674036183
88.94651628034465
124.88221830158157
275.00334279522895
59.55401452241254
348.19333430238
174.1228533253918
54.67524350413646
84.79720169607019
61.80880478073783
9.890425410507488
278.51452278461693
86.32274701143656
204.1229284137229
111.41219589813286
304.82811546515484
35.05416799321791
45.91437199963181
136.05457613330643
81.03293029150545
155.32309309188955
26.68149489423192
244.45857360916983
130.21126534440555
83.96469062932589
14.10499946275497
254.33029131366422
306.797096828627
51.816323524359035
272.52008158259406
128.79212502902584
89.99145949412191
66.69339474692892
227.86449417178167
192.4012500111885
175.87773345186264
184.17463289943535
335.55984587503946
70.96464624391868
153.06481658152708
43.32883227043121
255.34263814110417
50.26315747995449
310.6754608576979
254.23256820853595
69.10019240633376
4.5178714640639805
259.5089665830897
298.95852041515303
139.87596991377688
270.86607643996274
352.3562380337243
126.87849317305518
250.0490521571946
87.254124285797
96.59737569180828
139.4905284481592
144.75489013055014
218.12840736621922
321.9976533002166
13.008621611672291
92.48439091431528
341.9469735134092
59.96223935761097
143.87904455826202
138.573731871344
340.19258815474745
64.09479776417899
0.8584755647654841
42.4820391431626
80.80489360893317
8.444511978770617
36.62216115910125
206.7253483905778
118.10679758391124
291.1651153424624
344.01577844024894
275.3311143381686
296.04117826925005
212.04708430695806
328.26671300833647
251.92508661440797
45.49964065057592
11.17029600780516
145.17183480506503
267.3373725189189
296.46200657520154
16.77663988947796
277.18870367805226
355.98613378003785
183.05571711820562
6.997744303447164
196.1980814297952
199.92663196475138
316.5948095656106
217.30987612251982
328.12531283766174
250.8549270232864
68.89893924507489
220.9177610585891
105.62717720086705
79.84837168333873
189.85256231098765
277.1999129027774
298.9000962914731
133.85761614494095
286.8239033038994
350.01819163084224
335.61359674232835
95.88963565724018
165.94660970456636
298.13196865348846
20.813335622068667
55.006922832944674
218.0912445641049
190.51779573039417
126.21938133843786
85.54378996713551
317.3924280366469
213.30670221451766
25.212092882857412
217.0805008184891
105.49651656456776
222.7643135558963
229.76144473457614
220.74216120537662
333.41110561256306
113.52747310490797
220.15893967642666
166.64525194422575
317.1751295820132
119.33885795464134
67.87481112360106
112.79615243503825
210.9330787437911
165.1419551734189
274.2065715655561
205.00898207948038
170.42725466709527
314.1980196687654
278.5062624366322
229.7003097320565
3.87327582807089
38.531536185199634
355.6509090435537
349.75578358113216
96.26790118804648
255.01314487119498
146.3988290960515
331.61118250303906
280.6553715147815
310.6920104867374
160.52205479245538
20.41283281225106
26.50882303954397
272.6045705082699
290.96267225275176
304.69619299361744
216.32130807371666
330.9310820025287
65.15661195648798
203.6040057046642
245.042969732577
233.57692532305973
21.231541758805776
238.12478369268592
335.4910127365875
214.78011634807638
293.7271976924214
54.08095915636989
8.654178655371632
324.1307850847573
135.32145131880839
0.3380275544756055
53.88590739510103
350.60394442587074
345.6224870042966
150.18024457285165
248.75851376977118
54.28155691001762
10.91200432341017
145.6260060294297
304.9391558037288
165.4971086900223
319.69765513253816
343.5287801969605
59.37052147264591
196.0957420341153
45.6879366847347
34.60640029650503
187.49803841621713
309.58608772116725
265.3030796854111
120.19629365250773
45.22332031283599
307.6917640870688
73.07804355659628
14.23769933961973
156.61823560660977
140.12394757298242
283.76527377475287
112.83006584310888
316.0111237539563
243.72745319311767
204.05000618581946
58.904414108695015
310.53499741791495
55.261907483211715
329.5995926391339
173.9814357406674
136.2838002985205
119.66453653272008
295.7065241657151
43.03757021037276
103.33426512287366
58.86838899997376
69.6646194367063
157.55910968354632
310.18053430827223
56.68165431887563
181.9625106521624
300.639040666461
181.93197930465718
255.39059344849048
127.16682034147003
111.16844391471433
291.1521667250376
324.5379053415054
40.46235756295896
271.00968187868955
171.49348871870075
127.40168402336246
267.4122467645525
194.47784484157216
130.13246867915143
72.56210981938341
261.60246376668215
152.49667081614442
209.68277988560283
310.82360899540987
343.2842792924157
353.956596657315
128.08367341771395
270.8995604300613
162.48695206880888
309.32203804796956
291.4080138896181
225.21867462638642
218.59003221677258
101.97725497874289
130.37661222844417
314.0122348802426
154.2652550746825
50.472014615080155
91.94657888261612
227.66748523765148
205.78956839794836
244.61577987439466
18.60098751891101
180.2295315980795
249.08365023133604
246.38727506853965
281.1138114653672
157.69773113260604
150.24858577476851
29.99602108164191
77.37749699102413
270.7183755803483
151.3332111715488
190.3999243689171
169.52585947411117
20.141947794784674
314.4106648150439
299.4776392964252
79.80648696737215
319.3106027427901
245.26859678598476
164.7904971879792
13.941792482029856
113.64554955506576
318.18553130126105
278.6420678968563
115.21701885656285
192.90862353275034
146.8194754513826
63.27030031985894
294.15609936575225
331.6390901804753
190.9477894322402
195.6304102331912
358.4060940965445
231.69690998393375
60.44320312743663
271.43109196539183
107.33034036816498
49.019292464761826
267.6746131280902
17.774985477766172
136.12235177124793
296.1016606646695
239.5879543538871
18.489606713935718
283.3098486176543
10.47675723532438
341.1342039785678
265.4420101800609
155.35234250560856
126.73818908503506
149.63541538299748
267.2505034918041
287.54266067337744
4.180974923017818
103.5687017253728
223.51982490202948
99.70639632562377
229.29496032948
298.66025978793704
198.42979646439323
230.09449901257915
158.10726749007398
295.45725021336455
29.69535205416463
96.50066699418385
53.29952244333838
261.91658166807076
318.63538305168595
253.94204706233833
155.62810450484216
34.834682410705874
264.41631253922276
156.44074925787183
80.6202020190648
205.37099495691044
100.26359154862487
44.28527847730179
30.499911742369992
283.6597087996785
251.08883751609625
179.03691098224192
34.25400371500593
113.9197325791808
111.44650113973852
27.041347865882493
209.09004683100895
92.1246688786747
324.717471843809
58.931775150571646
79.95572047908796
179.63377992223732
337.83992188521904
316.2826989096034
252.64352825012452
75.3954076586756
273.62711138184005
86.41484151026968
37.78906575687495
338.6306869734011
1.78258054020194
174.37956993186407
303.9359248768357
131.86754686067425
295.53882586656823
141.0076408441971
185.184800382706
120.25837350122929
173.04063665074278
186.83836696152122
157.33067579681415
230.55297828473567
319.08353037262464
177.39162629264237
308.0677281130738
140.11758732716578
1.8541924488920571
228.99109026693762
105.3698664374385
167.45587216804216
134.9384618579681
54.12523943058131
108.1998870354556
100.13524031079298
131.06787671472856
173.84922470986706
350.0473894328379
134.03448192575422
291.00839075757085
148.06375771078586
42.706541020559776
160.68925522130345
100.31013084249854
53.06693221557258
48.284154332959496
280.7894678053596
21.961693364398823
161.3712324672582
316.1191478811634
223.36759096883915
271.61122956298976
167.80618419812305
75.77050646244194
122.29421256826993
113.17622518122188
127.9514133306133
184.58543976914999
4.325405462330383
94.7624375113904
57.80585395472264
311.33762918980557
269.440434915123
37.61836794248154
190.41319193280032
142.42860677031248
168.44230607565618
274.6490037926822
52.32398526444892
204.46473548710182
271.6233140743271
246.42199143273803
38.42418649794219
263.6321211459172
216.30564537622965
121.73322058561607
165.6440677973454
137.37233339232702
337.26009771526765
26.308906070969606
237.75682147147864
238.02654950751736
34.616415767030084
99.32549165882163
237.51184276988502
238.72927350183173
257.6456153496485
216.90195812401845
113.68689637004263
178.20588891948373
153.2558959541338
79.87003403186894
229.2587012711615
218.01809227356983
321.9070336909455
71.00623049735496
48.194788237186465
132.20542655752524
201.332456124046
117.57868288952857
90.27055046945837
355.92025038306485
158.70071287653198
318.73820841787546
218.1477837178582
32.403804058468765
93.75420757095276
100.28257811894748
130.53329298872993
105.69966609950802
104.13864449114743
167.14141426782493
65.57919235858468
18.90724401246502
278.0607255361911
264.74005561384627
27.95020486723025
268.6480702028147
187.09088902412253
150.23275872268883
39.868526017536354
172.64105487437723
193.11559642966606
5.746031132238809
167.0586974992137
110.1268565598644
154.4363887892386
109.36446204115923
249.85785957171083
108.7605855840735
225.70120044040905
322.17349266555703
49.55501777638495
39.952242355899656
255.74763470416434
60.813874929666504
222.97750451453192
83.90035262056092
149.69418228712294
259.6933353013474
340.65016917552936
189.7396128747505
238.6538285267225
353.1112149916163
261.40940164396477
146.6018809651983
222.63251785148134
76.61343164795835
99.44944637898446
201.29465384248394
32.631976550412986
293.26587642367787
44.416838590275475
175.10248276668798
289.82607783017164
225.26738617047982
268.683431836277
334.2766187424666
56.19933422849178
29.389517427699783
19.978593065537353
281.6795107191241
114.90866267842298
300.8672683659158
281.71908829130444
7.081953411282672
13.37780237798091
314.31553720723565
251.8518528091676
109.64411153112093
315.70926148058476
213.11882159302755
352.6945358574385
124.3688719443174
112.54942665836556
282.1274115894513
227.91953901156927
311.7451131875384
61.120331403206286
207.31482272850437
247.53174729340327
240.16538089244347
143.59532392077264
252.63548222693365
39.52763826513296
168.31220648822986
192.8187970454319
213.07586507414237
163.0343910386554
211.6227890233919
214.05757686816597
352.5617021888133
36.9795465215088
238.0856352005015
254.99316324120127
74.51406344764914
151.20118797241287
252.4168373665065
252.31529744569977
316.25993737645416
16.587357392238737
237.00662493822045
224.39134095881647
8.05816364986793
339.284547925795
108.104392896688
333.60384241134983
287.9638923886858
4.416525170304521
271.0482255572308
313.4436517846288
129.1032067910663
227.8177219404919
353.9721747217748
188.43148570102008
41.943422210394786
254.35485474188798
21.595940649461483
277.46936860317976
157.9166585105756
242.746191924155
170.91761641293607
121.09994148487915
264.2789175650714
260.59324655415156
133.26812289109688
26.218420034663573
283.57933629486024
351.24161127882223
81.2503552237965
46.5459576886342
109.14563388862119
89.0923114837711
53.26000114078607
112.12533257508575
143.4795857069367
207.06118479657394
228.52737884331776
242.41974617696334
206.36170629336016
94.40558595402513
265.68913862826935
96.54545432860115
69.37961338983658
186.19570190393245
167.28314460276536
87.83790477351452
341.4340415248085
199.89555383605367
250.9678698006001
174.5313388483584
121.75876016343057
39.4571627853745
167.2094595083087
336.50192244204527
214.6266470377128
270.8796548494307
199.89899877735783
44.84458395678201
267.8101728024847
357.1954505063655
176.89227549769706
46.62032967318949
257.1355916292905
187.5711055041812
299.5165867422169
269.0623160939616
189.6914598282592
28.847964867383602
332.4047840650698
264.99322418105453
69.3623199154893
108.18509281054006
111.70314800357367
211.8945015200013
46.35206120708864
282.0963823840645
151.57712578627792
126.82304408202344
285.7211747640984
247.02472343112228
309.1207846147924
288.41676991400817
277.524090031069
65.06210763493658
110.39801890749287
24.979077063774135
342.6421515633917
331.79294022355805
104.83935688135136
338.60838256520816
329.8787460270715
98.11597539729615
227.68260755316206
131.34781034475762
280.7743500493087
317.99867154125536
182.7438841398606
147.77655198788122
221.79754616602338
212.99645443092913
42.1892853114995
336.8571478402648
113.88324244685069
170.15184931432285
104.10528267120834
223.43841970536513
243.43695396008104
105.77638022536705
258.99991576807275
28.97396768207255
195.1637661810017
17.922698359067773
125.25640960685465
131.52610581026627
275.77059839583626
107.31117520649359
15.78263639640792
140.72434683641526
37.067070015800184
287.296346973181
27.62488874181579
282.51951596734256
308.25461956832316
132.10583974051536
49.00827822404326
34.704934965640895
210.99971741464478
201.0797453021638
255.81928031628593
0.5802025694913886
18.98430726340517
6.60251272326644
245.420770277369
322.93075676897786
124.04605280681376
83.4195973776019
122.57501063496868
273.66053035215197
189.4774644087629
105.36862021413269
194.22376566409798
302.65952254729643
81.84695033064611
4.991960924955129
117.09444511916942
143.8904740302985
320.1213452577646
256.33277661946556
170.54661314453602
200.44769015358895
95.63604582795907
109.73129087108472
335.6779062487563
32.34128924808016
328.89836471328084
259.2884166157622
340.37590794235024
351.41708038844394
254.43165526810222
179.38766952928674
241.5634377391681
70.38283742590299
275.8230446878006
81.8141188342773
296.24809831223956
333.2228991619734
335.6053642045977
323.72265404849054
285.5078851712155
165.64598350744524
237.81020907689566
25.29041845746365
70.73405227937083
243.6635575116715
338.1404735461736
127.9822472053175
348.5484500806066
7.5241767818398735
111.71361744848664
299.8835798848704
315.9361866943674
16.735281770425974
70.69474460383633
151.31350070731048
121.57334910362326
97.5357643704416
178.10000031251363
218.0258431212762
10.833645970956189
86.21642357991682
221.11280045795363
45.75746128533506
305.3914454935231
339.11270344034733
132.59962853325464
202.0339626210937
124.80513816511791
52.57634227300466
327.76477905079446
48.85894315618092
229.12363844608706
356.7541855990701
282.81549538808383
207.0976645796951
222.80657636924275
276.7452279829848
336.84582864510935
133.14668021489496
48.25928627940821
28.470562863536937
2.519670034706574
176.69743736776093
263.6546598801096
143.26508097618904
355.73772893280255
140.6459521492138
51.02211871182692
136.8826999657771
59.136197172049
115.34429732020973
347.26011397175216
298.80832738337534
228.84825614140357
170.3602897651201
262.40760996791573
2.1452234544949036
202.86593177095503
104.89100306924061
196.42606471832522
0.26348961851258756
265.15980363480736
86.9819723779894
251.44326159852858
347.87579590776573
295.94546256663693
155.5664669783849
70.27317995184535
297.46687396783165
67.52393407389857
33.99885910214737
213.13589260185125
263.6592049509724
332.0161064289466
320.91439707748856
58.034934196444816
203.6002289843173
313.99186323978176
293.1461943443145
341.3364360154569
79.20379324971094
293.99852880234323
307.2410032053067
29.29678006769983
319.70668846856984
183.4930694700341
25.344749092681187
209.63444221828527
72.88263699296466
234.9301843381466
49.43333358151486
96.09694315671345
85.8670881383121
343.07838815846
250.8897959709579
332.3105825539308
275.36682578856596
161.67725471404106
100.74831437406716
157.39507475784444
253.15834831787947
349.87669519197465
201.04634043807607
298.94643055828743
323.23978547926464
315.98956978220264
111.23401303906564
162.96744366827951
259.3241987754267
142.4256780173265
78.95542949960755
20.704305301676165
71.72700734135647
152.4806147681454
171.99446686232696
49.97608925915743
347.2893601464542
66.24966783977156
190.96865711831092
194.8220108982057
239.64938511132
321.598262625095
277.0637415901411
340.501232269486
132.44433758325914
82.10461585580705
181.34876992229763
288.11444967855914
252.3523163194759
290.2102511703744
354.0245434701514
337.23166480981195
203.73315623412086
131.76236008264146
32.39188547212038
67.712186595163
17.072210265392563
192.80935724920664
202.42282690912435
39.04071643624733
325.1093170684272
76.5225852678246
169.09637228899345
19.14161181341342
137.8689061288774
246.107045238561
181.26580134491033
267.32445160930575
213.02894639027434
78.7533131956483
19.244884620832426
327.11505513221465
144.90216032592204
9.898919807728454
200.4569679444423
5.551142414956631
326.58749155095404
305.22710014878777
325.9744300847209
89.10082746882098
195.69430446112082
337.50671322944294
53.11664103762595
325.0427883969382
335.89174216420804
34.46719324281784
101.46290081706543
181.19645734246456
106.4311391324384
69.4236377498283
190.68776785285593
128.36788754697105
242.61779583241716
247.903507810513
242.1697292613674
229.40647476911602
198.0977271970301
195.40521185821166
176.08139508875223
292.8971741898601
99.79499710160398
170.48119286254337
337.94448871397213
91.8092804043234
246.6979028453923
175.9668242747802
309.1079060296434
304.1137100657465
156.22227015280617
263.7884112261595
224.5494463352954
160.5476264294338
41.21148154888138
88.99701157206124
6.067862766816766
221.77029571142253
349.22941251854735
295.91287205041885
357.2581643429885
149.0688410490659
141.59975611237223
298.08766167099066
250.13262981011638
289.7423186243615
83.99779816533828
69.11179608660677
120.9854550306846
75.42902509693478
11.0767909131229
357.117535386951
117.83358655730859
141.05423944942623
112.42422265458086
42.508302256824976
18.94643356404701
35.77908874558075
81.5638682277871
33.19273541981403
210.34466176389049
204.9575008458859
161.54870545664136
65.11580798924186
53.8518025776135
290.49131076781816
128.1977690524484
13.62161285204161
102.20857997406995
196.74048291098975
170.19671766577116
336.48214180182015
166.4450037195169
136.42927783778504
155.0620505552783
176.18181900146155
287.9933999805141
352.41422013385346
57.83696679835475
86.15254041025699
243.415113431426
53.36112743860055
285.25743486836365
270.6065917745335
34.75396252376011
198.7881961454233
351.66066781594526
181.93216789032067
49.71146769734532
346.5663647980107
258.5443584642938
331.6189413442339
135.21276350245498
27.06440002501622
223.00718063794037
219.05778470533383
302.6473359438807
24.077972220379653
224.09390412589588
152.81720491747177
34.999329119380604
93.87358824789649
235.8135340543
321.82349241834356
292.5323846053995
340.19191319035747
15.751670537089998
200.8586900538209
72.54815942531613
81.10147223460403
89.03831645763208
233.4891105554054
174.35192694276176
344.7636769178241
50.02551471184749
333.09372907231665
34.98754027787732
336.5793861773768
152.35444886434112
229.5219504464898
109.86795953614055
160.51805101282372
267.9421237613961
337.30294070191377
180.4578271988644
106.892118957196
282.209869280668
129.0801596795403
153.09264160229364
96.58346705456266
314.3159847323643
267.9595612718992
332.68124641854087
142.68859944351846
75.93764442565596
108.82738546042951
252.87591692307296
156.86672103532996
86.94177290413661
257.3708137744447
313.72660637845763
313.43883718521
0.18338175875929846
43.16233159652569
348.5660597614345
117.8225921916424
130.7222599642858
167.65776596018588
56.22438890134098
274.1881753052448
193.0870589549409
325.9138396245375
275.00974599982044
59.70003259385695
70.04505911421873
195.63821832216988
21.723578895961083
205.60509381455157
15.98779731890438
296.48594389713907
240.07257736775475
116.5198362729467
208.17442015608754
71.37866926905244
212.35258212262983
294.5622020530544
80.94102093855066
43.648005612356144
212.11779635349376
256.556815508894
72.25644196801825
142.09268153884167
91.14625478360229
123.22584367083606
276.3957899188844
108.09421079616354
38.93791608896181
77.44159804399608
321.08789195468404
114.26402895789943
218.6332215828787
337.65134520706
285.73804360382695
202.25445706897582
251.2146955470688
94.39389926820466
74.8997150919349
0.7219817479735539
40.645150241326455
254.62778267101325
63.98111543488805
331.5768845564767
334.970224046658
224.55692038015633
331.23458774410835
137.54582865992248
0.7676016504194653
247.2900275700462
175.6488406462234
106.67543334245546
157.53745315311548
259.74369219907834
59.42499244428729
323.6806958990474
210.56395675112944
160.79826197560848
113.14685602783128
253.7798863430132
4.739639046692232
331.5163799235623
83.4331046720488
9.238684111439847
148.08016384881878
111.40184754615372
280.29901843867697
140.0691818925855
84.03984068461747
107.86898718692304
266.13347697883756
22.385100285763553
54.09163076504744
353.7533487205276
351.9846676848773
180.2773699330118
290.66874746432404
95.22826227309731
40.87597812709579
247.0390258683015
96.9448704971713
245.7504737148446
99.10837397061158
145.57719588239303
200.0046784448658
150.60120400419112
232.7429219664422
172.7042329471211
256.6768328609722
234.29728987581848
151.84111151762548
168.17706814789696
218.35802846323296
120.95737502649085
327.1464957723937
12.714360147936215
34.17503719835517
356.5944850010025
152.22229675430867
7.2953035145138525
234.0434708045297
141.7779370326969
183.22729226875654
335.3519642885528
13.944098296823814
176.35903393084746
160.33477449492497
156.3372716355295
115.48929217687089
183.34665447570129
304.9162116201272
191.86829626901354
137.43843164370787
98.7428790757596
26.78547711368252
37.98651967262602
30.204338092983885
153.70877916637383
225.37748883976136
126.03420024710705
224.03663490567547
258.27342541492897
43.137866127829795
302.65058494232596
228.8812230358343
262.49909695712546
166.70990726859753
234.8243963271038
99.53458298016245
323.4819802858473
315.84586317532745
261.60129329881875
242.63440582100205
173.3776188901512
76.56039351590188
160.26572081914154
75.05838935426506
341.5072096717377
197.9119862882102
347.99156919569316
237.99612493376173
232.67920089309078
273.53860978352026
246.4658090738643
327.73036244699205
21.268363197333095
76.2494188029134
224.65376707443335
76.98289443968474
293.6995716100102
321.2281270932368
302.8445493170926
121.35600729476342
191.28675048262528
151.2821953411953
76.46361869210389
14.409767673608568
141.28403159060423
55.35402020170666
353.7341770907141
263.70852810408223
61.600068740628295
293.05669833062575
318.19111043114737
21.60693409700494
176.0067149270796
36.03613901451163
245.02321797453877
265.3123500738001
28.41796566995441
326.01750867564647
70.10307553341374
19.769403767459863
43.063607825435746
114.21403223362971
212.382058891977
281.55362365185397
40.07817588882344
253.62144970908358
237.47445020514374
211.00535476875257
48.51801890989382
139.39892967827132
49.044373150870435
166.10014823218094
157.9326043289445
0.3977444627992845
4.909739522392966
129.98609800359202
20.381355187697217
24.518952505774287
280.2356314785494
133.02113667199788
0.16656165180529675
331.12425460662286
63.326093552894385
72.19645311020415
176.53766786303544
213.3579583160694
97.17643954077062
85.49426684415614
357.6118772030767
269.9314948341723
187.6554225598073
27.944417110886775
136.9582176478439
352.2051611847554
174.5743951531112
113.37627872237215
276.71280676567466
78.8272140063124
122.44858253029308
245.8659960054886
187.76718324556504
59.51238663489722
84.44118927718837
285.9761029261968
245.13295169787364
349.12405509109084
154.17990366991003
61.998823554238385
299.7573565949108
228.84695640752744
49.843575905805686
22.653623020010585
291.5811315165925
171.671820976739
30.278514096809218
316.2791565476263
311.1576145501579
65.40639969203285
328.652393606659
306.85270364404823
345.43600690627284
214.4688575988573
282.0801045002788
11.521554806836752
1.364596552367389
160.9752527168604
10.8473057666799
274.80651479488256
264.09558681671297
241.55204819659355
93.07158702499252
75.90168582697878
229.1326348429704
205.50084178403222
186.99168244162001
151.95601814858196
4.562954808538446
22.295048540799083
290.1300600144452
184.57622583301816
89.4401899007157
342.4577450105585
247.86876615209346
318.5242489874242
304.01121939553974
343.2873317225008
279.80614477828107
220.6789692475992
170.73583274286094
213.68916707713925
314.6748129433409
2.501225198712159
222.8699655247454
279.6668570363008
22.831900209140155
46.03991812839657
136.0957016376022
298.9211343711114
27.629295441662773
155.69076838715904
168.59162226498628
252.27248410084658
159.76429165056652
179.4798496868219
127.3466787419293
53.72759932660722
73.00010127939758
105.89668298285382
321.8421445364671
301.09393518612137
70.6153540292662
348.516880480968
292.598061032828
187.06727039569782
125.54560737868636
190.4839280852401
145.4187847811386
40.22924863177238
205.44307446047813
186.1344906690735
31.376195224080313
234.01099086140647
270.9812915192817
263.79184311870085
190.70970078925552
227.0293857420399
239.16418332599721
249.90309524158366
292.12359771030344
352.59572686152416
149.86787485903395
198.93007336726885
355.90669971375274
52.31450641373351
274.23355399260964
72.63118492901114
246.63383405689677
102.80040605621912
171.65543037744112
170.8596196665309
242.27165725223313
321.1459870657981
146.88427836058736
260.5858421125435
258.2244932841936
151.12280169767715
80.70390336023142
60.26409722645027
250.98951430383747
239.7115066227358
26.026246850818715
227.6024803490586
228.44985420521618
282.22218311988695
60.39663770462436
258.75114196788604
3.028157686785129
43.01118554541701
97.3333282283932
5.225320774050721
106.34609516510044
39.25652866859212
42.457099943134565
225.02530002505182
37.66643439243166
145.88189427610365
18.875395482648976
46.81466816587351
221.68562155446733
265.3131150180577
228.83497111832048
172.47094253608722
172.68969353893075
90.98063189879319
149.66046326706243
330.7956415113413
117.92738494228863
290.796115762656
46.16039583515157
85.86226718387647
132.00699958920453
237.41572776610738
313.90241320002536
359.0097739220736
267.28869801702484
227.0974539114746
317.24318079788947
255.48427169096894
288.94257622087105
123.91737499887186
110.00879333568517
89.49714350498809
230.75061950481958
110.1662549538604
25.815683870596313
148.71722585835388
165.54649602586446
153.98282515046367
222.59381477845673
187.49232806207388
170.15685725080183
116.40495875184808
204.2699136734455
102.87066451703726
167.29720864157508
242.6910627710932
202.953320772012
47.67242066766908
168.19005388376962
183.1516320824838
258.995218951756
117.61294388844614
295.82428735808503
12.46363289880174
129.97893758457505
22.288524505194754
24.356150716502004
182.1501384672923
37.19996353090848
217.28600718587376
20.85121076983573
108.96519562858646
2.6716071870328677
155.4525450279077
99.00697848034274
324.9346959505371
59.59989531012348
279.01651645932907
109.50333722127462
1.4521444827093575
84.73677957347846
306.1956106425334
26.988970167439206
147.74237300554273
229.51205924232352
120.74024817392406
140.5459047014281
212.66608830438662
160.65464528817765
81.6144906049974
171.1555563925039
107.65665798467275
274.3409846536322
250.8486653752465
109.75256408478054
208.73443184492578
48.59259355684192
140.28212831482458
278.14998867306883
303.5024113921214
11.385804667880523
17.873509885445095
78.29097104746255
147.1626464973515
313.78676890807355
336.34864849654565
121.9440459942852
260.8866974791581
144.0148682792405
185.16054028916415
132.049520734781
152.29346872040082
157.2139872894414
117.34311300464984
34.461488041024474
111.10010975214871
151.86295460134815
18.42697436896348
234.26708503079217
201.043661573107
1.869405452265847
340.6594302819053
136.02726639457103
42.670539310001764
215.99325943486355
98.76215804504741
321.30327052204467
280.33165805922096
288.00587643035317
64.35849072257041
226.3887130667502
245.9021983274241
21.911235271512684
259.60008609565784
298.2086973099761
321.0526069866774
196.6012890239927
148.4785512791174
299.71438377850353
84.21517353457214
276.29324618506286
167.4088638344739
179.63240234293428
90.07910928534233
227.74480973647067
189.7839146532871
354.60675812498965
73.48240341115377
97.04677880066777
252.75836023921948
160.6921579728164
242.03306451793412
83.16917786259495
200.44696397157554
217.52207862411214
259.53846411343716
24.301327527891157
193.34720084152352
291.25459655068727
137.6508797472949
145.1028482039561
357.35290902207447
237.93642798988512
165.02562521579492
48.15195872607742
285.5282120425344
32.930042342844665
319.7831087700622
15.196626572352391
7.41662477129297
103.53606550612926
229.74430320350152
118.22305611938555
156.3573454479882
286.465908691277
121.62123022635006
247.4956778124
288.21693027907327
283.2591117143485
48.849961397161714
39.83954231817082
126.22013931985254
197.9466698541478
293.3284586724904
251.3886307351986
176.4894049271668
199.35903968304837
217.93497440680497
309.07416358878885
31.436945868075412
252.32391010744223
108.61371247162033
312.1338665895882
40.207718865316444
109.81945358831285
201.18138314673396
122.38205377371747
224.07983963982332
283.6820122628955
157.58156951929294
239.1036080978045
77.16374953117602
149.73617591228077
322.1096225535966
348.6970009686436
120.48445769050254
149.20950001745717
231.26584133209806
169.73325774228417
309.96967397258345
226.3852248308405
351.49550427007307
21.012195863114087
117.00941563727798
86.4494749994953
203.8785875996913
166.07998617349924
226.38821114600105
122.75278007091985
24.14022978628233
10.600293305362987
95.5981604015112
191.78764239114764
302.0683213344864
144.58170010513444
108.34764768110108
332.5755152995955
276.8935223239361
24.459179460094482
197.5805653843691
6.475773275003132
127.54064040233118
335.19900146370253
291.3834597496922
322.35638451455344
338.4362617775671
39.681998884440596
54.30124797380416
29.4115719990306
53.01447918655095
76.10792082271958
87.99921475261205
28.148859600109464
105.94802997293158
277.0769378969639
295.19389793078307
86.44146177692495
269.56321547610736
211.12446927317927
294.4607376914971
306.01482104851647
307.74399997689045
138.4972067021196
333.9450112174727
288.2903463950097
109.80877386288276
358.5124262039694
326.9835693729665
79.69307170931846
184.86362659327256
126.5077552440127
333.13062758170724
46.1527247660032
17.028998740997466
254.3340240963175
237.43287722152937
8.57568824628665
335.0080634918794
194.97607924259742
60.697782807218175
46.93035240134237
199.51278627140078
187.95723297841516
283.1746501632195
184.07455869821857
186.84102311219326
61.13367658913039
21.313856482962525
66.8272654971762
288.68923376856594
16.18571932804907
20.934796919520068
30.567273271511127
262.2650439213285
297.3364212562876
214.92999810046726
319.6365039234662
285.99493008701245
332.2951519810479
155.3021864996992
237.28974163851325
318.2151103293595
247.69215573887539
276.4241677211118
192.05585055118775
322.58009421311647
221.16439723368532
173.48917108306574
249.08867762628782
128.45225570003086
97.44615465376333
269.4678847694617
151.3850069982292
236.23133726366154
93.78124149975908
351.86687979374517
84.02426526244294
265.46094797205785
278.53323809209274
286.96238727861453
75.95038681002457
80.7521932363103
226.1298382068737
247.82657725508028
54.9434103049125
293.42258825905554
49.03120637309459
102.92065963176978
57.99627787926376
218.12034608928977
204.38888158490946
220.83382976364746
355.64501605255344
236.55811213742192
293.2221137649525
293.4144832416878
111.51752063306365
317.1719143478664
339.7465421110016
247.66208229587414
97.76222761192659
350.50134143389414
207.71757018811206
163.22110902875724
140.5318526442503
301.5747831015332
8.00318281644923
57.53513526023253
179.52067762749274
82.37015739062767
218.0181857518464
182.1674900046004
164.29660062019468
320.11820926195577
274.1942741708363
145.12610901388942
324.6987912160744
289.21892917581283
205.57892805520487
328.67440958079857
240.01647363027678
161.29667478244244
267.2210403167955
212.4893781593437
352.4994092094615
192.71012081598815
72.95645930397329
295.72037082368814
10.40864379309152
269.17187091263975
333.83525896808777
233.9565102410949
264.24305264625656
274.7346126267244
81.85367330463455
162.4187975965361
192.27371786925235
343.82394624116637
260.1847034153445
60.25285449211643
51.39991626055193
170.1617608295051
337.4686082603571
21.957302789020368
130.3837257102738
230.21168500440484
259.05941453640145
71.20697129497617
151.69428109153066
26.832842549025877
288.7893110624377
299.33120592099425
8.028507923778287
72.61292646946733
35.85389905785777
155.8636553497298
329.53075685605353
38.04001051328406
36.4608687796995
330.60252781508285
307.26605919880404
89.65261655202758
257.05196146558666
171.96282437576926
272.4069343814025
69.2021186617233
153.45933013796562
100.22353501598779
113.27560454892821
193.42328644197107
59.54268765154174
89.36972619375805
254.04077404813586
9.436698360865572
59.52642453761503
137.01716257077555
246.08604525187602
143.96700413729496
233.02647991126656
143.1999181286142
253.20282348514
338.36668339337683
176.59656814795417
296.30097292352616
14.012935351830668
248.10725007888487
34.60339669697122
93.63019626186345
297.5475354669154
286.66154795082844
7.796964822677699
301.22851262347143
142.97132487534085
131.66943714590892
130.92758262353436
208.68710776986336
126.19236824684796
175.38757683777254
269.3785081282553
181.9575126599858
282.3538157999705
86.16803964289446
38.214073093280476
17.401988707542273
6.405648206279533
153.0981923121199
0.5800944294380292
308.4073735375295
160.627193913594
109.47634570518973
75.9821878125386
127.08603442686766
341.5627226288951
50.918188656930326
106.32521416524035
152.1441995671794
14.852381979878071
221.6259459246031
328.8725464762078
141.30667853855473
4.222013066703092
211.49673080306232
235.9938471067599
221.72285440052363
205.8294407220397
231.15906692146908
145.27483094858977
135.3993285016479
35.546865996879546
354.29155161547277
20.655020419378342
266.66835446593825
236.4696042314418
276.41881158549535
33.78505281639368
57.530576156071064
296.39710349234605
36.97396321340299
234.23107609493783
24.22310831533709
348.9082328797763
69.14281605449872
116.45889876804655
291.02846631159474
78.49762966605735
252.30932839698988
186.1708369722482
146.20555598076413
224.22067900671726
310.23956811492786
200.49377084878563
20.69005568314698
204.25334284067384
175.49001491998686
11.60033731170646
149.57410685388933
295.46946064047546
110.95643015628181
258.849260330871
48.576595143163985
132.38923562049803
269.9200272421217
154.7031082633042
149.69788716755045
324.0314567435822
165.19565398554008
51.18658671162508
293.45087940442954
89.85551782195326
195.2490247505225
289.0017645339136
172.74599348110956
184.75276078798746
299.8203417123828
348.8848284724965
57.46955199326825
72.51865048568887
15.005865356461927
105.54481552376427
190.39564609683254
322.3685944762993
92.27512390506347
330.96442336758366
323.911086338789
36.19485227538398
343.7707945427109
139.7757568534465
173.09218881564476
146.38025370303666
273.8735014478289
52.58262345847081
226.8670574409437
232.45905529357682
213.22314697190558
39.229091755432506
35.7276309080752
136.03812488199998
218.50057892358205
54.222667385837084
58.487351033438735
200.89261885820295
45.06175978684961
183.26826967082988
52.90333343981563
222.58780230247385
4.138029638270579
244.31098451998238
40.52991550971289
109.14783930992255
77.7374574020743
301.61319754567194
303.43046661289884
137.29655564267577
201.78909784048588
269.0884756972702
306.3267713762468
139.83409074758603
275.565716579936
288.86400877254783
92.24294987873793
116.15444948408982
40.10192916439632
139.8992419911691
202.56030173479598
112.92960095448552
271.05263538172125
0.49042659432543423
225.64269895876117
314.42177790024135
70.99261696382207
340.760084489133
11.200179636698605
101.03923151528176
6.789623229664284
223.48821109187645
71.22836263966443
32.84969951528248
164.2738572294435
305.4959085712817
40.81432615217049
254.81313991629847
65.32481647752182
322.67936834395056
340.75845517221984
185.9175129613125
68.56102416730926
144.26937087943475
236.37577250259488
356.4287659978961
95.00155313385005
12.382709606771595
261.7411693227582
346.3930092785498
72.66244371321453
37.891008346432564
135.48900550668645
311.11450878862837
328.0293296093836
133.67963089472315
49.821648672987635
149.68966932587784
123.22883269780912
44.19986508204937
67.6034595547646
351.5522243300226
12.133318187801802
144.91929359914212
40.6155092937083
173.25585889688884
306.15056683134657
156.30666512289628
190.0588969193047
123.31613267923234
181.06242786138841
63.82577708700907
245.4632457359978
77.02018400502466
240.42402142175484
330.1350769989058
218.33776346989458
182.2751879348025
134.142953753858
314.43646363753555
94.71019678429504
257.46819395740073
166.96285584056764
123.54228695880788
295.92191772354784
65.0924985749253
297.32989704388615
334.14236283606056
289.6746753296797
207.4944993525252
29.28516636567924
25.614538172846423
46.855973737489414
141.54736973809656
231.02591489346162
259.6852396045694
319.7337243976998
196.80051083259642
324.0966536816459
144.2088756360535
110.77938236804727
115.91714588529726
134.40216792905605
293.0112274702137
16.904363183970144
255.4644821988995
231.9104527302581
35.82061521981949
294.8561924193319
150.59324226505055
188.6264567402135
272.21203810200336
147.0495578622181
264.1024289088147
100.57170772603085
47.23138697165902
148.84017906032756
89.85782874822688
309.6933425513397
66.23667052810715
193.8013569990564
116.53330004618776
319.58660245645234
273.72207117561555
262.7633350418971
219.46439496823496
259.44698600663867
177.43034423132016
159.16439692842627
5.840773787034005
192.66748075069188
262.57998852607494
331.494909362304
101.53616819057528
289.09446969816156
142.06606397699514
173.77910091436289
274.91270667116777
144.54896286427962
333.596149421214
193.4065039820636
46.33652110567733
191.34604421481865
0.7648694018587137
39.83212378224487
198.06268790548063
333.75251057422906
24.29935212405016
92.29008702930248
152.17180914272151
288.05921346017703
275.4490988769062
4.780743647699179
123.22684542849107
248.09980579491477
25.52737547598837
130.4366274328139
203.55638577461121
218.20242635459235
194.8495650457049
281.0847069958516
203.18235510644774
349.88492148406914
263.11110378774185
246.1264513984548
258.3634927165529
29.388075947573515
314.67488482585355
318.38101323860707
240.78580671430294
211.78903054589009
74.97810542184641
354.4961382612179
25.61919279247552
272.4120254515742
358.1079727262181
50.578935813972976
210.99061434428552
45.95769148056486
229.25221977204058
34.60886739808593
271.80405005667274
314.4115062893629
249.70119587326505
30.222151120062897
264.5121449058114
167.7020720916445
95.83022435652478
334.8240363248629
128.99457508919048
354.19910224320074
343.1805172328894
91.53514982137695
30.163823250524178
294.3510948961763
246.83113892535079
303.48964026984305
72.9050504775474
170.05970433703501
227.8526232437197
115.81666222834416
326.39230475193403
40.70213269821529
11.577808083342266
201.87212735504008
164.4971075685259
324.6238203375953
340.3940220167928
88.28646108229614
115.39513645964888
25.09319171434747
153.16697830182468
214.00598510060232
72.83596346438706
73.88463915719043
59.86495597662628
117.32139732773037
41.27889421458841
147.28429590777293
32.57390929081914
19.62188872969708
340.34496499682933
285.54658063584986
151.57766763968266
107.47139403384816
228.01204502252926
209.57296965684793
60.835322948123356
177.694298725515
119.72275074755015
334.86757492141874
119.16793470595947
65.31348074201769
251.80835150376282
111.72875813699734
255.04753918093203
182.3825537757547
308.7021413686297
10.600000715413
345.85234604392093
246.63669882348486
255.79813165399312
338.6153204361403
87.14056758206729
247.723443495133
122.16587755699811
223.75426677557078
40.7121445241919
170.40758176623754
96.8912466044818
63.5276479350874
233.93132363389105
273.03583048891915
57.68569159712968
310.74105525539727
276.8483286770993
126.3481068367976
129.31841698706216
358.8501745118148
280.7005084180536
179.46820233636726
91.74201223143474
60.79939755062728
212.57908543943606
345.9212937736389
345.2375250948684
240.35930201273803
208.80687296497868
173.63041621814702
71.46404256177836
129.29945946323446
198.71542156120438
33.94765166494945
29.491953857235004
25.721079640112652
15.741002230099875
30.838164982540427
131.07967710634207
357.4840724641776
316.95882252166587
261.0878139004498
31.164649331225935
298.6141814960931
346.52150529967565
217.93174999689816
96.25544990006499
269.78143496709447
39.34290084825161
164.71606496043037
65.0809793645667
315.1520039131859
349.3092851268697
351.6541011647302
298.9265073099735
216.7634528911704
290.47773933492414
114.9352647364658
30.413196602473118
295.3506237340228
292.0934908276178
64.06947852180858
88.25836327028857
336.62114480466136
334.99800889254465
293.821670317835
206.1975075685725
131.29162196786487
249.41401168552576
44.11210097884019
313.9693494031262
47.03177930394743
189.3265657070884
5.574713712525039
240.7407314652493
198.0233250979852
185.64797966876677
125.70509292875451
333.41021301101216
178.08316579091635
252.17783558870897
307.74677888335356
4.160465901774733
348.0003273310413
345.7723988997697
46.40972909367578
255.04198672624278
82.69641523095304
50.37224109351917
41.212926894299805
344.8067529995854
175.85236777179253
270.6622765996229
96.1705461475589
124.70624937728499
280.0756705465373
74.80800093893167
32.19291000124947
21.746382293743714
273.5404541244962
84.88616889394011
292.19805860403443
275.239115333408
20.57193482177908
99.94773141707202
24.067972480687153
64.8314756573967
20.10394851872382
21.346485485391923
165.60612983991467
301.9641098632381
318.35359675226044
185.68810194281264
70.66564330965289
166.87253523672706
216.90580842428952
255.30078987845826
66.23697859462929
68.2844482549453
309.31948387011937
185.61757007530778
278.8954625634721
341.93464282000093
159.26280190714172
38.88122764962378
249.29413161732387
258.4451353179946
205.4289984876279
162.61825798688722
275.44721940101215
98.88385576333056
182.22163736248666
287.2705384259824
203.84017288051461
331.19609612892975
57.32154234124388
265.47095115713705
260.9256840728799
84.22003914007598
314.43936344695925
140.70466806268934
124.6066663063418
135.9552801420002
37.19251119941578
30.424720042629854
188.64894496258322
245.37884527980924
306.56432922244886
160.46814087645768
204.95087434160126
75.78465298838654
0.9255310605544729
95.46403948998103
218.23368791906694
352.31149743461793
231.2343281518496
59.539942612875066
66.86829514579675
332.04721039587923
1.3473210181745088
17.95435587267266
136.07224884887185
50.435953856434814
7.386711193375438
326.067702236405
58.0809537811203
31.979779625856636
184.5680763774725
108.98859429093403
206.23521095320336
13.819914649809615
348.36492629698563
67.26320949997576
329.96699517091594
2.4647208732229946
310.3625671949777
148.6784289503565
96.50647034048134
246.99496541753754
42.40140454401266
335.15845462017535
42.79260557026271
70.06335044052965
309.38818295794107
160.34364326938194
189.09870513410024
335.1128652812108
200.44401411957452
75.77363301159626
229.55735757082218
1.9450340495668452
17.533516094704865
182.51331313687422
149.74918897238277
202.94957720749392
194.9307289938703
78.66019830275879
87.26905329478313
108.97663763283123
230.00096967149005
319.8417158288867
28.589303724943754
144.6767750848139
345.1210879354495
266.1942887915313
298.58964085456756
166.1441241464896
356.14023906950223
280.3950038614039
296.72709124802475
233.24101979744668
201.22178036046446
243.36262906939484
98.84223915775195
114.07671527306485
177.77044378314883
305.28372221452736
197.58176706541832
196.36019002344545
354.08060505515516
69.61739134447188
330.56614401459933
348.4102665946876
121.35812584797759
213.3592698903069
48.569350079221024
285.0974076839316
155.83813770254582
222.69912072168935
310.0822624915591
15.222137195591237
283.5279861999817
302.6864472415773
210.33170622233135
223.28095011933777
319.18070345926327
252.7238586600742
55.160574853678455
128.84164684284733
319.48963359866985
158.5731087120117
285.8464756984794
334.437260348235
164.18189808414226
276.06487653665795
139.1286173255023
190.28241689415094
8.375363205504824
111.41673290378507
294.654647118292
220.88294898667112
245.6006248765288
142.0112432513761
269.2515297801722
270.63046263958336
269.8659461093464
41.503707828796124
230.04960319097606
149.58824845791213
204.2942268486106
214.34363940051685
67.77216760500409
341.4301259343891
230.79526782986974
34.72302832451647
107.37731736193076
55.23016708088556
90.1918217651831
329.1998225412619
23.0045054797644
231.3044330467592
260.79490959217816
300.24310629649017
227.94416337172737
117.92850300171585
234.08775893148356
264.9372688079624
21.0120028931752
344.52317027481143
83.51071734416023
359.05318061928386
8.243353895405154
112.7151093584235
7.720501031843083
203.07915875045703
251.0824961050262
183.17986628414587
145.95985742006783
74.49455015748853
147.9221196265181
45.67611167334349
104.83224094684559
309.55149326275665
342.5028070546858
118.08531680652209
256.27703385032106
129.36314614906686
200.44871055649762
333.5183505618229
6.850281841049763
246.56819814421613
49.41133083899465
247.76652442455458
243.2178706578493
169.4228347271
75.44466525471546
37.41456107968492
38.96331593595107
287.5238464458748
76.1502145043389
100.57221674711658
254.68839591570287
212.51393656847108
320.1432342256368
150.37931382715635
42.79653175040451
162.5282897184948
186.68435258076076
96.25718762973489
209.0085259489475
313.7323954401824
86.88043188115483
269.40354593099164
229.08844297367543
202.79486272231338
55.79039834401178
313.5090987062998
217.28276958605255
320.7391125616877
260.233360527682
167.16748885406318
175.51061823936024
145.46588095827337
250.79388525038192
5.107510169269798
121.6082140117033
35.524920754972214
241.60472107142076
190.56239947042877
21.931185680431568
36.99286261816488
34.11600228684955
51.5602477199231
47.86139997450869
252.4415020545574
244.72479397869776
152.1617196477878
124.62497541078183
137.9149900526682
239.2074500445832
156.90107290043224
195.9977863192731
55.8852297957856
230.70945694223687
65.70671617689426
326.6932371653385
229.20419788682744
129.43867054591678
322.01585209618133
324.74508759139036
177.16016823744715
302.9270486709191
247.18164666170478
59.0839978389529
32.672050252654266
303.0137904618595
276.54264893371567
76.3364122479834
34.07520735656906
132.65929403789735
237.19474642293366
99.26370573150066
299.59907583974257
155.79621364068672
159.2379082389939
99.047924392403
75.34741921829102
263.96067977967897
162.11563656587683
242.79406576072157
340.0881511028165
131.90023807163274
29.475688659743092
108.27355760414089
309.6167920099703
45.14815303946933
273.5284038418659
316.85165946807336
10.078957754114585
195.51541746857436
96.76209929838586
307.5587294096213
201.38199917749176
200.06852318742537
76.42077137769812
305.9196764038352
61.95925861623903
0.29812566868091206
259.81388338263434
164.05171059870426
317.8705187241505
66.31841914879534
184.22638897834187
5.385633702309299
178.10898945034768
250.73331532300014
347.0708253458411
77.88688090372152
292.40330284810585
101.23261876695506
250.39989205344915
4.732358121331902
138.00698670742187
51.81646758832336
145.16479522128517
262.9040539492922
124.47187965543574
185.68031547970753
179.04266817419418
49.83820649851816
114.14756122582455
71.01001281058791
155.14361551517436
322.444140777665
208.72533182057686
209.1159100465367
343.04738451641526
323.9591961964279
124.43779909564472
202.0773600272745
220.82131605337892
83.85841211602781
271.159646306351
317.7973445825185
139.5722988266488
144.0300740854574
211.58920896081864
198.20791530370164
225.48570814456863
348.9526609285307
72.17456601601077
282.93219033740826
20.5123963049963
329.04069621024377
121.5952696829315
241.0712046914666
12.40438860582862
181.9740620292684
304.4729099571806
222.44382840809936
62.85280927162472
19.71627588811917
177.8900942259303
297.6343289671846
211.94881057356986
240.87299091481506
333.73364983347324
77.79731257748594
332.18139100517277
158.8803070266069
51.805938981858525
252.75725932858256
31.95813227993272
41.8559207485482
108.30692592122236
233.3173963931156
222.71974031131361
284.4180769525664
8.955501640919287
174.40071245656978
242.39433796007432
149.08081047212465
107.3361416596926
303.1826093272078
336.11145922563304
10.452503360304624
7.927533591968262
320.1653933818485
174.99946458035137
92.18937653805267
170.4036766342237
42.44354302893372
77.65280198299916
84.71056898830244
268.39775696279935
51.59247672988506
219.17411393485017
144.1321176055512
326.9447596535249
327.6349370265313
162.43486067176988
37.66652220242598
293.4746116819193
72.04672971055861
149.67355560348187
298.53060380263577
311.78279617334607
25.433835082048823
294.5018005949717
339.46555324999815
76.51784469718991
252.4917690798562
157.818180285522
102.19040636896014
40.71359227815043
174.82145126006694
224.16497935368594
278.84904811618316
341.2262362489571
165.23373850079966
329.62236836759877
194.69961176983904
355.1015624711044
204.89556147426734
110.33575462831755
67.75544072416541
349.6456123863399
221.16581205046734
79.10141686482979
36.361406684349646
195.8476166156689
256.55808229242155
301.8992367064074
180.94575747147653
284.801612482384
299.155375030717
328.2230348936528
324.8271860455249
16.993052053375372
271.249124029448
128.43286325600178
139.07553660507338
217.65321495829173
100.28628861683595
235.9931782656295
81.45672522928241
142.25215030766384
4.412038632786034
31.723625784406824
10.26655606560303
131.27844065405463
291.8049650883356
278.9183467506863
115.39465914816456
166.20679683315063
54.39730621109756
38.16590883085457
69.87004137047384
127.297445211391
144.8025794007506
48.89516458080453
309.6433370282885
325.88510139698633
191.4864176870701
358.0905808610411
344.5237781283719
253.63537876165418
181.55213830324223
158.18758554472873
339.9606754331637
345.3162803133329
166.26378558136972
161.9977630129051
13.194731451941994
137.05414395244756
248.75742333808407
215.41224546699746
31.247971815150585
323.90717447151366
152.18825888659714
227.5932194168909
132.90799030704608
98.69229740446417
93.79372871404843
235.4824970251711
121.17496192206968
172.91888056055797
83.44818734483158
13.738269053716872
179.5320494398485
171.61026731887634
273.8109942138767
173.41790115621788
94.81888252222177
3.65662880672779
69.78937935440895
264.7991262070571
294.7490335430917
164.83076965778602
274.24643287073866
29.771830849011224
46.71966040553044
57.95323793147193
101.75570301902854
291.9765047739484
192.98495543824058
178.33875689266688
257.4414506500033
19.821285280660984
140.9840421743647
55.72767489352572
265.6642567319532
346.649750142848
192.52448412791634
76.60829015488164
214.66284721801247
76.82799786845126
115.69446082103326
29.896883969648776
323.1281443790903
165.85203532009578
289.5520906431756
223.98751697118897
99.24956227576529
256.0783250922202
238.37113477306397
295.5517872323974
60.31027081074095
103.13246128300611
319.7698394864022
230.41483405916708
159.94509095051984
111.17787362171892
8.035164896113672
266.6273673773751
20.925391586500645
235.87922294991765
358.2742649117411
225.91394530788247
226.03015510420752
155.66143194420863
78.99969792684652
254.50531115649295
204.34537782287174
172.40535269107946
248.7149617733413
250.118169885672
85.1810176740558
24.679857749903807
275.64684030958506
91.24169418461365
303.98108198768574
330.4259809066064
274.26028239066034
274.9108253960397
4.175070301992571
196.69511243869476
186.6848083041394
263.71889936723056
226.91385167011285
175.1706571908982
95.95079779375205
257.0782532098059
218.67471534379803
71.46488273941351
359.3123493027454
33.7095915295807
289.1169480288059
354.3307342446504
217.3637425146737
106.4095482823639
171.86369827689913
3.6781816569702377
11.543777466311344
7.834060228710186
8.275932999214591
345.0628246114067
255.56082212545195
158.14994807479468
332.18222668510066
236.059176049811
69.81497652922242
239.25633125412952
158.54121694138212
58.06827254474966
159.546039641359
230.91170045744383
342.4614430223878
3.025830065473737
279.4353899252644
130.62966737490078
104.37209259558
171.86433616847324
91.55929014804454
270.60010901677606
116.92077172934661
200.10387913182657
222.17612804960208
63.79445686202222
263.48396676862683
58.46450160143106
8.88797261964736
347.0658639962603
323.0867185436449
279.90648616862
318.5866848530956
148.84301942267683
65.8881334784826
209.57764534445246
340.2802500614842
112.58878019422444
179.6282644729839
9.027714851445317
40.19758853120154
302.8666684535663
260.5207343889146
207.45971816135537
56.933308860939825
39.867146414225786
327.69374695155017
247.0320643160957
206.09605529261657
31.31763308333961
261.06705458710576
193.40590783647988
123.32411130458541
132.1838316683921
19.948694356743854
81.25716943040058
312.0210769081486
168.0135018151531
2.9285786449878315
73.63769228690389
266.07741258667585
359.6928299427968
169.59948481239948
338.1543125498876
278.12474691327236
10.22986350795245
129.87772883712384
245.35184883359344
5.418406880162184
106.22038122057145
331.2059415602952
95.21333407886898
25.663504396377125
203.8103922319513
81.01263183978901
344.81886439068694
133.89103262234678
332.7214727524767
227.2266665554866
278.7271010786928
272.06513745022005
48.55785392111471
67.11928325927295
236.575605856606
125.31348936267811
159.42235121937227
84.23605489565868
182.27209910914587
16.400338650667234
51.8428213444397
143.4624233190021
113.33474380573969
92.1320161519409
169.38967825909063
218.7678606122233
120.55031599886566
334.0809247625537
303.7410048954918
125.86694982628296
80.46940805878
307.5492830451965
18.750832589700597
330.28423345956475
299.7094201254168
319.6161503528423
124.6077838889137
220.95765886609303
183.15493229750385
138.59385341976073
328.7217991698051
333.2133000489164
227.94329371164363
20.999635031161993
205.01427529617618
77.50112094831405
196.35817253123315
248.80815251047375
133.6278209483463
129.05763901012665
275.9781132757518
0.4437725859308198
109.704726479154
69.26799273327798
252.49402919751927
137.06929408463338
341.7103336419184
206.22638312571746
97.90486206466967
332.6722124028921
107.65204471624698
165.43280191706688
319.7417309737189
122.03734038810362
273.29666381969224
3.8257873430779767
19.59474992390501
127.1219028496229
120.53170495102161
299.51916035682933
283.05026743882536
166.37719859660018
311.2250685436947
352.1391973204846
174.33737232378408
351.58734593503783
244.65375011082966
313.4035679705688
68.23288728846708
191.5021101725901
208.45490337518876
145.40669610187956
250.45773480784985
229.96455575123258
311.6221811029511
31.724249384028486
202.58004311016472
135.7527270144126
62.15810012065177
254.28776871206898
232.50785119023408
219.77019997300786
65.87079695753346
245.09147145597396
137.09538455355192
63.70189178224712
10.316561445457848
249.74781271785992
55.84829774258832
61.40256315692836
42.079882406274095
26.794901283495324
76.06232115544015
190.8458118236304
180.4898721407905
199.3567413173444
348.00269442632145
66.5956428952882
294.99231713797184
355.09071935746584
218.17706814366133
238.91885307964912
289.93727869072416
28.844113027623283
52.748462513536566
207.2106687772161
79.26905300890951
48.727947919403924
233.58631083427457
178.7335881659179
149.26587653631435
255.58987690430723
43.99358323435778
70.68161484801495
137.82018751522617
171.6148522809718
105.5947652921156
312.1279516694517
110.8343019011716
270.7704407405828
71.6592726415853
269.1626010253228
27.783309431637836
170.00420562533074
5.250849165166993
84.86815923492793
303.14722807376825
160.98604742847596
341.4323505429009
218.0283187268529
73.33421839410998
133.68105393037598
63.25823556927571
68.89261424263525
85.27122453902307
240.13020591501123
176.26760125967095
53.704825811271334
0.4472146417281404
243.1315616078263
223.15090476082545
185.2950404187287
139.38423592145472
87.18181150438502
210.69655348294134
178.19716239372372
164.0570584059665
292.35661105647256
51.433723378603915
228.5563906381575
178.4791217469303
254.4625932853739
163.6058330256273
100.66677399590718
235.74316678501495
338.7479531956095
99.28491137023175
293.23296461122527
19.790590705105362
201.18352265290451
229.80108529858904
274.4776475346437
285.8172641110033
290.82188355213464
331.5048888787995
50.32085913518011
52.260055847863896
163.8249414281522
227.946735672889
230.58538347036114
89.89621721024366
295.4209610785845
19.134723272870815
186.9008557278294
230.19810335598714
224.22297079177946
337.7449978271512
265.72982245631243
289.22646949301503
335.44632816207246
71.08063573191801
263.5998071607522
56.00939502065383
37.176252491601446
310.56141083087635
164.75846633353328
32.856771581528015
167.82124334978917
71.03545279721202
277.44503375454485
185.94605866514166
217.5291381018547
336.9215110515484
259.54964648863785
70.88001141235935
172.21541792610276
347.80758413667155
215.44845221520177
353.02623240323794
19.42014626092388
337.672993256344
194.6995053342618
210.53727092559342
118.22898853703384
147.20540443724778
338.35535100218203
49.817375299993074
121.96236668381944
271.1990206779405
246.70969291130507
180.4565787516938
258.20616071069816
195.02621046390885
3.067517200112786
78.52754851358867
281.8643075291608
148.74421042100116
300.83680751890955
154.92008770371785
155.88145148664725
326.1327410090374
62.907832314117144
193.65880562581336
47.82811446652462
178.6067260721767
79.64549195522112
348.83291107342717
287.84159809209405
78.79339153353997
80.7494018877081
165.4986557036091
280.6460715694621
220.7718731372466
291.46587051424575
23.98970864586141
240.53408349843002
224.76739284139666
233.57375392412067
351.37917453606866
91.66573055534185
17.69641235718532
210.56254868950924
16.55443755967135
41.16273363121865
164.26544245592902
98.66817195843994
262.2799855475221
256.4598330925071
70.66617207115448
48.01422674129596
206.0831538801573
0.7461945380200341
18.092106338003376
184.54270639698225
28.765311683687422
76.91934142299525
90.6654575370898
252.12401084608624
77.99774707866764
73.67524460732287
147.94752568917406
22.85889654175885
187.413108425687
30.556713152532687
342.2330082137064
224.16824533171433
253.67563631037783
316.0011923514792
42.09354252843626
205.27623832214195
295.64175243711253
142.20021440373677
112.80437988010023
18.09765493879092
276.4821398128494
31.361072759140026
195.02157688437484
4.149461757137576
189.0153714847289
230.8554626332336
205.8774495854277
164.7682939919159
113.04303861236912
188.47561427453115
182.02860175782334
212.79050065506456
271.02745592176933
105.2030457837121
308.14814075574014
44.56098537973449
313.68034415197627
138.17452003573803
220.49215057607273
101.05128971035089
75.27410112187057
317.1828712122774
32.54375152944088
74.34583514036088
261.97913529826945
313.41648936205723
252.7065594856385
276.7620237096525
277.3265023125749
126.21062022501091
271.94506172445534
32.93005263342179
167.94117408161475
215.48194727018205
82.21900659423333
292.8754210526614
25.3323840167295
197.11291787496447
211.90570796647788
157.5426486173291
200.5706302042427
159.16390300273136
62.265842539519916
116.32192620329582
68.78472917378035
278.17911095603125
222.63496369155743
141.92285436912064
219.61615534302422
283.7398295913915
219.00968873349848
63.5100057112133
302.9615067547959
110.42130750716655
214.44453839745807
108.840047033692
277.974520167687
105.7499486660477
317.85208592779776
211.38033249788413
65.65218190289647
237.00785463572834
282.80152071077674
199.94400971809142
145.3071086759228
112.19491890052493
198.06867448598928
359.9567232196329
228.64279825689326
69.83264305432458
266.6234283565156
87.26811185977107
174.9591740229336
219.6424303787454
5.002947798445968
336.82946221178884
175.82510053042424
117.15956090017185
175.9046587581929
346.3711583940513
205.66529860191767
196.92677792153518
356.99964372093194
338.7912873450697
213.7594977269527
79.69028850868622
67.5667210125154
27.95306344100757
240.09790052321725
221.2467381011373
213.9809598417876
188.65952960909706
197.48593501423832
87.65299811337623
248.90929265232853
136.88027554481468
107.31299696212031
96.96716832270859
123.23587262218982
70.34037070307842
181.46636687411817
119.96101539881063
271.6857621245783
311.9674098625115
72.44670621759306
243.41017732717026
147.9779454512848
357.3929567829685
271.6674245133117
226.07185268003008
55.215771483367696
46.34408761212153
49.42675040508538
189.67262949959263
92.76515203223398
73.64193089431464
48.589516048354646
303.86144514731427
199.67514489696242
254.5267272930283
116.20875420849387
131.35175592256374
274.8775572310764
322.6760474772755
219.3840580293627
161.01481504638434
62.869535268542045
70.08674164397989
175.22221134785428
63.56550005319262
48.58801205277634
180.72519981781156
85.91010987970625
49.12302738702295
67.01089019837762
274.97482490474863
62.66460029694322
291.9855947947121
143.73878419098864
211.38664241437553
340.16473036862595
205.83692695024445
104.50585512649027
120.2047768029931
59.33317095958388
111.40290206021221
59.29780550156332
17.16864720404448
236.664279833788
235.22274677695137
74.83393743822947
243.90475709174328
343.59462410580994
143.60887984462107
189.27338647470265
141.01812256359008
23.426421137927512
45.44743561391969
205.99957944393663
273.83499977307025
87.65462776340283
148.87280141038914
209.28672170251323
114.35957831108632
94.2258701479585
253.64424977745813
324.8082566434305
170.616494897402
197.39125941002064
200.52719751619014
11.578281889358909
60.04966069633596
79.48194968596638
280.73763963984527
210.9429558043936
146.27731674140108
135.44651274476894
242.49924194363157
190.3316587228173
260.807430830116
272.3909559719199
156.95333891692638
56.3051979445897
316.6354849447356
229.28275588603503
124.37247183083478
165.17283149290094
66.39817301419433
317.3880355708181
6.4824305472148405
152.11213179826362
220.18393465181092
41.48909035501709
147.09054347910813
277.84513005596284
219.61494019728175
87.2901904285524
155.22904482130562
159.3916757220059
8.484258992229565
260.2388939488059
292.4678168104011
91.50889475325903
173.31812913681722
123.10230284475077
287.50285953150103
235.5175139918853
85.06702709346138
78.38877091390351
123.83751607152668
111.71775039549803
252.2693495922888
107.25397635999371
301.89303687038495
194.20872511265614
124.82142895524191
217.2912586595657
85.5900251646117
125.45158776914138
146.30115639751511
239.73880029161668
321.88240555133814
333.90748565280444
291.7630870057099
27.283665246310292
45.70539782910418
28.951322494792127
22.280165491446226
351.4679020549625
222.38693039498816
36.30440182001715
359.1007019544364
153.60273603134357
128.3371820281215
109.24328401343034
156.5555709583539
209.77531819243617
129.52128012646676
338.6916402410136
307.41289952307756
77.63027073757463
357.6123978525098
247.76075436192144
52.54812802107076
221.53201975118412
189.55717700038656
335.59329842387905
51.421396150294754
50.05235220628545
173.34868116927922
66.04118243292233
203.87247132218982
149.7953050256509
330.77099228582193
193.25092755390207
339.73558261045383
345.4750180520646
325.8534208109192
55.80596117525814
319.2070245977875
297.8363169912007
340.4824754643027
110.20340488848552
298.1488575850587
198.04963101334914
82.85131798709297
290.0758027905582
40.91776190127712
101.1607812809019
191.43818277305184
331.0580270607223
27.09973408920816
236.4710271695688
98.15942873463635
138.0130928791816
148.5016464214894
261.66459313993033
49.57862264711629
17.596724629565824
168.9155173663523
322.56612066517516
248.18794320309786
311.27855198989323
338.65448992004985
101.66592399930495
211.1959191287393
214.85422885730955
188.64460842873106
73.36829702792566
315.54282791186785
130.46023227771553
157.14344697651595
205.15109532429415
192.52147114626962
4.959463311467602
254.06105429347144
62.464912186973805
236.86632197336976
207.74871547828698
38.33632575227556
135.71151779887705
270.87077027574543
35.954037621941076
94.83406997884262
110.47657305360588
177.34203136954787
273.9003796208226
93.14226302448047
190.50676466830419
40.86427356759237
140.50526808954882
75.45911306243266
98.65985582542007
214.8443163921731
14.951583278381516
137.04982946934078
197.83832983867325
113.09257264086345
152.21924469016244
187.8487483851522
80.66380322904253
74.60418981315918
177.5105430001655
336.16284457948205
219.8754419147372
270.4190491686404
264.66159631718114
37.60507002795201
311.90692736418134
1.705790192292248
107.91734000357035
84.57529889692674
182.10230631437108
290.2667835614456
310.559354548978
164.0730856438389
248.5857561672052
97.36993229938271
101.72928610573759
220.75593782267413
105.52982784249173
44.34986819713148
186.42840293138684
260.07181754389273
256.43653663654607
218.50192523582436
32.77146703186434
57.666656982599235
207.29743871317325
201.1566215492759
274.05979147611896
114.08550721802531
328.52399099871377
101.43769249000414
40.01801288888
66.29151939323854
359.5242300070713
175.3395901562778
159.87487531902445
345.20273976753526
210.65849006046892
310.2764006806805
241.02377007912906
221.93422287043404
152.1827513562149
223.01947341645294
245.97882369532257
255.6392723166293
32.89753599038291
19.61007907712163
187.90081492415752
0.7150641648253605
285.7895511611045
30.491327835597062
62.18653214551326
186.86020700625477
20.152614253626247
40.179112993945914
178.31681425301767
115.21288663592152
213.64944539890922
124.84511631448298
126.32739086954443
129.69607384216403
274.61322570802514
124.31807574604802
335.9759641825847
304.42206637520724
28.26758913194967
277.3583637068869
2.605086472014786
235.2570737864966
277.26459454857934
169.91647820619636
35.64692811603163
166.20579555440656
120.5005104043652
308.27039251311965
353.9499218556686
96.50846198790029
95.92912093067794
173.22982938618395
175.118080755215
99.27106200627456
285.57682582137187
140.3851777291196
352.9855462615768
155.1170834084455
265.33940838775675
295.06815093940423
283.12392043642416
327.12768294140744
299.7074247405414
296.4244387570553
257.08613031382055
254.15426167328553
32.20531627753753
328.98023804461684
113.9141145148165
41.6002604128108
12.748753632944215
99.97247729772373
111.80808934577644
182.25478483025185
96.21842466745446
256.70867108771483
250.34312092230937
187.619774081284
225.50164431230567
312.72080197259515
350.83017047636815
47.54660841387134
276.63181143237483
346.5669162792316
165.85979513477466
162.3942470109845
206.44305447455812
236.24157578069895
331.64232428945377
12.096212740277446
277.4398844758586
269.66635415306683
48.302310688786726
136.06236613516148
261.757449150779
237.35732521149774
104.15988114840333
290.9718065474401
82.59217555269639
23.57899341065112
162.15955645680907
34.58654213352554
27.596459938441818
320.48071636815024
155.73735553375403
114.45941607861643
16.50742973056422
141.02357097275245
314.9019903780213
17.601112791097762
248.27523301452163
308.2868784385612
106.53323948120735
262.95353602740016
220.54960221753606
86.43498736145808
284.2605891825169
238.8037098759651
148.74420971847098
0.2701914196551409
36.502615434735596
321.00799767809036
38.056808040940815
80.07924705814376
55.59118846854363
159.84944175254967
233.18907674232324
148.0089754389508
201.7723965945513
129.27955584518344
251.42663154665038
224.8376805005191
232.00638821232417
108.76800895270655
178.1010039686887
289.4971077685288
138.08892451269654
262.8920912225052
154.84997445573458
148.15647215865
153.2587755770027
80.063248331019
303.6298948062989
46.52322549257993
314.56358244751385
255.19113490084712
168.85930610646818
7.561887944820872
104.165102051624
16.55533776874004
140.30004423448827
48.09766725178489
2.085024947053758
148.2438621189401
260.6020351502978
192.75280826900322
288.9024458268328
88.98671906807732
311.997592923469
300.8875563568921
77.89409060755419
105.26418091373282
239.59820110378863
297.0370200083797
119.84162581619947
97.47524755230712
267.20686506945555
122.95321122876591
61.86250307716879
139.25603087216166
141.17921547102824
280.5305603095892
285.3201893345936
133.37919422326343
26.679159480004746
348.5890320094393
275.8401738790034
97.44962351849469
30.172196190178724
90.47034867007605
206.43467574671828
322.840262523938
251.53680255522087
13.260936438782737
209.0476447848758
121.67855319510866
259.166824928855
177.8344502013925
198.06357478116246
187.1761025484986
260.77681491139515
161.88595400889997
83.52314133431854
200.07367206294913
68.41710173784051
354.24192175558875
345.1377286461078
321.14712256077416
272.17643787621694
347.6389002139001
19.720952322948882
169.13392655167726
99.81810753360817
146.43099533796925
234.3943443092798
114.26070388801222
301.447677411493
225.00800539260916
218.88692057885547
231.83843249519325
16.67178913645078
307.78392339879764
354.5847664810268
286.05963282743096
168.92034425068337
92.03245452363994
137.3562467686969
305.7555074275462
201.5073916613062
171.57305943503513
117.5898793823647
99.96801377603663
115.4003300717112
216.877648108743
210.81558217589057
228.44353184836996
122.23775384663719
81.95336415804341
51.607435346177255
77.22700066285554
111.72378629020896
160.3428668531427
263.22261390657883
225.54232282442314
108.8535326502856
299.9596137154053
39.37942959648714
69.99615571381705
63.8724811059914
310.2914461785724
173.10791589878264
148.7941376409782
346.6714494699199
315.7124601087022
205.1794810540237
126.36933026601797
89.12991257730539
327.51720646320456
137.27065035625048
272.2979313371178
338.8255549415406
23.183033186892047
283.91847563436414
326.0919433298974
302.20632439866426
323.0227658633255
328.93847688751754
66.35966638209679
208.834000152486
235.5801712330856
221.6944491125983
50.226733385678024
312.1758216345087
3.87000488283618
319.23807558461493
129.21605397864224
307.47482429387037
123.54188860740128
162.31054954628584
218.15176483793508
1.1670612799417734
187.51460972437306
282.71747851870964
27.06203015298433
47.146888839408184
109.38781815522086
344.5336580466533
300.3389437313375
147.82029507400142
326.8691842321601
124.22866850689239
85.23959893977796
236.2208862856638
40.68499168180491
29.88815444682002
359.80137732982104
116.8255318945674
108.0411205298107
22.021904586561025
221.73858233973505
49.90386166486631
186.84875043313937
328.2112935665588
121.25171076087742
239.712263307564
208.81203135132017
352.63563735491914
268.9267091668836
177.83104355777127
214.55781159472383
100.28359229443012
263.20122195867646
313.8915658480425
45.97549969342476
343.58691475561386
297.92104033393787
203.6713742827768
60.72216535448091
95.14695225635614
216.34681878665086
115.41704989578932
14.952101364237945
199.13482700929106
139.37183347690208
34.80916408225501
59.34765402974109
255.52348673096944
227.62897657447706
227.56832789771826
227.09440640573243
262.9689910801132
85.24281542634517
65.34386871394173
155.8619584185856
23.10676603740414
101.56260417973672
131.7221948989794
294.466926921888
292.7778114903782
23.93665242990427
44.85965567357865
247.52607307174512
1.0040106036203262
9.948520099003284
17.07108929309291
198.57263283085152
41.838428682672124
310.2040739707459
169.5675023355334
244.2068837988135
149.99588411653414
349.5478653221868
58.98292945719187
77.61470686779089
157.26096803349654
174.36605494360342
131.48354952038892
342.03511607325896
4.577026683185027
303.2853026543253
255.86776978639105
215.66397314116978
191.13770065776927
357.2576010198279
330.55517450939
328.873075262255
46.57789678067297
301.07108526795423
167.8894226252875
354.61137377015837
27.718977034063606
206.0664396694115
23.987056266593928
151.69386018227888
17.113261997962955
85.85242174442497
90.12758940392484
165.0497217983953
325.6777564386646
85.64223913697853
23.327161754510232
48.30364712692022
86.91416195905431
93.01822776193829
339.87744498339663
328.31618878082753
155.87648095465138
80.89738643642485
153.16005022903178
224.86827030859655
52.21648376854008
144.22016184738322
263.5591497143547
131.15443125898813
257.0130923333404
189.48718903799514
118.50398974742559
332.3799126448205
163.8197359674154
237.24342442887357
273.72346664539043
327.4017983675556
90.75008365687748
153.71671154530029
264.80514630968884
341.9392082565533
303.29042852405354
228.00649246127492
352.03267321342156
129.09056008911142
130.4278341720347
11.408298611197784
113.11336472563518
21.623208031407305
247.1322095187985
315.28646355057106
241.75614993941107
11.848847347436893
310.64217924156395
343.56825091031976
253.96695434352193
142.96693074891658
111.53248742558696
26.355649983993064
198.8079220466929
280.25433121402966
256.7315097907879
224.93854604401875
313.6531979002987
36.65885316418916
255.1287206521741
320.5589992291182
279.41613161271556
169.63318970825657
307.9016459600594
174.39457399877682
267.889650115383
212.5111098970673
25.24181654455726
124.25971068636477
92.0920728439078
246.92941823344705
22.710745827062752
263.88846003825284
333.7969089999515
275.99052653742206
112.67556593236152
142.34243662120542
104.97107154235046
343.2067926445524
179.15443864141588
110.3924570455639
149.57547658797543
0.03277362629345699
96.81773920299293
284.70999420166703
230.38295944103308
73.81805083275805
98.4505555962782
209.48021583586055
45.1223034918794
287.1203060463604
222.33450658984503
101.04214867940588
37.17619721321377
321.61813859935006
341.5647952186337
207.15061918645353
91.62088188430846
64.48087009391631
53.74810523268706
115.17095362366534
27.45262690196758
265.5797735694755
46.417192146307784
7.204280424232071
260.82740104254697
299.7070805183638
143.0211755759636
350.13935438516427
234.3183265621209
220.74871498044018
348.8422034313467
207.40260749416237
334.3088637307388
215.56456339426205
168.57424716693353
236.9921750113162
323.3875895823626
167.8035433800288
221.4527100781549
116.96281757798207
220.44394647655858
0.09221385905925567
215.4369748486974
0.7274335656814765
114.0723124242448
272.2874861851909
130.13187228462814
64.35258737722253
98.6888415756896
58.35776083346956
252.21129042660368
133.4100446023314
8.731466430882298
92.79357877354151
265.134052976996
224.69575188337276
345.93024685821496
43.011771212249855
106.83587385680377
144.68778157122168
28.984728843528632
144.68178297231424
325.55771607818565
58.995642508186315
247.33496367021942
129.60650717773044
222.94069429581432
337.9633780163059
225.85479943927703
200.6862930821468
269.08433891600714
278.01779020773614
94.75472979084387
52.54635141808302
162.23272364221793
69.71725580014106
124.19523584537811
237.0346915696111
349.23474137084236
47.17213813472418
56.498388498255984
0.10639756071764905
203.76801892748574
38.810843198498624
273.28974376940056
240.2985767288169
196.6625911279786
108.94585108923894
3.6335598222052816
288.7681066737749
187.60055316290496
359.02705120071465
320.76450246511575
267.943933256218
306.929148998071
115.13292167845377
182.4443727733707
25.03326168959564
356.867174011312
241.9980584503584
11.855740364589415
246.34262563866233
124.5646753076554
50.62375206859249
283.3822914322954
17.39843598090874
11.386443745257061
93.68049690030071
307.7709641853465
185.7927221539349
310.8519620157096
253.48297381080067
236.39480100783248
212.4020550248001
270.7307381503895
272.84544671766315
40.110026344360236
189.95066275292066
319.7831029640091
327.2687463750149
107.45061626611499
320.5045342836331
38.16336967620151
124.0569270600307
33.86603429905514
217.7080664627541
202.50361411670067
73.67310977393352
164.5628935119937
306.6462066085163
187.01599541334463
133.9786584742393
54.71392481127828
107.121018333603
67.92836381203327
44.303691484345514
242.77163411912417
59.45554272073401
345.7975440621572
356.8930009130247
356.55467472635274
99.77310180877387
305.8488460347579
97.8537813297899
165.09956335790923
224.69878867112428
316.89954606905354
235.67444838470394
91.88240342389895
179.00496246939832
36.07300435501165
57.99053462247275
43.86493151769884
60.89179064305827
104.03099294951124
58.27815291876996
236.56390897386723
139.98141786113402
58.92067079495399
97.33803651911231
51.832382900679605
140.2227197665709
320.375645358907
44.39556743025572
199.5535273990683
114.96633840594603
234.34650585007887
200.39647539707235
48.08075850735446
328.52499266758946
172.51726453919426
233.2420832145609
166.08813950085928
38.84050089741007
340.67817945368876
4.417629806265341
98.09460062110635
150.87633976811858
60.57653003659183
12.651537068597069
51.649815038211365
161.05245171962048
274.7974386204093
29.439807441723634
149.35268364084848
196.45161415776897
283.38019001250615
122.54193246988284
94.53043836293709
294.1092805284841
122.300433274364
155.44040043216938
3.0118814844966573
84.91676243409167
102.16652498380857
180.95057742851967
12.849324873232865
229.07686344164387
336.2740223707814
284.23607411249134
285.46766129703724
129.6271936519552
121.33621851710981
217.8035438480493
201.4369687588599
190.11144673700684
6.3498235820193205
319.04789321582393
82.8119897327455
161.1231526021606
238.26476270698265
16.002585902974804
217.68093885914547
71.86476459427551
147.2076362308724
357.75815988821336
176.95817223105396
347.555260634482
73.07666812367928
345.5536915931204
353.50146107268125
203.0320651528095
300.70581485458985
69.27051973286515
10.588462680011514
232.56068878540412
333.44248718221024
35.27863504689781
81.89490750534908
155.4662596706669
349.949129043431
45.529244236298524
201.96590102003196
193.74722993755896
4.013571449839049
194.19593126861378
209.69499714360808
116.80218768209615
170.70948336390975
351.64412568304334
8.90101848284356
207.81722138913676
133.6927844033
269.1710172043213
250.0517939937168
350.22169717441614
198.9285641363802
185.95650767357694
341.8714364881819
159.7137191994767
95.69693087755255
78.95037794984464
88.64918559422489
341.74908848446813
96.62716701851919
330.3445968598377
139.9070973171528
321.0126274236849
239.55003358662307
276.6509048669795
20.247422048656887
148.53117349863444
213.45347947639465
70.54951728282158
218.54389813759627
335.3145130510418
273.2352854767245
134.88679285422077
139.2825058975011
299.84761439904327
329.86857253499693
291.4735482151804
132.65689655883392
209.87403615008907
43.01813347168541
193.4530982878643
184.49003682786454
189.23771235270598
311.09580348779446
188.8433812740093
25.125875417162156
296.38915797674224
192.34692669420193
47.69403020535442
78.83450882499048
162.17427022676344
264.19539742327436
169.60709755072546
215.87574843175867
12.96678469813254
313.16514568187984
339.2595767098482
203.15582930124648
357.1153029753104
210.93744943849924
179.97980967573756
226.3210031504012
220.03259886372075
45.713996159279766
68.85093763990353
128.41321215783523
56.10676830700735
69.92313493176438
293.1043784712634
179.60498553300985
345.3161323610018
127.05999987505194
195.63808739436297
253.56462463359645
64.5503262622538
61.862192418319005
200.88958295335345
276.0649638657368
267.8046944823188
149.24405115979616
278.7058300330391
155.74843374286755
10.2965831814111
340.4290776541204
128.41019124989978
31.019743304398087
49.00487753933392
232.4289974326834
30.955609020860198
195.6682351049539
112.33035287370808
219.66996227931403
111.63395047847646
78.25354161185014
316.6409810541507
155.34725150816138
125.40977403542206
192.37057636274224
301.2692085052023
103.32533847175507
345.4858275552212
108.77340193054543
243.7731547965989
289.4467598687338
242.52432565150195
263.2881134605228
52.04615927161753
60.40584558785113
58.20730352508758
66.99699876634077
255.99762890469196
278.5050583709905
220.06281147204191
269.1157004673429
163.21985319872985
176.28248333179468
13.767338999657223
275.53279181656376
124.51367885043089
291.38240805696984
62.190281124784036
84.62698095760712
127.90141697650172
149.38520747621476
76.72117986224806
169.73070508840334
185.66408642895394
318.61788069495594
199.50115737198337
172.8477168322
327.6200988056409
144.79753268727566
145.281387762034
91.2827992366136
248.70760369747725
284.15210202822794
303.2786243939519
315.6139562545765
188.01257430631787
260.74319954758266
250.9226230719564
340.79783997265747
96.85189382618374
61.82029643003928
246.45476681463956
245.69211931879912
155.66811848989514
314.2266337363834
41.688482374589185
105.8459243082473
146.7091761812159
330.8350718023847
229.21837072534095
273.9252037108182
62.755492351667684
10.664337123559761
20.725419216347017
187.55747479623813
53.154737231030005
5.347722213215402
160.51670896470822
212.92094559459457
133.2384331290137
348.839401533426
99.02289201654943
72.40120510623697
335.24229932842036
324.23229012432915
212.21177602795618
22.98405802005459
345.13987678476826
76.20044071488813
193.9607337094944
24.17830777593366
343.64829988762307
102.1335249472279
73.90478467083922
33.97266241627043
208.66712123661387
276.8838796809651
315.389282472389
141.53262181826545
139.6007704875537
56.105397554735234
237.70246159843444
222.26867181627253
15.24101485296629
192.67850579275665
356.5857785082743
225.51822282052834
242.51698140610557
131.56334655974544
345.6016808040791
299.3642608347984
276.60707755936147
81.0457817568636
201.54094446500326
27.71243979710791
18.551649016837693
281.4304196815602
216.76534711714902
211.96313096884242
358.57306483512883
227.3846047341401
49.55390629678456
206.84806985944687
170.6443324851508
51.62695356509747
169.88130537512032
309.79938695582723
291.48150258077044
285.4544108475054
22.175730077485785
11.944588454641323
90.04394376538184
36.308082611867896
103.49978934794812
253.54863154206703
290.8761511731291
80.8000154642891
160.58847963648788
65.47600823434951
75.3494202050075
357.00132414294376
100.43352464099407
182.60272990291458
24.444667701372268
49.577726131368664
310.50544118606973
330.84048144627525
101.16148821862178
329.22806258028396
23.161819366176136
112.05293455105775
52.20510518888822
2.122629354642669
63.59593013083712
56.218953005950596
298.204707690206
118.90692077567539
286.1357239659624
179.45473444196645
305.1639213791966
115.40200964330774
188.0786723688735
309.9069260531897
323.20096367657015
164.82862322720706
264.7885550965262
213.64943522559858
35.76529034074103
83.20112460147134
58.511835129302675
132.36746534714075
65.65724339463152
184.28334972455744
3.3658568087159257
59.04481590354629
140.99597638502672
309.78500556242176
242.60303907393455
46.777194586037496
279.416476677601
66.4306082714396
70.73963093502296
56.16711596227807
264.9066609655323
10.793203293160134
340.3075844171419
199.79641074639378
321.8829946818578
14.291011253034881
256.1001187926473
70.64515389727103
170.40384349134607
68.93912155042115
93.15145034767271
307.8423459508252
243.62817815195436
71.70817953961041
45.21739869620641
92.63624334015981
25.972803397623007
138.7845314695571
27.06497663507541
327.24322175883583
275.6887849808087
310.2953547574859
128.3759133216664
320.87936245979387
335.07044794097936
14.355115721797462
178.59619143647322
121.66855485114333
114.40112841495949
359.5725069209248
318.88369353594044
245.6248430277674
195.1887322927455
185.37962947025858
86.13208539255294
178.00523912481464
350.2346011505205
148.2610844079783
235.60688287864764
198.8078748263625
57.19882701495843
125.26509669174614
336.3857476353857
38.14769688711382
203.89291008178785
78.70019413048554
224.87721755275084
21.66175817605676
228.61505253048486
63.302652651149224
357.15345670225554
91.30529266270926
102.11281022970608
349.7120727681037
236.83001636967933
190.77902672500585
16.570274435812053
139.02156747588705
0.47708787280137127
263.6338432667355
227.07158243197594
133.35831833429685
44.401904393151696
91.58794566499304
303.0081935113794
67.094168995752
55.25669027812757
238.33062102246876
290.0878036372178
116.73490817832828
119.47907637419803
57.06147283955784
188.82921201199593
121.43929028781875
291.6745452425784
175.61036741113386
290.86309039268355
344.90214630816826
29.603201802252165
115.34003391981962
29.58451183389408
35.7109873020045
165.21939729278017
4.714094798103114
250.67610165778737
275.92867981153495
283.4815554500542
168.9035868145029
304.83180734379636
284.9070109055606
193.47111499442562
99.67431338559129
91.01663313065295
74.91805886396138
301.4304471537662
55.36704355532065
148.18756982788915
140.87203441035584
8.371879233529539
41.254087002947664
39.093229286403805
351.2739971837535
292.46944525448026
136.5099926427943
159.69025360704734
20.025099967608302
164.71999126491528
163.99104519514503
159.45269796713558
2.7356354276274817
128.1448948924923
4.491492426637537
355.93777215663306
329.07630341760614
330.27854712677475
317.76295395978366
126.6304292088337
323.1068419107816
293.7195482467314
159.89445666475515
318.12918338784044
216.31326236710407
340.2595788685076
350.8904003411089
167.58496807865512
180.21693519822236
301.36011609976714
217.53441533167927
88.95245744188534
194.14512440453646
291.68330376202584
265.68359521546074
98.66297445331642
191.62557880439596
305.3169362120286
78.10580647236222
186.49456080987966
344.75355839469046
5.587811366933652
117.88776960834049
345.67947719081116
107.42003511447543
23.092086531129414
198.9337447051373
291.5743139804387
56.39297837777056
182.3673449551191
214.38763434025478
230.7299786775464
128.1366249125049
237.40606552203505
151.8833958521384
180.68955474033766
289.9947723617817
87.76344823968145
119.96503451717446
260.4590023355139
351.9204054194154
130.84608643816856
190.70092263920995
215.779777419694
112.84302128167323
120.76825198786122
66.90240602054729
34.10747882254118
195.36194390807088
145.1942764135923
163.47841814048618
310.34583211830045
324.30491490440215
337.5846615114975
302.4459694859101
101.94227355690177
142.48741196713215
1.2331781669437383
341.7486867538047
351.3426112040047
130.53096408056655
274.2689376442372
20.78808155933901
141.10665853935106
96.4506538982399
194.82780480234297
45.17129280672397
305.4917969085755
235.44714598438867
141.1479931126515
197.59068716385164
170.65518455612104
271.46598181218695
41.635539252420976
230.8278658821085
59.295322098241556
145.3657381943377
353.8845482135025
23.54229283355385
150.73095799300236
29.259450013762233
168.29117447224237
175.1409929632274
154.84838346399542
130.19333248072263
129.48067918476718
88.9497389118137
238.92397376520287
53.351790017963154
169.29404245738186
356.2464275829335
316.678750710161
176.64351306746877
293.15142686308394
335.17072319461454
218.04718997783135
208.60430638277813
232.22863316676836
69.70874140125332
176.24108180475147
179.94793763602564
162.31164274819193
286.0806947360666
208.39452509368613
147.67890045054853
270.4109865161861
304.9518200669767
302.6234128069627
93.71108836207073
326.0007224635857
37.3505912303294
284.6432813162019
99.99402406757196
200.39179542635958
359.8710971282894
266.73735505467175
255.8641614061983
7.866585689746127
11.692300372197494
261.5648760445175
153.03910778803598
114.4747911944483
167.42096913117555
131.14773266431519
150.88807514166984
125.59562147333203
65.81671462669958
186.7968079700599
143.3427971489542
41.914197338738106
282.9786322381983
22.02589278943806
125.76260807318852
329.57442596531206
125.85231187128899
275.6925400197774
123.32728454276999
151.8597969258384
28.044795149191046
267.85193511548044
358.0097731606188
170.18565085897117
283.4203945898234
335.5504150577309
2.136849771833394
341.5187986239744
55.88674390142108
183.86597592584135
210.81969069427916
347.5879540059354
194.27199310627046
32.69375441721925
170.13031296164158
44.75316432283072
231.91290182814978
238.77752884571782
112.84380671784274
131.76072604405599
209.67032607085065
337.2176201134113
14.022709566902012
56.16277730341246
82.82936581936207
11.897656332406575
25.951480232889597
44.15847821174839
196.69971872404162
17.4257327103491
334.5328798400127
158.26660509449812
109.08359697642038
287.04639719084184
62.493338330328775
265.792294248824
272.338727145185
60.18916615036103
243.20508053576785
117.24455669607241
333.7803225406995
201.58994538591378
144.9350386279673
333.40578147180616
105.69992540253071
141.26740033976048
124.93841697681913
130.70274679968102
263.6260404123288
179.75121240649872
179.95447454876108
75.67116277411692
220.59197939263254
173.92772911759573
207.35907799353416
156.1886286946192
88.9634504548303
17.24847671749086
56.71713090679033
206.39856383194333
186.20615049806898
217.43431195191928
225.86666476348822
194.9103561228658
260.78601031413734
195.26519120971926
252.63851926642897
13.096201356536568
356.8361788686599
0.4182867520716914
127.4954139331857
154.25940336406998
359.1727480962768
283.13772212490125
221.35852953229633
315.14114611540924
238.05145226962728
235.86072188493276
354.85435082480245
118.8809231391259
266.02651693700835
272.96419003103233
100.41081413908152
317.024653646782
143.25528089522305
147.95796289084075
283.8989212457483
129.22512942916612
323.90503259976356
153.6035042806606
19.26170087806837
78.9628962552073
242.04867707244992
55.02293583147931
180.96240975869915
52.59673175959486
22.86949409267953
6.481305393628202
228.86999043637093
38.1707971335198
1.5272935470904854
210.74094001558606
32.57268078080565
267.1968604881324
107.75692819656032
175.70876440577146
167.34728048463387
94.46553545133881
216.65933481931566
61.377827586312655
333.5090624554135
295.2587916285652
322.8935518504436
92.02292257209581
51.165247346320236
344.1540172227308
118.39644085748607
52.65804869181543
148.08902021773463
135.76497232382846
141.4907972809257
253.88520812549842
137.82088164427776
154.10085411596228
249.53409104974352
259.02738373646855
76.75053963080771
246.33942918666403
289.8517757302006
57.72102643485257
323.90246136005607
28.878975679888224
178.62336163626605
89.97207366765585
233.69776276387157
329.69666883013474
239.73828647809677
130.59450514312343
304.8262265095528
235.79188563927974
248.4057324921589
61.04395248442173
284.9452306502138
160.7820446922285
193.35556547799862
163.9599685127144
132.5435122255586
315.7949008083263
2.897818272688706
5.701390875364915
12.282134162566242
112.76562926830036
155.2597857207267
287.613170920416
326.4140520761705
154.55211413852572
188.4884538500281
242.19591427998864
123.300913134645
245.79959325630824
13.14669868121741
101.26109096206972
329.04788624247124
118.02101211463557
135.95517948889756
84.67781799563924
121.37793774443145
308.37952867535694
265.1415269492486
147.32860150301315
331.3141526578238
77.80892261098208
9.662451380664463
349.06887426369343
298.28544951017176
41.38073967531179
357.46225313592424
193.139457987302
339.2134018513924
134.30879667372406
132.0379596106469
353.78995493165854
44.77552784057953
284.19856663506056
192.9280133137642
273.4116272375842
241.62112966121575
218.5914752411349
51.38349013596989
141.24042218645124
193.17790785495333
127.81733943279592
144.41220824481903
11.724655035101627
175.97803678737822
232.8456168288489
124.60948343436458
159.42963865100538
49.86015891923299
75.19086126824236
348.94097222987534
222.96071994251338
132.8739872383017
180.51178305456523
358.62113662307166
347.6854604671583
312.02598549178333
158.55787293952932
197.80405233640877
92.44263527154669
64.90536046017391
46.24613854810562
64.72220814219011
80.50600181726851
89.80385689142156
103.42572295850935
81.02236528720248
195.89472819343803
104.43298995117762
259.40307648808977
153.13794551338125
46.344263731159685
287.41928843070826
80.4750949413997
230.90493488177134
254.9284390094151
294.5144524689236
130.20562076643418
242.7728536522431
150.70022705217085
291.85476636864445
248.41619059073452
241.38171664583155
245.91385418804848
100.78094761327934
194.37964456102458
186.34706136770956
90.79137873802463
310.96164515179737
258.9128819902063
130.5974662758978
187.1380501926653
57.62770289793852
152.1725815924136
314.2517946032062
95.52629475132919
263.01531182731543
263.36678733248056
277.570972722784
154.46425083812883
175.66934380082662
76.97329763437001
242.64339249706154
10.660529363576812
42.998789519337734
353.61704166613123
168.90104806368194
335.7994837492408
234.54317312780046
195.5039489701119
59.43435488001594
8.966977715810899
184.9002669018047
318.79330311086534
208.26785812458152
63.81317937186461
357.1435974657302
79.30010654856801
268.41724172042734
341.6002019756923
20.633317969073875
191.85656492005833
97.5954716707486
140.20893432489478
248.6074243482484
344.57439163042517
112.3578962436844
322.8625574802257
173.12196547723062
85.56109807502386
237.3004516914907
30.911032580240665
53.829509429730265
258.8835999631662
165.70476120627367
192.36626283078044
135.41882026020073
218.74812868934794
221.86403436004179
257.4789672123474
295.8642217748526
173.37955091175388
85.98755237271254
129.03239996284344
149.34146187092156
200.8138283003711
62.23306716057652
148.7726619627218
347.5382770286173
359.6940324296853
244.87087423356957
213.53874841253932
287.48236497458356
224.6847812296665
313.5940620843694
305.6968609220947
4.312835949566282
358.86360001119834
186.22458854628923
121.9061594101203
109.18255328001139
149.26412542340117
19.74905613653275
41.34173296608453
15.742255814063668
8.153551299806699
166.0175406862877
156.78890898276333
201.2073201107172
285.38617178938154
308.4413470538356
212.00409295557674
179.11130038757904
29.268666757040215
40.01049196911899
186.26892115780373
82.16286159685157
32.243769057282954
56.165026276915384
279.98817694011643
200.6530246576124
290.9929774429265
304.456063098133
63.801579345400974
314.96072468379384
238.7027223648412
233.28303554926393
312.48487820061115
53.34814404125146
275.92506429744367
11.612321348345883
273.4680658582129
336.36758096833887
222.81876448766647
193.56141491744594
135.96577285699505
99.21068015601685
103.78855796620486
241.93288663923283
211.8479720465196
170.41014193300913
95.21344736588621
60.13976893513707
189.36982370778458
221.46483131426433
275.96125556151014
4.484908710952134
192.2106933923544
227.14974155606237
92.80492014842636
269.0286258783143
155.27466472074025
176.62635776200648
69.15312810056844
36.756974920984
182.11264767566254
77.06629868537202
346.6072990940067
52.925400990914675
39.48415510143042
347.1984929451591
210.19950031708188
329.359594727727
49.71501162074823
225.21178644494466
123.26337378696725
346.2141208287564
13.383152191959178
346.7584299209927
35.35953088429375
38.163447004169726
111.22294925237833
232.24777997368972
172.47239277500674
213.73210067617387
73.15994733759527
193.62193234979824
110.19317393755935
333.7375936496595
350.05687523246894
6.416553887591186
4.534278872215896
141.03838476255612
219.71779240774927
147.07081508484168
260.9966871381918
49.88419073952002
118.58953661324382
116.24945368279359
16.16161423663393
322.0712132803882
279.4505589474573
197.5017684562542
171.59102535774016
34.504809046777645
140.2609281452015
189.66805895601698
317.0591781468649
309.4902991566159
168.23305730659467
106.91264869659312
233.37858386966207
84.09912717203194
62.37884290048569
92.43886035408822
321.12209638029407
117.03684504577593
253.57373420965456
55.589801841175166
60.830552667087964
210.86747016551263
282.22211115322744
287.42207727492627
306.35018707491486
148.49228614426062
209.64673380031812
163.9805880680811
49.09290143263374
144.7257034840581
339.3617311176663
172.7110099597473
74.17328525815776
313.77371783948155
35.057487746215
156.65179364064005
141.95985883972335
171.81611219306413
275.4723484976585
208.2506350221288
219.8560553829873
349.04785946781675
335.1450164116723
335.8962378575253
14.851176243536083
38.270710701194226
26.303216829412243
225.6402432086676
17.954945459416166
37.8323109297712
175.9753506975935
18.57889426017934
347.1816492224035
34.558927981375284
329.3507237245913
68.50294717455013
191.02831756332142
18.34907810653906
74.8171894103618
127.1074149226804
298.5916643297044
227.9329200519722
186.7517815716243
64.53279571982345
343.82651536672887
67.28705882957964
322.8234147521492
332.6286238172882
321.837895446866
55.41544458928833
335.3481093516975
24.975760197110986
204.22042165075462
32.51821524823713
97.6034902946157
77.4289093499545
228.3793788410299
90.10500820573334
99.92622899371857
229.96303565077355
225.8575644803028
245.93973901906944
339.0268084404371
107.21514389763654
10.873675575312447
20.488370196034857
2.129324495744461
104.7564572567177
43.864403579058916
268.8820406955478
259.66133272930455
300.77773562477023
66.74940315103431
84.05652340716158
69.47419128350275
351.6364460420289
244.94630952154617
6.078226998865355
220.02620461534474
220.5269866934606
85.08289693479246
145.14569202430064
207.56401409915668
62.298478674460576
25.557881412567575
260.7406767856595
235.08121752801986
329.9370081738883
350.08310185888274
345.5329648474145
155.82436937450666
220.93303830966005
268.5324722867766
249.1125129986082
103.57738727981393
170.72277565763164
335.85165691837085
314.49661629698517
344.2379832066182
300.31456721691205
141.96403500608164
299.40437559164695
95.7026826543366
61.92610276102056
183.45625227989743
44.21669570366007
333.58521516010643
291.0381783831596
257.7726787082077
175.88591338830045
334.4318570890144
300.938114986248
222.26975990646162
99.49392469363625
190.55639582759324
57.014532864374466
187.7406502726736
354.6888515400256
36.895093180965716
214.63893107538186
219.72488561751504
43.13207392309567
139.6522351880701
213.81175542768938
116.07943649190035
234.950554031503
151.35332488234624
60.89130817252919
111.70267218234119
319.9331398612597
322.66134688481395
172.7655549614168
166.86255965356963
291.7648378158254
92.88052149858768
91.29806242161696
71.17705962409913
214.58992687499824
293.495936978787
114.34769005317995
224.42231415279795
126.2590464967293
41.219886292607285
226.77320246118032
37.58866865481317
158.35714980430674
110.26893989103263
55.0333506159915
156.08977680182622
45.5299723041407
355.35769063322834
253.86088342043345
151.12573654918657
297.44773958426555
164.59533757936063
300.44415289777396
29.63917461819312
115.75305088330965
137.8805913741616
33.562260275640995
85.71173607980563
46.09979465918569
348.4965494783025
214.2766302254456
349.446140787782
13.321613086880962
205.94044585504327
320.0600470890775
44.94030278202668
187.69102707620036
255.00742438630775
22.73805563005705
336.30064931055864
200.66582184589927
181.25829086180636
348.5867453847437
278.82765770561133
332.34505257584436
266.46776015868915
349.10841718643667
167.59933616087318
43.67218438920794
175.52975954423604
161.9258120232407
33.26832639641531
320.2352133978774
353.329847363917
228.43390657070216
240.59961867165626
3.7823478118130027
137.86952374552183
205.02065792374876
171.25332473056545
354.81474435147425
157.46719307715318
139.29440898466927
291.5284971594175
102.0395209895207
313.71466902953983
175.80463227295698
209.01457457907227
194.62957708746262
138.70020831249604
336.91121006645216
288.13337948153656
321.9083392422836
260.8939261168586
302.43723910408
157.6004470924843
143.88510393729723
144.5986196327476
130.52864566418395
127.7223320815573
88.32435023085495
238.13693653696487
18.147557786243368
153.54105340092647
56.63588548591696
295.2215764379587
162.73349807314315
229.5815108090009
43.333106816523255
114.08206919460582
49.906814235476
270.2893393472375
224.44018343032099
359.93396408953015
343.65523120212856
162.32540659879413
41.757193450856775
155.44249351046466
232.85213745549103
277.14187307820185
80.28589900852614
57.896510043781554
168.2693464359105
294.41109243272217
321.1702012546469
107.521274750136
216.79011292859926
64.7514275570534
222.13378032785113
208.40543280913957
51.715385186296565
284.4886284240154
133.66786072692224
106.94129209051697
255.8232660018249
122.05701163552382
320.2972991953995
95.61217065398453
353.0413293875695
10.75368123461256
30.07962723648913
69.26290550234648
175.23008570326496
112.88499179044632
175.60094089891254
289.4018616681218
70.63156814707762
339.14399360282437
153.83045851382326
150.04184041775622
147.3448466197943
41.21913657085021
314.44880286166136
267.2707308927283
22.132854618434546
241.75723471563288
172.56938911565567
205.04721840797893
264.578700940596
157.87843071940435
324.3753943731821
198.4930205424166
170.3834318091821
275.85880553738286
267.39416117877033
264.65909663648193
332.93201659403934
156.24878982626217
115.84512772533154
89.76491555772756
77.42590059940554
5.91196194548941
176.68633392788027
231.905171129426
171.42147709128116
355.999510731314
68.01417020124225
283.4681459141426
235.49425411374992
245.88141062304658
65.21663757934807
354.9220385046896
24.079486462848855
168.00698136687407
50.65786741670241
77.94948331503466
150.19419495543082
243.02758570293483
124.46952297801667
358.3646856508373
279.4592844676666
62.573677093407746
135.71891642118732
136.2446798978442
203.15528256647727
247.87842405611167
66.81646090542677
78.32982293853384
30.59397328760847
127.85381333388823
268.88288662115
140.43898475689753
8.830558471586166
243.78825164236133
202.6937507286643
308.70659814257107
331.24245906389467
309.5461961531492
49.47759777147848
109.38511947145194
317.95471744814773
317.7650044877539
255.9068023449214
28.22583695803344
132.540154460892
277.1144768994304
13.304777826018604
93.93055461686446
101.34359190641673
231.55265091102788
138.8438421426192
176.55158732037455
129.97875727006723
295.558016043773
323.5515453389096
247.6665726481282
260.25832810307486
30.21531789849258
134.2638708870162
169.33612355091066
288.56511593981406
304.7948896163941
350.9788268163548
43.56353258806971
342.6009446564856
199.5849637564575
0.9246805449912145
302.2873476432118
186.23813345943518
92.84976106048622
95.03729320351145
359.3995458032595
208.1980317479285
20.965461820272292
195.3182542955997
178.12622395026582
261.99273009319825
181.1577348151569
192.0946898573985
3.340513139327604
133.97856145404597
216.0600143710681
331.01222278041655
40.369117990494864
207.99982850249995
209.71686739174302
277.7514592073755
73.8955419030098
158.21244594061412
215.50031970250902
111.43707419748692
227.46725290972495
341.00949078562047
26.00152138111483
56.4588027093378
266.21565268753585
64.24977500577879
92.8717761860118
267.15779168514877
338.2145174899578
294.61857724575407
77.00044131208156
214.37174479189312
158.60968229232247
172.92754047571566
168.76363703825095
145.77782884558104
138.93522595226105
334.2782312279872
96.14271930843411
72.1608898196231
146.81873208391588
334.86288812673644
255.0863592555377
248.95877122184734
105.75523544901776
187.35327225881156
192.61701220196653
298.14538434576747
223.899426501807
308.8711603089291
178.36752779637808
131.19166648947052
298.55435086217426
107.20113186256158
217.72488936059645
262.6657240749066
272.23315102291923
37.8002384955412
160.96443237999577
278.4576385549573
105.02369444851803
96.0848167832532
167.144284637096
5.887178140776845
6.563236075316011
102.36887877858945
116.33664483526861
289.4201412331684
349.4055497726005
193.03611629722684
283.24958849542867
149.97551510106902
272.85069063267343
120.12447934924441
277.838616051457
337.3422570419332
264.6118282244999
178.44407851858955
229.4069235705436
113.01520009733859
174.4433381061402
337.18144392524914
191.91144290537426
5.1433191165293115
117.15368483807337
259.12908931654397
344.48096694957655
333.40512370031314
140.20713083354548
143.97592348422705
188.92028587993548
120.08218113602145
207.68383911825765
77.18644203419167
298.5206419427557
28.778758687051624
19.75487703356708
196.61207217698995
317.49128634019377
54.35938726843616
235.9599191735214
91.30501771146639
36.93552212505983
32.77009319605781
126.28148765307076
161.03278769242868
175.8848978077451
161.5023825457598
56.652250074158296
255.0146974065053
173.28144975671628
261.29067194999385
39.64810440724683
225.52486450275453
65.95542600736545
212.02596066957258
325.5907662304037
288.6008739022831
351.33535825647857
212.7129683005953
162.16289827599854
0.4766900645862295
198.0883520067399
356.95740279124595
113.15991039612493
284.478710193192
186.0522560398715
94.91089762139477
14.429188901717142
120.70710752584709
316.4001988950989
174.96374448106263
8.073911204326352
62.06534758978593
241.54210335539867
218.83451409133778
46.53744867556846
354.6383228912673
314.10083478416783
74.35995838797857
195.4556732129697
53.99315598328873
119.289945396084
258.0397158308934
197.3482618367781
149.62681965356526
126.09862547034894
12.731137556764274
155.34666786905382
110.27716643833952
19.402553401871767
85.45040290909967
37.99435621278709
34.762049826994094
192.60493453746537
38.96542753984366
143.62110719617164
223.544783710096
179.59663853513976
94.3556767112945
73.07748064479568
190.0115881343385
264.5407576291628
216.49805264447483
47.83105604998223
154.45880852088493
228.6465190339141
157.7268975483366
142.71979189226394
206.7149295314673
309.1542354826074
200.96883768362005
285.57024448214594
164.1636224237462
171.0083936562064
344.15950608210244
261.72951699632415
155.3237573580935
125.2034643784233
46.47761849933672
185.94670738180966
27.86525415332276
189.0799193586703
353.0075156227693
243.75247117326455
346.4560588746691
246.70649797504177
261.20542974224486
124.9307934132216
254.13482737748944
155.43593837555616
11.574056673066652
350.67649954043856
341.0145309623388
192.04310011070905
312.92237510253517
325.86767138958317
116.07792374187244
97.77567626831127
127.58777121269068
5.698331066346594
294.71382320736717
124.69691831113597
330.91109827511707
185.63579661992057
336.7058724948587
98.72385809155018
32.297071141964764
294.37706802805116
112.46680757605543
61.30608434884342
161.71453988239546
195.63410351494224
20.187495449908486
324.67653509659465
116.98478368530517
345.7159945061356
272.0672184057222
167.43799577950458
326.6634908705241
213.21023069314856
244.07141865641304
97.91245368622127
127.70855251904975
321.4225192381924
63.76972447792381
86.64928742680243
342.92247348239107
9.45456760167345
175.41758260713468
323.37545967296967
62.718295998612305
258.3832590346062
17.984356482715413
159.92957236465494
188.1361525084636
225.30633625833542
131.6525069003602
280.5411787585527
15.899374104966839
296.2993772438663
182.77369283168673
193.36835687923468
212.43323050477704
284.68996819484454
287.03343259438134
235.49085598327227
151.51014151971643
324.3545490686506
256.332771116836
145.4121478117703
200.57691385628706
193.7784207234764
293.6252397709671
96.96424609093367
70.19732508872681
127.1324106515696
274.8486179844164
323.30440167635993
5.199457039918974
81.89500111671991
123.64460385283056
176.80658123562947
293.27764202547127
165.65583742410138
262.07668455853354
39.93987692085327
143.11430070359114
165.13485917789552
98.99929165727524
106.00790737532115
158.9334287296887
120.30820701469682
50.36605777838067
273.7386861555121
97.39994212090936
291.68784688945334
264.60123556103946
301.28706174856023
193.63385229742713
281.9684035843727
179.90666859082557
228.1671839798841
59.29738791423156
266.9745569909402
191.8883605231183
220.63712857026596
80.81112298112447
289.01839143633833
4.447090277791494
70.3331489632653
287.0558593411037
243.25841820891074
166.85172216986487
347.31179857400593
1.814322582796329
176.16396939687473
222.79074989527302
1.1412766731336237
85.7838713223659
198.36170005576994
30.45876954267125
138.39134888695287
161.4364472038409
48.23238871108507
170.59594401929937
245.67187144586956
349.8770872279024
202.7671929570573
92.29428009872042
259.60939487860384
15.231529512030797
251.04507817637025
323.6651814129367
227.76145314041352
348.0106671417348
46.509057621275836
239.941090060569
115.44142885293988
131.9884729657292
295.1939235809512
302.5935421577132
30.516943687006126
77.23858301732064
248.518131584596
105.5435902220409
219.46714451090497
38.77956458582389
144.81292132646968
79.03242269180015
110.40749176287558
166.18070256862964
192.36775322433743
208.81768154181108
270.17770896158174
347.7528557540184
287.288058647756
309.15908397110775
233.09908974927043
329.18456222299454
89.9656168863227
337.71950476137533
126.72267593623933
131.9755594335981
233.95157513221935
59.41993553838312
95.02703642158772
5.376118957516624
178.57876443143323
238.1584526421906
142.23003900535758
2.484786295981961
202.83828089540728
147.750813475981
83.30921348488617
76.78474981422995
269.36562062148073
138.89881022281816
141.45927561645743
315.38681715476173
168.88204487479064
125.70807825307816
274.2213807810412
299.50527813058443
77.12331974659605
230.68535507508597
117.66719017733733
41.33388389770231
68.51170802298667
6.105255175422328
310.7592772337198
38.00407374440867
39.64910915649333
327.5828540695717
78.53549779504603
257.46310582577456
27.70623617042471
301.77013348177326
211.7283580293691
30.7628441924473
240.6254260413083
20.08423328962327
149.28271869857846
130.95524227258463
317.561001810747
304.3346605151264
264.09352222318415
125.61632835829978
310.5167929381179
336.274989195903
284.9765054357516
324.6417324258673
286.4484221502743
336.8470283982709
45.57145127835131
223.0729116928737
150.32744920867563
254.32184570847693
261.9592310727436
19.859134066067863
322.24344019530025
180.1539106140545
129.79416535650734
265.1621741991945
156.63965923694252
56.81020055638184
81.34187107874398
105.57884108661145
5.732667447802059
339.4229563885791
180.20713538396643
86.05679753710596
164.41634655640388
129.6930772279372
255.53360640164985
108.8123091293306
320.3238676694468
308.3632835034334
192.00650226441766
107.42972972696181
281.6038320044501
122.45744010771801
27.20219922295933
286.09947771847567
354.00107487706816
104.93569858977463
173.21182559531027
109.05052871191569
300.5152223302219
134.83591929511428
11.848978865730706
5.618042321828255
314.74568809013675
156.4366932372763
14.95209119016772
171.23955503133496
128.1532576705135
163.16792115675003
143.66584742744323
124.73354110015883
58.385275368770316
182.07387020871312
150.0931604263037
205.00098987390072
352.03904503515656
125.43373273840976
40.56494421846327
336.61011455394004
239.8966667422024
10.211951807517783
204.3342922959217
242.5555954785443
207.6794659351801
307.27791838876914
37.45216885685425
78.66526011875663
267.9522527209803
207.15852944103764
77.23492879088433
163.7392831841977
215.2377258114774
323.3913902452332
246.00575300026082
88.83137137739892
320.6899250863021
40.56268808113679
101.98065588237404
3.002231210575365
287.2354922620273
170.8396321650935
261.3603888913398
54.25407010354501
26.093659310204664
162.1880241956956
234.23359312724406
231.18743397050483
223.16907658634562
150.41207859466564
40.96007215695078
29.94651050645442
159.73870308020906
59.38949124098513
330.81662941915744
24.339182662944786
57.57760913846903
357.90669614515633
151.87213003917486
262.19482887271647
215.04890069087514
191.30540298428738
280.2058919623884
168.88067250907235
160.89992139979776
230.30861042825066
287.67714757275456
351.40578359046054
134.80546823828678
288.12993479076573
82.76351755256424
142.07389217779206
24.70113348807914
195.12896601085734
10.555787484660906
246.462715561596
127.86130003242164
153.14050941953386
190.8453232932747
227.72857862897197
354.6290123976742
43.85562340820759
202.9902991731399
117.47714655800357
241.7044343560546
70.97793875782726
99.60949384207083
107.89133042742462
355.2825380925663
129.4051556120538
330.7184602899933
166.04959903288807
260.0659365585971
200.08851791792637
142.7568995942876
92.93018879614282
135.52344236490376
179.97204039589144
13.340633704170658
352.11795101564456
276.13960212620793
97.25084455417982
226.4720981069208
5.12395764906074
64.9057120857972
112.89599313397811
150.43458660601414
200.07160147889542
296.1581046500847
111.13928350676741
40.10866524733537
40.36637782226996
334.5625976575899
50.255149116711735
207.32084924381724
353.1909739240285
243.7078757013472
303.5920184329035
276.3401902591479
164.92114563823688
285.93717993156923
106.48731388141256
207.46665475913912
338.2437439305602
218.09359290686277
304.73228387888344
219.02933097557604
181.6360988359189
305.4889981379282
113.84416246515332
150.72037544332613
51.22015331342619
204.56310146292103
299.5037356488564
104.54903893305925
245.08974394214096
326.62123222136023
74.6712916596038
145.1870132894859
16.758037473465073
134.24695185825314
194.29246315874545
348.1422571192161
124.87573679897197
5.3841470734042645
330.1638892207775
106.70846922653011
263.1665993176076
180.7652812563758
69.97818855261912
178.7749487083239
285.91446274456104
343.37495494008755
268.81942963806574
229.64411687639205
8.517354364584026
306.18268325959116
290.5012722902641
264.59015200817436
18.04104839681526
201.34945960723113
318.14890413314
6.625696776949757
73.98067631395664
254.0211525567082
257.52726740745845
221.05651225737333
307.60948631114695
78.06944463292926
323.7633166819891
342.89070615096193
355.58742724263846
57.81055096780358
141.8650155713443
36.917118534352056
3.110245328772354
9.763155075526795
94.91250406450712
57.34465113644692
259.14752061450184
322.31563555584273
291.45480480135416
274.3225081810224
339.53472983307176
317.99409917015487
19.552188437535623
214.88223858441282
92.26258865872916
99.92936832331368
133.6679970704365
323.5597528869082
353.876520928513
60.35700380291632
45.55088496745287
249.46684515755382
16.710678064343817
225.38526196947643
145.68904145930682
68.3092094097901
264.2495816785856
298.44083922303753
284.43596844733827
178.23923855194602
292.90989630417994
329.0481790920189
172.86569865493567
133.59625406982144
328.55594726741714
137.80384973679512
33.9601520193266
232.15800312700256
64.21130746201395
34.91374758209698
11.695328109029072
274.1811992937021
122.49465842982065
200.53631530135536
213.66822345494828
127.52906330751155
278.4644372213354
289.04560170021534
2.171198714673496
131.01969365456958
140.71022099047678
126.53210494411896
300.1072223523368
269.0324691299419
116.28710897370033
153.99625196585967
210.541271245271
330.2737165519879
261.6850763260149
207.92060794175148
145.6164176885764
213.2567343014408
317.45807971032895
232.33516459511924
341.86877107645114
315.84704936908366
354.38220055322904
248.25441030479652
140.5591248113363
201.66508035313646
93.70086362532234
167.1503146398662
210.41164408818605
177.86938627105138
336.9073145021874
64.5233250171024
326.2247669304315
146.8404559266965
261.9263332083002
120.56003307633385
123.47762609909763
257.62535558701046
87.87046969195515
39.384028434989915
44.5787745726823
240.47337517533748
177.18204574628524
1.3797076886223445
229.1339033146764
201.7815688098949
356.8292227692656
101.71574912922087
143.24293085519878
172.446278718727
149.20888357547338
103.85367050476634
21.706272952551963
60.901823219263
176.74968009998878
338.0494758968958
0.2356311824253111
70.63957105389089
43.18410206715392
150.83252585218415
324.98216818491966
257.1105179626167
268.74213119256547
198.48527379396978
171.44065833726364
301.25602818400233
114.45881754630274
2.6591417451233874
151.96088659714064
188.02283764150656
272.42228551741925
288.6611417776924
19.111613336247505
110.3006953863741
58.74603245605381
18.005405413702874
261.70663657553445
273.1202328782541
39.6617637505188
126.99404924329934
264.6415144010012
12.489287999252626
165.56410933091664
13.029098011796538
240.8113949503379
237.80611869975723
15.77566124337087
270.4506386592996
180.72160746627165
334.2625435836023
167.0299274820474
117.99169452213586
320.49306332854917
316.46609464675487
18.82887876801892
221.83892248338248
248.42396734075172
102.38083391319495
319.3339752885311
340.5649145861738
38.51791582906458
14.300276174188784
296.1922706935623
154.59981005832117
330.0786126375037
145.24684323765993
38.92004814759783
292.8807497903439
129.11629809744795
322.0933728553284
162.13956143313203
294.55560768469263
142.91025536266267
330.21172145985014
249.49429925160513
190.83850798065177
315.0701950676724
97.19366413753231
322.6031666015992
13.531051871860708
120.32187957137893
297.40099523803167
61.992219672473915
81.50582103315874
284.0621749143006
314.8745065835713
70.27510096868758
155.04371834643482
275.92134348917625
149.85515451053433
182.15297239055076
102.06721550725771
213.48477735199268
126.32771229497497
258.7272403238038
59.099133940364446
216.75055497135082
70.56832376934503
210.3482438895398
38.55199258188403
179.07563644448476
125.29125404100128
320.4332067870876
142.45587391556876
359.7648690569561
128.0108338443892
349.6554352157145
335.5610664497554
297.44354377301835
128.27218845001977
47.460993159620756
107.89480512607885
214.11914541239798
312.6917975654186
314.79759938718064
198.22341958742226
274.7707338480149
46.8105083984742
138.55508134029463
339.9312226869691
353.87837258393233
301.787173191544
225.55079396092796
251.01086038276057
42.57530617210702
18.598285342470533
272.4024204909149
131.0680182096883
95.67050122337662
149.32192356234043
159.16050632978505
55.97681975464392
155.4662763630531
41.353300483685636
236.74995100301973
253.5805357959387
349.4828185168955
45.61359092780997
346.99943728354356
256.909873243224
148.73980690871673
41.18416917390554
149.98568932308547
169.49671095348143
280.5357471553004
16.055300856438727
163.41683322164604
218.72120989496148
288.92462979596365
331.9618884899674
98.99775440423205
38.47685590002753
80.31088635465451
64.42781618438762
36.0918438305779
144.12188309281677
6.58611274856635
227.41266334841777
313.77243543399317
276.9062495287434
226.3029688565819
47.09388073117049
189.71211436860258
114.86794711361314
148.0328831723418
3.6628748244887466
95.6078130005035
270.99625204142365
78.44623992170966
21.052873857624984
197.04786288644002
137.13613742534557
57.560203959833444
180.5514715137001
23.71696506763084
154.63286590981446
356.2646431373858
130.8598536269023
281.23435003306446
116.65040806768909
239.61155896584322
219.12469456219983
163.4464740340295
326.8878391699615
262.9338714205043
114.87799017147965
33.29678402456085
56.49612675747405
174.28908055832318
40.292995853352934
117.26752763609768
256.2478681559814
242.87378411106562
158.88984751192376
158.54213018474258
274.6629911292169
197.28058347720835
75.52158669865028
334.3896220726448
103.09641479907312
214.44595199073183
214.81798530422228
116.82744731037417
29.005636605693574
228.59397953278588
358.2834644102182
104.47269877466144
248.11072781812692
344.7339129383989
334.04469638276356
68.84487096170471
62.285085046517445
245.5002481121311
84.24351146041434
54.747435169022204
117.35170569232601
203.01298446160712
154.00765238027088
70.39382897664316
20.74302227087805
154.87805779094904
143.54866008210183
231.51041910980183
170.8600871076371
105.40293096654067
257.07109518417104
327.74287464891216
129.62053207828902
114.47772172641797
77.80145275905691
66.00312971309873
248.148284614455
73.76717901686415
335.9715500890579
161.17369676593904
335.34138784559616
69.04822196848016
250.26080324050398
357.5640841528038
38.655153241485024
357.92225130533086
335.12871653021335
255.3276298296743
259.7490477751857
39.947777173505656
41.425070578644196
211.41753667193555
319.18262091611393
133.27852908732658
289.61687703668974
144.57782063302122
250.05122048728433
33.904131051706024
25.50875845441123
346.5871995361598
327.65363835754886
318.7722970659454
203.96248972504753
132.97068963328212
232.69915530653446
200.3474918553656
300.18225004851973
37.55550487281585
106.02027111075684
115.23620059247585
349.5345529084341
271.2801957456693
41.8294047260376
353.7371840924065
286.0629490638889
102.55010341694265
58.27699222303892
114.219830704592
281.6424861186708
141.5511388510599
294.64113377593475
47.468538046878635
112.8819639470587
285.10208544000585
161.83197050972257
179.06409051167213
328.6047452571791
264.0555086540676
237.02730430042527
41.969478053609905
9.377563815769658
118.2201884690096
209.0328903684084
78.03815864066269
170.70397262563347
120.93097524923184
87.66505485328025
310.5258013997811
249.72056468153903
71.29015634867794
41.10328874876267
142.78944410611766
348.1759435914382
39.68884313963709
206.56927345329572
109.17005819607942
138.1393892720194
30.351496238157257
318.743812751754
202.97960237694036
209.75544162032088
265.10548336422903
50.531091673101955
46.31965394999916
251.24962409086316
300.10412199996455
196.45792149489955
218.5477078162745
72.15244098877574
320.4278991482743
242.75241903603765
359.91201586423597
325.9524888129095
346.9931869087746
351.1403279303827
82.73368695690188
91.91193103158595
189.2919790363347
95.46228736816893
58.461430072391515
222.1353395497719
282.43912517636306
24.258670864638663
346.4521550445604
165.24416076526094
152.55191784382967
16.148453575041756
40.36514352737348
173.4610862608707
196.48663507426718
156.60714813155175
112.09290529763533
326.9989075097988
280.72291209467846
305.1774072939965
255.206073095738
200.9511032201218
212.7735716334834
173.47962348690905
253.1182432941647
244.96797159686867
149.7824703425351
247.5714022940997
182.03119711246563
108.36512900607185
303.91696170154506
44.27724236905071
18.149541618523475
190.95677462364063
195.98610265972718
294.37107458436685
309.62197912058673
139.2800135213062
289.2178626882227
36.765442778118256
49.987112496018106
238.62410118049738
138.79015076273407
105.18054625021126
76.30344974845958
216.2052118075189
284.31529303352085
20.6456678643705
148.7907106778674
218.63068635676962
191.38736558798607
343.91583417527966
7.11420706518022
158.56176103334656
241.8694932376434
18.44038982533575
249.67181695114948
178.0263745795044
79.15739903097098
162.30438412420278
212.69755151087082
176.48697044606993
359.2276326284805
120.52198601864806
268.44647101824995
136.25632029378636
306.6392574413074
177.10975303177614
137.9449619758592
230.19646862333957
228.29726694298932
348.06142637205124
139.56766291021887
354.448380750354
220.1261255567009
247.21853988482147
34.713861480221055
145.21837118271816
123.8796494599219
195.23096859655806
311.33975096205995
352.8922582848287
50.45963963020132
160.2581781976916
339.56961779895806
118.91131509847077
233.652102878608
52.945284460841386
304.50342612605357
310.8141289674412
292.4429507038237
287.12664917265494
196.67480525465868
135.0356306570061
336.68936020873116
90.83763034353673
1.511865741587805
270.1976056488809
336.47971455500783
281.2629851923437
270.7292964577061
152.29273820105035
263.1211678050759
178.16794581612118
78.91268526970106
6.520569323782786
68.119334182429
189.7512782020753
315.5281619099995
89.17894458698532
82.43845600223351
187.1311482409768
25.64865000713292
267.5853829705262
37.2625312338889
139.21976161559186
45.71603131611214
139.7252878886004
152.53086742247464
144.47357258159965
325.17286995773924
251.02912343130336
32.99793994467747
329.1761697719272
264.224913529127
309.26978773977453
331.1570345031767
194.45374844047367
275.08823861854245
142.67643054139168
202.04984764027293
87.08689297575869
80.40312231982244
181.5994260905377
281.92683208937865
215.51577927397975
249.40817484573196
131.45720807615373
331.55088213177004
202.27208350134438
38.3324055608084
159.770492697587
52.419342196492245
213.84134977742391
20.788603174710858
284.77744845671714
307.7798691607353
30.851995521101713
329.05118593504716
203.20452837638896
274.7376836193907
357.282417134603
88.95595281554405
31.820510744242146
346.53792341810026
241.2001892449593
46.62195104470414
314.1244300577428
23.289722801731642
35.15579159881979
193.62466887316475
286.2392202023747
221.35716770842737
245.15047334144305
131.55293597117532
338.97609415378497
296.03061423678764
295.22495072177276
302.3475301468383
183.1985954527338
244.27118507814396
359.7187040428445
260.469821262647
66.02375704775964
223.8148573246702
50.192401317210376
310.11406399377597
211.21039520063627
143.59007709754627
66.8244340513409
96.485274779347
21.810747264306467
112.5155793058267
58.84225601122913
198.63695827754302
159.48192704022387
38.381897932991684
133.3060307075193
242.65353887463525
117.20584773475193
319.7787126597497
215.27226159177002
282.8168102270217
31.346383560688203
189.38526601619054
290.4342160997136
355.3891962715566
237.89985089382728
273.52788619663943
169.4747210457716
267.40152265951593
43.92507143805933
219.2572447786718
185.2366280369146
194.4146896376462
215.85646921827353
311.61694509753505
81.13936886081692
238.5701170193079
305.5082140663158
270.0184512602709
137.74853955316482
26.542769365431866
188.39298507958677
205.33383731794882
91.89639652016578
19.731204376095082
177.41087143293498
113.10389868821129
91.8399406692021
210.85862236019457
35.179997782663634
317.8988184598217
265.67503580783284
348.1012759351029
255.66665359318358
15.444324370453437
24.522289544862318
309.0246247750434
117.32035771639427
162.41687567273829
290.1148977525634
146.59666613035301
277.97068343058527
323.8163987451479
232.6543417894378
16.16574426641722
352.7748277431645
48.74655999993482
347.34007256662596
191.3093944870003
117.64016408246351
211.72568645562706
253.67608574614204
40.055903049817076
58.171024860497866
188.9935689094914
180.20384300658938
95.52965989193005
287.12112566915226
302.8035981496486
214.98412792648125
197.06045192080802
164.34490663190564
338.61258065099156
77.33890483030633
264.17568679319504
254.99935033272214
76.85011921048172
275.4255358759865
0.5014199988413143
90.5873360546037
359.8738729012549
263.236804980877
277.3942085977573
216.37579830124835
2.789675640186554
53.19244966823503
340.13302596457453
150.65354561045172
266.5545879766818
18.59762755302924
342.7588563514414
150.6237522732414
333.00566419629683
127.9870291125948
66.20775835922196
308.889391444299
172.92034492407376
200.64969548996555
41.75679341325612
160.7251785686604
275.8015916627186
142.42097363355862
129.21889404852132
91.39667601730217
275.42203396354074
184.56821689586553
95.54219538425423
166.56876417099113
320.4844847240166
116.06664780927503
218.79600440257622
148.299053135769
261.7195341607245
120.05012886949326
201.01678971812225
320.96770050237393
323.2366258863542
275.69663514369364
256.8285979099198
262.2955740960368
14.906656470815793
173.4989892489915
176.39529458232343
293.48712603302886
67.05807383134383
210.00988949358373
3.742216250517477
266.6131242562843
104.18460590119093
193.45006280121757
183.09324829684945
306.9740712891301
304.92262338220934
138.77509723192526
191.6978615625808
345.559835277147
183.9384688318907
288.8206112125586
159.2262444785267
324.5395685280334
110.00377907366027
98.73803370659849
20.175239162689618
338.0679154020851
229.39142340450218
194.44135314430608
50.00035209128226
40.66925412109883
37.39513431139518
180.12235214027922
248.66656929962883
314.23505743259244
16.484657630581097
212.04920096347792
131.63689417125653
184.45281264606783
262.65902409364696
133.26874177370124
80.34558104919182
193.13986938841833
35.859965612761634
301.1075458024728
279.5157691010574
127.30414200464661
94.595353111459
270.2458595284485
129.2564576279412
305.8330981080187
191.75770669681967
263.156903700978
269.80869691312535
334.7820970868365
57.55535986443942
188.41528861720096
95.03036145437798
91.06424622381337
356.47466744785925
312.6720578983235
358.5624777620162
203.32170861253448
327.7120973967223
83.09372142825899
264.8548274896562
178.45436085047479
82.6506898289959
87.71347660975289
323.0004669830578
345.6676644270927
167.6484154780138
319.21738857912385
179.60144894850916
194.14472045479852
204.7564675958479
343.0414856842377
268.78653236058216
347.0265257307382
10.872665835891391
330.5392136271115
244.21830926511439
98.61079795556729
353.5141851783963
63.62900733934496
260.53014962274887
154.61777853391027
307.6746365351249
322.7999770933658
15.373096719363568
275.32819248609434
313.1175300912382
316.56596859688995
356.48753340195424
24.6008573981335
201.46009875369197
129.70396046221876
173.70725010395714
247.8285124575295
76.82815149838243
291.7547074398596
10.063210938202642
255.93170404789086
354.55270005311894
41.78672205935991
64.00760414849657
156.0912295069199
265.72282725321224
214.34508725888386
90.38896674187276
199.74377406891833
348.1493459336559
120.36262565482879
335.0355471005448
62.599334168276386
244.787845724223
291.099527289841
48.597957061122585
118.18923057723777
178.8178293778506
119.1943078760681
275.5182431086564
12.576093128980666
109.90437344390787
353.10889596838337
66.65121310386675
113.70027264703371
203.04214572557453
112.69887088801639
346.6754593287786
110.35787046796318
128.21145689776978
49.60080304783419
32.200415204887484
341.3324286867669
75.11999638791211
213.6749783776333
357.0050179679807
237.929128676478
162.7970735350386
118.75694481748103
136.0595738422942
70.66933097531927
354.5355699743868
163.95154037745283
130.81323990117139
24.385150979761143
136.72206744999693
47.491785816632955
147.74547660048194
298.60732033251395
131.64741322445818
327.78065358816343
244.91289521476466
97.07655777032808
255.5748159000836
47.09968740788285
290.47509605533827
161.8749993845435
112.54544301583154
338.77090533549404
223.866851490115
72.88294782306465
172.66863187224988
16.158722442545027
106.82341665483816
236.74474901873546
244.14232278080226
185.6210775485712
247.89157406240184
162.63126991984055
271.15294354928
54.40512440456317
220.8708494707448
25.641438925224346
291.41066862145607
193.1206061566211
61.03967311014836
291.3086170325382
348.8775504876455
305.1593364179398
240.99321376518694
261.24698068190315
96.78013561343545
287.7287969543144
37.410258402719265
2.7203452931125587
43.905991040584276
168.31813354219145
23.477225637664265
18.847788727615097
141.0185597169587
46.687657398041175
281.75994425024317
23.44455014877371
131.15283774003296
290.54089300828747
328.1041466031789
7.26547949267379
272.28938967941076
179.9174380559717
354.9998305065392
279.3077071435989
181.55928165514166
147.10135019719272
64.86210773189988
221.5508801229196
158.44034918274883
87.68683485889854
147.8814621323334
259.485180790563
183.53007282291205
234.57147743516438
210.7334818066713
284.79323598009296
214.35988143308649
295.5080451119452
255.05812833222038
248.56178746901702
31.331473095311356
9.766570599210022
237.66381955909486
3.100492021571025
143.99545926105088
31.01474213420301
247.41722717595977
1.2895862012194268
194.44494713142893
100.2564616034223
286.6098616015836
190.81552258038806
263.52694553986316
123.4491687916808
190.35051221825114
158.60581596054809
222.57126970159328
29.36060311164889
213.4418090293825
25.142313482343546
315.2005927185658
114.17799739298749
40.17401338765488
165.13395800947393
211.26411701557726
203.4625348148498
222.6302514422936
202.70712819836425
335.1789309961658
288.16253909876224
46.931153538502805
298.4741205180027
231.3673439738303
4.297077705407567
211.38625297728018
85.27664981383634
166.58021183530718
251.42330967318858
272.7531080983128
266.69805762990484
332.45608758052566
309.94027241567846
320.00721368447245
253.64734267778172
3.6456567041793804
236.02913044331945
137.92145656433024
139.1889594132168
223.01137541060453
227.06224330806626
127.05715920551006
6.920000887993597
210.4742460684799
213.22538491860615
316.51173633795094
156.1868517979178
293.5417261218591
285.62194640374037
233.74839569430543
198.0464791309428
133.12487265794138
120.44934114863455
147.49864124320243
139.89273091373985
17.511210427260853
284.0627164277279
177.7566984045795
351.77677981324075
198.84669013780194
276.72448061338224
325.6830393236105
243.7075815633978
237.20890187387175
246.45464884275268
98.63912072479921
354.7274465219201
47.82378694457221
82.734923756907
134.64170959443322
205.79224568730416
349.3369616098526
288.1758541832941
256.1465870680676
147.77966201515187
111.98485709135095
351.8799696410754
192.50386065019902
98.82583356004355
288.62417153370285
223.35559637982976
209.5035173354181
307.5679174069299
118.46877354237542
263.7249542436858
130.18943595135264
51.73186916366923
226.54596568362643
259.12485692675983
46.765885518217644
258.8479873533453
357.16278613555323
78.74842041754258
313.14956277442633
317.59656295123955
174.05692711687388
261.3235968854828
101.9036157522372
315.23739128376826
251.84732145831603
222.52133698549525
49.739287007467944
4.462162921169812
336.22583234318586
255.94492667419402
117.23481909940946
86.56251465447339
306.1279431236661
42.36232319955217
204.50921229059918
185.2872289010816
180.57155138461596
174.82360724265047
113.01467872970152
186.57525934445366
349.6699238171365
19.45688299885917
318.76219492103735
163.31043948812354
151.75403392960453
265.6778684168967
238.8748702006115
113.9875257202136
24.473401245431646
180.3910075337954
160.65039538950575
323.90064962219435
15.725773401327288
107.55400433739237
134.910990760182
300.3758468797604
244.1603444791595
265.7396270320189
132.15775295769876
111.48028926502623
170.01537081716359
136.33106389547436
315.8861023111589
23.233084573076194
147.04325511187574
303.23290625066846
3.5309940642537208
49.94603024555677
225.5439249602496
232.55880014889976
318.8410571723767
219.63597921839394
333.88711706940296
90.42241454603852
73.53734401523543
73.96284162080478
113.77925175194927
155.64670157240795
342.2386017061499
242.89660758093805
182.901561261906
20.91740920960817
185.0037245760601
37.58596121055708
319.4392477401895
279.01344805621903
315.61460851802354
229.79803048190843
268.65523621763646
87.03484161599314
102.48169410166793
136.68927676583888
61.04272437500212
194.12043622064778
97.2283601929467
261.0122984133339
98.010133085957
113.16672068771817
176.9397003519228
295.8524352874595
168.9408641787416
33.095487863350755
203.34204963866105
239.70359067050435
345.48851441442946
187.5842730455336
246.74942783780673
28.86043875993947
149.67123906676366
341.4269459352379
112.62245576016271
149.30723223385553
343.9662786146977
332.7972078824751
43.840392028988234
210.3473524102621
93.44879207979471
316.85979026605764
275.4040350866794
20.128141674470992
299.0486433450388
199.51881861512646
89.56986292415831
178.46157133284757
129.99608050838813
299.9441297059564
117.8288332577527
67.34056471179434
195.2862756872937
84.63751254199488
230.6957134148213
63.445129931972694
224.39055321593108
111.70269433206927
14.842985081569767
109.87256385507014
135.40112876554824
36.639623946193495
225.77449876507907
145.15212661067096
233.71924257268455
302.44384601365516
242.98045109188968
355.8689780446614
47.058513704391366
139.73650541962164
355.63802478801705
241.69139105695479
13.597982835077634
96.49687058874258
35.79406462158274
168.9270486007108
335.83244614868204
44.90490083733148
251.3704986152826
208.68395796561916
325.37047994198
197.023526957868
55.452781674103164
128.36878275433327
249.83271241179574
311.6820431226123
184.62082444537322
219.67041867408696
156.10401447840204
296.4807124952221
261.50597199976045
277.68998776792387
123.5735105380389
232.84654498568023
358.682394262241
60.368885441906535
287.09625176112246
234.13722505286614
276.3395600645772
358.9812880710389
23.73000843828944
51.0491480459679
15.842175290296206
49.07182275230022
75.782620357258
42.88358611474445
68.0085221962399
27.246861274616077
251.83448991857432
126.08363826627892
14.824449498897012
140.420838897518
114.39511530690275
272.95898739434676
223.29111804900893
167.3858907469891
108.06923722961919
80.51478804856667
300.7049101288416
79.97812472690448
61.024185349480945
12.45437880896791
274.9172698132477
147.65582365557762
195.2990729612647
197.43948648058682
192.00988819490095
316.6399440993745
200.2038044072336
55.20274870496017
279.76187541989515
342.16902465218476
248.72427077160305
358.35622002205247
346.1730310613083
341.5030208017441
126.97996854091612
207.73189747729595
164.78051818892098
276.1663323670342
298.93736704394377
157.502857795362
145.19248568439545
288.5121149427142
6.4567253300985294
122.31494380028968
263.76799137233087
191.8661327158091
198.63427714617202
39.04365470516447
334.7145678066277
236.56688939589478
137.4796961874659
100.84069965066398
138.87671909713794
16.66977451779168
80.66554798064503
81.50903604131477
10.424471226080742
196.03541507288708
35.75753518871989
78.85278761056341
105.51252321493979
285.32329516512505
134.23153008825903
44.58231209479927
25.93865113886593
345.9421951878896
263.6685718214843
81.0050103940559
299.4691202598532
170.70745875884558
337.8200226509857
314.73643854423096
186.6111981837236
94.4695629763153
90.99663519806204
278.0806835880124
89.64364837951429
231.8582283635236
146.29772874730145
294.521769311171
52.34381947875314
353.13732182685027
72.1025828375765
349.45077967625883
238.49279034582378
354.9057344420704
189.59049228785335
112.09309165160332
331.86949505419585
198.7996647698278
79.80781179369112
109.75978468210522
285.2318816012003
292.657302197708
4.655320174219229
314.12525061679594
169.71563338119145
354.4267593004498
261.110469723068
239.67846912817072
2.5056268331059854
252.18269267073214
274.9504203199615
166.2074645642802
61.708352148072564
155.51292160666517
244.2805064697517
85.2697507002431
208.1792547228451
267.88296720587437
174.39197329026896
27.575673583040913
134.28410267233122
234.66601633390417
124.9249672516905
165.81231673281994
314.824522078091
118.93238479938331
219.0265808245189
271.7093730817867
327.61502853654093
140.03896742687508
7.638679413603645
66.2947956383831
193.88400746404622
281.36560942397614
125.1140005956578
16.022409155975335
200.17257307368482
315.5664353186246
358.48530082467016
200.59136660269684
147.68705252753017
225.80653532648398
96.94149194143512
244.41253678868486
31.780114910987685
90.24664683845914
285.05321304889316
85.7024613008363
138.16242540633743
3.527302508507191
95.35774473995173
98.24121441271313
23.310449624707733
342.20117674373876
131.72378559249452
285.42782377761847
192.17309620121597
328.19919273586646
133.1496540342649
136.77216427364928
149.07496109330734
158.00517210364924
62.941669488141
190.66699112689756
275.3897017830862
73.85518762438656
198.6633053058149
233.72337729992083
59.038007141109716
247.25641839968986
33.99076841594956
124.54707690621714
106.17067174379734
232.86551187465116
258.26512239495804
275.0868776826484
103.81943730726796
28.595686416878458
50.00298242344949
279.5816624475855
137.92888593161967
200.61508258681755
317.8234661014375
181.7235691843015
110.2242035502044
291.92816181911434
287.9483172543328
300.3631671066884
133.2420152039221
130.55695048276075
21.178423466138153
71.62591131691144
54.442530887825924
92.2733182991837
181.58966251928638
268.1634892179636
210.51701474744618
50.463798679502034
270.74860591649326
226.71322326633364
302.4540998381699
132.89419713042756
326.7140585405912
265.3927925523896
308.0224511018519
349.707745929654
343.3977958203822
192.46608296596818
183.92773983779065
65.30059920217272
135.7544113067655
266.48997663087476
337.8041538300819
16.64969068786105
286.67407692076665
127.80755848070125
80.20108447040958
86.57274235922301
147.56683909118215
223.06132751653243
293.0575484672225
118.50660928527032
246.15593321966026
260.01710652491624
197.47076786095727
266.1524039359682
278.6635497839324
347.9652473559681
300.3970422383796
138.72791192592126
212.7893453234213
48.415764013171696
99.48644517433775
241.44924850842202
185.68809138067908
200.1256653824544
271.5966512071336
213.14714369698467
130.12783691459538
354.77788050589965
124.65307284642256
141.56917237124392
36.036997597584595
188.37943480231672
230.19153906450683
278.2663395146456
293.95363084734515
323.9857704791902
34.25881167544465
24.86433463472358
310.52213346029964
44.437996648469294
11.702164131815847
329.2206204514359
255.67732075412437
127.85728343165158
220.69602096429753
52.955029692061636
308.421137023941
94.1208361929276
24.796124273845294
54.614632976437306
38.81067255379011
178.56557288767905
115.07377105855313
109.46102146128183
55.04965341762518
154.03058188496763
337.0411949008942
13.32351523512728
43.61587354036858
127.99569863135716
125.58876400421013
44.15103443890614
307.997833294132
102.3126003850538
166.40250078931246
251.4803712882452
321.52120715940316
141.58083198947446
47.04239348185624
303.4816171448182
146.01621095906702
164.47937841026055
295.8852807875319
235.0097603426446
3.7119073667820843
46.88250182551743
10.841195565813036
344.3872808745789
189.41353762602083
352.4516576859246
0.659343760529533
248.1942969164213
282.82149035097905
194.14869468905076
15.490408806285336
137.3398908989076
280.0335900822599
27.27677608914043
236.82776223355802
178.46329125875602
139.55725678830507
75.19476557664255
347.5854812536874
66.51073910381139
250.39621072188592
231.96693493817736
233.1077220879868
280.64207336310756
358.1909302644277
347.58521600759144
139.6951609605438
140.0967290110203
336.8941681068286
293.0826019373676
359.2119372593305
24.16428348668515
42.236837695302526
184.74575478983527
305.07161226808125
339.6940316098619
128.0522745867717
8.736260203482276
84.9648758110306
165.32906543487158
229.84940050176442
324.99987095431305
98.82076445005866
296.9761858129704
250.33635807195867
113.86868303136818
268.4288462708179
55.201911295443566
315.2316120384205
180.2407880366178
61.37701539854904
120.0267887070021
139.80002418014368
42.35295332209282
343.9817258476915
358.23395318280956
217.4570294026766
205.84684442536636
123.30529985634904
72.88059671802897
41.61230368859098
311.741977811629
100.28660899551602
301.44576667934854
260.8664051587355
214.88748763739147
61.429107527602575
284.5478779840158
231.74174053430852
310.0603527097435
108.55270339616249
223.93757979522815
159.64333920229097
39.06217348388966
185.39629467424993
302.2633681285253
266.27424442138334
207.08812824944846
289.25548420864186
321.6541911392273
299.0006012832167
65.86379759282002
49.3904280569883
286.83236459016416
183.6751579945844
281.84227330535344
79.01716139821865
352.4649979919228
285.5004205504516
303.01601537408146
176.82455612884712
349.06847447869455
104.32143946047539
233.4475060529101
194.4494879624416
213.2198004341855
65.01850678707096
24.900044607269084
223.6106603255836
197.60332094574116
260.2008343015309
311.6669391687259
250.32429881822856
9.82801776421429
38.43075916222325
208.50131853350868
51.31592172541319
46.73050146060807
61.14867642840329
241.7549636904863
248.8920316846902
301.84264998891445
166.5723624338088
295.8599234162284
217.89410987648807
339.07753680320644
236.5180429762465
186.7777172376341
292.227442967437
186.31183076058713
169.51334750241708
35.01806399889701
18.258274968951152
126.83804849258748
224.76395062019998
356.7521604041635
48.78710360372955
132.86045310356292
60.86261173013881
95.238575929502
24.01750736624998
305.0332248676256
334.4225405430306
307.5143088963879
206.91137854583317
102.14432478133047
236.90207276615925
59.82659792422461
262.2315499487879
76.06342470375867
88.62112169771413
181.16898305870117
358.20293411735906
331.73300274375316
148.18675991095898
290.5012172479918
80.06013686802406
142.1201328489138
252.16053530204306
268.753060794179
218.20622141161226
338.21992333517534
124.24628635576457
74.92562416699325
31.688331253251054
50.54515386663329
79.95245699394005
13.51819832459914
88.65662926933054
347.25297105244107
316.5112369202906
50.072770031455875
151.31932943989835
154.2750023470239
175.9498344078525
343.067436224322
311.4346745910026
347.4659057037212
95.44031382607594
60.60879533507274
112.32718142450167
127.42317287762819
209.59297223058354
254.55024055121072
326.13520778828206
325.71822696910095
341.7527919564219
192.74917659621084
88.76000481922277
31.341818743031297
180.50350857098493
300.86046779874295
74.4053896139824
121.43134257352496
310.6798740119642
15.983484339070802
166.39189945467976
173.082897315236
221.19169879454293
53.958954886509886
102.49623157623728
189.6491496889332
111.01283623963602
285.8557006500421
105.23031891187993
144.3465091779205
311.25010267003313
329.844930393398
102.97480397122933
54.80814838834982
336.8773905978691
114.41602765558578
289.5110154349442
315.69211490566363
340.112435044431
145.37853648013626
142.5860421007722
358.54319571492476
236.08846221797467
219.15623479412102
10.189791136888704
175.94725850712277
105.53376697593535
247.9928740158271
301.72612359659036
201.65149986806892
159.6993882458705
24.221301957238087
260.9278888613941
328.3344583245134
118.1760399843067
113.577943085786
58.4055022140421
345.1292914461541
325.39777277763613
284.6204356453223
10.197981324991934
218.16740658856702
313.4316391735497
143.97549047853093
115.18997055926701
336.8299498674637
150.0015381442381
108.5433984248619
317.03038418535994
53.42898892338542
303.47547221828756
108.59339170731126
169.23758145323745
283.57175115639643
90.76595524104442
26.754225986714022
60.051306024848934
90.30526653767934
136.93325299934102
327.0494051869606
100.90885600024384
195.58932353211375
207.3743143201304
67.12835514008349
236.29574646747824
169.36149095745753
126.57858308730451
48.38603352294687
193.4328979344015
202.42286981293785
306.24657873336145
326.42610506450694
33.134366394677905
27.92148254797057
321.57514986582277
201.42031293962305
131.47460240034547
158.25703971129582
214.0676291973037
238.0066802581615
297.88664708535845
339.8547105876151
186.77145579831716
294.5101063534013
273.542281291713
235.31310325889967
194.72211488346127
261.38169167504014
76.38160479089042
250.31881827282237
105.25185869749119
10.960783528585006
347.74640795263366
311.1564620127706
206.53537903538773
64.15242534956144
168.0483894479769
270.7254908866829
353.2965079475031
323.3834533503827
196.21711430846705
308.1302265791409
103.71390602724286
256.04232240889064
314.8507207199745
183.68191066104416
213.40300960536186
195.46449161376114
271.98166257708095
336.97591318386054
100.89131403843751
119.17753300771687
245.85206377086197
80.41060200063602
129.3077257832797
108.55715923230659
340.77455569476103
91.95198585338584
201.91036889626142
343.775474248747
333.0748247362498
194.98100817163962
357.32386910514174
82.70323174097523
314.40316620157523
338.36132523544103
122.74744764411716
197.12036117541388
21.97907272637878
252.95850898670238
303.8070124137746
325.7777658691122
301.1788994120314
8.019119865105443
51.83068171401356
67.81261156110666
265.08880743827854
216.29562549788506
25.1025747182069
236.23222384104147
24.09358695236489
202.33030672330185
230.20185338681875
139.65376669273581
154.15690544333907
191.4869562069304
166.07341747636923
314.3819851829821
122.64607622818019
72.69232441632788
329.0336774776195
282.16599777912114
287.750448538065
290.6501027533853
334.9949867260996
276.5836150561216
159.92156027040988
47.71760285956593
278.68863510216704
136.30378724192926
322.58479604198743
239.66236609168956
173.17590467360355
83.4765276895649
358.95990211078663
42.56438162344675
11.283955839351975
122.8790638717478
115.31933511972893
290.2941119402871
128.97125770359182
268.10437559765927
262.60098861642035
269.7919061286552
336.6301555673396
261.61428346328955
206.6011256152104
84.15475576075927
234.51515184110676
155.23578077774144
127.40558296988321
203.4841892614235
75.04778911440167
312.5479413205816
102.66702363172297
312.60734367452466
225.38824531030596
90.40051516605368
224.35817807226397
247.65925287200403
138.39279579418863
196.51380896672387
124.61794823418268
264.6267035799962
145.15549213529587
246.33990830747882
34.303392726885846
253.83316165528996
134.0305444491694
50.501260827872045
141.41343329706697
48.69791449797221
231.92288995196142
353.19130578722275
220.88904848428277
69.71082369088062
58.971894349120404
158.9838578500599
310.44358599131573
46.71507922522641
219.43435857636544
87.39126309227973
199.62133852553342
346.2446243851337
30.801337067639533
257.9461482083242
50.235777308755154
47.485931074272266
167.447263774674
18.7677418099367
219.25967244717597
7.474476842738335
230.14821637375942
188.6753072847822
126.61110967513928
232.82705139117792
92.09992138076089
73.25608460699932
137.86828037112969
127.051831594144
254.6794380370509
309.73420419491674
115.58578833120403
163.51187032333945
18.5734639929104
28.00551443682299
305.9536165448892
304.22029076387224
308.0551943313564
73.40785670731947
61.54477325646247
68.82787165820598
198.83936939168592
359.082912615962
26.98650629191312
77.3097789006036
268.8019960575968
247.8265545074008
182.3021304293357
263.93375913776123
202.88514636787087
58.16140933425339
212.6086143530113
25.864096879304988
122.16900570434055
178.8721109863596
77.5056118326408
87.8308123654474
114.73785234754911
303.02351092603914
359.4756971006854
169.38835506606387
155.30182907946025
50.25330210498009
304.7435543892054
166.61784701055487
33.39858703693467
167.61834619055915
90.81503046501675
247.89451648997442
73.25364723373464
233.4482540204882
314.2853573376257
74.3439351540873
273.7100086505193
205.77769081021535
95.10518819490024
154.5848488828821
144.1030695523923
335.55806768871787
334.0260619069111
246.15911391661862
92.0484618799877
136.63263709462296
162.00845678997177
356.8960723761872
129.19741907804493
30.24340360426778
310.9262441540991
187.0886236510515
324.7298748776475
168.11957979159172
142.0202053040354
35.68404158811057
198.71134919036015
84.86914914456617
359.91820543701135
310.15943251731164
306.7610658316999
42.57981712896738
312.0350724161242
194.81341205321783
232.4659009957852
243.64566268036074
14.934959146835217
219.4101544212851
58.071598995867596
325.4420832120664
168.31440077294977
115.3976904943133
116.66707883105914
106.04748752818715
165.18762813118772
91.21221765670604
84.3117185413887
86.89252112968425
186.24597293447852
347.17147629487516
351.5775997100384
42.260380236585895
184.94591669261857
214.32414017284134
136.7632302656061
3.6598298125534368
15.012075722995805
97.51999664891436
83.70435651106013
79.21480335720229
230.76805536492316
8.588814294398686
282.47026003604526
328.9587052132069
125.03290001760521
281.67400357532813
1.2700873934624477
108.89851961247773
104.59970710979832
325.8988520414572
16.020768840015457
272.05471401923535
15.41537561568673
48.364124492063574
303.11828708247043
107.81307422935501
178.84149471926548
199.41715413346003
263.47511124781505
228.07334278245193
189.1054654577682
225.11504095873687
200.63114440298705
151.3726006019637
77.3220744787868
351.4879126390773
331.7166037179045
71.85029682895443
19.887444844503865
307.05216757305215
281.7295593611821
37.0542677135603
319.2554971656979
8.44046231884208
350.306845938017
143.65040310379408
352.9365670182534
284.0757521904853
36.8661207328483
356.91391647077495
218.52548661058606
262.6923685232169
90.8385462797413
354.16249547212703
186.99021529776857
114.80606412385461
334.9397719372181
29.802488254774072
91.13566819034432
178.30831289387635
227.1914061437352
321.0771639867379
353.92273153254007
114.32509839574315
260.1788468711986
333.15675912345546
54.13196240290952
52.154976406917015
83.39152561554539
19.82299444981614
7.862810450484837
222.3206877252919
284.0950547509605
262.9807209748901
14.918180378200198
261.5899777285222
297.07003920700686
155.63915590413677
168.39984816257206
240.4799633782052
344.47430695351704
264.0359978696404
356.3159397555555
99.10692745111167
73.24210443595098
290.0631451770265
348.5411499489651
160.94754294378268
175.71960554345364
186.71859141690845
82.03734810867775
244.26737719292913
115.98273537469589
288.091417448955
178.12905767233784
249.49674299923794
303.17711286886185
21.490896752202236
187.28266605276661
142.91849090225463
344.19332193447957
190.6652871719324
286.368510278662
332.4213032174169
320.6185017799217
257.30880253626
203.33067507853886
89.74061903283523
290.9409165757686
134.22560249618795
6.681024057699909
140.87197658641435
323.040489514004
271.3250867288839
77.4192120196799
18.896010022245648
87.58297193188864
17.774961560196175
84.78280659317366
74.28671704910154
195.5373116095383
241.73633280318126
261.1507169995465
128.48490665694936
218.40422927378307
248.0947255028665
79.63337449894425
276.65170161526487
53.52771838031481
1.0900135184797
327.1249088243722
231.9686852418787
151.35980850559534
79.6193534294455
228.0021518818433
258.141034700084
337.8377278055494
57.546097667589336
192.25487433009127
155.38491795454638
6.587936586117233
181.9629100692395
102.07726845183356
127.16092247529728
234.7765291936707
191.18584222961385
258.1554558060403
8.855320528384185
272.75143376538136
315.26300565755173
14.751027693936782
325.51238435814486
159.8508019301017
85.85914700472718
4.4781755694623735
73.77939120987284
81.77093889973868
212.44745309594092
357.2334340195227
129.37841278626672
294.8623930017555
258.9354496054473
13.716175492568203
78.37256022643624
194.74958920709145
249.8359105285175
7.720038194775633
171.4891041890372
176.53411223168695
178.80212022428526
219.491782801174
37.466435120888754
75.63031111135773
31.646052602000022
341.719710787251
316.48671568816746
3.7068763125457487
300.55227653415307
169.24153539454764
34.29672016895003
40.589828943652904
67.07788738088682
184.57493864791715
246.83847083351353
44.39587303931812
53.39131987962303
184.39054007847574
204.02849954830378
260.5687700339862
119.38686756883354
7.407665981787181
204.4620773671225
263.18093094451916
14.503601587473698
311.8831507137497
34.915579215718004
301.38297503408876
177.54133003356483
89.6886533592576
183.0779631892886
94.66941486157364
235.1039817680122
131.72945447604994
48.77988712940915
18.92556877405407
3.9974017778678275
288.0712868094175
169.0761534430171
184.98238629177408
63.11650606659536
292.6316809818981
177.10272952471567
36.94015496201147
87.51663228927717
10.12815865839475
257.2805135927198
343.17432872985205
229.35794368041667
299.2722121010463
67.60463989755183
55.801016310301584
12.684111360430904
19.766159854213143
18.39405378769751
245.42753353676594
124.29703596627378
150.29856351027695
163.62846734100975
340.70125378487444
150.95515685500078
345.29707556290987
312.5202376175661
93.27829731918419
141.42983974408995
252.69503776742764
127.25820231433256
262.578893754312
128.86344557528855
56.7067226846196
34.76198513705186
106.58866714525624
100.16298527110861
15.066504773237211
312.52394620279165
38.7376407315151
246.74031871239433
119.72252055523333
312.19746734539063
113.40141686897546
228.41061604028923
153.22043393837384
50.277003087271225
232.76707082545127
355.36148262522676
201.66641396441779
161.3790812915246
181.06678301827876
76.96256266442283
56.632314864331086
160.8865906798077
332.48940454085596
167.74008516880474
304.05968673392186
50.90005118544068
243.58590695658253
231.4143655236974
238.254073516174
354.6062818445707
333.9535523019954
296.87906580210563
156.82530819944236
327.0903611134885
324.570546118985
42.279438112914775
323.28401490254254
211.67101154505679
1.6978962418915295
337.3689448247475
265.938327828659
356.1622577541073
204.57458652123307
126.45146546729572
132.55019851867982
27.203519725038056
316.1420479507333
226.70426977209786
59.223037108730324
278.55148255365435
145.54650364621014
92.13763504032637
316.3500322451736
324.57267817326846
182.93443953474932
312.1139106340097
243.76630512016234
56.860985761651264
324.8541364764888
315.0590410845606
334.413895146141
170.00433517389476
193.5544356452342
54.395043649069926
80.22557484251712
176.2385446224672
10.966496784355085
202.9255225003463
336.54160577833574
353.43290943096633
61.18704844839419
59.48765283648769
87.90629220435837
47.54685902017884
181.059196762432
353.28129390827195
225.89265048066866
251.3032226016891
290.38932693454177
219.14310978463016
117.21377947211568
3.5396307515375303
48.5356253683603
32.19656860119855
305.44302118178587
168.0540288130927
105.03716089859513
268.26363897165294
168.1926390424806
148.77517694931194
196.18632240130776
7.1383776377413675
186.98310732859738
222.56835591938705
250.06234623891342
85.82946037487743
97.96948503365003
247.2685366489346
201.65768515597503
232.05092418201974
83.90450792631411
26.384115772117507
111.2423520934443
158.70957103565482
34.01977039698123
260.78683650058576
43.8104790807031
314.7512576973024
314.2832797438828
114.66224937544875
43.10475884748085
72.15220485948619
255.54468223667797
150.23334509006082
43.351029909867094
153.13983397807212
31.56416209966812
274.5045709989126
36.800539389674356
164.0752908973089
190.36708945622297
167.67531228595476
312.6713301827837
66.10588743597927
300.65309570501375
308.5624588319506
29.18862429487279
277.69805366933736
198.13527155311766
266.1925598256801
206.18271943109517
120.19987242109093
131.84819504900813
52.7378236954642
6.049595161864222
173.72890971974482
212.3541322455517
302.88491415317736
116.25353752553546
155.648552443072
358.0519911042238
143.71822619049632
42.07804981226533
339.49148035505476
226.42780754219228
33.27284434687431
313.26531140772886
152.22460697262304
302.0680585982717
286.2471482891305
127.61647736030993
293.01451614794416
165.23346180226778
225.4637893509881
99.37124455102327
75.41281508678571
120.84518977043298
63.26897106604172
41.37271613169753
141.58452081603897
273.8956383785211
335.7165708690627
46.63356459226083
77.32513845006773
292.20454137175227
192.5687872418669
243.3329204718692
221.55232236976408
105.92416037881715
169.9124422994949
233.33348496429414
291.4435397575876
197.38425417006914
312.1095949174205
70.69655500190312
232.48584539248537
143.06487738915365
83.18765107484627
284.6977493660785
152.38380074226382
149.31373531788867
136.38178741175588
210.97715342789468
286.36637313918163
156.77448146162723
328.0279948057383
31.581630775845387
160.79866271992879
285.59562016259054
80.4868707136397
109.31347366034072
28.014697655989306
240.01514320960302
335.66422207354964
183.6789324171821
184.38776696834998
133.37107643381805
146.75180158439554
63.71771067641227
91.16186646589411
166.32256553835435
327.99410287131104
92.82845999134146
331.9966589351551
63.039745182781985
193.97851575380412
24.665107830561265
267.91415915160326
108.81048895481203
135.36112650206158
174.55875489323955
300.3160166788948
116.70865043882498
142.62302695845855
27.853895987491732
352.5375847252149
318.4670420627986
181.42681959060977
15.819845146845164
127.13990528142058
327.61958588911403
147.4286941329163
77.74730608893795
222.82951365144925
95.30171299026603
154.53198686883982
92.55671169090587
252.25200760896846
307.09633233097014
79.8808494894827
174.31666760405216
12.488278314551259
227.23339705928316
273.4798686010824
169.2592451427224
317.8304456043517
325.19076441820135
36.96087759867203
118.61209693808428
80.79447303245674
213.8020684328378
22.408459451976068
24.149140239914523
122.05358940221028
339.81935069798317
106.56802280558124
338.5956774419156
353.81461739062286
283.99366069610863
18.10483312709106
1.7792470111607819
52.33847615532618
316.9276435260118
170.13246855367848
268.9904628456993
354.40245305910884
310.5145361693445
97.56308014878582
286.3480258493759
188.60153288907486
149.87779659288375
332.8488025210243
356.61841738048514
202.94928298305618
166.1380204009556
319.5108251455751
57.12647407080729
114.2415328322265
347.06393413337844
63.62550451662488
140.2033691818031
217.17664347880623
271.97024208658735
143.66647920795063
324.5503703494747
338.077248878347
298.98003735180936
41.42108834194929
14.541110357296054
205.0791017872135
217.18271109891194
78.00634250048573
119.97206158765039
94.46502802441047
359.02466052994316
22.21749803535406
126.11524213507602
180.21290257345277
78.92641282993718
166.84785669626106
60.39337354888052
265.1616813033671
143.35325112694136
21.415155225598465
333.375821567209
337.4866182851198
250.23801273108182
48.19467985231451
309.3020795520963
52.250985629222775
339.5156762993497
67.7420003514572
291.57051036048216
75.97768874924172
83.95422830015738
267.7060800590792
192.8048660357462
315.5121728642804
7.8689874003933244
103.36996831439434
60.667336610649755
305.02513849747515
161.0234393809481
90.13994376505445
181.10511478421992
141.06378923734817
156.7307550267074
256.06012046764323
208.08980604693943
353.85207709264864
169.38204626058783
205.92141979234515
228.03419874639866
216.68543156070186
129.095841489287
294.3727007165618
279.20531647742814
237.1725505837918
157.21162993949994
304.27268609738786
181.1123889279961
121.14910022861987
220.12498341208607
321.530332752748
306.392287284629
103.47791730338535
345.01472091131194
227.13075276453438
115.53453903862163
227.84933245122795
124.95562336434874
306.3527707816641
52.03748211608409
159.40926596712924
54.5762888652094
197.58345634822518
224.1991066287795
331.1530470010717
210.4250265018145
106.17564176831856
48.18022572832322
35.69510575819378
61.251901169855685
170.66190914361974
76.07250390090768
260.619270928553
169.8594071484632
218.2228702870473
169.87430305392144
342.1543771257182
103.0659180238572
246.22883076806153
181.70592257068546
87.69146823257611
249.2775568382853
209.26604861797134
202.40188602388898
31.057815465754317
271.3372729549962
159.30653977853652
284.2590716171965
179.50185087878964
339.259778093018
316.4514903069225
271.8361254268691
189.90376565088454
182.13208045592057
323.1149670656931
280.3212317268896
357.7968948670754
344.5195052351914
264.91116515407765
183.7393464499981
323.9948684990334
154.02346521251678
82.84586348823599
124.92996040901876
236.31213897090316
199.62337566153067
170.5696646252732
168.06917199163777
175.20838535965967
267.72495068866937
0.542518081415184
159.6083142140784
120.02023427724812
151.1604377122618
20.849987421443515
175.4975191031625
352.31611141358167
61.66988584546759
139.43774363640154
131.92368981924514
53.664398181910286
343.37958161795996
189.21346990030935
189.46416420807014
123.85562502931978
41.52572993322442
190.69328030233834
28.73484226211943
140.40431130657336
233.779195016877
175.00177869122095
72.61726572982397
210.40379106889944
146.29503542585707
275.0558762235252
233.0668461530033
238.61725666617855
272.1738151751718
173.86303539943574
182.56938248110686
175.02010308005407
116.00360136950813
103.04008136941717
90.62295798718644
13.995036500907677
142.15439878802655
50.964406789043494
191.37340222711998
119.43046217691555
181.20896215543394
85.38388546103572
351.22923884894306
107.63993994409279
159.37297235139044
231.88923262044253
94.05221252578397
264.4808578060358
149.82020556063867
90.44094855722456
204.00106371686513
327.8941367815657
255.54585924299863
233.0065553118386
133.43447691604953
265.3527652640196
67.05090547355925
11.404712445216639
273.08141572906163
168.20364087557095
140.13169801105374
225.93245301997442
350.70888771352276
224.01558509821982
340.3496245732577
299.331364692403
308.71727233474394
76.7613489775728
106.90568528814859
132.3387264983439
174.57557025111646
337.099421555357
155.19454394002733
2.1207365571952397
333.93083981583663
267.55786166673226
33.26214839852859
253.76487758094817
64.0701221063864
71.02947782341312
355.19570422951665
323.12505573221506
238.37351801813796
174.33350574431094
149.87761043020217
256.38308986046087
316.0257430754101
255.72909931305102
147.56573952414283
149.60862313836424
142.91027146795204
257.27032745110455
108.00482868355914
123.04192199348712
289.08224212277827
163.49424526585608
299.8035546506521
46.160144290202375
114.08816743300338
239.47176540135834
99.21032513209595
261.3323900846914
57.32495936616098
135.45447764623583
333.70993403564046
144.8621595809209
221.48493374992532
174.45869822080036
226.04385020158668
138.00431702497553
142.73119372639675
25.188579790060086
103.65035580584858
76.3539481119555
36.28726610208477
48.373380141930916
70.90875278338883
29.022461417654647
77.4897949060967
121.88798830333099
138.85126637894538
72.55670629061945
271.3533486084703
79.81278624363236
44.41915718347726
234.86134341070976
126.38668822041207
213.97700020560615
286.42805187700986
84.01493314567492
48.21721937764675
325.5346271808295
117.1613137622806
282.788504307771
8.574912926149214
162.01078131791436
323.93938301776274
351.44171078128204
102.91285937738503
196.98707689608656
218.4612623042098
32.937716919775276
16.31139576885259
359.20663526750263
91.95824824341994
341.9648347459103
263.88111403117614
175.85572678708175
291.6772846815442
191.1614304255058
32.58793550788415
283.3735804397962
271.8602438925241
20.911167602733055
232.30216389479145
267.4452669533737
173.47721538724485
347.64044410426885
53.69148220673684
312.59403892610123
222.20158359082345
228.36501511002552
4.293869474171491
25.26773514749812
202.37428032819838
277.19353918354
187.6539642323565
120.03045183156785
53.1930344304907
3.7931020279918286
137.52350827266594
320.34568471486926
329.850848811876
265.6090614175872
110.84044707435655
225.19382793965647
7.070330887533561
103.45456486804815
288.94313148233556
2.1203519029174998
289.6660527257015
48.05188991190563
10.591481917512073
104.33861346198262
298.3781597494448
219.1021336915717
343.1633078221174
194.70332664374442
77.25822603793536
346.0429223913817
183.5887404502893
201.02003269263744
293.5402872403336
204.7207009348984
340.44378704700273
182.1820631279139
284.17938666597684
99.21840136354668
19.19029264167431
44.37742591684393
282.1606064680604
346.88219259472055
269.6134327524385
250.74479997250532
182.3996752842248
69.26453500790967
119.99571115307361
87.08857835221262
341.0508297126995
327.53836037584
317.69372402614675
298.1913234113515
250.81106356720474
25.27925036766678
17.208964594985396
227.94343690399938
147.12723255920508
133.54572081801098
150.15542945272202
222.16042407972978
226.72237795003727
322.22624493790397
323.191255659046
104.76849104230475
38.07638307117799
263.9898036707913
276.91342330775666
202.5401023321689
328.6191539443017
42.93873320503169
97.00998474248057
118.15709848187757
34.210501948280054
311.50323391023466
17.497308383399236
285.2190520056589
148.4107037310834
279.776301539619
314.751227615453
139.07125585128153
142.75681737870704
248.50942029659583
87.61927416583663
157.44835680272791
277.93508177291665
29.80165404805511
133.55684409569804
106.35974894375221
24.622739110472477
162.52594303375648
59.18894818448337
73.46805594573837
321.66531219165034
130.99982317121552
356.6636920209755
275.27871114370055
56.10729004085051
271.52465149881584
199.17605340196002
325.72384945733245
135.1994415252498
191.00555856705728
24.801765610568673
203.03838650503204
272.1525239020108
299.5014557026927
80.06518437661092
280.88638129400084
278.9069110868835
149.54582304242805
126.02198981167132
93.98439989626155
18.324172532298412
10.927274691955896
153.75877970539278
299.1472661197299
269.9456472252391
279.0538798450819
324.4149471110059
136.81560697480634
309.838094111129
169.22889969297879
242.98521043390997
305.1890049677878
106.39763776748964
294.95894067090524
37.318220584449016
201.18781123840412
287.01602136833577
161.6817511160121
251.9270884480814
4.6087138662543055
344.8305903114268
83.53426988877227
83.3545038285908
327.7831856496272
195.15893302951508
187.11752730061679
96.69501750801054
266.0092440968892
8.935743653391416
60.46152009528502
256.3802804400144
46.19345185884515
117.93249112337196
95.16203836404028
72.95553289324165
359.1899831628603
340.8509688052553
158.07865100810096
321.13142822392814
56.5188565162253
260.60783736127826
356.5799486076037
192.11328399342966
239.62200091118154
306.2660191920794
41.54585847687426
232.0625321820718
332.35130131545293
2.234033815520588
244.80797122153243
337.50788046333577
75.0973129200466
321.23899618942414
266.4778194711562
178.75092041778518
15.423916921817101
5.2984074741564795
338.4466591834547
258.24434409739877
295.7023771162754
41.69253864068228
40.866724645273806
198.57998203495356
9.380295073373796
316.6107667865735
33.05883320060655
8.191453135691042
222.99193696296533
16.13614887916761
3.231166149056488
309.27273153768687
205.56401309864347
48.458986879595436
213.27671559000518
154.30479400791484
223.25816455987973
42.015950755269
217.75274766585247
196.27782367236293
161.94622739665846
111.79754708909444
138.32280243865233
157.31201419974363
99.60660707640743
262.67951479873267
177.60904619131242
207.06302127845456
243.37804660218677
130.49814222499145
180.38288637075146
128.7690191296847
140.51291277491404
341.46191039997
51.2913943777968
328.2273402808601
125.28742513802734
234.80794575618899
203.53058511392757
142.27443577621105
330.97912330130316
309.30825222018615
199.2548555373538
104.71323098874383
256.61678699951847
266.5197055637326
281.511928985349
58.75918776278734
189.0154373328776
245.65420261643217
240.09047548468035
12.083626792484866
336.074874266021
332.44588314081443
75.28673004663887
62.08665625015087
36.18002854676505
330.80157108715156
156.01432783482082
106.31859591185304
175.73818204797954
121.70590109956845
193.96852900121
216.923817306665
293.7711152235205
275.8404813677742
185.48910406954633
262.7967408114421
180.3794615423356
41.2222389203813
29.462267808047233
157.86688539257992
214.3176676896807
128.0337527885304
278.573047226631
220.15743779757324
91.39893446442639
72.20738639147443
275.90915739070283
6.594517640113877
296.1672554697352
216.98057815507647
287.3374680475391
211.3891851797788
341.931701713026
8.795233816225704
33.099511725463664
297.7923492223728
218.99396354413219
106.78452225447153
346.4286624311809
71.3660516240871
229.60907820879822
201.59555659957667
261.26542625663467
45.497828739810195
55.78027670866313
255.04537291771783
141.02036971221136
204.61315175763727
269.25494826466127
161.62888614274522
154.58951070553258
297.43895460159
16.88256260170727
288.3407746279391
353.4876967170005
110.10321590966294
181.22005440308814
330.3128982453387
253.62276474559602
292.69484325138126
295.4255174116845
214.66199215308077
218.07695573326953
108.6189720103481
181.52906021393898
328.14931020960836
321.2386371845825
235.1989829881963
215.52543453755817
244.87840693775217
78.47676619313218
177.5644299527959
205.0205667121272
289.77074468809866
25.028141433668882
5.514255969119846
100.6641300505027
19.555484331190087
320.09091333799665
14.475119082097212
77.69590269498306
310.380181354749
182.3583916660202
338.61830018720525
142.06968566329036
332.2914431125821
198.67251235951395
80.76930233771124
234.85631642398127
151.25548951506283
154.07532710788237
358.664511158651
236.57645993487517
148.58430785892816
255.0280024360578
210.14452034922846
31.6968852844036
322.4969346170914
339.36213060981015
184.01044271349713
162.78823382790054
111.20630045675175
65.47300240339956
213.24106534439903
45.0392824609137
284.5523817164583
344.4269786557249
163.97231667204383
150.50340309270211
42.78829895300233
174.9380065745736
300.11611280082195
110.46767365725727
165.28586692192394
122.97905457766785
82.44618783960516
351.59559531784276
287.3155265392211
121.40888198170218
106.11455319084963
248.0444208189461
335.48554513167545
12.557063241913106
216.55754771718634
222.16049034195262
42.28273317220046
280.3038532242946
304.0140831394746
8.127311635261279
290.3633898274636
344.901185031786
262.25725538326816
100.4584657673411
332.2826231020091
76.86433824501239
250.2413103322186
312.1922428999642
81.53810789646349
220.92084488648703
292.7613389263276
73.71483258518674
7.567125340012172
331.82554268947615
226.01427391382552
82.71385961900393
223.30978835567902
212.22987955736818
227.93463691852307
58.06065063446614
118.79399753251967
146.1540617750088
122.36407710567923
70.7895942364507
329.8735288993732
301.5699537492295
132.37761964929538
49.18017129642896
81.83725775356056
354.40760483586484
263.3223730616085
30.877095970133492
18.376163977578805
352.92673590229197
68.35183080214615
110.88313191278715
256.58471351067243
136.94155471024936
252.5619320393912
96.84637692869326
87.64188583226704
342.2155643157158
299.76613284614047
34.90068237018551
90.97945984702544
114.57322300854884
295.38822404905744
287.61796614041157
344.91332056023515
345.21874111248763
258.4677635107068
358.87386071557074
241.57684710565047
33.00383750661777
312.2210474606019
351.83138164194816
256.71776306792833
250.79553149285871
275.17411030282244
188.26801649335377
319.01137419692066
72.80998764911281
214.16942757360303
55.37592690529709
83.44002102156585
37.433959110752035
87.29294023468094
300.0995991172219
0.012313010400173628
27.463970612197595
299.7009818425036
153.5215755432986
45.3716451620665
309.53797312252783
269.2676191785469
42.83095168223664
147.65734604010132
356.6828020089144
40.46478944064358
148.27678021296137
142.92774528587486
294.14058226248153
172.41527309616686
242.17581635922124
110.81720008184928
2.9120668983068114
273.24396523700847
72.07135168214823
209.83772909876947
307.51643346220703
151.93040107057138
320.86069747800417
8.17953966681903
211.47693724509654
125.93101115845604
67.80028652982479
92.18660131129307
262.6523296565475
310.67992815360407
302.3293584504986
156.3973540441107
176.6762968749335
155.0283286443286
200.31819429267293
235.97909381043496
278.2121410158461
152.16236715063593
210.86213050912693
247.9627024005098
121.71332709129362
222.51924998210174
121.97938795433267
176.35772169498787
168.46928101816349
335.5315801351383
39.58178251947085
344.050231586162
158.2980625889115
336.39896086302446
17.40288609917641
211.6429514227382
219.74925923068673
178.01944552656124
99.5791079163164
245.71864417557103
248.84683495453234
276.9437570469004
183.94301262719594
26.188834793645857
359.3344204865906
344.496622207684
280.7538005391698
304.09331793570766
29.61201105994145
137.07532116170506
272.6231543335262
252.75702988408628
24.76675986882265
299.77690704524736
210.85142901241127
103.73032219299212
91.77384624753455
23.23565449430089
156.04806691808656
58.25867365009582
191.56289952451024
59.21855386514085
204.8377283974278
87.2069461162065
275.2237019810621
279.942365496561
229.84866052645208
60.92090597392338
115.34974703063249
244.40176604318765
351.3863169995384
299.44472863804066
110.56183536456044
139.2606255839426
299.96562343712435
296.9903527799162
165.64510491240202
6.1498084099896655
40.83270268349088
119.08744297536622
58.91739163467122
9.423098807320724
343.816764846505
303.541704599205
337.14329880745936
141.11019657007435
248.8566751413412
262.28641287415303
160.93123405918215
235.09109649107302
47.47638662889942
233.85559567120637
254.37174614146215
167.22231026735588
67.41939584887453
165.96939063687918
128.14473785486445
36.13662204242939
146.72108176831202
141.54407106980048
344.23570414423233
290.12159773536234
74.16166570526664
262.8168293511468
294.4086088242342
44.24593484455003
113.22262738882924
267.64339583518483
267.7987854180098
224.74771476028943
346.40397816585386
359.20766568613055
351.7222624109493
339.9900279075442
302.4760912243789
102.72844289284237
130.5801325659298
245.31128735549086
201.4908892071234
284.79923598066665
324.15999410846274
234.60694283143218
215.712479753839
27.901032148456455
298.96110365552227
47.628880479334214
22.401543057665933
19.30955170800476
93.42542819052245
280.1072549979204
331.7741766071525
233.66218225548894
70.44846495224012
44.74963094904557
130.43827237840014
280.5013494934265
52.773805433692
147.99089756556475
231.23268971196993
326.4268066629224
264.701357046765
133.34357744518022
79.24777276224495
353.99762780570063
339.6952890922054
206.85898347152667
26.34392712170385
313.1733429962179
158.3048858145795
80.31351704157302
217.6917905738715
143.72690508913192
304.39192961614106
307.8862373307881
70.30450410359713
189.48165984255544
293.2040299017433
257.57580799446384
10.511310071519429
112.18238297794453
233.8940431404766
356.80440689277515
254.75021476800111
188.5636297211549
114.5646335355332
182.15809832274945
9.923906841599843
115.4950167181044
75.86494082479982
79.66624660326777
48.43878503362528
8.577580892358258
289.88926260958425
231.3294829291563
199.60107523691065
177.65687708824578
89.13343765009854
203.5737381575438
58.97182785187748
243.92643375260033
181.48331595288943
107.48481883479063
93.54266330426222
286.86845000344795
110.99119578156474
122.57306419990395
116.18324234833764
58.144467454991734
88.10512304824404
334.35231092499737
272.0173544157546
119.28909756116731
318.62849033800507
295.79172477862943
43.51801005247231
193.36207182048358
102.82989015216583
88.94809925902823
225.71214979470975
184.76173055958472
50.09938037252352
238.0034430477542
310.3459512345932
250.13847527055395
336.36699168853096
260.03169350326823
59.42626142263079
57.84212145944521
113.6690615862055
201.71108453530363
332.9421270324523
102.46657791669061
148.69743405847942
165.00447179897927
108.39722527347327
288.82214680634087
333.4375306795911
222.03903273961865
104.19579124665462
188.55333415349108
223.5905372738877
77.59893132994378
134.55033240465158
346.73394196103243
28.907861162086764
68.55113927033833
168.72004917581134
61.55198107669387
157.5155809951486
336.2769491463766
287.71542018890074
304.90843734438533
9.165305194529607
227.27208050264943
202.68313594089983
65.97580138995455
166.0036895656654
76.36685044715298
39.94291261161834
336.01466915255264
219.509749572785
57.36174600565762
99.50440435231117
155.3773504030888
235.40358899995582
121.86329463523124
259.7086916995064
242.55519607290134
65.0913676423999
287.57443696302096
281.660193527404
3.47044738546287
41.812225921745586
339.1374586682519
130.2042420171431
185.29553788281348
189.67225140594323
148.84808815616267
264.45039154079274
221.44738065292088
245.87028547054535
198.56874822904334
85.71464710647409
284.6494192392291
142.65431488360235
64.35876235021897
339.2927419726409
287.89133191074023
251.53337379648278
342.9158104789607
260.38605142735804
126.1382845691933
166.37189649760364
222.2355458841041
294.1782442706927
213.51631697043965
51.331682233157125
349.44923172617666
320.1346663236276
39.72363666963782
164.3584753754339
131.83745394253262
125.96373201279536
15.619697802345623
243.4805555051734
340.36023758080165
30.135090213404734
297.86822283006575
29.009025980836768
325.61805178188365
71.75464947705343
127.63458363953256
138.21983752872757
273.79439435105616
281.9029950506515
86.3608587008242
256.30706219186294
320.6351505924415
4.13644059694849
117.36022530091363
198.71943094308955
222.37854677772617
120.07051798273956
26.665517650064302
323.4953881706665
65.03933964200321
5.75659681060188
258.46835642807207
121.4162537714136
265.9765468624061
314.509976827388
281.6588406963427
69.47990262880653
212.60836282368984
172.33447622296862
314.75986699942365
130.73998829398673
354.1549415062775
166.68178310850712
45.019892780673516
40.30898204296634
58.80757304606876
203.70797043062794
135.32542280008232
65.96791814269251
38.85564995409322
309.9706529513742
57.93124873369658
311.17032261513236
143.22012168507783
142.14695345864962
64.71393123683039
204.4822821873923
345.72138671869044
126.8155402766595
15.088492166214552
177.80944160648448
102.31566887323872
197.98388654028872
331.2203153935362
355.4890061403421
194.6354190111245
282.76106822462316
338.28205057696056
75.28801747295697
146.48051511397222
187.0926111704226
341.6541258017625
188.13954622328308
105.46624374097038
278.2790679544576
112.96195622109556
45.36476144390227
234.6047065622124
149.93289313720464
279.66830077384793
228.99150840899935
344.4855557696436
154.97522801882366
107.41885438493618
244.81302465278284
294.3701242140699
154.59998043931745
255.08240049542994
58.55650466750546
80.21007482234333
216.8978301610517
10.699619337465773
145.39709163225365
141.97703942399988
288.98685031493443
272.7409178197918
233.9923854540039
169.84368122072547
336.39292036298826
223.8284797256964
283.8643083035978
167.16149953353352
198.29318708519187
146.8559692115622
315.72493177468033
343.76469300437776
328.91719430650846
100.52425646976468
8.520797977081488
62.258206336578404
130.91884649410136
298.6177782315835
79.51192564917454
36.37064551650254
150.90292787205513
141.1363998797752
44.10343624184798
252.52828912427205
146.79557231440904
132.39818069524404
13.523053678519632
166.01485058477746
222.96783098673285
198.49781429095546
248.99956112765324
284.21900897644184
268.9654685405881
357.4978954053324
329.2317611568349
70.39596094590193
12.530395789506464
242.79358222357828
37.121869069086394
329.3035324336968
71.6868021371141
258.8873916437794
151.05963338843273
338.16036700050654
0.3477609791259202
30.045564628990917
117.80751740656507
15.957647556008222
105.83252027495506
313.6931343082768
239.3090371260635
107.13415416207506
215.71445894112742
196.04351680429042
279.3490801665438
256.09222415677345
306.76551236529986
86.35693862390876
184.01551411300505
320.8255925638304
119.21521671661834
87.93225354497693
352.5032100209858
142.40437755671786
280.8633945993167
176.2727364600961
276.9577019686754
17.93772238105654
57.35773845165011
17.790276711412684
121.97109143298866
358.00951722579543
157.37382960504348
190.2222552704074
129.5085453012794
6.224186562314593
18.05033166292657
264.13508183336916
304.00977857426705
110.46944657960474
127.12557767675551
316.51944951514764
43.639043819700674
15.438521762003878
159.37914064482192
41.593645374650414
96.04306066515045
50.1784551229701
213.09029487934527
292.7399463595174
252.05684402609373
64.1606492089048
331.4560783937158
353.2781809980664
93.28037479427309
73.78061997624624
226.9697689762596
62.80712875103858
301.4580353298743
97.55093125203221
254.65206935986922
127.79552156547528
282.9249735808517
60.67749016634888
4.603612500298482
187.3776621575559
59.82803288372271
170.8596401069698
280.07581211554293
278.92326999826
194.1879684784328
184.26996741430577
334.715025666229
126.20652528435132
8.259851732538626
49.9376120810123
112.44743211431894
206.26733205500196
58.26910884660004
324.4140340823576
305.56277851180187
127.17595007882355
50.9431623931161
294.9778621667654
285.1062761914427
185.49870968486132
36.27940697460156
319.6641111111799
29.149987412767373
81.7474712046348
80.64362902960345
339.6447424178842
163.34573589342085
121.35210401021538
57.579754172866075
187.7014275787098
141.95062614299587
16.55142921847036
247.39749254761273
301.032486196533
109.11747184383628
273.9995760171223
324.44457956462867
327.0134734451747
72.3589620043873
301.94931145979433
51.025054968378065
159.536556703189
167.50348259714502
235.80308891003185
254.2343588234322
179.67710952240543
316.89575828783893
129.703687244128
27.1601792146443
198.15735610942087
122.69553797339297
166.8900427091793
227.71493255814042
2.885479576482014
245.34397513066583
54.44430879780713
345.865756809201
19.471571951457367
349.976150710312
107.42370392608849
118.95156558722076
274.6075693184776
217.3606800578501
100.71241673197183
322.57800693928493
102.54025167005759
124.24091262891638
346.9537263914537
160.9122210051805
258.5177137023268
139.16363831692632
133.4757947853884
225.48025426608768
297.9219198109079
205.1713254902159
128.54277924605776
161.48897934377962
36.05307792367949
125.70879687678944
130.66766543013136
61.50969464893256
96.04519839145561
244.89994949859573
97.69587926394058
325.80975760107395
197.9728647201808
27.898432805916148
296.089215000082
28.32266292736201
212.11622506079198
238.00065992848033
164.79431503242998
148.15266230366947
305.7242667615278
180.1832736129259
357.13846810950685
55.45845601843894
30.21241204249549
85.00897186727339
78.87163687527458
294.34998283519235
239.3984652381628
35.41666903297443
259.61880399566854
56.775440850216185
310.7406491765951
341.9598937466973
218.75648251454658
265.33002048356855
324.42614067208325
316.3422895189652
276.42741920307793
154.9783633428875
292.50542973842806
262.1325140715959
58.37928312902769
88.13734333578368
12.97141949464658
264.6926787907264
281.66012527086826
317.2685291038582
77.4502426166278
227.61618883293752
30.875738483674027
254.1105875534083
311.0146460965275
143.54641222421554
221.18141466164883
71.34522460426285
123.75183658965777
162.08414525006597
111.21898090757519
255.56432524662827
258.4019538315734
50.95858109727872
176.99854787791296
246.25235164007228
21.1307836010231
257.63618275981656
220.41767823893022
122.18579410322025
22.129975286304308
196.00538542834397
274.79989709824383
226.93560488512352
57.71775377535477
337.56555871403
12.63607862843656
1.7892781245916067
208.86877474560254
103.72537241065814
87.70208815765683
34.10276751585005
91.50418733528423
24.047913272569268
112.38865450183927
18.8850096919748
185.14300009407236
285.2672884793877
262.4367417460306
105.40703481755389
354.44285871656484
301.18908977837015
320.6803876276218
303.2250555328413
291.9626923714658
157.18658343550274
250.07155820755932
355.186519187585
137.2744818167896
339.75713786247513
256.7483133705086
62.49956425249536
124.17794819203289
34.91192845105906
250.81099294643732
42.69894223225646
339.9441748405206
128.44663512477123
161.92233766763763
348.55387123951675
52.469355221089764
272.9129147091531
137.9396458772569
44.60411294008871
114.21239139974402
207.28748352711142
90.99305104875233
177.40070264624202
350.15983695664437
297.37180556497043
167.57167830661595
208.8529036550214
257.9943909421711
15.996308048353495
295.7429927653219
314.2184000879957
252.45533051012035
320.2331709353425
41.25762363359091
189.25610044299674
311.835089718172
69.12705659938516
122.84320808477092
34.90860269264353
284.8044176944943
47.58847968765969
279.62029271872996
175.24017710402225
287.0440910869879
279.50944002054075
276.05243689148716
286.0521954334384
61.2295688095359
206.64319591936925
200.87778724310823
252.49875617823895
270.54833837137465
154.92972148770352
68.33995965482912
224.70516758074143
161.3335091330383
133.8836637776713
171.47480698777437
75.13477512573067
354.4216624956916
226.66680053484694
8.062819585086435
91.19069177645603
163.0966692262746
262.15007382991604
339.6089509870845
278.6247513541979
198.68202914362337
169.3055896486712
120.63585571415625
256.9822606881433
25.79280836446361
41.13310412936025
129.17175650678257
140.1000667115673
219.581869621756
202.81879859084322
335.78290627678206
27.87442202005914
231.52362881235752
178.26147489389385
293.4200861629858
65.62409240872205
39.78767796315638
299.1961821347227
343.59571534686455
345.40419218016893
216.67862240167193
99.94975784952199
224.87859599918576
145.34040189463653
29.962819063733512
123.95562677480217
122.30554881397082
238.230338840657
96.74126097179429
47.80029072073617
159.40051130650477
160.63604429980734
42.4310044424341
102.0170036338877
330.42724816659535
52.265238522074654
294.33018532549437
227.52084735620656
359.5336173423838
250.2154582448168
251.15101192269356
205.6841700521733
180.88128023847824
123.79018267011104
340.87847328464477
227.45938511691384
221.04878141776666
311.4772856487585
120.05339084678802
123.1263031952506
28.646320096814165
353.4919937044377
140.76027835777506
204.62163462171162
286.2608355269351
31.56104805237691
265.72943554279874
282.3695603487576
236.7178190614942
232.60268214251016
353.3511254392795
157.01526870010557
154.11191624021302
332.54777621073697
338.9029899126002
76.69266879964731
223.44963716739073
168.63555756016459
41.54733660555407
29.350783583689612
281.4274541453572
287.1854435912303
314.7033246625232
297.1630290258318
254.3768121859281
81.43358535270475
359.98696516362355
25.29186535062577
40.7462074207846
197.84872901863085
207.2808625643876
5.1271286516705885
11.92748452935215
119.52150060044116
58.37802304376271
209.87581756977616
142.75031197687068
303.26923375977685
79.88723412876195
267.10270101399266
12.349437571933827
192.6656746547721
297.3110884510933
184.98470355043534
324.59452530914956
128.5091270494818
205.70054256768807
37.03957950148168
106.8813480285769
4.92098836884982
213.4958086210869
18.152356171495725
272.26541648649425
144.2695150234676
248.5192003125078
303.7174649151042
218.105278682101
178.56465735079797
0.6319345577276518
350.78824316807805
328.0442932069458
165.17309062725374
133.04788023433227
17.94775716569418
335.6333839607664
51.98921527997925
93.94341183050935
229.43065452037717
237.546822214115
139.07699304540103
245.98758641939142
72.14104680243521
16.965080697053995
190.0646092296973
202.4711687502872
20.070209909306733
260.23615559046357
339.59324182388445
286.2025781917121
18.49511443691752
148.57731364614546
344.82263493506235
298.1951130578011
311.6617313087531
28.009192915250107
249.4245921647867
284.01610103212937
233.10031649548324
234.0309439407001
184.41696455784768
276.8655998923888
167.1497883200712
87.78143719009188
297.20761630854014
170.878829182217
136.01274212698507
296.8006589400536
254.36217850666804
28.49944188005957
163.1619068609865
16.088239509368364
189.90740137195658
136.77997903686705
45.84502580795151
170.61612202126747
97.61851405534598
163.53638556936386
233.98933309169584
203.68327788102056
187.6894579750832
258.98176999815365
121.57944428191809
191.09866663127352
37.27907257313913
334.5967570198966
261.35994896784416
157.0359233776439
94.0074270094749
77.51138931871073
353.82982584354687
99.97941153389273
176.6636581876978
123.11636985046196
280.527893989552
341.01254377862614
288.61620744025237
210.85217996157627
336.621072660381
72.66052980267287
46.61108332127677
311.6435310391906
86.9864643779888
336.13631783998767
236.19685851017593
183.44190826408408
66.48397242282397
236.42408457447308
166.9394537958349
200.11788742952393
162.06463045177048
148.06004215543103
234.0969155805643
131.1376858897067
179.37565529134451
163.6411605411333
338.49238973584306
51.15622564247609
116.8157477289771
161.12201276960417
23.105781162449226
77.6221687211993
62.53468396000326
200.70105026303222
5.914744877736653
29.640297214909573
227.27395591820624
139.34843145528745
12.116992466502257
282.23316112675724
42.91672499885279
182.54301155761618
359.9236889869281
33.4935740150626
7.858343497363218
25.568832322730653
273.5980802493762
176.29847956559428
28.69642047726634
148.5477018238208
275.6928912011473
114.51583314140444
84.4116403142582
268.8606364854107
247.25410266024184
100.91747133834957
227.20974785842722
129.10338498284563
217.82709339128408
56.551958841620674
109.78966087073672
121.74180167884364
44.08605895332285
308.507457195642
308.6306283486712
261.18412860538
272.44356441805013
163.40615016560523
346.87462880911085
312.14667541374666
109.46743297242894
355.7780537966337
229.16329083558043
299.687147568866
58.82814684544252
43.60742042413879
355.51528865483175
253.50555237129416
91.0672170333344
210.17352568653865
147.67587795260684
116.69780150794453
64.58847165977004
333.63145551845673
248.52038069984022
45.86667777713515
191.0992934687423
37.54189642012625
139.22059165879506
31.456928772767412
116.94180059678376
183.18801391749545
18.17823117896831
132.51590512106475
239.55828483660304
79.31602523667453
150.75015247317683
91.69285929669003
302.8199889789294
232.11340414166648
304.0161743819344
46.92056189591582
325.41482600509835
201.97375794875592
323.7914481226086
98.7757625258685
91.11348810142138
5.552691842628459
151.45282910929114
78.59283501732536
310.44164170998727
73.8501808788078
252.76881716763478
56.381515219626664
201.77615298067866
162.10517582477092
70.52940369533444
300.24602545865315
20.692632497479487
243.05582201214074
297.29847743305777
168.4041776494454
164.35505675873338
25.86614573791845
121.66465410242174
257.21581890263434
270.8401426758924
212.53431528642832
171.71483643014432
347.8323544071067
114.1520794550249
7.401565932623731
32.807300975139434
313.72742055590857
170.879088068058
51.156084585661965
123.48967674349925
28.35194611588697
0.3054108676741726
15.587845736445802
238.68165917529512
123.5771635687594
200.1155155168043
356.58519833989806
190.74572543291671
213.66671737030336
359.6172322699535
352.170550246832
253.8616480239504
228.32056508707387
345.33034147071277
24.03200838965545
257.86833098509305
334.868355518107
124.97913626596133
307.83250106028675
91.18374262277717
326.9679015993285
62.99355712698269
56.25230124496207
181.59070851397072
208.3561914013617
335.667186616338
328.3395003082565
212.7595314573031
214.48641245374355
212.62856615763977
138.7530579604519
173.9312151931272
59.37517552646293
73.61776296451629
324.07880070891355
246.10496948650166
69.0976124887039
206.7525442881472
279.1328254310027
272.639244158586
229.96865581286838
226.67696272571376
236.9846499183408
238.8273644928747
173.1726518840744
169.7633208965642
347.6276638296929
146.21044224365662
189.43724552737638
260.74053199750574
181.50607386346485
101.78878897812186
106.98298390941477
124.06576648479702
350.48003574266795
182.27064225207863
127.76341981537803
102.84607414127642
194.20287041622362
149.90341968514628
38.2642479138071
56.91320392636758
261.9351231948576
306.926290786503
180.09824765369356
84.12356545599815
215.53123342510492
40.753163602603
107.776832322787
125.76595834053566
25.661268829271062
149.90795689969826
314.5259691079412
217.19499566633573
65.49995464789899
299.7269139081267
230.3775706765175
269.51726905430104
307.59492767072146
88.74551668980347
163.80192537109752
55.28978440299575
81.8062647588033
284.60602831595463
254.9575533458848
159.55808072937006
6.813275916627622
319.32690844509426
68.38694955938293
275.0678274533439
191.8223989660588
5.8468597145378585
265.5491875065271
311.60717632875696
90.28222134081513
358.73851968149665
3.0064408132450797
309.17180637472006
103.3888682835104
336.4552350750006
251.7364658291493
119.12886644741356
175.55376270505712
87.64588905908356
70.46127535613627
189.22338504804523
225.4056471379999
83.63824931699054
281.3797438404263
12.553040710216203
308.53050322548967
313.6037361997452
83.90166527121129
110.04506639110853
56.40965332055531
279.56493247413493
291.11509066497234
249.6185942812382
291.7936764143716
253.93504541378837
4.0177235424167215
352.8940408989865
232.46464581370512
40.24682373933654
181.27162263167102
312.5130464056908
137.80489981617382
157.0545674010076
337.29132739787764
346.459486893104
159.50945972472275
177.32062063767128
114.22136693069106
82.10834316757608
181.53864652349898
197.8083336704203
75.36702369157645
226.43542949238756
263.0720314535167
335.3608222989362
79.4183378609321
185.16086471670872
273.23959406503
94.99947822417084
261.63341273048223
105.86622332501389
269.62976969354935
2.8321886451781606
155.30531800715502
266.9858016355666
308.4298347634646
180.0203965794579
95.86065787735986
304.7808555556386
260.08887008551085
339.7352011379298
14.850579240688708
116.35063437413524
76.44728096875193
258.6015573500603
61.703482974471726
111.29809386664272
236.96456917088315
189.16459202698002
21.605683079460746
346.09676167122547
229.40194006005262
321.78245791442004
9.217910413427115
249.6263371649789
180.9331556455699
333.0689793646317
144.56849416975868
128.79326901448638
223.14261789323848
152.80227401540304
191.84620041899032
168.87419439560034
56.57926459374849
304.6947247813901
156.60341112106448
244.90908978335756
15.643725818378252
50.93465824153363
137.03110578438907
128.13075476767605
251.4895188591973
152.10939253335206
20.598901245123006
338.65522494513766
137.8888478205268
187.7096439737412
136.40815770872214
282.69680531583356
202.1442450731798
169.88142927006055
277.4455034500918
0.15023669680965973
217.2939547923613
128.20626661336897
101.01414864771588
63.43657790595093
214.1453217051422
322.40034187844765
283.70990889167444
349.63017359085904
266.6466922425467
85.06583220482376
232.2872784943076
288.5512619088593
314.6876663264391
67.38471046854286
107.39873414879578
68.94312172299679
190.46498485292946
93.30237952021493
137.76635664603012
152.93561016291264
15.672845963176249
62.03981353061674
69.89903386630974
278.5755047045462
304.44132498914104
32.0778793113324
103.42143517659964
351.024368502042
72.55706294492549
215.76091233453383
90.68655046981982
230.1581438825125
31.433899079086114
355.1391261409158
14.055258222361282
277.9732494693314
255.96325230303427
111.74422270098582
288.6437882867835
129.5943213049124
95.3473122554588
124.40457979703277
83.72548125782326
63.35224180663584
163.86379877727236
114.10119151865717
196.25133388337773
240.79906197739345
175.52111128057402
144.45728700147023
194.3251624534084
156.59820736422694
125.6911541354675
88.6168232840792
288.81793424376576
242.4864480463104
217.3575114964931
244.52540762122874
346.1619548916567
355.7740591895821
324.18706208321885
165.0387832621292
315.12617277874546
218.13452024973844
165.71617396594942
216.73152990381638
295.45491188715056
64.48808150931222
34.44676327885425
54.674143108068705
16.7425987055881
266.8347856119326
199.7522399529606
144.80678716173378
91.19083266633584
211.79268962457596
54.88724795793272
154.4272522422227
276.60613035713334
84.94172056557923
227.07548169239976
299.48817300894336
168.32862945477157
67.54872894459919
282.9682881488228
5.533499506008204
301.65343903767825
289.8318880236921
311.91146042391
143.75461402669504
326.7629722811233
356.03748897745976
67.05290835038849
269.4475917185471
335.307875796422
72.87008692078436
174.61273269297584
20.233747876321463
260.07649554241317
5.752271898251867
113.2553085181634
1.6203844016726818
333.7889104417259
304.52220421154516
202.76809322698304
22.004928060111062
307.07757732407174
101.64580777660318
334.4906829638717
293.8106818372274
291.5476789450993
96.79076719363725
79.93403421765818
354.6432003104642
104.13872305036705
276.95890380141253
242.0682860278302
41.9485986270306
326.00005690793114
66.1340131376775
299.8274558078336
153.34032721085313
356.3704101578749
147.12842240556697
174.99282284265664
141.8131930253865
346.97887260356526
326.6373294212256
94.28557786062493
116.66389157290256
244.3218133800528
260.27792983301407
177.5339905320105
205.00927128467774
124.49748303722885
239.8799705947929
127.19681127175603
122.06512533382747
199.62684655998072
53.481786325761746
324.5146197101157
226.6127259402389
206.38069085393167
28.894652451852586
255.55961960947357
222.5106690272759
45.88218536580941
250.64324010263906
19.2643244603717
68.63138238377209
112.02472994562783
176.45460987026485
224.15492714710092
296.21542036587823
251.65350864206542
292.14670248941906
65.66182161072703
32.08221710775005
215.9581953121533
67.07856405211672
300.77889388486653
348.7407407090691
334.60444183428456
141.52241763485267
193.35123125704288
7.511653301037085
44.76047323775373
263.4159890279922
37.270893135036545
321.5235295907885
85.21179607460996
11.425293084556957
157.1687018371131
283.50378375240643
160.50504899712874
189.89431848687244
221.40219962965634
61.78217366471121
231.66610074140988
12.51958480707924
256.78302920686104
15.174493621389207
62.73409113107482
124.73969212905438
148.820856235754
294.2366136050454
82.90153211775531
234.71241397100994
330.6363108489077
106.73995944625808
109.80344274737662
59.97060481250434
14.63424593143731
50.88716757889224
251.0769955312424
204.95333001397157
254.8831756595108
275.3218623840827
290.89238987995947
114.2013195346103
347.92197493860647
157.4766702461483
321.0118652997444
248.61902676760025
179.59586544030833
112.96620183164787
106.33405105346453
50.33112083900091
62.97153199239648
213.95086631737254
196.09963379433748
106.29415205796079
44.648343273742384
186.54721729073404
54.407780713161095
175.76937822729212
356.0574882216822
202.00875343334386
76.02584110807308
79.48279559005032
27.297068056837084
174.3191500739428
276.51896835556306
178.3764270443504
64.4334970176415
78.36707433389773
295.5325874018442
102.71832628773764
89.22472540071952
308.08416884918535
352.3585588334326
135.25602813391188
235.72357634311572
291.39071243536
38.595986995333924
155.98434245513286
272.0861697914989
38.43230751078251
21.253755288936855
3.6062466166678515
161.24573553812274
291.889449497898
289.04840928993013
313.02632979163894
168.32163513369485
207.82643342852282
203.91057790789085
31.652125585579967
5.811512005189094
243.3316821427386
219.08540456096807
206.645704154552
107.37825874643897
339.96508163608087
153.88358425714569
23.711523422580882
215.09101035855173
74.30073857769773
225.4956527242015
346.4909483495044
283.17010621319685
162.41177342981393
44.399626852303456
71.29525533590896
192.3700789157695
335.7755824857741
255.92670186749416
183.78985173807055
150.7120917066037
335.9187295491875
35.42131842488304
327.7008426075052
315.1872217365935
28.35401146913158
189.02624731706481
110.87713314649687
313.7702019722203
181.7732674625165
209.58499854592839
272.4089095316314
282.75227406256937
313.43868529657436
204.16106721065682
332.7841098935261
299.83998548093257
97.58067019700037
316.8660289732878
237.29148099125237
126.88665337343642
60.186435598001225
103.5759058826878
207.5673652969731
283.3267532169526
163.3845557953247
94.49631025648313
197.183115023476
299.7846001971953
58.86496128437589
295.2005099167349
239.91682586144978
184.52571016762573
13.228129109579331
237.9359597824851
153.1364690950659
312.1676666724251
37.42351589453976
43.32004068971561
116.66431623696941
48.58744163029767
57.53443099072029
108.94693806399547
109.28597585450794
100.18949657310579
337.4898256432271
296.3998546877501
309.7085237008421
54.12483840805966
53.96007200599943
290.48678822936904
2.7297651099296085
292.7974250821275
110.78228479942948
280.6917023925219
214.32205687359198
229.64484309037317
12.970872664441801
275.21513519823264
297.2130033564618
169.80627809774137
20.957307660025712
14.93113568187956
152.2229472349202
64.4732598199176
333.1216357048913
278.14822877158645
129.3127074070858
147.16887960306238
300.4405847960679
292.5985909774488
98.0359988024833
248.6902613938086
122.5267107536324
97.58217193960425
56.130863144136626
304.38535798166254
325.97758183972553
139.25486518965235
184.80868461047288
60.80290847570998
14.997422735243648
303.32136364344575
301.58509603788
36.386970817267766
128.53891304557195
308.69642482104894
243.3934460593956
97.99792730835547
169.66184739776014
224.17011172525804
205.366106656866
50.72781311514959
104.12533085612706
122.26196665057488
231.30174107763716
27.81547663831555
77.7509149551882
138.39292469062735
259.32496443651286
257.3700259556249
310.8658048793901
62.29720661361335
18.033944858774575
63.415278041755315
96.6349806942406
120.32914457193242
167.0366988784358
120.53532211370577
345.76712547385347
347.57013781885956
315.68135696386423
6.388138073925778
64.59669245753341
310.9026849922811
204.6908030745436
254.49263841130514
174.02898314849915
191.3543336016057
293.8206740260256
124.31058428827647
356.9326596716277
67.54446895329097
201.78770395509022
305.1195993706076
233.11369259872436
289.6782171338622
151.30622038993994
223.0257240526407
93.70439872349112
29.713988479842165
122.07904457773692
204.31840297664982
191.57171934569192
302.14555438360696
56.51160405836448
230.71418157859705
347.2134459467888
138.47659327832963
164.15077884416826
230.99552597970086
93.73339820016925
185.57882615625863
25.799399218230253
8.771287060795325
197.81482157560023
112.64124697936005
140.09615040927983
262.67972943916425
313.11351603083415
113.06622415285246
324.06047261889876
279.8778033438876
121.03394179756854
191.77435529104275
225.4763350513119
232.21093052722713
108.87249264699004
0.2777530832174118
272.217720965859
90.243217644795
61.46585071549483
341.06204290367054
288.52671288277173
331.72662935597566
98.33979017317459
107.99708577651
266.0000844359877
217.74719418690873
85.19689308397561
343.0262512989924
114.99323654042335
153.70610594861662
343.2117911396763
348.86593827143264
139.65570579267214
201.42759941044076
221.03333779443588
177.74898197342642
197.5301206258863
54.23945614275047
34.03704500702995
6.657883753458753
302.17262608097474
318.42421926094397
205.25328986986665
270.23013186483723
163.9721418822068
134.93361689702797
26.062672503290923
12.881415263761856
65.90188458667386
308.96374237764525
173.53987288038704
194.26189343495383
34.03054308283015
256.31207929145836
301.1643019967748
247.57204975764452
169.6888835837253
108.7439207188593
224.67389346278594
296.41324069958023
128.3382478099548
30.019738369527214
20.4736041448115
68.44534776578425
60.01423423887862
25.087956023832152
187.03664714727478
233.2694574919228
314.2686722784423
238.02929877587363
161.7004969554477
254.64343885618797
356.00508778229397
148.0549549662958
226.26865739096382
8.572806390385088
22.7254148007871
307.792628507476
252.02231966579305
63.022736336863915
175.1466313104914
286.7937531162133
36.33343921732897
158.331505913579
41.13676176408347
147.8649623860334
268.81408808050685
245.68918095425266
169.50389324490408
155.7086060531706
242.05751678084923
319.34883641195415
79.59682880290794
137.63768159389718
236.10742814946715
46.235455600424764
263.5733652087739
64.27775493182509
35.727117913227005
149.62330572505317
73.13199669996905
53.537158868519604
173.52864215936654
266.5586007407681
336.11555136301905
90.36188756202696
275.79335099043783
306.4603489057262
120.02174089274735
37.23858607967786
320.372724680404
347.45004751313724
112.31664517439192
209.35323877880253
64.01642340281572
93.67031252139374
249.31164314334845
90.87470860460148
302.5485202494328
214.80285788793734
237.05900033447946
259.32995388447426
159.42589487045856
241.86551102590357
58.23565101971252
108.83501262057536
93.04162199072212
250.92159972467147
169.42295173926533
236.2348578066993
230.82023965707597
165.3698909728005
134.50431288947533
134.21486206667632
135.93341556345445
94.32532834330804
278.3578791617204
349.0254061131707
308.4064019785674
6.187808062232083
257.2375521402402
125.45079898042398
192.90621104920686
104.53082763668164
279.80927699745405
265.36259940395115
289.29423327375315
129.96239041251434
332.5614661378096
87.1291004858926
5.813243557972443
297.556150285857
78.37724175183527
0.7588354220788436
62.7388408895873
307.648583505906
256.12238294744674
68.45603380861237
233.402679271104
23.440364259927755
293.9925488665473
234.2409318371922
226.20492238357002
158.85572236871448
145.5711276136141
288.61074667703616
186.00071642033734
166.84564227737943
211.14913955025406
348.51371686023515
267.9503180780384
333.49315174882776
262.93058625614424
210.171934621777
161.04526491698022
114.50893634090036
8.051747949306083
178.3925400757428
205.21579517997358
206.21359725169597
31.840242028263187
317.945814777649
291.2834182743798
214.12381202534235
219.16847000592296
105.77145487079093
21.846332039980794
36.257472232202154
354.0081255537466
158.02402659330392
39.633028401888986
178.0489376875045
301.864202816525
123.30043512356437
57.87563198469927
279.46272203636113
215.47070587434374
127.10825124519083
176.21827001205102
37.71512731087937
66.99925322415965
249.90081600238187
219.96214444831796
105.31532170722625
46.613037832800636
327.5296444026497
357.8401520690629
34.52332715922686
86.10770775879588
122.65865620301878
296.5872404586695
209.71135522396136
51.79657443295811
145.603761936748
309.14258049575517
309.7397893284126
155.9607019357363
278.17292102026965
214.39850363581354
37.57244927632932
115.04566574293149
65.14647411428894
32.63215548740553
83.427603936228
245.01743348226253
126.91634644010118
263.381034153338
16.222624043456214
320.8236009366985
56.67144830257935
263.4518932458544
138.85167782708447
97.16209966644281
288.24399426269656
181.7364290723417
116.93766812160449
313.64843443429226
297.9927088260985
26.38606720091692
351.0695829931116
160.36925215828663
310.82835814465454
145.06648711776893
120.9551477499314
83.3386468117283
324.08999580374666
156.0186193199225
277.03396099346526
144.94539221674134
254.95054091942256
146.56141167179254
5.265238779521663
102.95543834698432
189.0200419697034
40.09752713439813
150.46054199095252
353.206800991153
270.2080537002946
10.0999137503232
244.54514396678687
247.0913802835131
43.18553541349337
69.06952025408191
35.330190217497346
208.10375369253333
56.33544590234189
60.75672901566048
51.71683125612085
33.718355408358185
261.2644522936721
101.68393993053776
307.92636159182337
117.03046185191849
221.89423378748853
268.08493118293507
111.29520611765672
79.71199279679588
53.91129869371406
331.55710268860827
130.16609642024193
253.0189923300814
261.9335275092565
11.415696497935025
296.010143177783
277.25429873476213
192.73093463641393
315.4423713165351
179.91003953525143
168.90796888064432
112.45446912151601
347.4879936334847
93.00395486919503
44.860811548338496
251.0585108564651
210.6623617097133
313.45857281137125
305.2479938309482
165.83957081727115
180.70827514020158
179.2025818285284
270.3101556611669
159.72977545603706
60.96041468515839
349.7510965443794
96.11030023743345
144.32970013895775
200.72587136383336
262.69586836393205
117.93775868537689
108.43331707595227
358.5829410132741
17.3991378376784
173.00820014538647
227.69929235492086
30.249437403905965
239.7327479993307
29.609279172379463
253.79786676883998
331.3183563365942
154.67322186519502
126.96248917267894
317.75399632509556
269.2428711239641
26.48482976065722
328.65735786890014
213.6172704026106
176.37543144725075
285.5904366441171
261.7268021199352
68.49729766779298
43.692589279844235
258.86559626105804
340.0069992135278
231.75230276282934
184.15600980421337
271.39784438056705
92.60507426309341
339.2175951457868
160.20018022917364
22.91678354701208
72.25605119871499
109.40811987544608
121.36973873093197
230.99551965611704
52.19746030026217
164.13603419005838
178.3597126587644
358.76483276638913
27.003829834569583
209.73269063888054
71.01418306740852
352.8758040728508
214.1895270007892
251.34823463665882
197.4730895233965
286.4026771940746
129.12318728511661
263.2146212524002
148.91911595346875
289.45234035806106
32.17849372632416
249.7463312290065
123.28183681678405
282.36168832913233
139.30071817379417
250.5418653299112
221.87830167690223
257.04244153283355
227.36681065955995
30.49791385191257
144.17185046525807
142.63825912603593
278.25171450950126
157.73657813084145
239.38850021497214
339.04123713570135
84.47239022079512
185.30402271820225
91.5438979002805
79.39637985603278
30.078417538644473
205.82624560767508
296.33229682802386
63.21565804528497
173.69390103696622
346.1168391922773
123.81353421824741
56.37725036800515
199.33173749630913
151.51707224949317
311.36435770128463
327.28486570705746
352.4711391305356
67.12977729982289
325.11768673480793
321.6593207093397
94.74769437965003
312.0785349808875
149.3623826737606
28.70213398745322
317.79049320621715
98.15686030990813
90.54491588302857
164.3662475964795
152.52814437082043
25.169430801066476
126.6746510858433
240.74022603793202
97.55285055174058
189.18664521179858
108.23513769895672
111.93408008357498
212.0885029428867
21.351765275912747
212.5672901250394
137.74186122455018
155.25436714573084
234.03285227102444
69.67604236165782
66.54440466032145
125.37821059632084
250.59531363822046
270.4751118665125
226.51333289637256
98.96294616948356
258.66191131280686
233.38308686237238
7.202985373018739
95.71526298928482
174.15726495951316
135.42789210105124
352.91427423647065
89.4278942272328
41.481121377582596
314.2381791856835
189.5377747439253
56.48515352608096
142.80779684947308
180.9576489034813
41.92334336480235
105.59896732008238
118.2401526043976
340.10243722801215
293.44878422254925
54.931989804916014
54.67348633600729
359.10370656906383
340.1856296062882
53.469208499992966
139.05529791045223
49.84153286559679
209.51300297903947
159.895698244846
315.86279912225405
206.57349194091438
59.5951738734808
185.69221911516937
129.40685964526892
157.51610727100638
1.3792186034971807
338.3494165367187
290.10517824981804
160.29909642539076
9.367964464674037
227.12066885262038
131.30583636930098
263.7514071964111
273.09216380266037
356.78962140873284
105.25703180995036
350.27855832308865
55.554469103461145
339.04532993786313
153.1162906955547
8.837067314282185
337.81302352855005
122.77283596196116
121.15709880631921
200.45424562832946
337.67344372931575
152.0593462205466
220.77438749064606
31.13296981345247
117.55407653639611
132.9738278566305
160.14731559239146
346.10485600952194
244.9215635373227
151.83096145599933
89.00323487151434
344.51572574219216
102.22181790505537
237.79575092383465
110.809030348686
7.056063666025056
326.96445576933445
112.19640936328165
153.80380984894734
279.0299850719059
333.51646922030426
229.92957443174845
318.5184400217124
40.09952720725698
194.6504098794881
118.09153949325258
8.32714886465286
105.3329989260513
199.53137750014676
285.4343035321423
99.27027610112695
7.179526307177342
320.9491689446806
6.963108234844539
55.21388089756196
261.8488674299137
179.60599012142535
68.11887499459351
291.7529837654233
105.74476948149035
125.88587076958336
191.89419225201593
350.4834085872241
77.52022458975279
174.12340986050754
255.7300955765236
78.22824924696303
49.12115881304689
19.67661759624966
43.78097294667349
29.160104162659263
163.78294618725778
171.22966243961147
93.00424399971266
158.4970787069409
209.43793661662178
220.35338645892003
240.44557671577695
6.233087244118962
53.57370281116787
349.6165498322845
77.9083037352391
135.47936807003322
322.8087047147762
177.94534887027498
214.4108948049663
273.3323310200003
349.66459360416343
106.47605776144873
114.50966462012619
312.6227832122687
18.843288465791304
16.983923832950406
173.3602757551896
57.04056777645474
296.6369916275799
60.87270898070923
82.29868936660593
316.96071044009193
332.7299863314798
27.540767873689777
318.7156792035028
171.86580381252168
352.68250778296704
238.43250580231677
214.81214628825956
216.86104057257123
324.1956445640484
340.2684716063558
191.22393624198108
69.2698068062027
143.82572583731766
49.88615404576303
204.1090521779184
141.28605823227298
227.768073083882
230.31452970562168
308.10822228102717
293.10585979730473
182.73942829025586
243.70570207825202
263.81685342569176
333.82531128589494
355.8682030514042
213.12346833671143
24.719417254849592
330.8260206718033
203.63066265884044
239.8243549266814
264.32989404012216
216.5989298387999
276.4934291324702
323.91493820682086
348.93142913411725
160.9252855851018
319.69634697353627
200.267189699369
61.66986459436178
179.67671995438715
215.67616155646607
240.97563035813766
68.28944074692656
99.93393264716786
86.90047734308709
138.80955649146986
305.88453665498287
53.37610925409916
23.704648190569767
32.95021214884068
236.85169404952796
18.120865301699936
267.933845554177
67.94853144581667
84.0395198570938
15.380248448868594
34.474810536262275
317.023066075345
102.78575177042195
128.71099007067983
261.82446211250016
283.8846964595659
115.81231052747147
41.22132232335305
102.63125486533205
1.19264035158148
123.44537990456867
147.59112973176076
90.61197268055292
101.768033460716
278.59285888404276
87.03152833468454
97.21366860468373
6.220513882261623
295.7769022584638
137.51515322658656
302.56986183939426
321.9400951124348
40.058508895713544
287.15586367928535
348.3463783228162
154.3574620032617
285.9859999022707
146.8437858363694
294.5512272383528
118.76942747711797
107.95618679860523
345.69743375413077
162.48143563465237
355.08666666888615
279.8556136414167
197.12469229785648
143.27790757184533
173.94951563969596
38.581648673686566
206.6206821214938
140.6778335083969
124.10242664835637
316.49283226759025
226.44902338070594
303.9643690410442
243.05700312716465
117.3628984372641
27.508980684877724
99.07976975492282
160.4446830748805
99.17248970514787
309.817030384941
132.17479213001818
62.906223367396926
337.95894139954333
243.86185105287385
303.02134390517114
17.33843672427221
58.12481225297317
61.223103306512186
185.26628610662715
295.0499612894607
273.7064789096219
172.98718026310883
319.8508058059671
86.76309596956231
100.28210536251827
334.6517284694227
344.19862772052994
243.1723465362951
10.188023714513871
265.5868087751822
233.62665349538034
107.64789859097598
279.37320081186937
309.8170669469618
98.09621525388168
9.33299224796132
30.55837221506603
352.0304676472437
166.14025887746112
107.61279597747485
320.4307003862663
189.24933538327824
154.1322307721137
144.23241684768135
245.31617033557066
302.9457080928533
83.21128784439247
271.7117439213428
295.34620612100014
352.62674293082716
53.80111475641048
137.9901392843142
323.05348326260395
280.970786127234
6.897705585207749
243.2011502347118
1.2849638669728567
200.22504924480344
39.981571807975655
58.91874982648557
98.32518080070167
243.4835583374626
110.80455297625767
250.32470560530038
164.09754177206162
72.29071823784109
229.0754304179821
98.69174099519927
21.487672085060137
310.3707391633961
245.6390001082544
178.34548045438186
37.276454684756565
242.62900840158716
75.46347145485426
42.83368843321308
180.89082423708507
197.47304206013337
128.56921554124781
219.8053170327867
209.9835595913677
77.74015616427491
36.566545543920476
211.91239976529423
158.74996102382724
116.9423173325721
99.37333602294527
284.01223859155806
31.23290050207268
162.04539946348365
21.600680063786374
247.04043282032302
97.11117382762887
12.756133848916525
29.438418217712538
202.97984632623903
139.07844719169674
129.53701710609573
95.78023505647
155.4778494266876
356.23083760414875
186.2440569464679
105.35550350718016
72.8277090528224
207.78751810851062
343.3911993050709
325.16486689433077
98.05251885377666
61.81856983864495
193.3123962858072
163.0695267559188
359.1640502716994
60.30147399358794
290.5517922895623
30.082081337636897
86.63526114615372
139.52092974554307
359.3313958094321
122.08244974744403
332.8888619753083
197.7955970052964
36.34604959118501
319.02405875928736
326.7496225223185
266.56043414277235
52.92544390740501
30.55781583817199
69.92354310806724
216.31097794414632
216.826672142991
327.6976162389672
213.25176381318462
70.53825543154953
26.245189555508578
57.67651189398243
305.0753330192437
270.311205657237
338.5766581961642
2.4244929980144816
252.25991787115896
263.5492044787235
56.33166239060382
152.0848367990443
147.86888813690427
68.22589708297929
56.72946766034029
215.9262832904348
12.192394904895835
147.31714369943907
107.00173410423646
227.06487164981382
119.47054722834442
83.00009514199427
91.20880916892106
325.52834076335137
53.35079657585426
22.802719981296967
263.25308773547204
218.3486213376128
116.55789744381286
310.8792106894743
270.91576177153064
138.65198199639835
331.18343587349574
203.62109421891458
12.892316656899503
225.16656976913828
19.078327861368336
141.641649677759
186.13435840792545
137.4471317233672
339.78167329649654
31.970143574631994
209.31624518715662
223.17882872864035
174.75108994860622
306.5231605670076
224.34737508025086
81.13345916277277
21.615290920837314
40.869293566403634
269.26496356891687
37.384602227285
173.86477083631937
352.8064187777277
358.05250063111725
95.15593465878979
263.37164158974446
353.88016503481197
256.62157601812
264.25984859173
71.89796091106915
181.58263460174433
136.02402959579962
134.1504546618879
150.46861939334784
268.8337106381312
311.0561009026838
193.14956497129117
244.53673494388826
235.1097127808413
40.90935228258065
66.92032294308345
254.97530434514127
16.362235661164288
204.11078939964554
196.01859119371093
137.8089375066236
253.8122984469406
162.89229117762756
193.54395205954867
346.9402391962666
274.68905242156256
287.89345387242327
56.98499124243263
115.63340019260582
166.79454589541038
313.34558342713166
308.2232202843067
70.04000606460244
53.182785601793974
209.5973688602709
212.7116665144168
65.92535565396722
132.46660410194158
307.65597840159467
195.0428643588524
151.87290507932616
107.7213550527461
288.281015078018
23.428247823566686
102.58122196004467
309.7254200043503
264.7552450444262
93.01049912581841
122.34833368938853
249.0957008898727
106.5497498033756
124.07302890950616
19.188370587050045
351.06369044056015
62.25633004223533
54.66722976875645
72.52477595046551
98.54115972619292
9.054991161775831
196.6409722769308
179.8711961918284
312.72958283047905
78.21621067357167
28.03112972398938
177.62829740470016
222.64572803843527
304.4471342312311
305.05509754845724
151.5395208666243
64.37554799897873
170.84344572997415
86.56514543145435
300.63295472117505
56.66552656168948
336.3963574692529
66.3305003635232
27.245192241861876
76.27209991465143
234.49000523899483
224.7146097115153
290.5012227051063
114.39883833431897
352.5683405783966
175.96862963842992
340.3205413448346
323.4682035285746
266.2814899993586
239.99724511133772
48.065123190794694
74.44429323643071
10.323883235062313
254.99830257049567
232.26996415012408
39.294593454278825
335.76995025535535
86.21054343461329
54.634456545968746
23.962028355521337
355.5387775896156
278.12619326926097
243.63951774882682
36.98545593770465
168.7442733859774
310.95368814949904
41.803564936820955
143.33338978982138
331.2326659239424
267.70971174099634
259.69933992559834
283.84327441244994
22.94460787725441
342.3893824573757
60.194219962876964
339.6300924851109
70.45809188006118
176.60579159104424
259.4517851345717
104.21414674770224
119.37859961288795
101.69760140827655
213.1320798431388
216.64370405008515
247.8927117885091
129.84743821593455
240.34415377100325
168.83629596737669
302.8187800341633
88.90680733412479
249.63492583074043
304.5186116682164
264.5851502848977
263.28784290267214
184.39732047150272
193.19395326486054
262.8723879541396
342.60972107532996
103.02580660572349
33.78230118814549
94.16778403421246
87.67998034279064
76.39101134752418
31.39615277712485
1.3083630508529136
91.52555150600061
43.26735052979055
229.5296483895545
258.3168871823964
313.3238259648237
164.11788643817286
142.52952682123913
201.4784194687443
59.13550262400098
349.6659995959268
273.8727811739026
316.3250703834733
122.0034102962054
26.859102562388948
88.52471953760345
197.93944373006292
203.24763345815214
39.64090065886079
299.4813024174357
76.87005488400105
48.28917090109316
307.344428880003
103.30807230973399
167.22665549452248
10.441466240533222
273.9944314796722
112.35553379120412
47.134081844605596
249.30702526716817
284.4753028488894
331.11698901337354
313.22606613630063
136.62267650416723
165.7757847772727
352.91576058244544
23.55036722075103
239.952080873213
227.09756558680039
83.95319632580734
346.35378107744674
97.81580037778737
31.517128702374233
245.1920160763816
230.34353256676795
294.3573044460547
122.3727967572554
9.573704537802454
228.60423732677577
87.92906139180837
79.95221670619442
57.08435604343066
258.7640168772095
143.2595885357278
174.70877944015285
251.77596772417678
345.76698341671056
96.4861287710586
207.92021169578385
205.61106142103125
113.23870098193356
163.95150865478183
250.27699374192184
273.22228192109424
353.94707232941045
60.479149097051845
41.86061770057445
137.79975553614622
130.78010156254234
16.357513422174353
155.14082620436116
15.527389996638227
239.59251374736567
270.51356578912225
225.19398776417063
141.996618331085
49.51875918355942
317.9589645358415
129.70385248531534
260.2476234628735
189.3868001629945
346.2467465494626
291.46789522708906
275.71233778239554
49.618437542629245
331.7057858785484
1.863424992553377
155.70754688562783
186.64315154419822
344.03556112880113
156.82893544277968
16.74619250047929
270.13631317737224
160.255626624943
265.2104783897009
39.381726191161476
72.64000212536692
215.3178874199352
252.61185792715767
244.27833113414766
119.70446584392245
31.771665785692623
210.64848892115037
30.415664174603766
106.3570145233347
51.360380116423954
199.55133790613928
162.97916524278642
327.88885865307975
342.44138413309696
237.1218735706054
117.00011558858637
117.01913408190478
218.7141908213583
346.40911172995254
171.44805251605104
41.72864193565661
37.02332455726633
338.5454317509583
260.33182015862474
342.60871155399883
280.29455391435715
60.26212189075869
200.39408976730434
304.5415826366029
192.01026265864354
233.92193195903303
131.3080366769113
324.0089241496195
7.533845235880646
191.8627458949958
282.47978735118664
161.12626752745714
82.86038559356824
125.48522539614967
238.16827617515202
347.9598644540479
65.71111571193966
206.86161471860353
86.34928583421807
254.84033259742733
81.428059728819
214.65029265473686
232.7739222464437
74.21549797418675
186.99632016416925
263.85616509370254
198.87134317818567
73.74310580682237
262.0812025062132
301.88483540822534
332.15567205269224
33.26512429748165
304.66766396384384
126.44466073372288
304.52347717127145
133.1396328593366
44.031245043276854
102.45521204534526
144.636465519479
228.53859393207424
228.73857048056936
173.2127070741639
306.80363361579083
3.4106224388956434
198.4345474972566
182.49148644516688
16.971908656770857
124.19022860655014
84.3998773109394
89.02176979680598
175.23686073468795
208.87801121188085
82.81594227443638
131.34703063728116
88.52559788388301
286.19651607627196
124.69132248292398
97.41626148067553
46.22409789657617
64.36441778967477
47.01668189350253
344.19338653451115
36.992627494905975
324.7065286317429
51.49609912048182
183.32858203276908
161.23329514150987
295.84491478610465
150.5527182480223
291.2377040557785
75.28714396561574
282.9600135347025
201.8083214559744
338.2186971432912
175.47174792635352
143.4437006200541
76.15925358196958
124.11594582240537
152.44731674818135
190.2661444266082
104.3880517166073
68.1003810218561
304.2286294602195
131.84496893718992
219.40322467313575
11.223595980313979
241.6780059659213
173.39259222391928
208.19545125953152
132.23753404463116
146.80001003399627
128.77053928943076
289.25628533744367
226.31056770036295
23.26044772498756
163.365798536541
78.82123379208336
247.94801166187008
202.73089581885884
282.9148334188634
287.0953216494781
308.4002074800395
204.0648565595406
340.72329400506374
144.62224618841913
93.79231452284705
273.8885636154614
152.34576503755693
138.15825820548233
116.24531321485071
37.885014072657505
315.25932872835494
235.4274125091267
317.492745940202
80.28788841342865
78.6005471053261
253.58623595890495
111.46148242246944
78.83804699082089
289.8440678152243
328.4600589583472
72.4550363314719
238.03294401802822
9.724293803177016
246.67540120463735
57.401335120044884
47.2312190344643
229.11239034594692
282.75104938836785
133.69400788034622
177.47014491702674
247.06653366242364
9.57019135175522
317.6056005552354
212.1436401933238
294.8438261160788
111.45924051330692
54.324226800362254
14.640764501003583
234.14790793271774
325.8976621629573
43.206993864780586
110.39066006693463
99.56746718814564
308.2541174960583
13.634945515026637
177.4669217324232
280.6113243652443
117.56065232027214
161.00270314572634
309.55863392684637
307.42404862496784
42.64444878121063
265.1488895777513
158.1171206576407
35.853610382601374
87.44139685066214
291.16456556835976
245.11932745088887
120.1580287243886
352.2598074859741
225.25947502730895
69.38267695569259
123.16632443434519
99.09367181599899
160.2304484664948
111.37264352807905
196.17875524703314
70.532595863509
222.02857581652708
116.21250334974356
6.145849341947085
86.31831830013621
338.3212251048487
151.69926551596978
64.07968113425135
25.30521033514482
136.0109998702195
296.7126015567024
15.401056565288167
213.3969310053498
133.74015724483596
160.50475280506632
289.7788761608551
1.9693412189922357
18.115908876978686
201.22912078863112
265.6042747925083
253.9649182259854
189.98227876508537
74.24510310026037
154.1459613904091
59.894349578653134
249.98795854662944
311.75816456437576
243.7906794969465
346.84888005126265
46.73746388901042
22.703245724908506
233.01633706943187
329.9117320793358
44.79577821382126
204.43008185319732
168.88565533321005
88.3496873667747
55.01285060571681
47.353429530786386
177.2891574415404
213.84769936797065
10.57455774497326
245.48124731176694
59.48168091154761
252.670804809459
342.8935362310901
300.3649629600348
205.73857064982613
17.7237189611379
358.24338580380936
39.89683663284002
2.7616208639162676
170.17532595331664
173.77492712611453
140.4613979019368
129.53840004562227
116.14605271225625
81.54072388884298
117.09336735780435
131.22188435528003
314.18339903242145
359.5069509903764
312.9574708330662
147.73921145249165
88.367527727117
325.30497969734495
20.10700028646931
302.1282697111533
322.05788598092244
100.91864230513197
15.362749431368004
112.53928030150179
148.42067908814022
183.77700692277972
275.4914398301621
287.6469465812159
94.97938473513126
344.3287522214035
292.2013026062298
336.56231799944163
357.23927333837685
104.7254494779534
127.4373815391351
287.66555118792854
24.697140107020388
60.14115705767511
7.454579899260615
10.059352147869657
326.9393318904478
278.79499754930595
287.8990621713589
172.00094966764604
290.5837408036198
208.43917466620746
138.95525370169486
26.33071671734656
149.05811370465383
181.46720495806386
208.6269219899232
171.44231506487768
4.369973689605455
289.0792707724189
308.19997699460765
48.484764580564956
59.740595465235224
276.5336202989307
202.63564292747526
62.23961283416683
170.41054171883232
333.55462607506854
119.31208733879384
281.385278006847
64.09679614504353
108.5389609517191
81.53482520315788
135.0956819109657
222.79229292577037
152.17187857972408
131.22727567734952
238.7186240485068
56.205457375240265
115.63861217711646
65.49001114319053
183.2771485743979
251.3354685436385
210.1215033005838
151.92379168889292
18.57783657578404
12.457352905578023
88.6695478830619
153.65052772339607
3.0913563367813297
2.1810938834071782
138.83055964746427
177.38394939231128
296.6953565329972
28.179865143954345
178.42947948807864
0.5950182894987186
50.890330117484524
73.69758451086813
308.60817683567217
334.91111211695164
252.97053463555258
55.71226885616584
195.7968350115139
51.757128282896204
260.62875621923155
350.8620911162599
340.1091977651518
273.88591830184095
204.0799429401033
101.10553656303316
267.9643679527714
234.04772440839693
90.92329553912006
45.220238860951
12.329194652056758
334.32528507601927
78.43544476998319
324.8516507326254
312.3830911479344
73.39950078711976
16.716578769024075
269.2129659560805
332.93900691072326
42.97790692635037
236.8550741201323
185.3390299280899
25.96075076565035
105.62813286975708
123.23002734970065
307.8229183236405
217.6526159136182
348.41375235837955
28.35228166271561
303.4354374971074
311.69938395062854
20.95297126940347
95.96312691105732
303.2873981747587
9.217317531260983
243.50345417480315
321.4283167867634
158.7881594909249
98.62928036382434
148.58642785522008
250.04757410747038
165.61454726264768
122.08610223465976
49.42552430488735
84.89972026147343
221.53606816979837
160.60103978919057
194.98682902463452
126.7050659665425
334.6114042173213
245.03685620814804
322.50516332222054
261.03999721536445
63.77263481112574
237.02522244271265
108.8925924744254
125.48065266642567
270.0891616326852
301.6747701098258
98.15940529394808
230.66721440012225
217.70634308717402
205.8018282840767
212.59261699206093
79.73404953879016
1.4529999037152872
200.25511944264605
302.3330776074712
244.4496075179154
291.6739601372878
156.26137268269215
255.4056349788405
302.4629468071301
100.66643081415344
111.68145814980363
187.0642013971629
88.95713248627098
261.90690203687046
224.16841049308368
202.94574552571137
329.379566283117
287.4948895834284
286.6224195985761
177.39634227601312
144.98927350706995
307.1993225277198
346.7335733173872
163.36301121281414
308.8885689267805
168.3198579424729
32.25078958964795
278.5865851105827
129.140937897242
248.64713123225985
238.60462494936968
301.5421859920373
293.9786458032744
223.7648640783292
229.6779958992945
135.10992919678245
183.2988302933653
88.58032237911046
315.44892714896434
301.18520826374726
53.60760939367774
83.68018860534717
119.17312413624256
14.88407547269426
275.8653790768023
294.779954326386
213.10292557217247
72.36643499839991
59.82781400458307
115.76217916340497
148.5022123857264
154.30162803293163
357.43236846725506
290.90789112390405
29.335954102733073
1.05367398913045
181.94592441118184
84.80306161150926
143.78652871659386
212.59997742814193
123.30772472785574
195.0738138118029
88.58585576655562
153.89063643021169
48.37398066648862
352.9765774980041
179.7400687544753
96.57278859726092
2.336130022766529
259.58909645418237
203.0668285391078
302.83374950967846
237.83614232997996
74.5898997052518
319.60744221520116
224.09748810226304
300.5488648354487
203.32339054049953
49.10449852746593
283.5901576956328
332.38334803725587
177.35942701007403
79.97778320049731
167.22977098844464
354.2791828081272
305.1375314617968
154.84011333202392
99.56194658098426
347.0750778935508
56.0191413118773
2.589510689447153
166.96522700915284
117.77948520813263
188.05628417295168
91.65269489967928
154.5055197018933
269.73053898628694
310.71848449941206
110.7860841300007
21.078018853935358
7.180765117980328
330.3781415696562
41.807466339848794
148.7827114584316
199.4396064643614
342.5658327278333
97.5994351468446
117.59998733351456
254.82242470296427
86.6771724133192
51.03255679698741
287.07818154828755
259.6987250016122
36.89812248760747
53.525510591820634
35.600775422974664
54.10202760788863
292.64940675952386
56.37075032268824
173.44726712417676
155.46398181311076
58.99997374037299
21.666140825388176
352.1079919172947
155.7703963562355
188.40789776978588
16.50317216705488
213.91049320227359
168.63611896825097
41.549898043330565
268.78974508351104
125.02535461011281
161.70378884871926
96.7964212405178
202.07477230384512
316.20663212778703
133.10186009080445
246.40597743968246
333.65506707341484
213.46599418616586
231.5452448869594
263.50549337911144
89.65606965935017
134.76052485540362
246.1105756969144
239.15189665496175
42.260922498432436
88.34859232238544
42.48366400639832
9.777844459954121
177.19388057525944
236.15021721637063
310.2456646854994
16.986278898295218
166.33849731129786
78.01561321095683
101.62794741528961
253.36577050890122
2.2809223302367427
122.8953863427121
241.72740471639554
184.33374403961608
228.8296673614844
102.5585066818618
204.01757893221844
105.06084919226788
247.5758617439855
119.61487753763906
123.69239315542174
215.24424786504895
273.4026389342503
319.02120132102164
328.89983446951044
304.51595834945283
227.59525201777478
286.39662216773377
337.4901831347072
114.08400245535536
282.2587283241175
100.53632819411985
199.4050653719128
123.9809113205929
188.43418552199424
220.78500264036413
42.16390481981256
98.63840407970093
179.3607212959978
7.604460720426891
259.32995946563614
153.13385889043553
16.94996099400543
70.4589082394869
27.01677234772764
61.222788816556054
242.4449927746036
108.66127135072502
259.5224003409159
255.8074656484902
218.4665145412863
136.6060731867976
153.71679155048795
227.24419224016313
65.5723992899851
44.22847622291628
331.6921381561254
12.3088195672605
341.25307686579447
77.71311287116124
343.4995012213349
22.25680266519566
172.63249295216156
40.793173874357116
351.7916606944153
116.48002726663151
289.953670083042
14.431273355016351
309.2819019846485
34.323935453276135
316.2611882704852
49.1964543239643
122.41596101892372
59.96551304630796
192.76189866159876
344.1788672582133
191.40740609020497
135.99972037360826
59.29109337637127
286.0338424024287
62.51832074134871
189.17265112590152
350.22089205543153
54.01080623679182
346.9431982107096
295.0724887118419
215.0999072302038
356.30867372416037
310.7503059302039
247.76687087003938
21.155278098021014
119.43166014198304
51.189083202699464
239.2694412055648
131.16502543568728
71.84208691813855
350.84987603213216
150.32454442991155
287.95076973145024
153.44228348917602
141.43079293693765
192.42955630787006
308.92571332804755
286.2096820864427
73.77203318386822
71.25869746608325
278.9572147652548
245.67626492343854
264.38083718839175
277.6109563962969
292.4721530401836
161.87328306372825
187.08273460881253
90.75088868307375
23.56371898582133
96.23761006572106
41.7263771141022
252.4628470630806
275.19037611896294
177.7687861267694
344.35146685862406
4.6914309620924035
199.7624004115429
54.36236703731375
324.6412968284516
136.00640546883483
308.112723764046
153.58232581133936
353.50732958054886
144.79716922833134
292.4966810272771
1.6724680018706748
276.10648519119314
212.5406860628455
240.6812692848167
240.30768944692105
34.12199670925004
257.16310873774404
219.30139592923766
52.13907847013886
205.43578409617126
316.9694761545533
250.4444637292354
159.0659302195617
102.61211520047381
214.14145352243088
305.9876445203011
314.73738137850467
158.7310355476379
260.7462222365477
112.14754545251878
67.34597036260602
3.730492992614109
207.02097959202294
29.722131976826677
255.0525451361774
77.61964565223911
39.95784961065334
121.65677000005584
30.057876584104957
211.9304393652861
234.84939774263395
164.66179270367428
297.92415587549533
210.65825711567527
337.12870967363943
143.42727851144747
192.8562923295176
278.3664526286684
117.41928013299038
200.60024280165402
0.676773381950238
245.45680036544732
120.903596001108
266.69515897773965
282.3351484919214
143.90089300421465
35.36340740754306
260.13838044572253
195.40397691653214
285.3472350129552
53.458919269220516
226.48340583437886
64.29274105640924
206.60196149012947
7.643665225876898
275.2349525985042
276.9458170950573
277.2853513851486
190.00714483691564
196.7898737193887
133.41117515539
211.0313079589946
68.29015451397953
190.13222228269635
31.864269476690847
239.41235810304724
265.2126425207215
61.83668055947111
243.83461781254357
14.276853812960999
57.98276664074933
20.297335800265802
152.54128672107166
30.424160041854048
296.87607853549
12.438371713665784
162.4005075947973
132.07383130954815
134.15312843675557
347.107488438429
143.66958928256187
142.55114852686012
208.43036594391424
178.34858184616175
189.42060651277356
187.46242764053946
326.24198986733467
241.4893274329407
55.10589997259521
82.13599311118799
10.724380385764315
227.26548049665556
65.11538712176637
98.88503485157425
286.06776151316785
274.4891444738316
78.53579002195144
34.00336706276625
18.123263444614892
222.65850207263483
62.775192050975555
356.12925085780455
339.10596576054024
334.4419541257319
271.95517933151353
191.47657115391416
289.6623633242989
313.7531838091234
80.67121945112117
208.65115419959915
352.2579080980686
350.33852532453375
20.04614405039388
276.8733680111484
107.30172971459498
119.53682451661452
224.71691204683202
281.4380240614148
307.7555558822939
333.2878016852772
196.88230224959779
246.0073845071816
312.25528129044295
169.1938970366149
193.1736812245913
237.0735692640693
263.2338624623805
45.2156205772417
345.94787817120755
3.0427735230171105
269.90816061998316
294.78340988307605
194.201181080751
287.6674579608472
196.9275198544517
22.46550199182192
213.96952785844115
105.99376729441089
55.181393812062154
180.4513385667297
208.22031772245992
46.459145233001074
228.2358325951829
338.3673266166215
138.707316944399
320.21253140437625
39.1982568024734
63.26014697636536
38.97534089480162
297.5783281146096
267.2241362844338
176.0295518931503
8.883059812957693
300.97103985783343
185.0856998718873
138.53809179627905
311.81720317040504
179.06663666890182
309.12751742568855
294.2868714351542
322.6897100912978
182.3876103752661
129.1192050975994
64.0589910313816
236.35875726132497
147.75124346745645
47.51315424638586
201.63398082497199
205.89271906966357
114.2883681898726
356.0348061635068
20.984298150257395
270.3792006372772
304.4726835432238
314.0139750910569
20.60930555640506
219.43393540042422
193.41923492491742
323.35771035253237
90.29139503320546
357.9635456768068
19.52126547319065
306.2668998318165
15.61568827750597
213.49677056202617
249.9412231877746
253.98165929313637
36.03131168034132
200.52622777730073
20.990645520489306
154.805139530577
19.93845047573795
347.02655296894267
356.6187349425497
242.2258366731193
137.95301149388987
31.38860920550536
299.3272138779675
15.52291657702827
240.8012421095308
51.697189295088904
294.12747897292525
121.92692217809095
287.4972718890254
31.626030715505404
138.1449766590019
328.87165210224424
292.5476804576779
114.55029631274387
2.6377532859766455
99.12117616661851
273.2759567722978
268.6733893365489
221.1519773909813
195.98789969369653
136.33602559731045
357.52520280319203
101.63231367757268
100.11767546994346
113.52880829198953
31.23257703489699
134.6088688514325
108.64483237416013
37.344415355081345
208.58683246633495
38.741646184307854
338.97776970442914
354.3168142533759
2.794554353086448
148.44543630177557
298.593686815065
181.06972387606913
53.56620349620669
301.10521767945244
255.21279168460032
305.06296163056214
118.99057253319256
259.3877734438491
265.69200704108516
105.10973105994432
113.72914965307822
197.6288534948301
310.8015960842899
330.95147774513566
347.44796071167
345.69420949350695
139.8915786719801
217.44355543090444
65.55726142458225
50.2891215204246
7.746285583364956
312.2314523356152
288.5584731265294
98.24332313258262
147.99389570449657
129.44191772900723
161.9666462065959
336.19820744549475
167.27412884874138
194.46093417026188
219.11309189480528
38.97896501070046
312.011463316488
43.04784651699003
0.7874248809694931
68.30239089324577
26.373756258336808
349.95293573667317
279.76077102271904
77.14415331215802
320.8536816397632
2.263147992472279
185.1952024874781
260.8744002129337
351.6760191723738
49.962750207857816
67.2382083594024
120.56930069204623
226.9349962198026
99.76439866670903
343.61362715198146
136.75940569639354
118.64482473991802
20.56063969249596
1.159978617089325
173.77460233526847
262.4100819615058
127.9108130582915
149.64771114423496
123.9874849731207
34.049510499586994
305.5375780620036
212.9696288080167
179.10871971867792
302.9861603566922
94.2916809934547
69.29569316606685
131.51709539267046
289.3416817554826
77.85407117412674
244.35860817980648
196.02258300849917
42.00750966386905
27.667333445800164
45.45002260766445
196.01848268982977
232.5694410676728
233.2723708337399
272.76427291814167
184.4522002304944
143.44047636351436
337.12265368230095
61.73101311657649
197.22348146985087
294.4537420540239
66.91581630339498
342.9475715267801
142.87452812430794
162.93461268661213
118.10804374921594
13.748203462300204
44.088586352191776
279.79964654702036
42.568414108729215
272.2563219040534
168.99674688412694
137.1908361897132
330.4975645074275
165.28353284639516
168.59588455981637
61.38221616385988
97.50942254563277
289.88141776829184
81.73117159726534
356.70704228329294
342.6710355731548
28.369322395235574
279.168061819758
200.63526202107417
300.04662287382155
210.7135337534044
296.8920907597
162.81574013640824
336.4399119971286
141.17928439480218
209.84138547449874
165.93497767159278
300.31104525645065
66.78951471515683
141.73094383721707
38.101590478161775
31.370888895902958
14.996674590069723
113.84262421286364
76.25339202611126
121.67849966283497
183.0693859538548
330.14513616499863
218.51136502267607
275.5212102885153
220.11889403536682
141.09629725741496
63.15975977517444
167.03847651338063
139.3001801315003
197.67785050757251
184.0129185877126
152.2377788542774
258.90182565194465
284.41455940728173
7.581522553257888
94.978722771561
95.73591153021987
268.33133864651154
210.21177693941948
95.71595575809178
344.1515904296973
184.3657578219752
90.34416777960342
261.6243753800268
123.00610131652381
10.715048599926359
125.05639404072161
54.58954100000919
337.13419228645245
320.8244639472329
105.86455477176713
11.471988048339005
216.78274878309477
224.92349373034216
130.02639786724242
96.13306506723033
58.79731955150992
14.822214169599954
55.4789907381977
338.84487303448543
27.749263512478432
99.0614319428896
95.81392032685376
43.30912956667262
133.2504133572724
287.8006613135574
176.09608627201501
170.11572999969692
119.14990620445225
239.86193898884855
3.6451477989408754
357.29243326237264
242.03049081552356
138.24940098673994
79.43000300276859
126.26073464129081
176.95206665453244
193.55007415884398
27.89559506253568
30.554506570807526
239.65032807047157
200.18934007499345
348.1754284762168
84.33677884280782
48.300574528545475
148.4156248064359
340.19308188183305
204.90831163486334
250.35771101519498
195.6155208462537
267.862393104091
352.848965723304
270.3085284619517
40.079771707819376
5.634427895589801
143.37388860255928
288.24699434785947
45.813849597866906
277.37994975322846
174.3350284598907
2.561792003515375
2.1373669287146324
169.84719004493095
73.1237984453862
133.25856653671758
133.07050021218552
339.9239358714314
244.45211591841218
78.90330869901683
3.3895286948158034
89.71358788663045
148.55374352610175
54.734782073698526
64.68111467087792
67.9062533650578
49.03123204875249
293.7161780968348
340.76810176487913
0.7325521207692494
314.19369182768776
269.0052295873908
300.9089815911166
275.52456470760177
88.04852623430459
45.10920282895206
178.68882181677057
335.6498695425467
222.0604805898053
137.29886836347683
118.22633711825885
339.745576717298
199.51366200677197
304.47768102637934
335.8536760246269
278.8758599310234
358.54192148566057
82.9644596916723
75.75745987281864
179.78229777249675
194.44668280033326
211.9168172242778
128.62316602140945
290.52566935653874
145.48850071933023
289.5434747873072
343.7338936859096
17.581799646913918
314.30456537179043
332.8128363274783
317.6872010610681
176.62758845854995
321.6892796408835
31.156393060971972
344.35019838716926
343.83169259042114
97.50231529313527
224.35395206057066
352.63216819454965
118.64188923203857
167.9022255406325
248.7803424712227
243.15283859533514
62.710161079373044
106.9850837926597
242.58373003256665
232.48554698810094
219.08695505672358
217.46297102697937
321.03265768732564
100.89508890039616
304.4998791260722
181.1719988749147
337.0827987386612
311.4978520310248
353.3253805186334
156.5624598283157
356.03098213246443
122.63581022026547
62.191865229564485
153.5809747525997
261.6165262156802
177.11368648002113
344.65403108249365
46.3482964555973
86.93521819126158
143.77739949542485
209.2145693455076
263.1589189747073
148.18382470899192
41.81890994125139
179.84015833313293
334.6454128188992
334.45410811482975
289.70210864577393
76.88226212731429
307.24520566626677
168.9304629889526
237.52547168647646
339.74269176309656
99.20141197622719
273.17435423307154
73.617453947479
225.90660859397428
332.84937876238314
292.8482911293336
137.31547498963215
221.50262637660973
277.2725895335579
278.2067210319328
61.29331673311876
348.62451063287926
59.8434849970059
282.3957650364291
112.43485538617084
69.54885822818245
261.44202215064234
24.835149643621975
116.85505614153206
21.526359792611377
324.9980246424876
214.19406199211875
72.4851233605952
23.018372480699757
121.39984916798595
174.85497197060275
97.72208213408129
28.216279588163797
69.44834312590623
319.7346131006504
276.9707093995126
113.03689160322493
20.957236311197523
339.18671409908734
41.93226157409186
213.96295264634807
287.1837688770558
32.66771243919012
205.47895645079345
77.51547174154463
129.5965614318103
252.99362090149464
211.15667396496303
38.48567848448829
320.98706223648037
220.91345378744208
115.63335341547804
180.9310732867644
243.4657619667767
266.5599241729676
125.38203753367274
113.69983924738774
102.81923428536217
294.2271086144894
159.6090252335958
6.503709220589453
231.20920419281708
191.42925469527913
67.84063181367287
200.97211270819952
129.9089362146672
233.98444579488554
78.20628969970409
222.8044409610195
148.33521887327487
195.04448995741782
231.57854203400186
176.0033658604421
352.04194919538753
186.91690199204945
128.68695177222952
93.73496662448396
30.037544684209617
135.50001329087547
104.2490307601622
305.87561454514326
20.455797204960742
316.7337433230054
111.37084981113689
240.79124242532805
232.92836024614925
49.15548303147281
233.5138989501386
143.295357780722
162.6485649629539
148.0601256598863
212.82134835784427
217.23363444637067
222.2186214791991
270.99809634047983
20.850240761364354
174.75309751586713
260.77815404961564
338.14332535354805
129.88461565585916
173.1410141355751
133.71579853342837
253.70843041365382
155.83589913068778
17.669682723230494
266.7270944256076
35.47241796122533
305.635279454241
324.46281731536124
313.94069115400555
80.03956666069419
81.08268088687045
342.53806677656877
200.6426370788146
60.74450607547474
153.80061315802612
46.54953005285806
334.9441769665618
160.0194228495536
131.57985933834254
353.7862557958341
182.09504061122465
188.00049470617392
231.1437486643455
278.96876806778806
204.45011127441336
223.74443323264876
144.23605735676244
57.50476362259304
282.7046993074729
163.59706106992542
159.44561944540678
284.50684151222686
167.55386380946933
239.58321364626912
180.66167934211794
305.81113523824735
58.591803905806415
134.3265272597924
313.486400538191
140.9062098987289
21.31216267255374
180.2642883227731
46.53666240871565
123.2394723491424
343.2139748957212
144.51060493201314
41.836949020927406
227.46870799941362
103.31674273956884
44.87550501327668
239.95663643997443
223.47946772845788
182.18077184789107
355.59434792934877
144.5551748016566
120.76406728861305
84.13122003979676
122.7899254004676
87.6674199635366
311.6539947897937
307.83661348693164
123.86265846793562
60.98403807932728
129.16333741564512
110.634041819358
304.9813384988737
112.99391236111313
158.1218405015301
131.55084285264047
289.60791731601506
3.4153721456351533
104.73224152185239
158.31307888104584
49.390138998788814
195.8628757073983
266.2259203295222
203.96287073662216
309.76684162301365
143.95042331432512
135.7562273199301
257.26113999597334
49.779482209946636
189.10700364109798
62.83147802872237
48.27116272179083
49.32700367929866
290.9361205265877
285.1174629670972
73.24509823639774
164.53768154514643
309.599349959785
106.07172336745043
214.27926631895735
149.3206180514558
224.05973993580287
173.23673314107705
54.93368721380061
48.15375173329653
275.01739928516025
306.78171860228497
42.27310723001611
338.8640813322836
287.65208985601765
108.53216159234466
170.47138036134137
55.9911164569705
147.80804212428654
259.2087555920702
74.78156915770631
192.30705700009833
71.15255723305776
103.0917543748592
31.626025724180998
168.83312626692737
347.9716891796089
195.78060910986173
226.13487023788323
202.0001930893755
250.2472793943274
301.0441924428007
346.8364169912241
118.30153868970397
276.9578803768395
90.25759529132023
47.184358843101236
276.09175133353335
308.3215047045087
99.73637443202104
192.1069852629889
134.6631582498978
334.0207595293559
237.1929409888507
63.689840169551424
257.1095078939616
79.5786697636308
77.44178867172154
64.15582723965451
317.8503050764014
66.52455550538369
336.7849952075567
288.1931485084451
294.35241559097176
322.75829280830146
83.72781275390548
155.94458965924312
168.2823387714086
169.76318094310832
30.824384966360146
142.73082408629287
238.90181538746816
113.39429212347964
233.13550562700576
61.53846402362731
5.536966184422209
281.0918498812955
4.049468172730315
331.70208064874544
45.518428795733534
18.963664243673463
129.95183956399458
4.073286679952424
345.9188351698418
95.730297196741
274.3025805733926
324.9922821257939
342.54814268218615
306.7228078359274
43.95173122178952
315.3430947273099
29.602358016038593
179.75445624946488
165.65718496741454
257.18261766853874
338.6036135686709
292.89165743896183
79.15983357557084
300.8393521278613
133.4122426786082
214.70479041642668
74.10943787432218
303.5189343221053
354.13774521588834
265.5711272127149
335.8555614138462
123.27522179420349
259.90722219189456
94.11663858756931
113.11015149265774
33.55193955155962
214.92867829263182
167.35282036552684
154.16970512013333
117.76552034151807
247.6902676578356
288.8642616501887
77.6562385712579
268.2635745112096
291.7106969154187
144.5571023574494
303.3594634771393
329.3699938425119
104.5962868891791
147.72652478143254
227.59407505063547
327.4118945675214
68.00402923109819
200.70549119456902
13.966950682969582
12.262886275131985
98.3804652894702
342.23711667122967
193.80042820606448
56.33388677233373
0.8217729134227818
336.564600480195
267.189680839187
213.87615642552998
69.44455169019433
338.6700420841334
181.40783317918093
174.28878961294026
353.54098341031096
135.4780707189003
135.8855352830769
107.53571899378596
171.97735414632697
85.31278930013085
158.99735153523335
272.64081152026455
101.70008027641269
357.7125778929795
263.2428291775886
112.57478494044227
36.36801772158714
265.2921477568888
76.80492772326414
265.8040100758259
6.232339022583465
174.26237131828057
341.2217329385706
350.0453949746916
228.01999369537873
104.88740361357351
156.40456661899978
336.0123599456699
223.58563949095375
270.43499077133924
232.8411660578154
241.40394885512262
98.70071636569169
321.77169374842714
147.11794421043427
305.5683940450324
355.38560022193735
295.34971927940603
347.22228881351475
301.77972308447
135.3022480243935
321.08853542262585
296.08710847525674
335.09718781203645
196.0799104417963
170.82742158286513
42.29519725228205
105.13688581501154
126.79959363473628
102.96554497797703
249.21313154570353
124.73864623697337
248.53339560065632
0.37590003206472355
235.15930199249573
293.4638630432251
295.48321711626335
136.3991076301169
177.54341660374092
272.314249900022
143.33266247825432
89.466310099442
94.75800249228021
109.7141805222813
323.33352700183167
192.10115403682568
129.2337041231047
6.077990832813203
19.175919115178022
66.9826214648333
348.0001216222676
174.4838330152979
344.5640440731394
109.25746662068077
5.335931304083236
126.52291679891574
256.82723538282005
82.7240726309927
294.7320018545538
250.2311359462899
264.700523949179
268.62781552182224
78.46752516767553
312.30414702064104
23.497050602059666
186.3510715514598
81.46678017954706
49.459053807568225
161.19588206559445
96.45166163387059
280.4971378202118
159.14367820295942
295.92257793723684
136.99989874064676
175.12369387917312
246.94379341247208
46.29799189231851
249.95950784765319
121.1584403520571
198.72447255740414
224.02622878057986
271.9102643650921
151.7076888686891
200.8064571928428
74.01302352579101
153.18294980971712
166.7029562040575
16.79099183283618
158.03173761785706
53.56990559461158
26.026606130243216
295.42314077374925
56.16132312567811
91.47162825626194
17.375119132993614
244.556003934172
329.9131818564134
265.21563829435877
349.7760134361252
236.1926553109591
316.20299236506514
114.37705667344429
346.33414179421476
96.40879326759429
265.8363730101122
267.64860393378507
44.454089807026214
73.05564580564668
341.8243305502276
133.40061679187897
317.91057974676903
99.31968210092228
209.55745482080474
76.67326429366197
355.38149208754305
5.4592069604984514
273.9122697069772
147.0876959670919
71.67083575922989
29.52419989388612
26.640219072546163
5.302376083191953
37.85554903529302
194.08449285863756
106.28379765663458
45.78697753379077
71.03983318346303
14.538159005977667
97.85097159491092
118.66562020552736
265.72499225911326
359.85280749043545
24.996323618991998
49.60988094145351
295.5380369677969
293.4450525599622
72.30575870615445
332.99086463923567
359.0711589106634
133.87750013313575
93.68249439079808
321.2719284339815
310.6068457866869
104.67724368566947
321.05514118370576
158.04619413694337
16.80151119212856
187.75988860154757
307.2035435423017
199.12485735239486
279.91456483772157
154.64963882817608
334.94518886863943
208.73698430337421
244.37172413562683
213.5051532699345
306.36553905589824
349.839303859396
12.3806241270716
137.95205634747478
34.67513501018917
295.60398989052555
167.33225753635426
214.54273990255626
158.71742226081568
334.03881467888175
44.690994744289284
285.18850191996154
328.67689176331777
333.7342907266034
133.5421790578648
356.78404806871663
192.36008515759661
145.4664593937668
178.5439407632205
45.12692561345447
9.336367981074362
212.47118070582215
24.482018535275998
58.72367545880364
347.462842154279
117.80253924304631
191.72504495286847
9.133319745550274
66.32455400248415
82.51278943083878
12.186455006564161
228.51534779288534
236.89914786120227
45.7692344521236
174.6018838199201
165.6525150466905
307.32158458489533
193.28107240125797
105.70556926015456
288.94606723763707
296.62829375003633
63.52761210546352
332.2614221121473
39.24140286682638
281.224973211889
241.69788005651338
129.76386748646536
252.02851317821757
299.20575897375767
165.09006033915875
184.1238798864675
5.829373999140499
345.4642968356865
182.50822960028515
209.54028053628912
346.60967703249577
60.73084445850488
166.96569288072135
188.3157951503699
125.71388487878292
307.0926340515207
93.86466706768427
116.41298402257047
63.207892045384874
34.71012771895187
152.35496356933217
43.593705347309246
216.23097939974537
316.1197988116802
155.72934488886898
43.178694166981074
233.16656108245863
230.93523717182262
280.4559784860553
51.63785172358962
110.55239115505547
28.063345153084054
62.17103119467571
141.74204065015562
341.2426840115444
13.750472427702194
198.29397664877902
330.92477332243175
16.548755390603688
249.22796141876677
276.0557612735582
304.88269881512207
54.29433678507552
105.25446867119199
189.17977224105613
280.20907867552273
116.28349606560086
6.161942344252068
109.39717606373274
186.10204463166545
250.92121897679326
109.49212039736463
347.6418976148924
132.79065552610112
298.19576061947697
29.80616486026897
186.6156528848814
259.2392887607872
231.3885663259214
5.724348197959115
302.28295261203266
271.0066936023454
166.74553723730153
199.06034598005886
344.6562051879496
98.48283347761925
233.69322837671217
320.05050015273986
103.8781162583582
10.82797076631561
69.0516096666421
164.2476525937861
280.220497189883
189.1445268959409
122.14440855027871
313.7412150884025
77.31425278115121
162.78321127374744
157.79197556598416
153.17519722745274
142.48458034955686
32.41006571121267
114.51460069108795
127.22449666259881
317.1768852270298
290.8507655428214
337.9828289265866
117.19915798210596
209.9817799289292
61.11710590278628
300.41072612857175
234.5373582051905
340.6441745879015
327.56377778020067
316.20741599202216
260.8049507639062
322.57481791477977
40.932400299460966
151.22534223390574
295.2884298500293
336.1751626183072
91.33446856118671
61.6419952164152
308.2964709663276
249.8166838681898
179.28701847253313
173.8111900008388
320.3663319359109
73.28058938727467
78.5297220044872
351.7473781849223
225.50246402389976
56.96245986016791
35.43576093716577
70.57880780851316
241.11253524520177
23.093454799395353
118.74959608179218
160.36491565104478
232.15836485872245
153.45703853573193
119.34797143736463
340.6750801315624
321.71267447890176
84.15100473226725
36.69492047578525
65.6335940362726
297.5908785332539
84.44223190827444
268.8357885113642
297.2642816411459
50.09217925550731
252.21539824462934
220.07759207868887
255.5270888285063
136.57329193607808
283.6791841529732
236.55612914564088
149.98215263589185
337.6018459790279
287.4758027248046
338.3947523059279
310.99140416486085
303.07397910152986
213.83663519317304
73.4045700450875
15.837829310403023
175.37506504978552
141.1516578849484
51.06208924753219
57.103099178835784
205.19047140871422
281.7441786930474
217.41853900587998
260.4628031896651
241.39459163426022
322.96311898869436
34.439658158205106
248.80745668012725
350.662636064545
314.37828793864435
74.72786779110233
150.9447904785424
53.87470400232007
289.89367457944303
289.0246041850915
186.10842307135846
189.13527292534425
174.31196257213193
93.73247701742619
237.35189790597366
147.94863792229557
325.22479022030353
89.50764483144955
348.16591847381653
188.14413936885754
294.47882447053
163.3709062055443
286.9656219817308
186.59781726963027
99.83233322910286
42.532146367053834
177.9288415177412
189.6975583570855
340.22986069962127
82.65711454503105
257.63490896361674
260.8436582823418
331.3959082388902
229.77023340855445
124.0453984405741
180.19185667604148
132.37077387213915
38.170652269174575
218.3577217274897
226.86687912597117
274.33538759358083
326.7594153542371
325.5150504763995
17.475558598703323
211.04518825587812
1.7091834261105054
117.06777754168412
215.61477066444908
342.95999497893877
30.103787856828294
2.6293237315267084
311.78012084527154
298.2710929941981
93.75584027235062
69.53904294143453
340.87976502988903
134.6657677749818
206.2679430340965
189.15580070847474
87.40278990399746
208.18795901186266
198.8491352631736
0.4050302560092731
350.43193793814436
327.81337988632436
184.0424632571947
326.3163033451538
234.24561140747102
105.42524336124778
216.80845783180476
16.197818403501508
112.10709141666501
335.42826397210666
154.76125093821148
72.25018267490861
273.85628874908565
255.61042960348007
65.61910994316139
16.719208913023078
348.23853566638695
183.50625634906388
159.07970521408944
91.22637257447226
332.2789282430485
246.79869734618327
354.2284361158131
95.84960568021543
288.31055467163134
219.54848380600515
12.819440581561977
281.30253088276567
96.57557864220709
139.85042027789024
201.32239003095933
135.66925043096236
40.80344391532863
327.99934893646906
73.38782225804043
77.36260365859083
112.00485465149598
180.61022201163715
209.0766312232254
153.41589730211726
79.76230682668555
13.089169420275399
201.39034385955608
196.6077231426918
334.69495660030685
246.13176641929323
121.62470462940125
113.82433199890885
181.97711525337587
36.773665189838546
222.29976750444456
48.63065472151185
44.72736325481225
63.220765139780674
151.49629308846778
109.53685018768064
217.26913792079014
299.9596112540685
226.04212489954395
167.45420530917013
31.747515955504294
351.8119666160317
35.41454239395864
322.4329262861525
156.6183723512906
101.2751127380746
327.796505364485
344.7718886015039
63.149842552625785
106.04556503638884
70.50227234360523
206.11216338447647
181.064861863329
54.62404827571609
151.88423286523653
176.81089487537963
239.90872458372468
301.3923718117207
277.14262805154266
146.16001855806508
325.5794914573332
340.4831145886452
270.79069225187897
344.0013761794087
309.52773036284566
85.96276381986846
241.54343469726348
29.921155710962445
162.0696219649481
247.32755331945287
225.42985287363368
2.278513928776839
65.98631092274734
42.17395719791408
201.97073521066912
308.7162951853477
62.83358233876328
135.71155924467277
220.10780727606416
140.89570963832284
339.31929047112277
299.12705461313595
26.281663143381188
321.8557849286332
192.46190723551288
333.12317011615227
140.82454565344116
242.84825391305452
214.21922846584698
288.3295353449446
199.40976749793288
266.74584471866694
32.723823804565946
149.67955696329554
268.76187453923694
201.74131507802414
86.2979238386258
87.86868033468691
340.39378486988124
276.8894131400838
225.81639181307705
268.1710835943945
246.09909266917794
353.79361843632216
335.0104316714018
36.572822129736004
79.12910487582978
151.4761215959795
103.57906091260124
150.93185836953523
165.0441815960267
165.04130394217486
355.8521640109932
225.2215480713185
254.13585052804848
39.98131106556059
116.86972826000674
39.01868470700465
21.120255110970177
179.49772019102866
169.70493129954485
322.67568113722905
246.6276234645208
35.326722297068656
149.25521298848028
296.4348354153292
190.32911611438126
344.72418148545216
157.26625040793908
104.68641218135977
278.48453136838805
352.7418807538223
22.989151657705793
335.0912734360051
260.1666686088672
328.9050272788119
148.5885026325512
295.9544848789927
107.17722859594612
318.55997249644025
251.80816441756988
171.77976705006301
283.26861620502694
49.227969640613
146.839481307562
134.39444340051836
136.0074068425306
85.60662454302062
96.94819727752586
331.2343496239048
113.76594485028575
69.8932518581417
279.0271944423292
52.66023201445047
264.7295317451196
187.4893036627032
124.48574352439417
264.7881344851254
162.53836068049893
357.00705133458877
43.485766965078305
187.26388902286342
24.689017667066835
150.95318557994415
225.56607848784137
250.79557961992757
313.1000935213062
121.62420205770341
122.60585758058888
185.0857264788185
180.6974902491182
36.843261399628865
197.0628488801458
33.19287172097057
3.9183292300383985
5.552628277039887
2.4242316179871293
113.32571116699722
148.33768536185912
180.6147320888031
67.92634134679379
49.33264316397101
343.38153937802355
45.98486907139873
69.99383151702283
221.28696096032044
211.24326505141838
156.9382318312084
163.8696546822906
308.47175803463404
82.56446477311326
74.73212470328318
157.40001027583813
291.41124771405
165.1983521809094
97.53067993475123
281.06185221628124
12.769300287502523
167.66260935370107
217.7365690190055
57.32273295861831
232.5571559838477
145.77074146738516
68.4536489106606
105.18582357024897
326.70112220073247
133.16221936156805
166.912352397595
346.19222980302555
94.99686013647312
183.39293505193248
137.97859082217664
54.38969379749767
323.486755578079
211.29302277836806
334.42274014429324
347.99021263137496
95.37972509673834
124.66698686920992
34.68551282648631
126.6951972751722
89.57894575145023
168.03997190143326
211.60465772906446
230.41388261456117
346.02174434605234
203.64413825086962
324.2633944497985
292.92493012435295
322.17416828751027
268.97736251535
235.72683485008824
92.90697494433056
337.63736257150526
2.16012798105411
26.915740398346635
174.44501747622058
24.98151177950079
179.59514938592372
267.8892282741272
224.3365606947284
21.030770340849354
196.7762104051011
206.21437417348486
221.3602904186974
202.49169193815763
161.03947657270496
350.1639327134199
84.2987351851711
25.36143579666682
25.06034886728447
34.324474963990454
296.54058276054496
48.838760105934455
348.7470875838542
192.49506138470863
125.32346057597711
132.97809194781433
66.93499609147159
42.76031497002881
239.79347657849397
318.8413669923036
222.6395622968313
96.84848741793799
238.63584092175986
60.80987159618074
316.9277295072214
315.2514386664817
53.230253041069986
289.3418396369949
22.513407327825774
107.11706635767712
327.80881967033844
216.80799413651852
157.27658043763066
33.88549439646955
73.64558278287727
238.1042595680172
155.7524416299001
184.98224947798653
64.15800841901546
80.94718641100573
97.96492855087504
311.1685993357566
132.11835194588792
359.7711900331638
80.66125448181506
160.09571453457878
220.2922112764501
0.33240195007392087
252.0395014214266
80.6100632437887
169.40850901018578
138.44190064007918
291.56102317076613
244.0659780523943
219.23188829053547
12.939887104706662
67.33566661758806
264.98670431109326
140.92659434684327
270.2813706184801
318.3695766516569
299.2769121336844
177.7583729800163
305.0432542326186
145.52289693816087
67.27771389012749
303.3962403231462
15.027374768348158
358.0497384470062
230.17256752682272
283.11776843487553
130.80632904009065
231.57353003723944
336.19149512161545
212.65642589550237
131.8821500630184
55.248312280540276
196.65034726942395
0.47412732669470525
192.66070588538923
1.6702317042673505
189.40516855868304
60.714893832708185
72.38513060899093
311.2464301723013
138.11916267244493
0.8758742122407891
302.21371639220786
136.77581902170365
278.97706816065767
239.0697706328732
168.10930235398243
347.2462834546706
268.9360419737421
47.899993283682925
223.75593792227804
105.9503037905333
17.682850829540627
228.08646819490866
250.921422657531
197.03411356322292
25.504718769492307
300.09053979306486
202.6722423393792
246.25645028458433
149.42352686787
248.4992697978873
297.1292197122635
297.2578867722616
220.2582271937144
67.47033043900298
165.37981200311896
112.47884195809368
134.28515905869958
40.415772886648625
69.2384343743899
247.65440301179396
231.92182086012014
149.58547908916745
247.14674525250518
41.01304809471263
328.3809742475361
344.7906898456945
65.26697667110203
55.867377201817646
1.3538043817604124
10.50781857449441
28.248356375768182
213.9592137545715
319.95013306567097
39.837022594846886
327.15644348836776
198.52293813155887
170.61710281311255
162.8458628356801
61.73994192275175
