0.971274 0.225596 0.107203
0.137138 0.257056 0.699990
0.222459 0.668965 0.464915
0.826854 0.351593 0.236938
0.213549 0.354817 0.764830
0.533905 0.371806 0.621219
0.688596 0.967649 0.870650
0.598996 0.275551 0.481484
0.077141 0.694301 0.808645
0.972605 0.941879 0.189791
0.095779 0.927158 0.685613
0.900562 0.195199 0.302579
0.871384 0.374515 0.972109
0.594750 0.014303 0.604945
0.380566 0.706512 0.340934
0.439025 0.198171 0.328666
0.315705 0.104401 0.211070
0.456169 0.934246 0.901260
0.657521 0.974111 0.830205
0.400051 0.364540 0.439809
0.137590 0.996988 0.502936
0.148195 0.653787 0.776515
0.614087 0.421809 0.019895
0.544775 0.928079 0.032335
0.547232 0.712366 0.427753
0.178559 0.209557 0.526280
0.133308 0.013622 0.071167
0.912474 0.099584 0.128491
0.849983 0.178477 0.595662
0.632927 0.510808 0.155310
0.295854 0.881626 0.210258
0.679638 0.920503 0.211169
0.324023 0.181927 0.965519
0.181307 0.235788 0.647242
0.493500 0.481567 0.054033
0.449843 0.208795 0.708231
0.577645 0.736900 0.733187
0.703837 0.392969 0.667901
0.710666 0.032971 0.476330
0.943862 0.148265 0.778470
0.234956 0.463959 0.307037
0.944001 0.324039 0.272220
0.772885 0.758831 0.333767
0.820717 0.771747 0.455215
0.931805 0.581483 0.429000
0.007699 0.868637 0.961133
0.493832 0.030558 0.249417
0.810774 0.045454 0.997942
0.765659 0.443690 0.063476
0.133965 0.454230 0.081676
0.575580 0.207906 0.239813
0.284431 0.164594 0.530497
0.605889 0.014600 0.947028
0.737839 0.834110 0.191594
0.865101 0.163974 0.281250
0.062689 0.483286 0.836128
0.257223 0.736050 0.719999
0.861108 0.939505 0.385882
0.582648 0.748518 0.235193
0.544112 0.964140 0.886039
0.906346 0.370026 0.146717
0.951360 0.424217 0.210179
0.886419 0.496460 0.450144
0.303244 0.192979 0.555453
0.440391 0.318229 0.026375
0.495399 0.894966 0.785121
0.399859 0.909647 0.317864
0.954404 0.889142 0.186512
0.041218 0.769012 0.059082
0.990320 0.417655 0.480441
0.978129 0.768213 0.446682
0.825095 0.083594 0.649794
0.559432 0.915663 0.833620
0.089131 0.664701 0.197820
0.006278 0.495027 0.848312
0.335079 0.436639 0.559643
0.090110 0.722950 0.744929
0.070730 0.571557 0.966857
0.473908 0.047732 0.668224
0.036801 0.414558 0.981985
0.174631 0.909528 0.532673
0.931525 0.505725 0.260321
0.143358 0.962249 0.310150
0.970483 0.490113 0.332095
0.741435 0.347740 0.215626
0.981276 0.841497 0.958392
0.244225 0.591464 0.285448
0.006188 0.216940 0.313303
0.617861 0.791610 0.412277
0.743377 0.998026 0.132727
0.818563 0.989466 0.142974
0.908220 0.143094 0.782791
0.197394 0.205484 0.270186
0.651398 0.076222 0.467742
0.176126 0.228900 0.786747
0.413092 0.942346 0.360887
0.488296 0.124976 0.545195
0.671178 0.431487 0.393129
0.743833 0.286497 0.585180
0.872511 0.466517 0.137193
0.777859 0.848525 0.803253
0.831025 0.504224 0.217811
0.484042 0.817963 0.028221
0.865507 0.468052 0.850509
0.672327 0.258211 0.345642
0.369040 0.349566 0.057698
0.850784 0.331440 0.962443
0.311585 0.690341 0.683643
0.522944 0.809989 0.249568
0.604164 0.941135 0.441684
0.544126 0.959129 0.676086
0.991712 0.405235 0.054059
0.494819 0.121495 0.334200
0.581315 0.442223 0.711758
0.683902 0.671768 0.042444
0.910139 0.964163 0.292233
0.666781 0.047526 0.155590
0.204345 0.745973 0.056229
0.402615 0.776405 0.754843
0.583232 0.748331 0.406510
0.784699 0.414190 0.983003
0.822086 0.613379 0.892924
0.239309 0.205111 0.146230
0.522075 0.525229 0.009748
0.215100 0.146426 0.740223
0.792612 0.402054 0.110089
0.739388 0.169272 0.418219
0.166462 0.764822 0.367047
0.132933 0.501123 0.671535
0.362603 0.296347 0.399766
0.358519 0.004752 0.719098
0.128866 0.175472 0.285892
0.693982 0.903800 0.766609
0.992328 0.996506 0.354429
0.892909 0.241487 0.265665
0.076074 0.148814 0.602710
0.346085 0.599900 0.433754
0.308320 0.546119 0.290562
0.287341 0.211443 0.511295
0.254082 0.663236 0.740868
0.627352 0.345746 0.058584
0.556950 0.904941 0.621909
0.441534 0.016270 0.877218
0.107422 0.604860 0.488100
0.239366 0.836755 0.123424
0.033717 0.598758 0.201556
0.232843 0.866374 0.026166
0.822100 0.430907 0.165123
0.085060 0.096645 0.513489
0.706018 0.127944 0.390550
0.486149 0.724172 0.937579
0.222781 0.504666 0.745704
0.456794 0.559395 0.665488
0.586398 0.539868 0.213887
0.977263 0.080765 0.138197
0.946817 0.956495 0.375885
0.896816 0.491094 0.670206
0.473532 0.513857 0.389449
0.898069 0.372055 0.649661
0.991378 0.669124 0.208430
0.506597 0.170078 0.702156
0.788657 0.602287 0.629000
0.007034 0.496907 0.226182
0.982526 0.271033 0.213344
0.149936 0.825936 0.877078
0.448745 0.325786 0.051361
0.799942 0.901812 0.827620
0.827615 0.855778 0.673239
0.869043 0.278437 0.100325
0.633979 0.979261 0.098349
0.390573 0.967554 0.553555
0.340531 0.035735 0.249866
0.507922 0.461963 0.254192
0.343038 0.105121 0.317648
0.222453 0.873229 0.804978
0.977182 0.131198 0.331081
0.277719 0.002584 0.063473
0.133063 0.118151 0.418900
0.946424 0.673530 0.097697
0.689859 0.803074 0.858350
0.385787 0.255669 0.814820
0.124383 0.919076 0.877973
0.739662 0.359825 0.304625
0.046960 0.670953 0.748104
0.206325 0.394315 0.660629
0.103159 0.667344 0.982749
0.681555 0.967938 0.579110
0.611822 0.901177 0.230241
0.788142 0.833813 0.302460
0.415583 0.449868 0.225490
0.275352 0.938463 0.500663
0.270551 0.274010 0.765368
0.664609 0.099515 0.993456
0.629846 0.856534 0.208296
0.945702 0.517466 0.416578
0.433966 0.582954 0.169865
0.897999 0.004736 0.490564
0.684162 0.201550 0.536212
0.713856 0.322079 0.701990
0.626806 0.632333 0.780281
0.563661 0.223718 0.004654
0.178139 0.641024 0.823842
0.999869 0.988823 0.398631
0.539483 0.818653 0.501703
0.387764 0.965230 0.919938
0.112771 0.295621 0.996053
0.253841 0.025172 0.494963
0.123028 0.849231 0.812190
0.775907 0.741971 0.607395
0.607456 0.700560 0.343770
0.351397 0.930421 0.511850
0.279119 0.406507 0.685798
0.632295 0.424311 0.114949
0.669771 0.349975 0.319230
0.361374 0.369549 0.179308
0.968769 0.259774 0.226655
0.535956 0.047820 0.246291
0.329540 0.335053 0.403031
0.716939 0.788862 0.456175
0.223935 0.930300 0.485850
0.798418 0.806827 0.731862
0.600740 0.819251 0.659995
0.281070 0.506445 0.075929
0.339905 0.098465 0.514019
0.753332 0.621867 0.141879
0.213001 0.664867 0.262922
0.675276 0.697563 0.438961
0.746367 0.176103 0.524406
0.017240 0.955387 0.328660
0.291226 0.522648 0.074965
0.905271 0.184301 0.633760
0.413612 0.353760 0.658215
0.109823 0.054823 0.846397
0.444810 0.437134 0.048608
0.320083 0.749065 0.596265
0.155955 0.210669 0.693805
0.965906 0.452967 0.499953
0.521668 0.534513 0.210715
0.535531 0.906192 0.567547
0.046158 0.973258 0.710469
0.413544 0.112963 0.524709
0.289325 0.486672 0.492221
0.540114 0.968409 0.036274
0.276869 0.134045 0.249950
0.815932 0.812689 0.279948
0.889961 0.244922 0.447364
0.491517 0.095351 0.271891
0.014937 0.635047 0.900654
0.469216 0.780230 0.034315
0.698350 0.864024 0.610226
0.441691 0.753413 0.153119
0.844743 0.789302 0.538038
0.151529 0.250066 0.636838
0.280346 0.737540 0.513885
0.815967 0.469605 0.559714
0.597454 0.285051 0.514712
0.032997 0.326040 0.949539
0.778623 0.139233 0.451116
0.161592 0.927610 0.599289
0.419102 0.639753 0.868083
0.086817 0.524748 0.157421
0.686854 0.001368 0.390541
0.860989 0.941105 0.474886
0.967708 0.241298 0.208244
0.345516 0.495982 0.178526
0.473037 0.125397 0.041373
0.105309 0.331650 0.972442
0.702074 0.454599 0.589029
0.881436 0.016074 0.880542
0.442142 0.684474 0.969752
0.133709 0.754482 0.498044
0.331777 0.639754 0.172528
0.690596 0.181886 0.053258
0.489636 0.367567 0.859591
0.984764 0.091094 0.353414
0.859468 0.871645 0.952699
0.396452 0.154381 0.311752
0.507406 0.727246 0.076465
0.212777 0.892579 0.050556
0.178340 0.064299 0.217960
0.785395 0.512391 0.272939
0.458263 0.183633 0.915061
0.617587 0.067088 0.738179
0.951734 0.476589 0.512413
0.565446 0.984431 0.521779
0.033668 0.949875 0.764306
0.597594 0.064699 0.284021
0.596550 0.134089 0.643037
0.473794 0.469543 0.248271
0.655948 0.001429 0.790865
0.375821 0.590682 0.748938
0.654783 0.738946 0.956362
0.848369 0.325375 0.262616
0.551031 0.738516 0.146871
0.004366 0.936647 0.573440
0.973448 0.058138 0.563506
0.029092 0.561081 0.467909
0.776586 0.899460 0.536502
0.772029 0.824152 0.285237
0.391985 0.787165 0.800807
0.723046 0.202077 0.330430
0.759393 0.705859 0.125463
0.089362 0.278548 0.772529
0.629837 0.646706 0.608124
0.427668 0.764303 0.987372
0.806168 0.548159 0.005076
0.758244 0.418031 0.861000
0.486192 0.109398 0.884887
0.523903 0.275750 0.985759
0.598841 0.409111 0.279411
0.878431 0.515661 0.507129
0.534073 0.945355 0.797137
0.345800 0.670741 0.968783
0.660113 0.469473 0.266629
0.793760 0.499469 0.958243
0.284365 0.672778 0.503181
0.865809 0.154091 0.840716
0.641073 0.419241 0.563352
0.544532 0.797587 0.543927
0.606052 0.179750 0.017557
0.397694 0.169854 0.515690
0.354056 0.553712 0.535903
0.284637 0.809218 0.412570
0.208243 0.560313 0.004037
0.291752 0.121944 0.643662
0.075812 0.675540 0.478229
0.527252 0.154631 0.841767
0.329702 0.904414 0.410058
0.114603 0.714229 0.625660
0.689600 0.491662 0.973575
0.620383 0.883046 0.240329
0.928253 0.292134 0.828145
0.710031 0.585988 0.282798
0.794671 0.079576 0.551552
0.999600 0.636523 0.057745
0.642167 0.322750 0.350969
0.194162 0.219942 0.099440
0.867549 0.106389 0.241084
0.384714 0.218182 0.604626
0.065041 0.868271 0.129336
0.478628 0.318302 0.340233
0.667189 0.411530 0.249639
0.092555 0.754870 0.539061
0.204361 0.090607 0.163116
0.552457 0.473899 0.701774
0.225826 0.385698 0.587530
0.664087 0.478390 0.186134
0.493862 0.785189 0.984400
0.701639 0.706207 0.225570
0.118039 0.286160 0.713818
0.431035 0.511528 0.017117
0.340333 0.523277 0.600106
0.050800 0.271634 0.327063
0.727869 0.768310 0.144849
0.098785 0.347231 0.928622
0.002997 0.994686 0.145549
0.306847 0.322853 0.303422
0.284254 0.677831 0.134792
0.148354 0.963336 0.869419
0.913404 0.563107 0.721233
0.254563 0.082452 0.091251
0.946262 0.451780 0.951995
0.625784 0.423139 0.890887
0.868851 0.644570 0.060494
0.051078 0.947883 0.977322
0.225556 0.287929 0.862051
0.248834 0.537004 0.621798
0.089710 0.635810 0.142717
0.800587 0.759241 0.038785
0.444815 0.739149 0.815815
0.257377 0.889027 0.640511
0.327219 0.277336 0.529825
0.884518 0.330038 0.221266
0.389000 0.654179 0.871272
0.593496 0.197301 0.674558
0.094899 0.987170 0.467514
0.090136 0.737730 0.338153
0.290118 0.920561 0.054817
0.565278 0.358075 0.225639
0.837916 0.554636 0.090707
0.210093 0.246596 0.907146
0.391311 0.383679 0.536597
0.314919 0.488002 0.456282
0.106131 0.953719 0.444375
0.569759 0.776877 0.603386
0.499957 0.978819 0.273692
0.488962 0.284417 0.204639
0.514603 0.886848 0.721959
0.003398 0.980505 0.910847
0.406658 0.964251 0.474813
0.176136 0.472842 0.071409
0.135877 0.098941 0.074956
0.094971 0.159844 0.213510
0.229295 0.791227 0.252401
0.253832 0.657155 0.633937
0.851056 0.329971 0.876145
0.066725 0.635350 0.759833
0.992610 0.339725 0.207369
0.062938 0.326425 0.139210
0.176308 0.008862 0.436196
0.567111 0.217394 0.473267
0.373728 0.299827 0.054195
0.486019 0.922355 0.701353
0.136766 0.826046 0.738661
0.997644 0.210163 0.968127
0.182006 0.629808 0.850164
0.153267 0.550711 0.715138
0.084601 0.972615 0.137368
0.133532 0.981891 0.616638
0.648815 0.404010 0.870510
0.931577 0.015199 0.216865
0.960450 0.830829 0.563448
0.221474 0.687138 0.469957
0.860511 0.470519 0.202242
0.720053 0.311615 0.843842
0.076675 0.321348 0.812619
0.200947 0.729287 0.818698
0.262551 0.089898 0.066785
0.490400 0.499730 0.498678
0.689508 0.195585 0.758760
0.202510 0.501189 0.258338
0.022785 0.861129 0.569540
0.269413 0.052736 0.914655
0.089035 0.661074 0.120439
0.518299 0.869963 0.944331
0.702940 0.977818 0.782267
0.046165 0.659033 0.353245
0.926764 0.205482 0.722682
0.443315 0.139539 0.908058
0.571512 0.099053 0.370706
0.347902 0.978631 0.926106
0.487327 0.109000 0.905437
0.374885 0.697663 0.652194
0.390324 0.931517 0.127871
0.016242 0.336803 0.046417
0.574492 0.711825 0.474678
0.724821 0.745803 0.054588
0.945063 0.315253 0.022039
0.239969 0.844506 0.169300
0.510845 0.231605 0.196466
0.960036 0.435328 0.247542
0.320020 0.135700 0.893998
0.286275 0.632447 0.713425
0.689789 0.213486 0.605558
0.156170 0.278807 0.978701
0.333095 0.407064 0.499577
0.695966 0.285755 0.449478
0.348281 0.385450 0.204353
0.395026 0.180104 0.818056
0.065910 0.814069 0.214903
0.819506 0.212155 0.484727
0.702253 0.159332 0.315223
0.630814 0.972478 0.458681
0.302196 0.681351 0.583735
0.185025 0.973262 0.176262
0.357994 0.166849 0.402407
0.002318 0.970831 0.929429
0.923418 0.842991 0.861055
0.284195 0.023175 0.397458
0.497651 0.395865 0.828040
0.590448 0.597500 0.748386
0.659761 0.651460 0.613946
0.179679 0.361170 0.321699
0.664995 0.641636 0.944118
0.848576 0.934504 0.907697
0.855688 0.622368 0.518791
0.753590 0.649564 0.043902
0.310256 0.579577 0.471116
0.626188 0.717771 0.272530
0.365028 0.842761 0.755039
0.629922 0.730718 0.819953
0.240665 0.915532 0.398592
0.748229 0.792945 0.038506
0.119180 0.648678 0.997904
0.168408 0.854700 0.240327
0.503354 0.891732 0.505849
0.199032 0.198762 0.713400
0.317109 0.930036 0.612646
0.753599 0.777782 0.093111
0.631190 0.585227 0.721300
0.452849 0.176052 0.389767
0.468748 0.154521 0.904562
0.266053 0.054504 0.645570
0.528779 0.320998 0.316981
0.124416 0.124917 0.040996
0.484792 0.497269 0.072235
0.846850 0.715665 0.873162
0.072358 0.509976 0.829869
0.330864 0.581640 0.356433
0.722076 0.127678 0.400822
0.231729 0.204493 0.744837
0.571719 0.419436 0.337862
0.924240 0.225521 0.264712
0.043901 0.172384 0.017646
0.143181 0.849107 0.662554
0.693132 0.098194 0.460901
0.089757 0.033016 0.351429
0.636991 0.749748 0.216343
0.677771 0.918648 0.760005
0.714576 0.673490 0.263487
0.950726 0.859891 0.702790
0.543074 0.376910 0.582298
0.311087 0.311509 0.156589
0.018319 0.787394 0.617801
0.915895 0.747246 0.261384
0.081753 0.462110 0.331270
0.166756 0.574707 0.181361
0.551643 0.297456 0.160684
0.647553 0.751641 0.693500
0.955774 0.447992 0.440013
0.881665 0.951440 0.616045
0.723124 0.799581 0.430816
0.525192 0.163917 0.498549
0.252302 0.046029 0.591514
0.506656 0.604639 0.793197
0.854056 0.549655 0.749982
0.105114 0.484135 0.592455
0.356517 0.266606 0.209394
0.115465 0.525144 0.999463
0.583701 0.816466 0.432843
0.049766 0.532454 0.279401
0.430195 0.244606 0.526876
0.738031 0.255002 0.438725
0.800482 0.951232 0.216822
0.627257 0.746971 0.339898
0.417665 0.866212 0.625270
0.192276 0.274315 0.250339
0.760877 0.077868 0.295735
0.974820 0.670324 0.184633
0.725630 0.985652 0.684310
0.684211 0.439024 0.008838
0.173115 0.700692 0.966843
0.134768 0.081914 0.132085
0.704504 0.948955 0.995924
0.963997 0.644017 0.457013
0.255175 0.688557 0.473347
0.449480 0.787300 0.371049
0.287603 0.125026 0.637288
0.113148 0.848847 0.984768
0.506342 0.294696 0.515503
0.558336 0.796986 0.183719
0.303518 0.500155 0.723638
0.552192 0.835700 0.587118
0.307877 0.923920 0.104492
0.747831 0.896858 0.818117
0.098754 0.498029 0.217448
0.950459 0.981846 0.806339
0.641647 0.119713 0.152222
0.855317 0.316793 0.376954
0.542870 0.513766 0.498819
0.229613 0.286788 0.215207
0.457645 0.533905 0.542399
0.428050 0.908376 0.974347
0.818044 0.962995 0.066276
0.678712 0.971464 0.786031
0.818652 0.977269 0.893169
0.245235 0.144384 0.792763
0.323047 0.998719 0.719909
0.445772 0.318042 0.907217
0.666222 0.393897 0.586515
0.738252 0.219205 0.968167
0.707287 0.718376 0.452275
0.345326 0.652365 0.610316
0.464578 0.677537 0.691461
0.395802 0.481772 0.375610
0.279192 0.487930 0.044322
0.978870 0.452173 0.323426
0.810712 0.738929 0.735702
0.083470 0.338588 0.968760
0.989976 0.734339 0.631937
0.826996 0.281464 0.744259
0.884316 0.492509 0.908870
0.111304 0.033033 0.730465
0.625562 0.283947 0.309094
0.855117 0.665332 0.623552
0.145710 0.896618 0.051674
0.917816 0.353389 0.391169
0.062539 0.743979 0.847432
0.723975 0.098631 0.462387
0.510282 0.052008 0.712151
0.951298 0.160134 0.666532
0.519590 0.358081 0.071725
0.128546 0.721092 0.331952
0.281084 0.159536 0.159355
0.066994 0.139186 0.909813
0.537396 0.499553 0.967858
0.096004 0.629968 0.960367
0.728834 0.519249 0.544559
0.366059 0.635908 0.996980
0.728704 0.873697 0.952262
0.284855 0.915003 0.472760
0.013859 0.634696 0.714127
0.283419 0.738345 0.202556
0.196068 0.077150 0.051638
0.722581 0.668234 0.326435
0.748684 0.222426 0.629584
0.841664 0.456087 0.578700
0.545399 0.882995 0.342804
0.892928 0.289014 0.150890
0.807002 0.133185 0.672548
0.671439 0.724466 0.287858
0.034687 0.239713 0.254383
0.577823 0.717304 0.765364
0.097529 0.297532 0.019709
0.537693 0.356372 0.496432
0.322666 0.809192 0.538195
0.325403 0.396851 0.863463
0.586653 0.920498 0.952713
0.235693 0.749030 0.897969
0.961667 0.846974 0.524435
0.948850 0.042912 0.554294
0.768663 0.440556 0.660062
0.394682 0.626107 0.981669
0.259571 0.199720 0.915623
0.374487 0.764246 0.093597
0.273677 0.407527 0.224886
0.146563 0.411257 0.786080
0.495720 0.104742 0.101322
0.529045 0.829294 0.274176
0.178947 0.628734 0.569541
0.618186 0.635445 0.034254
0.787950 0.333825 0.278893
0.826678 0.851554 0.988238
0.689356 0.774453 0.443119
0.445705 0.433804 0.089443
0.319996 0.889329 0.211009
0.891129 0.252987 0.309913
0.668446 0.423918 0.406871
0.461897 0.901041 0.339875
0.205213 0.389952 0.140266
0.021965 0.110980 0.448358
0.330608 0.959894 0.448481
0.009486 0.407896 0.420999
0.328911 0.432166 0.251552
0.115924 0.014980 0.410294
0.465522 0.800602 0.456535
0.705011 0.105649 0.065898
0.337343 0.040550 0.696696
0.545427 0.989642 0.864882
0.986514 0.640542 0.935698
0.003611 0.489578 0.957185
0.908260 0.775115 0.474603
0.480698 0.853233 0.138087
0.403874 0.191476 0.114682
0.314620 0.772491 0.949516
0.605961 0.555788 0.911855
0.849428 0.501449 0.247003
0.900735 0.670475 0.989894
0.118853 0.148046 0.945459
0.433163 0.112291 0.360177
0.609150 0.139940 0.873814
0.946179 0.624601 0.186614
0.095356 0.809151 0.971820
0.611341 0.516920 0.325619
0.919890 0.182623 0.031018
0.900834 0.666344 0.368533
0.724191 0.668908 0.351211
0.305949 0.975579 0.865775
0.451409 0.041986 0.685499
0.333208 0.204162 0.739517
0.011652 0.806986 0.826307
0.241426 0.826256 0.728567
0.112439 0.894358 0.445472
0.856325 0.989504 0.182565
0.725328 0.239769 0.344901
0.924839 0.608889 0.890218
0.051804 0.944161 0.518612
0.879969 0.850231 0.415382
0.040738 0.057994 0.645433
0.184227 0.792971 0.424440
0.464254 0.103329 0.578860
0.531555 0.356642 0.539600
0.384661 0.296003 0.687235
0.663794 0.067689 0.572051
0.795346 0.475170 0.231821
0.391070 0.827012 0.039752
0.088288 0.004555 0.985105
0.306449 0.544904 0.826803
0.406591 0.050831 0.428531
0.999042 0.760465 0.002563
0.355075 0.696185 0.059985
0.794439 0.683557 0.109459
0.947533 0.141270 0.562260
0.648445 0.836100 0.010351
0.244020 0.404206 0.091845
0.018878 0.589215 0.435133
0.762195 0.328591 0.190372
0.094699 0.772683 0.764322
0.754377 0.884022 0.480901
0.478736 0.506136 0.652234
0.452986 0.643883 0.255210
0.189771 0.572061 0.377530
0.976864 0.126546 0.150145
0.146198 0.561708 0.159188
0.269208 0.868439 0.746000
0.413058 0.885939 0.397765
0.866808 0.945288 0.543462
0.877125 0.720633 0.248074
0.104187 0.086550 0.446427
0.435451 0.276982 0.138721
0.114471 0.741796 0.947543
0.306322 0.845991 0.066450
0.265626 0.036948 0.505003
0.353553 0.678674 0.148384
0.010853 0.632754 0.076830
0.211665 0.092431 0.929943
0.624149 0.154975 0.538288
0.801500 0.699478 0.270683
0.664504 0.662478 0.833646
0.847466 0.829381 0.964980
0.823843 0.189781 0.193740
0.703262 0.757970 0.849596
0.704133 0.640880 0.096213
0.143689 0.356727 0.630523
0.587336 0.724862 0.145428
0.029083 0.482854 0.541386
0.326512 0.053271 0.223577
0.018296 0.549715 0.377114
0.901983 0.056049 0.284976
0.833518 0.717718 0.124110
0.491003 0.314977 0.172795
0.557299 0.487769 0.963455
0.222245 0.926224 0.539582
0.338160 0.728797 0.567644
0.090279 0.444291 0.371869
0.650856 0.182270 0.244389
0.725660 0.055110 0.625975
0.483268 0.881270 0.199822
0.473382 0.542834 0.867588
0.325120 0.455269 0.681789
0.468382 0.983053 0.068764
0.341581 0.249897 0.671282
0.423921 0.234662 0.220366
0.715579 0.244719 0.759255
0.446207 0.853200 0.701884
0.963491 0.876394 0.592458
0.319099 0.767685 0.528405
0.567608 0.838272 0.589795
0.089716 0.431759 0.255119
0.811950 0.418102 0.837897
0.594452 0.873839 0.440895
0.459407 0.222603 0.840885
0.456769 0.776248 0.476291
0.903518 0.908282 0.894937
0.001383 0.062061 0.585635
0.248658 0.725610 0.996717
0.363754 0.413317 0.564888
0.906218 0.394617 0.336828
0.248579 0.393639 0.706541
0.636346 0.684461 0.017978
0.796921 0.848232 0.595924
0.641744 0.401541 0.515749
0.226431 0.297590 0.766294
0.875025 0.876391 0.826736
0.722897 0.000972 0.520232
0.487485 0.378170 0.870468
0.837138 0.249038 0.141874
0.013742 0.077203 0.428946
0.116277 0.140131 0.768370
0.306503 0.818087 0.382411
0.295710 0.235673 0.633281
0.780882 0.035138 0.985747
0.487019 0.895017 0.929487
0.800458 0.066645 0.793418
0.896944 0.112574 0.008137
0.504300 0.158407 0.477694
0.523848 0.854309 0.996429
0.654338 0.718078 0.740264
0.588941 0.640558 0.887455
0.533929 0.577053 0.379594
0.331550 0.438718 0.657726
0.770611 0.592962 0.033928
0.557770 0.227970 0.309817
0.114769 0.571015 0.895046
0.835657 0.802591 0.242131
0.272512 0.776442 0.964346
0.895026 0.657631 0.807111
0.114494 0.738536 0.680706
0.860391 0.495534 0.724204
0.215219 0.183472 0.687753
0.257922 0.003459 0.860072
0.170905 0.247089 0.783931
0.069901 0.443215 0.683200
0.923511 0.190195 0.113773
0.975067 0.797790 0.493997
0.762177 0.762292 0.124264
0.215960 0.644547 0.950555
0.433954 0.219154 0.730116
0.071642 0.212473 0.562469
0.937064 0.342385 0.583917
0.378559 0.906541 0.919159
0.943419 0.368854 0.273698
0.617913 0.862384 0.017818
0.933928 0.622611 0.563321
0.782984 0.006654 0.991887
0.987525 0.673163 0.660627
0.126876 0.864720 0.530584
0.047880 0.307805 0.585463
0.539311 0.774837 0.970657
0.756015 0.977146 0.909594
0.350368 0.959951 0.785925
0.166702 0.869087 0.945941
0.651237 0.024299 0.576443
0.068616 0.052039 0.722669
0.991495 0.003841 0.994203
0.901388 0.498932 0.441833
0.987295 0.907500 0.177723
0.589332 0.813618 0.469013
0.720763 0.921702 0.609133
0.533597 0.357413 0.478459
0.627531 0.334463 0.437182
0.704120 0.438897 0.528666
0.102018 0.427715 0.059819
0.896054 0.250778 0.445978
0.219700 0.932767 0.956729
0.427795 0.803892 0.580451
0.404348 0.105578 0.778340
0.174527 0.936185 0.734795
0.841672 0.548882 0.234849
0.040076 0.519720 0.076111
0.491928 0.481959 0.783046
0.640370 0.472972 0.971423
0.572559 0.826212 0.418741
0.454218 0.416645 0.016137
0.949100 0.288836 0.131297
0.509378 0.338474 0.359558
0.385856 0.419276 0.273988
0.765662 0.721600 0.997098
0.465560 0.226209 0.325185
0.643649 0.100944 0.961873
0.323344 0.508970 0.504829
0.465293 0.299401 0.272032
0.805637 0.422412 0.762571
0.727861 0.897343 0.937319
0.120481 0.965129 0.258522
0.409954 0.320997 0.617234
0.848143 0.201962 0.746394
0.876043 0.967649 0.042318
0.443508 0.560791 0.767114
0.069847 0.968167 0.525351
0.238877 0.175597 0.511572
0.458065 0.512431 0.795697
0.367481 0.053214 0.749083
0.934282 0.380607 0.729974
0.556258 0.488401 0.493509
0.862603 0.106494 0.382771
0.030017 0.002637 0.171416
0.215108 0.275411 0.003082
0.961147 0.827031 0.958878
0.555807 0.836278 0.039024
0.689406 0.450442 0.082166
0.342028 0.927091 0.684708
0.862428 0.613749 0.432745
0.526417 0.558935 0.101969
0.958449 0.825071 0.100231
0.284872 0.745410 0.389191
0.399219 0.286470 0.588034
0.292903 0.237054 0.635250
0.938476 0.637291 0.595342
0.102284 0.118657 0.922810
0.296335 0.319156 0.564126
0.223046 0.002983 0.864353
0.558117 0.859023 0.151671
0.508264 0.083497 0.909856
0.638557 0.073725 0.429994
0.804612 0.023273 0.443686
0.160608 0.052371 0.575662
0.070820 0.272122 0.101024
0.193941 0.464544 0.487245
0.953566 0.416396 0.202096
0.964619 0.763081 0.228577
0.717901 0.236374 0.938660
0.474578 0.649712 0.660764
0.954806 0.379557 0.965169
0.857731 0.393262 0.165401
0.691739 0.093635 0.886666
0.215194 0.735502 0.257403
0.684796 0.971299 0.814516
0.622640 0.394012 0.476877
0.706652 0.452336 0.842660
0.789474 0.877243 0.580275
0.677895 0.846457 0.006136
0.139562 0.880663 0.580091
0.845273 0.800794 0.057187
0.357830 0.236629 0.464875
0.152543 0.853481 0.706210
0.181914 0.206481 0.920669
0.076540 0.742301 0.684406
0.356215 0.826030 0.112076
0.358364 0.433088 0.637199
0.858828 0.584234 0.821226
0.045141 0.888191 0.549348
0.347980 0.526204 0.561662
0.073099 0.619529 0.826380
0.226116 0.993646 0.363549
0.019662 0.018229 0.982014
0.763627 0.647215 0.455685
0.175540 0.908813 0.814099
0.173565 0.543156 0.307107
0.686976 0.802318 0.162547
0.194650 0.061715 0.219271
0.476735 0.316077 0.059728
0.554853 0.455568 0.546670
0.069219 0.893406 0.992648
0.569801 0.117277 0.137657
0.621034 0.559853 0.480348
0.580393 0.654577 0.308056
0.505076 0.284137 0.952460
0.303810 0.600440 0.284622
0.746629 0.072068 0.169012
0.315096 0.976315 0.427260
0.016088 0.360661 0.228758
0.336996 0.414779 0.206038
0.228889 0.070818 0.463650
0.118392 0.410460 0.279317
0.607278 0.154004 0.685037
0.773383 0.165186 0.097560
0.450914 0.204153 0.049353
0.402479 0.110260 0.870095
0.536363 0.996671 0.955990
0.772624 0.641494 0.754439
0.417674 0.933383 0.306047
0.519633 0.758347 0.759007
0.279358 0.023742 0.473061
0.328267 0.092567 0.858951
0.665238 0.555750 0.445002
0.096500 0.406470 0.510770
0.315063 0.450890 0.175622
0.765464 0.398479 0.257022
0.384126 0.490874 0.061862
0.750929 0.956719 0.675959
0.808512 0.173606 0.512815
0.551706 0.734283 0.074915
0.350272 0.469422 0.106925
0.107125 0.279368 0.003365
0.880052 0.965983 0.862011
0.091121 0.294195 0.437744
0.635208 0.574749 0.605619
0.236248 0.238818 0.579352
0.702591 0.464206 0.326711
0.823383 0.531390 0.377766
0.959493 0.992001 0.629380
0.788398 0.043346 0.317514
0.057173 0.422843 0.711363
0.836828 0.680915 0.958077
0.611260 0.826701 0.502160
0.521129 0.191283 0.298240
0.472852 0.500187 0.931309
0.332043 0.593142 0.340263
0.837954 0.785061 0.340629
0.826007 0.241792 0.921517
0.769289 0.145358 0.077197
0.308963 0.963801 0.715279
0.049642 0.850848 0.965235
0.541346 0.494965 0.216155
0.394064 0.792439 0.978197
0.453053 0.441442 0.995179
0.530329 0.987477 0.222975
0.363858 0.668758 0.578593
0.631152 0.910413 0.727527
0.472697 0.469398 0.856454
0.033210 0.203979 0.323026
0.027459 0.727397 0.719985
0.038200 0.835323 0.493768
0.950639 0.214337 0.620889
0.705626 0.320848 0.333614
0.699175 0.346963 0.136104
0.509682 0.790605 0.244222
0.438774 0.732606 0.726938
0.615248 0.661795 0.916442
0.970051 0.806399 0.267376
0.400908 0.534172 0.691705
0.209324 0.548639 0.995058
0.727121 0.758602 0.858719
0.546930 0.811454 0.653348
0.238808 0.586010 0.893979
0.273601 0.899798 0.151870
0.616427 0.471191 0.874642
0.665332 0.531244 0.569157
0.622168 0.997706 0.658591
0.698149 0.085148 0.946554
0.004318 0.924119 0.819298
0.034309 0.178982 0.309913
0.573407 0.184834 0.364378
0.990490 0.504171 0.648390
0.605333 0.680995 0.712814
0.246862 0.331657 0.092811
0.638129 0.510347 0.201358
0.880694 0.418929 0.553171
0.054845 0.124869 0.702507
0.386537 0.625034 0.127271
0.105298 0.284393 0.433595
0.437928 0.108143 0.918031
0.629825 0.491885 0.094151
0.729940 0.748673 0.819174
0.395654 0.241590 0.022308
0.596589 0.869029 0.454681
0.368518 0.321514 0.189263
0.592118 0.958109 0.018212
0.785841 0.360069 0.824473
0.708272 0.565428 0.403599
0.859691 0.763646 0.887095
0.338207 0.294160 0.041639
0.096021 0.175608 0.792280
0.423615 0.844151 0.938128
0.644584 0.542353 0.902462
0.417878 0.859322 0.900675
0.653990 0.690558 0.206554
0.411321 0.686549 0.917896
0.676761 0.743172 0.998737
0.524311 0.309529 0.995334
0.764712 0.194215 0.651128
0.754410 0.099354 0.235955
0.368620 0.429198 0.334388
0.676667 0.403019 0.070889
0.548124 0.556901 0.457809
0.034433 0.048647 0.984437
0.350786 0.448939 0.439715
0.164331 0.093871 0.445737
0.003319 0.920789 0.395524
0.525794 0.110867 0.084212
0.544407 0.836772 0.318531
0.506361 0.209475 0.449419
0.747868 0.088432 0.723397
0.309279 0.804488 0.186200
0.560122 0.510852 0.486041
0.208579 0.534579 0.096803
0.055506 0.077289 0.550224
0.164497 0.937845 0.032923
0.674702 0.897138 0.156420
0.373226 0.223345 0.895043
0.960857 0.461148 0.175278
0.206072 0.532647 0.321596
0.786004 0.700562 0.251112
0.754567 0.104754 0.684714
0.790261 0.146629 0.321717
0.824160 0.386266 0.258713
0.689818 0.253609 0.896768
0.285503 0.787090 0.962307
0.585728 0.584296 0.121226
0.540043 0.176016 0.000230
0.468339 0.738528 0.473056
0.100195 0.212730 0.333192
0.548388 0.039481 0.832528
0.977036 0.846554 0.259460
0.129009 0.235078 0.430872
0.320702 0.985222 0.231828
0.584555 0.483249 0.837755
0.285005 0.508827 0.384421
0.025706 0.294231 0.997949
0.946494 0.511464 0.283682
0.981020 0.415203 0.431544
0.526303 0.412420 0.543909
0.553178 0.017782 0.412446
0.996052 0.255944 0.174664
0.440721 0.119107 0.102275
0.828082 0.905364 0.245858
0.406138 0.442668 0.253719
0.915192 0.148818 0.739804
0.122043 0.589614 0.002685
0.431231 0.216012 0.043874
0.602907 0.362861 0.898028
0.130533 0.803905 0.673687
0.158785 0.407854 0.849999
0.848459 0.882509 0.372340
0.669419 0.737687 0.041650
0.216199 0.799537 0.858804
0.451160 0.989492 0.898201
0.698221 0.524751 0.582592
0.249196 0.473525 0.638759
0.348401 0.729344 0.821698
0.131124 0.171675 0.101134
0.427573 0.168631 0.030802
0.218200 0.439755 0.640319
0.304239 0.242272 0.832878
0.079991 0.207900 0.579332
0.643366 0.031330 0.990957
0.032188 0.182372 0.188500
0.222661 0.837009 0.007291
0.423050 0.404222 0.176191
0.034864 0.610669 0.521062
0.232165 0.652921 0.697004
0.310946 0.361944 0.691090
0.506237 0.712467 0.647396
0.063968 0.713483 0.064427
0.555201 0.766264 0.503700
0.116911 0.009485 0.109842
0.916341 0.596908 0.792648
0.302703 0.413085 0.145286
0.064997 0.118568 0.771601
0.907027 0.810613 0.941641
0.440290 0.070257 0.082982
0.478740 0.681680 0.791660
0.282097 0.007697 0.683057
0.050947 0.928193 0.303860
0.358012 0.324447 0.304403
0.997021 0.392780 0.248334
0.153167 0.741007 0.882255
0.000208 0.955548 0.423474
0.609793 0.582768 0.200428
0.716645 0.056542 0.873996
0.906844 0.716137 0.811673
0.002320 0.866730 0.597874
0.254840 0.445981 0.126155
0.009411 0.019838 0.138096
0.349182 0.470248 0.627393
0.953443 0.586668 0.247515
0.826636 0.845171 0.735810
0.067614 0.164551 0.416348
0.216561 0.723006 0.006542
0.919105 0.889700 0.865038
0.730348 0.285860 0.515937
0.900957 0.055438 0.334203
0.300261 0.952469 0.344415
0.049099 0.046014 0.006588
0.325904 0.647514 0.766102
0.530076 0.147060 0.790696
0.977163 0.123750 0.056006
0.494874 0.074448 0.867272
0.989981 0.351539 0.324399
0.039636 0.567859 0.104081
0.940700 0.019769 0.189872
0.213190 0.222306 0.077954
0.677847 0.881895 0.018076
0.084763 0.159008 0.155494
0.604006 0.077813 0.283093
0.020913 0.252513 0.043270
0.020342 0.772021 0.634334
0.070340 0.220688 0.124056
0.237453 0.615007 0.925017
0.442967 0.287001 0.718916
0.300381 0.340735 0.214342
0.380598 0.550067 0.924156
0.643617 0.320969 0.584270
0.365731 0.510880 0.072066
0.607229 0.474891 0.119512
0.093017 0.826729 0.017928
0.837364 0.077871 0.020582
0.490394 0.125990 0.986355
0.968532 0.544313 0.681717
0.400141 0.744667 0.035121
0.725066 0.600653 0.952075
0.828565 0.333207 0.151077
0.150217 0.426456 0.205530
0.999871 0.796844 0.686793
0.145244 0.497786 0.852362
0.584419 0.416613 0.635078
0.273360 0.998180 0.126696
0.473739 0.351068 0.285161
0.095458 0.468574 0.114608
0.885222 0.965686 0.883074
0.480104 0.526211 0.718457
0.020684 0.202476 0.152915
0.764750 0.316039 0.436357
0.750528 0.997804 0.574674
0.837122 0.353887 0.603336
0.250356 0.851666 0.081540
0.258307 0.029602 0.731909
0.126163 0.939979 0.227663
0.089522 0.440736 0.205353
0.421824 0.320300 0.769603
0.697128 0.892757 0.369385
0.822018 0.603985 0.349146
0.253265 0.523229 0.588631
0.651572 0.033195 0.399887
0.350896 0.043516 0.586162
0.445852 0.555572 0.684996
0.418209 0.840536 0.368077
0.433659 0.783188 0.266446
0.366504 0.228444 0.491422
0.133474 0.747165 0.060831
0.686598 0.332951 0.852502
0.932407 0.637629 0.653862
0.124965 0.919132 0.315829
0.881606 0.852426 0.780500
0.558289 0.241540 0.825143
0.758706 0.695128 0.516006
0.877937 0.171442 0.422412
0.308972 0.379747 0.832662
0.973233 0.741710 0.584819
0.382323 0.792142 0.169632
0.504561 0.273055 0.021912
0.399633 0.001597 0.147231
0.101775 0.904043 0.278182
0.532265 0.489812 0.470338
0.878828 0.764166 0.834666
0.398154 0.219420 0.652178
0.118543 0.854354 0.500201
0.115255 0.422323 0.824302
0.985995 0.462522 0.430110
0.877262 0.821495 0.190314
0.889141 0.391012 0.452969
0.130455 0.620994 0.793879
0.355751 0.141083 0.739532
0.325976 0.015763 0.744434
0.431632 0.750672 0.462090
0.527133 0.638604 0.748322
0.585288 0.424750 0.331855
0.288709 0.090214 0.207176
0.708936 0.461390 0.224547
0.365112 0.622982 0.095165
0.009408 0.291180 0.655152
0.012897 0.361542 0.823209
0.096540 0.943754 0.920338
0.883120 0.652623 0.157213
0.671066 0.904836 0.363113
0.326166 0.981679 0.951797
0.157349 0.830422 0.277171
0.612755 0.479300 0.116302
0.988051 0.190654 0.071678
0.094078 0.829255 0.617105
0.452269 0.739827 0.247698
0.871914 0.601270 0.091842
0.111448 0.192196 0.538836
0.767827 0.008862 0.075003
0.480700 0.926282 0.439195
0.674318 0.774549 0.390179
0.878575 0.907365 0.986943
0.817801 0.700484 0.832620
0.957817 0.435714 0.985765
0.904417 0.873008 0.134517
0.050853 0.129002 0.311005
0.440240 0.153067 0.745191
0.515849 0.307506 0.523060
0.579780 0.593244 0.353550
0.842583 0.035904 0.918939
0.338884 0.362361 0.281421
0.027717 0.947477 0.358353
0.406628 0.242526 0.403788
0.629833 0.989455 0.165921
0.088159 0.896125 0.182023
0.517104 0.630097 0.422900
0.027178 0.897897 0.289929
0.040120 0.516334 0.676359
0.073397 0.073217 0.847954
0.664581 0.507644 0.667191
0.957116 0.658627 0.384094
0.589429 0.275629 0.009508
0.420853 0.891576 0.776301
0.060217 0.548421 0.002912
0.502875 0.411745 0.570561
0.489957 0.857501 0.731942
0.373760 0.830675 0.202618
0.615602 0.085469 0.829405
0.631920 0.509280 0.680583
0.516964 0.528213 0.503514
0.843422 0.709664 0.389854
0.337244 0.318619 0.986027
0.187669 0.234342 0.653397
0.027726 0.997033 0.011646
0.609672 0.726134 0.641308
0.980294 0.461240 0.750326
0.988434 0.682272 0.992075
0.337482 0.661574 0.147196
0.643786 0.996395 0.917303
0.364303 0.337795 0.753636
0.907947 0.605427 0.310223
0.727194 0.690269 0.383445
0.044747 0.642686 0.113587
0.265846 0.888764 0.690218
0.495634 0.191202 0.283465
0.396617 0.597638 0.995920
0.661369 0.658630 0.519423
0.706919 0.131411 0.271484
0.249437 0.708551 0.093227
0.368768 0.742818 0.461019
0.200564 0.948586 0.076546
0.736584 0.556059 0.019801
0.987147 0.942383 0.552015
0.854917 0.936536 0.396576
0.969475 0.042137 0.962315
0.715240 0.909532 0.649310
0.319310 0.734414 0.166935
0.832148 0.393236 0.952208
0.782331 0.681314 0.459673
0.417144 0.784418 0.138280
0.220254 0.919192 0.872657
0.052970 0.169129 0.418393
0.547740 0.112883 0.842889
0.455175 0.641777 0.037663
0.859854 0.022574 0.724132
0.035923 0.517312 0.090858
0.513815 0.435216 0.255589
0.198521 0.137995 0.421900
0.073375 0.066210 0.215901
0.126735 0.248891 0.212039
0.595764 0.236729 0.814656
0.316470 0.767754 0.360817
0.977275 0.257460 0.946064
0.166976 0.799415 0.026376
0.929069 0.148056 0.633992
0.980425 0.088630 0.635074
0.837133 0.124685 0.235946
0.602868 0.483885 0.165120
0.602530 0.952227 0.260803
0.899132 0.024865 0.329149
0.430194 0.571256 0.242499
0.090938 0.763021 0.805044
0.945893 0.155118 0.831811
0.895081 0.880585 0.026909
0.145793 0.443319 0.741522
0.979437 0.007167 0.369412
0.775346 0.279647 0.549866
0.038329 0.583450 0.025977
0.995981 0.571337 0.703488
0.486837 0.176151 0.226318
0.795330 0.433173 0.131069
0.861757 0.407809 0.288732
0.624495 0.670214 0.648583
0.762378 0.462640 0.171328
0.397974 0.600988 0.171510
0.892011 0.416319 0.189372
0.752763 0.923979 0.471111
0.008271 0.088294 0.313363
0.676801 0.474321 0.384132
0.172152 0.533511 0.025042
0.987553 0.389485 0.896676
0.285531 0.872255 0.231135
0.328066 0.395903 0.177232
0.376950 0.322427 0.613871
0.009222 0.790296 0.752270
0.443180 0.241441 0.162595
0.873957 0.227780 0.891194
0.450785 0.219666 0.179222
0.869360 0.375202 0.755246
0.615194 0.162239 0.990540
0.921702 0.974328 0.913997
0.347291 0.067022 0.691535
0.546041 0.343262 0.220539
0.964725 0.517776 0.228655
0.935334 0.237363 0.344798
0.074931 0.194526 0.425033
0.921046 0.268216 0.196399
0.476769 0.778502 0.974221
0.915998 0.793905 0.452619
0.172863 0.407881 0.859412
0.823390 0.051007 0.988716
0.469004 0.596953 0.599421
0.266578 0.543301 0.880673
0.475848 0.263845 0.088975
0.486072 0.750402 0.442576
0.887050 0.545293 0.822139
0.846174 0.742701 0.530900
0.774583 0.322357 0.453642
0.570871 0.700917 0.216874
0.624131 0.695259 0.138946
0.535497 0.470081 0.998000
0.693175 0.721772 0.679767
0.367409 0.974587 0.948978
0.706970 0.929578 0.308289
0.409462 0.126924 0.404682
0.310031 0.035109 0.041368
0.093411 0.031730 0.728116
0.274300 0.401055 0.586389
0.795448 0.551349 0.052850
0.539724 0.273393 0.025557
0.917163 0.540200 0.152832
0.012138 0.205586 0.884539
0.825438 0.486071 0.493774
0.802828 0.726545 0.996811
0.792215 0.935516 0.327771
0.838827 0.602434 0.686614
0.172398 0.919247 0.594753
0.778366 0.862343 0.233870
0.080901 0.649136 0.163660
0.329167 0.403618 0.977629
0.310536 0.860926 0.463418
0.591054 0.851637 0.701224
0.669629 0.379877 0.705738
0.859094 0.730443 0.927874
0.469294 0.393273 0.111090
0.446221 0.329534 0.167465
0.754468 0.133237 0.227140
0.935731 0.314864 0.147236
0.676738 0.714734 0.228429
0.632583 0.381632 0.619111
0.626754 0.285565 0.857862
0.254479 0.019687 0.813172
0.245240 0.973682 0.040229
0.654180 0.158717 0.791710
0.632703 0.134137 0.286590
0.085113 0.590332 0.355756
0.469561 0.701788 0.617773
0.330641 0.869509 0.575796
0.259021 0.234042 0.417675
0.661434 0.179643 0.543887
0.844352 0.991983 0.179669
0.564522 0.980445 0.461462
0.312485 0.286700 0.030738
0.542577 0.546513 0.952331
0.166177 0.192599 0.483986
0.200853 0.665471 0.865409
0.183509 0.814495 0.046356
0.005706 0.510500 0.098979
0.309271 0.068598 0.779275
0.632323 0.444145 0.031095
0.465190 0.087478 0.334731
0.993218 0.870668 0.517848
0.901292 0.281883 0.108749
0.570375 0.574828 0.196463
0.204035 0.659045 0.267851
0.679213 0.282922 0.265625
0.708181 0.423697 0.059720
0.952085 0.979376 0.246609
0.839546 0.284026 0.929349
0.054070 0.016826 0.095488
0.866590 0.281630 0.242171
0.179847 0.371479 0.033529
0.618281 0.461244 0.263019
0.742188 0.323676 0.075690
0.110443 0.684879 0.303851
0.346526 0.522971 0.698489
0.079009 0.460239 0.202724
0.765850 0.827034 0.378869
0.357339 0.454020 0.427760
0.680851 0.842353 0.788324
0.252560 0.579791 0.124433
0.695096 0.515715 0.117930
0.022685 0.540323 0.232075
0.900799 0.728210 0.276727
0.705202 0.310140 0.421901
0.826233 0.394286 0.447379
0.909348 0.756177 0.734358
0.351742 0.494766 0.934805
0.182597 0.862580 0.640414
0.962953 0.245667 0.634273
0.567163 0.006944 0.478921
0.780027 0.983484 0.331294
0.354738 0.955825 0.763232
0.839132 0.528189 0.336001
0.981127 0.103806 0.852393
0.836703 0.741519 0.286676
0.994478 0.893837 0.948813
0.746852 0.700127 0.488398
0.570061 0.690719 0.058379
0.375548 0.099721 0.581707
0.774177 0.817136 0.016549
0.239994 0.157502 0.243882
0.075348 0.744954 0.107785
0.331752 0.981443 0.071050
0.240485 0.600419 0.414534
0.731626 0.595503 0.023681
0.718834 0.863888 0.892360
0.595316 0.635328 0.876378
0.834318 0.558918 0.571401
0.655425 0.885696 0.719002
0.392093 0.753404 0.552369
0.447259 0.491627 0.135288
0.081670 0.037266 0.940878
0.886539 0.791860 0.711704
0.591705 0.649205 0.538875
0.868548 0.497449 0.758101
0.898828 0.650496 0.145100
0.907177 0.098016 0.697291
0.077673 0.747139 0.074516
0.146634 0.836089 0.435310
0.906089 0.777288 0.779735
0.467956 0.883398 0.457191
0.565100 0.671181 0.291034
0.489306 0.204702 0.739861
0.377101 0.797961 0.112202
0.862040 0.881577 0.617160
0.528120 0.308965 0.733206
0.060373 0.383446 0.667531
0.998654 0.665733 0.237353
0.598395 0.984235 0.216115
0.896347 0.683165 0.989183
0.999597 0.851655 0.250401
0.896578 0.330287 0.524761
0.914109 0.216146 0.872788
0.388484 0.616615 0.708268
0.865421 0.541870 0.882553
0.723204 0.356551 0.756081
0.171935 0.662504 0.343842
0.258579 0.989740 0.365233
0.130139 0.818119 0.824604
0.208080 0.910680 0.167151
0.262154 0.978947 0.831589
0.577225 0.784100 0.046549
0.179513 0.571572 0.643936
0.123780 0.711757 0.756523
0.686244 0.490879 0.156756
0.845983 0.731184 0.948736
0.847701 0.553610 0.381276
0.889302 0.397439 0.396493
0.056126 0.113884 0.280098
0.648514 0.265549 0.412616
0.701806 0.571617 0.765653
0.693233 0.563025 0.913494
0.524021 0.818115 0.953601
0.339684 0.766526 0.925650
0.633164 0.954275 0.277821
0.916593 0.007805 0.736212
0.832591 0.801015 0.864650
0.628713 0.825143 0.152134
0.209372 0.221876 0.216448
0.413799 0.414017 0.623521
0.073049 0.690855 0.173993
0.985386 0.787201 0.922142
0.579196 0.053732 0.586347
0.038364 0.448851 0.937868
0.936554 0.021941 0.962326
0.874580 0.365341 0.907196
0.356501 0.368189 0.337860
0.264343 0.146640 0.796976
0.662043 0.065068 0.766838
0.988869 0.818484 0.487287
0.782014 0.271385 0.512845
0.992089 0.786159 0.211243
0.814753 0.525182 0.419577
0.894477 0.874479 0.104832
0.371178 0.593961 0.472819
0.785339 0.805997 0.354587
0.290676 0.454139 0.436631
0.014692 0.349802 0.717659
0.018910 0.307565 0.921792
0.868455 0.720113 0.175712
0.080072 0.934928 0.801835
0.901924 0.895645 0.224272
0.876250 0.455139 0.826966
0.991137 0.650459 0.651441
0.266748 0.087039 0.114669
0.621949 0.695829 0.005459
0.916452 0.815302 0.627521
0.406046 0.346121 0.313261
0.417289 0.745916 0.249413
0.990240 0.237829 0.124595
0.419464 0.123057 0.471364
0.984334 0.855005 0.980923
0.554757 0.004223 0.092386
0.935093 0.491844 0.436152
0.856335 0.629484 0.947621
0.992838 0.489098 0.622241
0.719693 0.848358 0.025296
0.714767 0.338207 0.154904
0.993959 0.331892 0.332145
0.853261 0.465031 0.112684
0.339784 0.812300 0.084965
0.997957 0.532710 0.677163
0.762972 0.029628 0.739346
0.503661 0.955189 0.116653
0.802661 0.971523 0.782179
0.454265 0.930298 0.583187
0.493732 0.330593 0.815910
0.557876 0.370109 0.512098
0.672881 0.421053 0.533819
0.306419 0.831362 0.248924
0.548856 0.079960 0.397390
0.525610 0.350453 0.683636
0.933606 0.882879 0.057165
0.272886 0.199625 0.769932
0.774254 0.653302 0.888597
0.396466 0.522534 0.719880
0.358995 0.678140 0.676974
0.529396 0.001571 0.279352
0.696067 0.623368 0.986475
0.875653 0.871409 0.305174
0.185561 0.616577 0.085613
0.150528 0.536891 0.917595
0.733136 0.134458 0.356289
0.377966 0.851898 0.178333
0.772461 0.409270 0.187582
0.266640 0.804387 0.105955
0.877853 0.317927 0.821915
0.679046 0.087440 0.399519
0.309877 0.897717 0.966115
0.453638 0.839093 0.174833
0.443844 0.714822 0.876247
0.504967 0.587210 0.618885
0.878062 0.321518 0.180994
0.942838 0.689366 0.742312
0.613895 0.865320 0.841882
0.224851 0.803749 0.399810
0.882341 0.878474 0.986156
0.611344 0.919659 0.462613
0.084123 0.318909 0.591569
0.329475 0.209457 0.680797
0.997119 0.163144 0.817473
0.370075 0.906176 0.389311
0.562413 0.945885 0.733306
0.626000 0.613170 0.812392
0.326273 0.017942 0.869581
0.201253 0.612798 0.946303
0.362909 0.067616 0.570216
0.709188 0.118972 0.232567
0.265458 0.531796 0.989378
0.287900 0.461991 0.806669
0.190917 0.995432 0.309526
0.450590 0.097209 0.169961
0.646049 0.927683 0.574774
0.840361 0.801445 0.016408
0.299081 0.627981 0.847205
0.224824 0.218132 0.744032
0.422007 0.330997 0.076478
0.827995 0.065874 0.715896
0.847372 0.022054 0.193359
0.303276 0.986068 0.395392
0.024842 0.974187 0.381030
0.951596 0.900010 0.093813
0.512015 0.738215 0.984765
0.402229 0.155824 0.561696
0.784018 0.591152 0.828422
0.250016 0.781161 0.029580
0.339990 0.784647 0.849220
0.495611 0.338107 0.232004
0.947763 0.776752 0.497619
0.390881 0.584562 0.487074
0.260992 0.816829 0.056910
0.195032 0.909771 0.054132
0.803477 0.138488 0.321685
0.483967 0.402832 0.617498
0.217395 0.642166 0.071853
0.556100 0.167763 0.386476
0.798795 0.381778 0.589533
0.801548 0.481127 0.171242
0.749248 0.595378 0.896072
0.279748 0.636666 0.901087
0.664939 0.902948 0.626195
0.292791 0.724754 0.249493
0.676997 0.534988 0.652028
0.118872 0.585383 0.510492
0.942932 0.650603 0.002734
0.185914 0.982881 0.255704
0.045874 0.031758 0.564113
0.979293 0.960017 0.648465
0.331439 0.876021 0.755034
0.923926 0.108562 0.783755
0.411795 0.303510 0.423986
0.751483 0.816362 0.073002
0.733179 0.952164 0.213759
0.096516 0.637939 0.212795
0.105164 0.403468 0.749884
0.671356 0.983126 0.485635
0.685999 0.235878 0.917921
0.176013 0.671874 0.825227
0.419797 0.095320 0.184656
0.666992 0.481940 0.531328
0.481306 0.069690 0.396074
0.058676 0.188423 0.814282
0.390387 0.215771 0.662328
0.522784 0.057735 0.967571
0.406771 0.871289 0.156835
0.610883 0.545147 0.835119
0.887251 0.129946 0.315300
0.711567 0.235820 0.686657
0.886588 0.114021 0.089075
0.480628 0.012976 0.262515
0.295433 0.375699 0.901049
0.036670 0.743388 0.675678
0.466939 0.851693 0.228880
0.471378 0.042229 0.947610
0.505721 0.897883 0.046103
0.943193 0.519261 0.175917
0.197470 0.212797 0.349655
0.688804 0.582377 0.870163
0.819924 0.595385 0.954288
0.239944 0.254637 0.571629
0.597376 0.001487 0.887343
0.147588 0.051868 0.768343
0.125821 0.546425 0.298246
0.354352 0.339086 0.105948
0.353690 0.642629 0.237587
0.509011 0.180530 0.743584
0.917478 0.931414 0.748694
0.379738 0.008546 0.811647
0.552657 0.167324 0.021099
0.457296 0.910243 0.676944
0.371324 0.119817 0.035049
0.008426 0.928878 0.254277
0.055021 0.816601 0.840884
0.789051 0.797594 0.406705
0.525717 0.038955 0.565703
0.027019 0.490064 0.556124
0.152555 0.147162 0.108324
0.778867 0.224917 0.607801
0.684058 0.182082 0.034847
0.323818 0.073496 0.449019
0.155081 0.309485 0.384159
0.245040 0.483774 0.575670
0.629068 0.226905 0.778441
0.146827 0.211068 0.320350
0.873559 0.940010 0.477011
0.138683 0.319318 0.562910
0.715452 0.424998 0.331090
0.542768 0.299933 0.194600
0.081381 0.858929 0.871659
0.235162 0.494196 0.981709
0.816772 0.456085 0.399669
0.961675 0.752385 0.647019
0.510084 0.303276 0.184894
0.240766 0.285434 0.223007
0.981080 0.571570 0.127695
0.215291 0.554511 0.005069
0.804945 0.409627 0.951217
0.025439 0.009973 0.755715
0.493973 0.403135 0.684848
0.862259 0.300332 0.330341
0.292881 0.851758 0.119102
0.608356 0.418458 0.260005
0.362409 0.737767 0.655106
0.065110 0.060186 0.897693
0.714973 0.844564 0.416072
0.104436 0.051833 0.921374
0.330156 0.098092 0.343603
0.670712 0.140338 0.366501
0.005445 0.337820 0.497002
0.577226 0.418814 0.478519
0.316203 0.992446 0.447946
0.220155 0.300298 0.752580
0.208210 0.046570 0.023833
0.765075 0.517734 0.198953
0.250733 0.151848 0.337067
0.346764 0.094674 0.559291
0.281537 0.375668 0.199133
0.565864 0.733534 0.831603
0.963423 0.298358 0.965455
0.258779 0.861097 0.396256
0.623799 0.706755 0.804494
0.443692 0.631523 0.457099
0.323863 0.124314 0.995635
0.857568 0.536463 0.552872
0.506315 0.412062 0.311672
0.701845 0.820015 0.091569
0.066941 0.983034 0.014394
0.342691 0.011259 0.186206
0.247535 0.960372 0.717828
0.380664 0.689340 0.148160
0.665542 0.195174 0.664416
0.034978 0.402006 0.326768
0.748131 0.279782 0.146471
0.852704 0.644537 0.259495
0.770901 0.415701 0.362312
0.524192 0.693814 0.641616
0.326622 0.410240 0.410361
0.763748 0.659314 0.166265
0.983648 0.890177 0.173584
0.069405 0.748273 0.544302
0.796072 0.548710 0.087791
0.163223 0.373231 0.852981
0.422933 0.566923 0.599740
0.973884 0.717511 0.177630
0.189792 0.209650 0.940058
0.943681 0.171599 0.821667
0.968558 0.535076 0.237387
0.204541 0.107910 0.105193
0.146092 0.676688 0.550050
0.634707 0.553082 0.749187
0.147572 0.670139 0.913318
0.303307 0.616635 0.830474
0.362726 0.857409 0.097988
0.116979 0.402276 0.003590
0.459268 0.186633 0.481646
0.543915 0.604773 0.793691
0.219030 0.525608 0.061267
0.067531 0.361175 0.747362
0.344902 0.609528 0.642772
0.563067 0.357209 0.990321
0.935613 0.959939 0.588437
0.148650 0.622718 0.090095
0.577740 0.717720 0.914762
0.326873 0.177563 0.222078
0.396531 0.534292 0.672602
0.901033 0.291440 0.324244
0.503574 0.063403 0.441688
0.952035 0.679776 0.202947
0.628077 0.878539 0.383145
0.609335 0.368842 0.169661
0.867423 0.800442 0.599090
0.048829 0.675812 0.942521
0.741795 0.497094 0.904434
0.354423 0.620161 0.645932
0.173631 0.116423 0.768899
0.830970 0.949724 0.664428
0.412236 0.323782 0.939658
0.828576 0.609983 0.748033
0.920987 0.552996 0.645324
0.850190 0.560356 0.907934
0.409349 0.216094 0.445196
0.932624 0.302466 0.093963
0.195052 0.735065 0.920440
0.504711 0.979338 0.971609
0.879684 0.847642 0.438488
0.149257 0.051200 0.792380
0.793572 0.880629 0.726883
0.994054 0.509250 0.135129
0.842374 0.716205 0.076926
0.036325 0.511303 0.342782
0.007327 0.421808 0.370572
0.705997 0.590144 0.298727
0.475198 0.816025 0.788711
0.833452 0.488952 0.076395
0.060934 0.860946 0.020179
0.251867 0.459618 0.376224
0.827771 0.639173 0.458991
0.596537 0.648112 0.304873
0.518308 0.137392 0.602896
0.300041 0.717303 0.784467
0.914301 0.647241 0.599033
0.797400 0.780083 0.042955
0.729157 0.304471 0.996020
0.469326 0.805396 0.273284
0.420708 0.266989 0.730849
0.526425 0.881675 0.220960
0.186820 0.507096 0.616850
0.313851 0.136346 0.682883
0.812557 0.126330 0.925529
0.439359 0.434039 0.640543
0.368764 0.286708 0.925500
0.052518 0.593082 0.699441
0.412990 0.482028 0.610583
0.147827 0.843142 0.433976
0.029919 0.946860 0.398676
0.918415 0.961422 0.386887
0.542743 0.165474 0.693532
0.613506 0.370198 0.887811
0.047520 0.819104 0.817713
0.474633 0.216815 0.117146
0.547281 0.167784 0.222685
0.725169 0.128735 0.972099
0.003310 0.247586 0.735354
0.730902 0.514975 0.747332
0.068477 0.524932 0.072038
0.641312 0.807388 0.439560
0.618673 0.385277 0.800001
0.451854 0.934756 0.536350
0.620765 0.666600 0.018482
0.977716 0.680120 0.396663
0.750203 0.821078 0.628764
0.514872 0.614835 0.778875
0.662926 0.885925 0.691647
0.213552 0.427403 0.342950
0.957455 0.251476 0.558580
0.743581 0.610629 0.312647
0.440480 0.147821 0.075053
0.881672 0.892263 0.750561
0.790621 0.525181 0.737870
0.837664 0.536307 0.481077
0.738176 0.993379 0.859537
0.399352 0.776499 0.520323
0.165399 0.635865 0.884036
0.401951 0.040315 0.818231
0.702792 0.743053 0.671192
0.514930 0.293585 0.471387
0.098139 0.539030 0.663773
0.155842 0.748870 0.196046
0.434480 0.852658 0.483015
0.939954 0.828212 0.329145
0.587679 0.602187 0.942700
0.112143 0.799233 0.281877
0.135100 0.268678 0.021432
0.985136 0.577810 0.443436
0.809846 0.059541 0.475641
0.182866 0.974610 0.623989
0.601643 0.251337 0.983372
0.646237 0.375953 0.026272
0.172032 0.427185 0.728901
0.342268 0.901586 0.193609
0.366361 0.325383 0.807811
0.278435 0.294734 0.100846
0.244235 0.112469 0.775992
0.431484 0.522399 0.645550
0.782278 0.188846 0.191376
0.209496 0.251382 0.858760
0.406434 0.062781 0.135638
0.397828 0.858592 0.785015
0.615203 0.059229 0.953135
0.242142 0.296673 0.400057
0.485714 0.026210 0.191350
0.734168 0.704681 0.487392
0.708932 0.226207 0.396354
0.967286 0.647008 0.147137
0.923815 0.855527 0.530316
0.659278 0.411366 0.972162
0.538393 0.892644 0.377807
0.927488 0.522065 0.599188
0.622482 0.019327 0.540707
0.016205 0.600704 0.374851
0.105572 0.349531 0.712055
0.918232 0.287923 0.448611
0.914766 0.796437 0.193012
0.439551 0.683117 0.857737
0.913217 0.451049 0.119150
0.999197 0.300065 0.125219
0.381226 0.413533 0.951078
0.100736 0.102887 0.203833
0.080832 0.420895 0.132144
0.624244 0.677865 0.777164
0.705262 0.362360 0.676499
0.105354 0.872886 0.419127
0.021906 0.844440 0.674348
0.916040 0.478024 0.450397
0.137663 0.401227 0.014764
0.907345 0.175407 0.246106
0.488514 0.430472 0.965746
0.721169 0.075456 0.864983
0.753131 0.093800 0.027548
0.074278 0.910568 0.617915
0.657156 0.489308 0.138342
0.023003 0.113699 0.461819
0.464919 0.640796 0.005965
0.352978 0.336565 0.448267
0.535668 0.400761 0.824604
0.389462 0.159983 0.244955
0.471456 0.759033 0.043555
0.219558 0.599077 0.760914
0.707005 0.430357 0.624446
0.778556 0.852055 0.737488
0.115494 0.046915 0.073543
0.091992 0.341019 0.633255
0.794604 0.243375 0.747102
0.618006 0.419638 0.730422
0.689421 0.297977 0.835679
0.769743 0.893001 0.104514
0.479638 0.657121 0.628239
0.279597 0.704127 0.659326
0.740214 0.075421 0.428073
0.533702 0.880339 0.450115
0.315899 0.861430 0.161773
0.289339 0.877492 0.653684
0.861691 0.895463 0.857310
0.586683 0.298432 0.960106
0.214138 0.413747 0.243994
0.795533 0.596233 0.164437
0.228870 0.382724 0.510909
0.912738 0.988276 0.586149
0.667766 0.400464 0.076096
0.056801 0.110212 0.870390
0.797473 0.421460 0.605303
0.386657 0.989089 0.021041
0.400459 0.625076 0.940779
0.908426 0.341506 0.922238
0.531186 0.198977 0.016939
0.473330 0.867476 0.401795
0.745199 0.224786 0.806499
0.235358 0.346984 0.814255
0.973217 0.529588 0.226396
0.022040 0.252752 0.081063
0.253847 0.932746 0.278685
0.135533 0.990412 0.332261
0.900445 0.137741 0.117898
0.770544 0.868534 0.860526
0.244357 0.224708 0.834198
0.848456 0.031058 0.725756
0.853028 0.609807 0.610796
0.140338 0.529724 0.737007
0.829789 0.500345 0.034615
0.606008 0.314356 0.409475
0.975466 0.746968 0.423351
0.433426 0.697547 0.223319
0.771966 0.252998 0.021927
0.266272 0.561039 0.686671
0.810227 0.964743 0.044294
0.597411 0.030211 0.006485
0.953894 0.414712 0.824575
0.662069 0.960140 0.977485
0.491961 0.902678 0.817058
0.195520 0.332406 0.547859
0.546948 0.947771 0.896211
0.087452 0.884043 0.810074
0.076306 0.973188 0.977436
0.716395 0.879316 0.228133
0.061100 0.053458 0.183974
0.814703 0.263069 0.222981
0.121623 0.031204 0.669562
0.303950 0.276170 0.221459
0.241576 0.921811 0.701528
0.394993 0.376258 0.201705
0.117565 0.619384 0.692514
0.691484 0.101863 0.663810
0.595147 0.660471 0.203137
0.415422 0.575370 0.570490
0.102412 0.857740 0.995629
0.182306 0.749764 0.899360
0.765085 0.848621 0.550252
0.618615 0.236006 0.896578
0.093482 0.331074 0.104609
0.571408 0.321271 0.885724
0.640894 0.970785 0.216079
0.237671 0.883818 0.509046
0.255466 0.349899 0.590673
0.865824 0.087786 0.087191
0.361642 0.774294 0.984268
0.334961 0.659640 0.799395
0.037971 0.448921 0.074008
0.354563 0.376572 0.789393
0.780319 0.272303 0.963283
0.148141 0.098614 0.296218
0.716500 0.839635 0.072970
0.269091 0.790310 0.159877
0.764021 0.844888 0.715876
0.188735 0.010598 0.214266
0.020819 0.620126 0.324700
0.033483 0.370976 0.979168
0.682872 0.001211 0.337820
0.468268 0.254435 0.311854
0.684920 0.633817 0.914812
0.240392 0.470129 0.453129
0.791217 0.250528 0.930575
0.933053 0.658210 0.818637
0.294692 0.142655 0.668834
0.356638 0.052862 0.606850
0.045806 0.225043 0.233734
0.967779 0.527880 0.663709
0.222990 0.063441 0.982988
0.539852 0.848461 0.806579
0.856802 0.001116 0.687052
0.824325 0.467449 0.527003
0.313665 0.459684 0.914095
0.483163 0.279101 0.289939
0.379479 0.397475 0.651743
0.565263 0.882673 0.146303
0.419466 0.392741 0.479072
0.150812 0.971114 0.193909
0.509661 0.729644 0.750063
0.549991 0.111095 0.609604
0.301178 0.738568 0.597288
0.375218 0.685191 0.588936
0.468080 0.230642 0.104200
0.077481 0.881630 0.904539
0.823325 0.546745 0.659725
0.343499 0.466975 0.503253
0.205129 0.903131 0.127573
0.205425 0.416877 0.600690
0.182382 0.673722 0.657934
0.758770 0.469156 0.064989
0.954202 0.588519 0.162639
0.696905 0.449694 0.346178
0.606605 0.770626 0.143631
0.826746 0.457163 0.587717
0.472243 0.329280 0.550239
0.277751 0.380126 0.012434
0.671985 0.733643 0.317575
0.926707 0.145321 0.900356
0.283244 0.420050 0.270404
0.392947 0.074967 0.387579
0.466152 0.386187 0.315332
0.179766 0.238681 0.514760
0.297010 0.305948 0.733542
0.501549 0.534707 0.199268
0.842967 0.680024 0.653421
0.096640 0.502872 0.918942
0.832252 0.797356 0.064422
0.061083 0.797098 0.682957
0.169911 0.732568 0.718529
0.804422 0.106949 0.301298
0.588219 0.000270 0.302168
0.373327 0.965334 0.903449
0.513702 0.720899 0.860455
0.957050 0.329121 0.948081
0.536448 0.203454 0.707775
0.338915 0.958796 0.199679
0.676627 0.900988 0.671233
0.248649 0.607156 0.350155
0.449480 0.744108 0.415922
0.837026 0.583031 0.559130
0.237713 0.517920 0.628704
0.036323 0.122172 0.704996
0.323506 0.019549 0.137521
0.965289 0.070489 0.673076
0.582126 0.295556 0.886331
0.419114 0.243944 0.774848
0.540443 0.426621 0.874752
0.963840 0.067709 0.013181
0.653306 0.084168 0.826937
0.572733 0.322791 0.477905
0.034193 0.265310 0.881083
0.341508 0.649064 0.886955
0.128369 0.738202 0.155239
0.642476 0.820488 0.646822
0.163993 0.688297 0.851784
0.735272 0.030798 0.542959
0.118081 0.668006 0.673060
0.774657 0.386903 0.938143
0.733968 0.331453 0.224857
0.690464 0.642644 0.417808
0.269194 0.020366 0.777861
0.761440 0.279786 0.047836
0.880377 0.913892 0.610715
0.266369 0.425199 0.550133
0.009138 0.908944 0.625655
0.648174 0.432296 0.138945
0.664498 0.149934 0.669169
0.650837 0.266409 0.839232
0.692477 0.086621 0.353859
0.007795 0.061204 0.387624
0.648391 0.454303 0.212493
0.935689 0.742440 0.762985
0.308248 0.640878 0.276747
0.256166 0.676252 0.070269
0.516000 0.908670 0.945163
0.534118 0.951459 0.430360
0.839093 0.769897 0.776480
0.451001 0.073242 0.061892
0.247258 0.498865 0.426898
0.101101 0.027956 0.150073
0.044244 0.423413 0.194638
0.536151 0.476146 0.137976
0.012453 0.005016 0.952954
0.747548 0.347737 0.501609
0.137846 0.329143 0.210547
0.273337 0.888169 0.062945
0.595939 0.707555 0.158452
0.555290 0.544322 0.857744
0.717460 0.559131 0.462147
0.949698 0.629859 0.027247
0.510165 0.333210 0.622904
0.331815 0.704083 0.986064
0.369531 0.704766 0.329357
0.096909 0.419450 0.030417
0.677239 0.309212 0.241297
0.142202 0.147801 0.660141
0.181554 0.139333 0.671855
0.286630 0.874214 0.305015
0.640448 0.052833 0.430097
0.440406 0.727017 0.677513
0.186721 0.703066 0.178590
0.195264 0.862988 0.906138
0.076706 0.588321 0.555635
0.820784 0.950379 0.572527
0.084061 0.845386 0.853353
0.236965 0.479213 0.089948
0.261383 0.993423 0.436249
0.812602 0.902288 0.045516
0.839596 0.527345 0.126067
0.665174 0.866425 0.430718
0.819271 0.209876 0.923528
0.193589 0.662559 0.849614
0.102128 0.899092 0.276203
0.959893 0.770751 0.846281
0.582047 0.510550 0.475972
0.935149 0.994397 0.844367
0.888912 0.476879 0.252113
0.432939 0.743325 0.475203
0.488319 0.184990 0.256982
0.029918 0.743634 0.220227
0.472880 0.926433 0.005497
0.872762 0.656439 0.915948
0.061225 0.922741 0.843621
0.681380 0.377122 0.114377
0.161877 0.762282 0.381790
0.736663 0.379248 0.399028
0.554093 0.702185 0.511469
0.921221 0.719228 0.059467
0.395075 0.641998 0.590339
0.928312 0.109349 0.138129
0.367586 0.640520 0.224283
0.316167 0.801874 0.840975
0.434642 0.110249 0.101071
0.496986 0.484461 0.823179
0.237117 0.211522 0.112807
0.911712 0.089148 0.603462
0.585422 0.256750 0.034125
0.245354 0.030075 0.590563
0.045577 0.636649 0.996427
0.037566 0.830694 0.796776
0.534814 0.314402 0.024745
0.067270 0.845354 0.030579
0.802343 0.036496 0.459166
0.445306 0.263243 0.804871
0.771392 0.493102 0.744366
0.487215 0.997182 0.701964
0.380855 0.437034 0.427870
0.089181 0.796482 0.715953
0.219907 0.308852 0.042184
0.081702 0.929087 0.361222
0.613217 0.519080 0.122984
0.715406 0.266690 0.259510
0.396889 0.754790 0.211582
0.233908 0.124768 0.167388
0.251210 0.939293 0.666979
0.487668 0.449074 0.149449
0.300753 0.843201 0.367044
0.771215 0.661444 0.018007
0.731971 0.098130 0.052593
0.804478 0.688475 0.368538
0.904967 0.806413 0.468914
0.411945 0.873225 0.329102
0.801240 0.953696 0.214202
0.623606 0.242482 0.595389
0.720361 0.977738 0.540725
0.706126 0.814783 0.168608
0.492238 0.683175 0.458711
0.116732 0.568496 0.958957
0.203199 0.564620 0.353380
0.549110 0.973460 0.063018
0.165858 0.600932 0.431299
0.654316 0.692135 0.543294
0.744100 0.209602 0.296025
0.575520 0.398405 0.342495
0.120093 0.126756 0.121611
0.656703 0.400304 0.279805
0.296945 0.489491 0.692098
0.552207 0.630939 0.803805
0.399051 0.631296 0.156804
0.577434 0.690417 0.271799
0.686816 0.724848 0.402702
0.848298 0.800349 0.478705
0.484200 0.865724 0.833156
0.499268 0.190290 0.380076
0.700512 0.270788 0.687190
0.288527 0.201375 0.929366
0.187678 0.945811 0.727530
0.423351 0.319370 0.494880
0.021731 0.289400 0.359275
0.392034 0.580860 0.695122
0.520837 0.758428 0.671141
0.172738 0.018972 0.791545
0.196915 0.837389 0.182626
0.098883 0.682349 0.985558
0.544332 0.758411 0.235041
0.125312 0.501463 0.940821
0.643402 0.218087 0.508097
0.201747 0.259981 0.495778
0.777200 0.101255 0.569050
0.376454 0.256858 0.435923
0.663491 0.935375 0.824598
0.201734 0.407256 0.239867
0.375356 0.781271 0.829638
0.027713 0.604420 0.766735
0.128105 0.313582 0.606855
0.565044 0.175292 0.245480
0.029381 0.483585 0.777846
0.653137 0.955811 0.775109
0.586793 0.986223 0.344365
0.066010 0.067392 0.366505
0.171753 0.211763 0.345066
0.142397 0.693696 0.013068
0.269477 0.050811 0.829430
0.166025 0.607924 0.182592
0.305453 0.443868 0.833408
0.368986 0.375433 0.889026
0.461356 0.062353 0.271112
0.845539 0.418891 0.264613
0.791984 0.728028 0.231930
0.791150 0.865937 0.285807
0.020233 0.584606 0.969553
0.234670 0.210640 0.549129
0.299880 0.093586 0.189982
0.618730 0.085348 0.084538
0.158276 0.720952 0.068688
0.833491 0.933717 0.192759
0.642295 0.617276 0.941720
0.570994 0.305667 0.991123
0.145309 0.981351 0.546340
0.137045 0.920239 0.857483
0.883287 0.802310 0.973579
0.487557 0.900484 0.962921
0.783213 0.095993 0.863399
0.081308 0.146850 0.885760
0.638458 0.927923 0.417673
0.128094 0.211691 0.417981
0.726631 0.868975 0.824288
0.505456 0.712461 0.412336
0.367931 0.325805 0.456804
0.198327 0.914031 0.842961
0.824761 0.994714 0.333391
0.743852 0.886313 0.821047
0.869475 0.501604 0.262637
0.306255 0.387816 0.310914
0.429574 0.928963 0.999366
0.236379 0.044164 0.087738
0.171670 0.820671 0.827661
0.126057 0.421600 0.851722
0.068045 0.066672 0.613093
0.174810 0.840919 0.860912
0.297479 0.472974 0.845866
0.725659 0.697939 0.166908
0.226704 0.558340 0.532901
0.608349 0.523792 0.997347
0.211475 0.137226 0.755186
0.868056 0.594296 0.588963
0.518628 0.015237 0.454435
0.505975 0.810288 0.823653
0.090166 0.830007 0.217720
0.567208 0.340682 0.762957
0.662130 0.314263 0.841226
0.243244 0.645231 0.000350
0.403310 0.299363 0.824961
0.249195 0.136557 0.405607
0.235514 0.420388 0.196978
0.921443 0.233034 0.761536
0.191505 0.401710 0.998175
0.684780 0.783375 0.066027
0.326146 0.239252 0.693819
0.597930 0.015037 0.570864
0.686591 0.384482 0.806190
0.710907 0.156259 0.620982
0.443486 0.960198 0.804364
0.870242 0.175641 0.921253
0.795622 0.083708 0.516596
0.689107 0.234255 0.070311
0.416903 0.753561 0.298852
0.276977 0.521262 0.995211
0.025623 0.751439 0.966870
0.736909 0.696431 0.296287
0.181613 0.285664 0.440249
0.448651 0.623665 0.134735
0.922583 0.330438 0.434301
0.580130 0.171506 0.342435
0.536290 0.832012 0.680235
0.965898 0.581234 0.274873
0.424583 0.587087 0.363243
0.520811 0.087006 0.291692
0.301691 0.093883 0.723591
0.160912 0.224555 0.390114
0.366044 0.039077 0.304801
0.733063 0.822091 0.062866
0.108842 0.148346 0.378401
0.696448 0.069665 0.691614
0.313454 0.127498 0.865934
0.733807 0.479459 0.844524
0.070752 0.700605 0.523884
0.959285 0.778633 0.281852
0.329481 0.704934 0.637799
0.775690 0.922047 0.512534
0.956433 0.493974 0.324359
0.677409 0.327326 0.440148
0.780765 0.345011 0.051740
0.498972 0.451148 0.995771
0.713574 0.366378 0.843801
0.129414 0.961176 0.148108
0.019122 0.347314 0.710582
0.456813 0.313690 0.380496
0.061310 0.120861 0.875304
0.166474 0.391735 0.442528
0.706835 0.274560 0.655172
0.383592 0.559048 0.979581
0.800801 0.006603 0.806180
0.990476 0.002584 0.696514
0.287365 0.843083 0.968370
0.677883 0.021758 0.074109
0.206279 0.012544 0.012187
0.762502 0.177721 0.327836
0.666110 0.032433 0.995655
0.928812 0.581271 0.865773
0.333222 0.975968 0.785606
0.810974 0.853985 0.794583
0.336837 0.570566 0.079113
0.075204 0.382840 0.095238
0.551946 0.511373 0.641022
0.910234 0.555674 0.635733
0.938894 0.961732 0.178654
0.857826 0.325334 0.846902
0.903220 0.226544 0.899350
0.040746 0.179357 0.198458
0.898919 0.527156 0.119346
0.260057 0.158175 0.079420
0.954472 0.117361 0.984821
0.528811 0.346008 0.040648
0.581271 0.410330 0.246835
0.651760 0.277300 0.935215
0.229422 0.103673 0.503659
0.764750 0.407597 0.733400
0.649008 0.221854 0.173541
0.847239 0.968959 0.956884
0.443938 0.076943 0.018359
0.143934 0.984298 0.117728
0.413604 0.778167 0.802057
0.246316 0.576200 0.646953
0.687613 0.763294 0.736055
0.717691 0.990900 0.752950
0.244934 0.598592 0.271427
0.046618 0.510487 0.223007
0.728584 0.615354 0.511111
0.728186 0.411493 0.748673
0.335519 0.776292 0.784602
0.139912 0.755458 0.559370
0.659609 0.680015 0.605569
0.083120 0.724809 0.815561
0.594848 0.127650 0.254962
0.100771 0.528776 0.414647
0.946160 0.515991 0.863460
0.370203 0.963085 0.782946
0.471558 0.762771 0.863610
0.784072 0.313179 0.890730
0.498980 0.233264 0.430321
0.235526 0.667075 0.602385
0.747900 0.962856 0.241142
0.427530 0.761359 0.440733
0.937911 0.426821 0.853465
0.907058 0.580046 0.951831
0.247785 0.331265 0.946039
0.842766 0.995882 0.473303
0.263378 0.514953 0.645093
0.744731 0.646541 0.272194
0.275677 0.204612 0.318352
0.268731 0.753096 0.023091
0.363125 0.599224 0.112161
0.636110 0.233756 0.630355
0.209598 0.389623 0.187197
0.092283 0.740764 0.707521
0.226190 0.298925 0.553398
0.206267 0.913779 0.923776
0.683749 0.462450 0.460169
0.352324 0.547538 0.755558
0.013940 0.836836 0.870699
0.313222 0.646912 0.176793
0.463118 0.931247 0.893375
0.377080 0.271577 0.724336
0.468936 0.175169 0.143999
0.342766 0.567107 0.140894
0.690911 0.264703 0.906726
0.952134 0.650245 0.451195
0.203833 0.523381 0.985332
0.679096 0.901331 0.422922
0.316839 0.050575 0.343720
0.912477 0.637832 0.173943
0.131338 0.086118 0.657748
0.785929 0.544325 0.556791
0.376480 0.089628 0.497153
0.720395 0.617730 0.428868
0.464082 0.317987 0.569783
0.216545 0.030665 0.991911
0.438906 0.595399 0.028018
0.936985 0.758939 0.579740
0.786581 0.059951 0.966665
0.634541 0.908394 0.877492
0.538604 0.009170 0.331694
0.357367 0.366594 0.305077
0.175708 0.366247 0.176765
0.918904 0.640839 0.485313
0.628753 0.182689 0.134240
0.827917 0.113015 0.734867
0.306558 0.422059 0.657529
0.500226 0.313194 0.871603
0.964215 0.387198 0.023517
0.300248 0.989107 0.146233
0.137253 0.027971 0.643706
0.379599 0.878587 0.706934
0.190825 0.635122 0.396138
0.912905 0.595239 0.709955
0.727022 0.722837 0.642488
0.342409 0.201694 0.309008
0.370960 0.128641 0.006732
0.360383 0.843591 0.343830
0.157057 0.466319 0.371033
0.529186 0.464868 0.818816
0.300401 0.573031 0.552566
0.937433 0.896255 0.794050
0.206361 0.477404 0.769346
0.065629 0.125181 0.065905
0.117937 0.847037 0.697436
0.414659 0.178804 0.599401
0.546883 0.606859 0.245070
0.020517 0.714072 0.911008
0.839763 0.715493 0.897824
0.926686 0.055040 0.602020
0.057524 0.460494 0.889414
0.860455 0.274028 0.512735
0.188040 0.250004 0.949891
0.420945 0.466153 0.549954
0.017016 0.334188 0.832848
0.986284 0.131324 0.743798
0.994820 0.731052 0.771694
0.862570 0.201825 0.721968
0.827303 0.064358 0.166103
0.008486 0.273971 0.445663
0.805613 0.702505 0.792637
0.451551 0.246162 0.339709
0.175032 0.278971 0.579313
0.769637 0.792409 0.356701
0.764672 0.188236 0.411748
0.461996 0.403528 0.276865
0.499096 0.516799 0.849928
0.991952 0.812426 0.622506
0.194288 0.205669 0.997690
0.881864 0.651361 0.175392
0.852706 0.822321 0.438463
0.161545 0.012743 0.670915
0.743841 0.959399 0.605828
0.198139 0.250547 0.239993
0.465652 0.181903 0.839580
0.270397 0.945683 0.804684
0.790408 0.249842 0.471799
0.414600 0.636164 0.482130
0.877304 0.154128 0.191737
0.413843 0.218212 0.087180
0.497296 0.104845 0.131670
0.898999 0.239350 0.204709
0.608887 0.006262 0.229766
0.458698 0.144488 0.010739
0.750590 0.025468 0.734532
0.584996 0.159516 0.851490
0.424485 0.388800 0.836734
0.776367 0.968983 0.068746
0.259355 0.927510 0.612983
0.759562 0.195636 0.483088
0.877707 0.953367 0.919989
0.283818 0.189510 0.979046
0.197549 0.016659 0.188850
0.402235 0.082075 0.912700
0.845775 0.920063 0.385843
0.861238 0.126908 0.362430
0.550439 0.856887 0.213499
0.209312 0.967039 0.992928
0.524196 0.336569 0.810009
0.245563 0.982809 0.893146
0.673648 0.341510 0.481813
0.119976 0.864263 0.963173
0.225310 0.701596 0.227702
0.541370 0.711260 0.537972
0.191812 0.618232 0.955193
0.545275 0.610663 0.976883
0.207037 0.947733 0.484785
0.965988 0.440315 0.891038
0.215150 0.504169 0.108533
0.883075 0.016303 0.713153
0.714976 0.827617 0.941710
0.261068 0.883311 0.493519
0.474542 0.376791 0.430674
0.376650 0.776375 0.914340
0.216813 0.433908 0.514821
0.207368 0.450003 0.918907
0.336201 0.506901 0.598063
0.803825 0.242626 0.136388
0.059950 0.509748 0.306445
0.895042 0.913739 0.254866
0.691181 0.349367 0.314034
0.315913 0.660519 0.405961
0.380120 0.204602 0.487705
0.946104 0.189835 0.891825
0.805486 0.457627 0.471887
0.982532 0.900760 0.925130
0.966588 0.367571 0.113741
0.858144 0.715431 0.697536
0.348495 0.756517 0.637848
0.118891 0.113377 0.163325
0.879466 0.812408 0.886271
0.653495 0.177749 0.570769
0.585736 0.472923 0.030900
0.397665 0.142595 0.071796
0.433905 0.926242 0.283747
0.932584 0.893321 0.178903
0.332545 0.638850 0.191869
0.457002 0.042258 0.231661
0.753924 0.879989 0.675190
0.675463 0.800910 0.873565
0.263492 0.803373 0.510917
0.600485 0.685364 0.780551
0.456240 0.841620 0.185220
0.440553 0.770317 0.208036
0.995042 0.713135 0.112917
0.929522 0.267456 0.227513
0.933536 0.329714 0.870802
0.299949 0.706713 0.395648
0.334018 0.776179 0.869107
0.846191 0.162142 0.192265
0.580792 0.617331 0.278019
0.713993 0.339106 0.705216
0.775004 0.991201 0.067611
0.872694 0.293438 0.882388
0.708691 0.709318 0.856315
0.089548 0.314045 0.439600
0.322394 0.693773 0.344075
0.074950 0.430465 0.985781
0.248388 0.825807 0.700068
0.982335 0.270287 0.121147
0.114686 0.078855 0.102212
0.288947 0.108075 0.775360
0.177431 0.042434 0.019118
0.324886 0.979920 0.078888
0.948259 0.300864 0.859771
0.480529 0.129668 0.080326
0.935411 0.512348 0.881210
0.545869 0.374103 0.882028
0.016332 0.445613 0.120537
0.021884 0.526914 0.159243
0.582762 0.214192 0.767182
0.022124 0.286224 0.573671
0.902119 0.198245 0.933847
0.670705 0.537164 0.614583
0.062009 0.925053 0.127581
0.382085 0.298997 0.247761
0.368490 0.288245 0.738789
0.296151 0.571827 0.510888
0.885415 0.601231 0.816875
0.139761 0.954341 0.268906
0.552162 0.798232 0.808113
0.099242 0.074729 0.596960
0.920464 0.891762 0.431886
0.134048 0.337391 0.824848
0.901029 0.412259 0.677443
0.654823 0.626698 0.089795
0.059113 0.699431 0.067899
0.058427 0.641453 0.320463
0.866034 0.670471 0.710097
0.974426 0.527191 0.570992
0.798437 0.458973 0.205741
0.842130 0.302650 0.881588
0.335469 0.637184 0.907251
0.980560 0.105702 0.086028
0.238520 0.920337 0.274767
0.973716 0.910216 0.726068
0.320765 0.877523 0.187629
0.804782 0.268093 0.761806
0.338566 0.035911 0.356947
0.265152 0.902594 0.252822
0.286354 0.452037 0.485034
0.564837 0.914423 0.003883
0.945282 0.139691 0.217555
0.949218 0.139384 0.159055
0.119221 0.035316 0.137331
0.342951 0.927303 0.462948
0.312751 0.321271 0.246785
0.539627 0.979236 0.453884
0.640747 0.654584 0.901833
0.052142 0.050910 0.997164
0.213214 0.347986 0.234376
0.507580 0.537429 0.803787
0.493540 0.437778 0.881015
0.318080 0.896172 0.882079
0.177972 0.768118 0.296896
0.304148 0.190366 0.294825
0.908268 0.633463 0.129734
0.206193 0.484429 0.333988
0.498510 0.622880 0.945364
0.452126 0.018778 0.420253
0.508666 0.272409 0.170575
0.037601 0.776941 0.478537
0.563670 0.320437 0.221162
0.445111 0.807449 0.305951
0.480480 0.251187 0.335468
0.794353 0.244365 0.723713
0.416485 0.523549 0.022204
0.161352 0.632681 0.157457
0.426403 0.612595 0.269735
0.589775 0.990463 0.968062
0.939590 0.661514 0.204718
0.833812 0.296561 0.281938
0.434591 0.253392 0.189409
0.380673 0.089431 0.822446
0.021551 0.906994 0.634214
0.445785 0.204643 0.458545
0.603030 0.349745 0.647232
0.096404 0.519688 0.275028
0.235402 0.604012 0.861380
0.398566 0.014581 0.121968
0.148544 0.211597 0.833281
0.619901 0.495796 0.712423
0.826130 0.910436 0.349469
0.178816 0.576191 0.872746
0.880483 0.819325 0.721107
0.864999 0.696104 0.948703
0.141175 0.528441 0.750081
0.324527 0.181832 0.658689
0.462000 0.723041 0.779191
0.551080 0.221746 0.296583
0.843560 0.926025 0.946420
0.732260 0.064061 0.173835
0.999400 0.006505 0.126375
0.940733 0.445715 0.611785
0.450153 0.329032 0.816494
0.665681 0.074098 0.491483
0.254201 0.526213 0.323051
0.756466 0.818283 0.287603
0.779862 0.503429 0.529921
0.256352 0.537506 0.553882
0.096070 0.838004 0.633504
0.225775 0.123880 0.688495
0.346421 0.392355 0.795849
0.388888 0.269659 0.888563
0.182216 0.207036 0.650908
0.667977 0.503419 0.609102
0.249093 0.669628 0.145026
0.211036 0.500858 0.360792
0.129358 0.784122 0.046080
0.553261 0.290008 0.481435
0.890560 0.341994 0.094249
0.676744 0.000642 0.230996
0.967086 0.761489 0.354016
0.755096 0.191131 0.671188
0.704566 0.798138 0.451292
0.701524 0.001238 0.659456
0.930473 0.039116 0.290240
0.101962 0.508493 0.452208
0.261631 0.572368 0.007945
0.111135 0.890005 0.278536
0.354805 0.900721 0.276199
0.308253 0.011197 0.072908
0.878912 0.235508 0.995829
0.757092 0.888874 0.142846
0.259044 0.237528 0.495779
0.783535 0.480082 0.926744
0.564618 0.686104 0.902598
0.459710 0.777013 0.062754
0.912246 0.644264 0.808324
0.574223 0.734722 0.882543
0.155287 0.819234 0.182663
0.353187 0.744375 0.511641
0.368783 0.543145 0.920667
0.425968 0.365993 0.402955
0.457289 0.217605 0.226419
0.266142 0.504235 0.605590
0.119828 0.030091 0.414738
0.035922 0.367190 0.949530
0.865690 0.775059 0.000672
0.908434 0.832935 0.167033
0.235207 0.708553 0.986790
0.183855 0.576409 0.582896
0.688140 0.054854 0.178730
0.586944 0.553209 0.816404
0.027592 0.904180 0.366570
0.700045 0.066572 0.739044
0.718342 0.968014 0.737029
0.298628 0.195058 0.953757
0.723956 0.925964 0.090356
0.054674 0.280720 0.987609
0.209555 0.197372 0.836270
0.835143 0.531912 0.176298
0.390604 0.265603 0.513438
0.774121 0.411107 0.426464
0.763094 0.131322 0.441947
0.547848 0.365648 0.154443
0.139092 0.902319 0.547482
0.612490 0.577876 0.920404
0.871122 0.246572 0.836502
0.353296 0.581733 0.813083
0.249760 0.304464 0.542295
0.128457 0.708583 0.440704
0.463929 0.612644 0.379114
0.081336 0.351354 0.110803
0.835957 0.816514 0.823123
0.546470 0.233768 0.700923
0.037794 0.948090 0.300290
0.101007 0.029185 0.768539
0.320301 0.823974 0.358065
0.750744 0.537794 0.996766
0.410137 0.545994 0.670003
0.440728 0.544755 0.244301
0.979707 0.124628 0.925779
0.110274 0.510427 0.760893
0.963941 0.586075 0.249954
0.243097 0.814198 0.867306
0.884145 0.963989 0.376524
0.045947 0.740450 0.072701
0.606974 0.684252 0.527435
0.308388 0.296354 0.788218
0.146347 0.707085 0.540830
0.668171 0.587226 0.179041
0.819571 0.985911 0.614149
0.876394 0.143770 0.899579
0.770409 0.664321 0.716995
0.487809 0.448587 0.806660
0.503227 0.996887 0.882119
0.193792 0.926646 0.058429
0.373342 0.582017 0.463920
0.275923 0.170565 0.529283
0.501545 0.956478 0.589583
0.424361 0.130294 0.751656
0.410377 0.950494 0.234604
0.066695 0.775396 0.635863
0.232535 0.733124 0.958616
0.671194 0.914547 0.798206
0.897755 0.964351 0.464732
0.544151 0.060266 0.345818
0.276821 0.485760 0.569786
0.900834 0.194466 0.320858
0.696060 0.251833 0.344903
0.119888 0.062933 0.594089
0.137512 0.338784 0.224192
0.987014 0.313135 0.618580
0.370884 0.313019 0.767370
0.976428 0.915266 0.721996
0.944400 0.063895 0.163250
0.134897 0.260030 0.514521
0.492008 0.562732 0.185281
0.842918 0.750869 0.959976
0.399067 0.463131 0.302062
0.031782 0.778029 0.798881
0.557283 0.214206 0.240859
0.243369 0.857448 0.772975
0.348836 0.719905 0.283453
0.375809 0.602154 0.356370
0.569282 0.305869 0.212850
0.703555 0.705157 0.680474
0.398482 0.552868 0.446284
0.012170 0.243690 0.764641
0.866551 0.970050 0.880298
0.114765 0.639115 0.910810
0.665160 0.586011 0.035426
0.803509 0.950610 0.727347
0.449553 0.468644 0.647925
0.696152 0.016847 0.374703
0.363809 0.255945 0.373312
0.426173 0.174262 0.237819
0.797300 0.731667 0.135077
0.268479 0.271724 0.118182
0.938848 0.056049 0.734935
0.388645 0.905919 0.481918
0.565395 0.192152 0.724889
0.350286 0.834702 0.378229
0.119213 0.184189 0.100655
0.709869 0.225302 0.243454
0.939416 0.239488 0.542869
0.094950 0.971570 0.977553
0.715776 0.055939 0.884953
0.449268 0.310689 0.303882
0.039896 0.057393 0.983514
0.055340 0.656082 0.414583
0.118344 0.893799 0.092702
0.842593 0.438250 0.171131
0.040840 0.657293 0.660759
0.170451 0.470330 0.584212
0.499632 0.184888 0.246205
0.092839 0.625004 0.504949
0.931338 0.197132 0.513936
0.238225 0.873028 0.008836
0.536756 0.603444 0.218406
0.935955 0.175002 0.536141
0.895585 0.240188 0.083611
0.401081 0.758420 0.837997
0.127295 0.622735 0.527027
0.122345 0.238220 0.482222
0.807255 0.200688 0.058674
0.454088 0.991497 0.169950
0.924080 0.873165 0.253761
0.312965 0.343460 0.026398
0.860851 0.538941 0.831309
0.509607 0.785455 0.486143
0.767773 0.268848 0.115294
0.541596 0.545289 0.067129
0.168462 0.996746 0.603438
0.639066 0.005618 0.612760
0.426416 0.567946 0.158815
0.654688 0.542357 0.217221
0.488904 0.122599 0.234393
0.001905 0.576990 0.737710
0.620566 0.786574 0.202245
0.311659 0.915684 0.961742
0.977841 0.390991 0.524823
0.817237 0.673837 0.903208
0.071160 0.750617 0.044009
0.463688 0.728261 0.747916
0.299649 0.792186 0.225589
0.391029 0.519212 0.782991
0.204768 0.904505 0.523053
0.285654 0.039609 0.931277
0.132581 0.471265 0.898565
0.942836 0.870334 0.174154
0.109634 0.800233 0.742595
0.344147 0.824302 0.530350
0.096913 0.442309 0.821796
0.539776 0.175253 0.474068
0.562629 0.882659 0.326354
0.758645 0.460166 0.499305
0.932985 0.459366 0.673804
0.842956 0.380088 0.119000
0.980697 0.303554 0.005289
0.461951 0.900987 0.626359
0.461882 0.022316 0.719896
0.906941 0.012792 0.522225
0.310667 0.473026 0.773120
0.994159 0.443054 0.038271
0.617835 0.630524 0.525610
0.387850 0.338384 0.515937
0.339566 0.858076 0.821092
0.481965 0.749654 0.499568
0.529766 0.022472 0.609019
0.512350 0.152741 0.463395
0.644635 0.218901 0.571383
0.854438 0.217265 0.693049
0.053379 0.012204 0.973361
0.199141 0.849626 0.372647
0.318815 0.944531 0.557964
0.337637 0.945540 0.518635
0.953887 0.741953 0.040184
0.370866 0.983102 0.101795
0.248657 0.245292 0.545695
0.647897 0.088576 0.505535
0.275890 0.084123 0.054219
0.209577 0.846363 0.617420
0.808537 0.161237 0.061411
0.516482 0.661904 0.604752
0.978261 0.894226 0.472899
0.928060 0.734967 0.060628
0.954958 0.914819 0.600543
0.869619 0.825253 0.763853
0.243113 0.744346 0.335543
0.214077 0.022925 0.260257
0.254546 0.574392 0.275685
0.204172 0.435150 0.046730
0.762502 0.460934 0.263458
0.003914 0.193207 0.332851
0.243945 0.526190 0.145986
0.387871 0.869989 0.576744
0.268112 0.921702 0.588212
0.352454 0.525430 0.096554
0.261065 0.744882 0.613147
0.578808 0.853214 0.093487
0.123626 0.545751 0.806407
0.351849 0.491172 0.550118
0.049510 0.520958 0.134196
0.383580 0.586869 0.748587
0.879991 0.309373 0.832185
0.065454 0.729117 0.287468
0.420613 0.198652 0.578233
0.621697 0.621058 0.415737
0.040099 0.646685 0.241326
0.609474 0.153393 0.352885
0.195734 0.271749 0.703855
0.615329 0.726820 0.938141
0.503630 0.329037 0.943857
0.378867 0.939805 0.968871
0.020150 0.279483 0.760580
0.403325 0.394411 0.719780
0.073274 0.149720 0.926866
0.291511 0.570046 0.426401
0.889281 0.421398 0.571922
0.990337 0.361419 0.537631
0.128838 0.695161 0.640384
0.909555 0.458732 0.230243
0.663553 0.262066 0.878931
0.953788 0.368809 0.510879
0.157186 0.426015 0.562445
0.334487 0.643918 0.790825
0.536442 0.897041 0.632809
0.106758 0.607864 0.641542
0.517251 0.257974 0.872110
0.301685 0.472007 0.198872
0.491162 0.864964 0.804919
0.538264 0.613279 0.696425
0.048409 0.981838 0.408463
0.799384 0.089070 0.397539
0.974719 0.382528 0.472631
0.032829 0.907824 0.156878
0.263872 0.294970 0.412318
0.971411 0.786431 0.919297
0.206685 0.962679 0.564163
0.738901 0.257908 0.587318
0.727155 0.893893 0.035077
0.545165 0.135578 0.103276
0.945549 0.080264 0.063713
0.392033 0.806464 0.232408
0.740577 0.111660 0.254388
0.585363 0.165425 0.782234
0.718141 0.423157 0.521402
0.936364 0.976822 0.487065
0.023547 0.746748 0.465907
0.978181 0.076096 0.850813
0.600958 0.694186 0.556058
0.889218 0.033889 0.073074
0.575804 0.311310 0.652478
0.522476 0.229826 0.800410
0.909899 0.699885 0.701002
0.966037 0.035189 0.589514
0.840752 0.624119 0.943331
0.446404 0.838926 0.760106
0.579933 0.650457 0.916871
0.572658 0.796170 0.442463
0.864192 0.785414 0.048476
0.167618 0.542915 0.348953
0.811935 0.453826 0.041059
0.727128 0.354044 0.867784
0.753610 0.912113 0.961073
0.813711 0.430102 0.846047
0.035580 0.241092 0.380476
0.535759 0.447610 0.340924
0.271260 0.435494 0.571309
0.656054 0.409959 0.895091
0.701597 0.395655 0.174248
0.917937 0.244522 0.580271
0.954229 0.414493 0.070685
0.202287 0.652335 0.305922
0.960106 0.447109 0.994254
0.257240 0.726089 0.075874
0.308274 0.684385 0.328861
0.919979 0.364593 0.982555
0.764382 0.328225 0.900405
0.861815 0.097334 0.103461
0.330517 0.360350 0.133458
0.242694 0.962374 0.722608
0.846456 0.689155 0.027046
0.295080 0.240388 0.123238
0.052550 0.207217 0.624769
0.847545 0.648105 0.695945
0.200965 0.641286 0.310312
0.744427 0.563519 0.409811
0.317152 0.983087 0.475881
0.137894 0.975117 0.291554
0.595075 0.896768 0.938045
0.994595 0.046207 0.349261
0.128437 0.895703 0.662891
0.011641 0.249441 0.832541
0.522781 0.623882 0.060840
0.246556 0.683167 0.411286
0.921969 0.931942 0.854269
0.662088 0.426016 0.358874
0.782919 0.615265 0.010482
0.131934 0.372660 0.557723
0.567928 0.447957 0.866457
0.566018 0.134505 0.711682
0.896540 0.243028 0.204464
0.469148 0.532072 0.346006
0.740550 0.513638 0.346048
0.832104 0.776586 0.541692
0.112802 0.347067 0.499633
0.629914 0.376270 0.150888
0.620052 0.290774 0.739061
0.685146 0.875699 0.461804
0.648150 0.318608 0.068754
0.236498 0.679591 0.399689
0.095132 0.737797 0.935941
0.814855 0.955882 0.245203
0.893286 0.101520 0.843800
0.674776 0.329678 0.740891
0.035919 0.534837 0.364111
0.715875 0.276310 0.139491
0.497865 0.949589 0.440343
0.283982 0.721528 0.063621
0.802399 0.516997 0.238885
0.713821 0.352085 0.122369
0.175653 0.096009 0.497355
0.908452 0.467856 0.808748
0.505798 0.082767 0.516698
0.013418 0.832345 0.943716
0.053178 0.972340 0.141236
0.949403 0.681959 0.444308
0.039413 0.296141 0.275574
0.634617 0.772909 0.128238
0.926247 0.788828 0.661159
0.134286 0.427558 0.620755
0.203115 0.774911 0.174588
0.463575 0.000728 0.039963
0.592279 0.821899 0.313042
0.226298 0.956351 0.750047
0.823219 0.048943 0.004233
0.840713 0.940126 0.461088
0.756369 0.512131 0.736815
0.930268 0.473487 0.174595
0.284215 0.139846 0.459830
0.097262 0.522657 0.942989
0.493346 0.624606 0.943946
0.801016 0.460584 0.317608
0.815244 0.068713 0.058573
0.800960 0.466998 0.383873
0.875965 0.902903 0.422085
0.632967 0.783178 0.676324
0.898016 0.570687 0.164911
0.136152 0.956203 0.243402
0.360632 0.992730 0.177950
0.240065 0.437831 0.137746
0.778872 0.188836 0.861645
0.408517 0.691408 0.489254
0.185062 0.246108 0.650599
0.083080 0.523955 0.912508
0.727294 0.681576 0.884283
0.317562 0.563517 0.777233
0.414959 0.966605 0.615648
0.503218 0.466223 0.013996
0.648887 0.810808 0.573550
0.114809 0.818762 0.128410
0.661186 0.681259 0.772772
0.450075 0.828666 0.452162
0.970125 0.522850 0.669092
0.908807 0.700536 0.132213
0.998843 0.024211 0.412057
0.261906 0.310613 0.429933
0.838420 0.540425 0.654300
0.092010 0.332988 0.858961
0.636434 0.528810 0.247856
0.680782 0.191838 0.512538
0.241358 0.403551 0.365283
0.892372 0.978895 0.278480
0.096099 0.420400 0.478700
0.103779 0.591368 0.620463
0.568189 0.376769 0.940783
0.963723 0.739221 0.461157
0.190503 0.564320 0.698191
0.714897 0.425503 0.355137
0.210651 0.649525 0.169974
0.875792 0.100985 0.652315
0.773898 0.402760 0.552460
0.270648 0.738617 0.245696
0.550014 0.283461 0.141926
0.721621 0.703331 0.394390
0.234365 0.300481 0.212170
0.508874 0.250017 0.568372
0.868766 0.484866 0.181339
0.870931 0.420882 0.736148
0.704517 0.630392 0.514542
0.765805 0.280052 0.402890
0.100993 0.807833 0.027468
0.841282 0.612733 0.227514
0.733896 0.605954 0.221784
0.548640 0.144399 0.230182
0.626283 0.879459 0.780219
0.360863 0.646952 0.658685
0.759396 0.624499 0.824618
0.601430 0.868645 0.784787
0.223955 0.335901 0.692232
0.401469 0.924165 0.416277
0.184488 0.841734 0.689404
0.829290 0.328225 0.831750
0.384439 0.644566 0.742289
0.689052 0.873352 0.408647
0.663197 0.560082 0.923788
0.099454 0.907589 0.092679
0.100218 0.057652 0.486151
0.709398 0.785583 0.285738
0.588254 0.890442 0.112613
0.602951 0.947910 0.879092
0.774071 0.886378 0.061849
0.891971 0.141234 0.248771
0.146704 0.939310 0.340854
0.190030 0.310029 0.633049
0.406532 0.742392 0.810590
0.135969 0.114682 0.079792
0.841498 0.208968 0.813607
0.456274 0.223512 0.998850
0.152909 0.992210 0.630304
0.597393 0.778709 0.542231
0.040371 0.946473 0.800273
0.270438 0.863409 0.544694
0.570808 0.784029 0.705808
0.993626 0.743114 0.629768
0.136250 0.239708 0.273545
0.475585 0.106605 0.083735
0.955980 0.081667 0.014875
0.119403 0.377460 0.670510
0.004717 0.027908 0.801884
0.723555 0.729737 0.969207
0.386950 0.897769 0.684857
0.904151 0.556204 0.812243
0.082824 0.932721 0.432709
0.398698 0.550283 0.621657
0.355952 0.534452 0.746883
0.622173 0.227308 0.194511
0.291627 0.017211 0.930363
0.802151 0.726136 0.519602
0.666140 0.762819 0.370027
0.705594 0.612615 0.773918
0.034285 0.812272 0.023766
0.201192 0.024027 0.815882
0.883357 0.137416 0.673112
0.095918 0.691429 0.441700
0.373427 0.015692 0.723137
0.726991 0.618330 0.701725
0.467941 0.562092 0.340112
0.209922 0.022842 0.254415
0.550413 0.260185 0.299368
0.192914 0.733639 0.034733
0.587296 0.255240 0.219705
0.419315 0.604685 0.122804
0.851783 0.628448 0.193453
0.743875 0.344320 0.963470
0.872270 0.049877 0.902166
0.751519 0.511972 0.817882
0.555844 0.881270 0.657374
0.431692 0.490983 0.079768
0.966466 0.826569 0.605161
0.861722 0.386170 0.927313
0.895945 0.060846 0.443995
0.423522 0.048818 0.197938
0.768397 0.929842 0.588735
0.022674 0.077798 0.474218
0.954286 0.987529 0.086864
0.667260 0.727395 0.864327
0.874906 0.227628 0.366909
0.257779 0.332661 0.340833
0.000335 0.156105 0.342348
0.316402 0.158726 0.497369
0.685191 0.364472 0.918884
0.493888 0.540858 0.946289
0.370035 0.605507 0.323236
0.219228 0.397310 0.032839
0.652958 0.098721 0.766486
0.619410 0.366352 0.004564
0.935022 0.300090 0.355193
0.422901 0.676329 0.890590
0.862477 0.882535 0.181411
0.348852 0.429693 0.229301
0.949315 0.000937 0.328804
0.428415 0.684482 0.489820
0.352155 0.968774 0.834114
0.460918 0.253845 0.956213
0.508538 0.588700 0.866207
0.272758 0.641208 0.734771
0.753670 0.732822 0.696847
0.842480 0.919899 0.022802
0.871448 0.356694 0.765565
0.502137 0.161955 0.675457
0.992432 0.696356 0.038084
0.077159 0.767797 0.605975
0.290446 0.714045 0.571431
0.019422 0.265673 0.404135
0.863337 0.101362 0.800324
0.460880 0.670722 0.081654
0.390599 0.173035 0.417458
0.376769 0.130358 0.099336
0.627646 0.435688 0.501301
0.480448 0.025327 0.510859
0.405232 0.341257 0.137680
0.239074 0.860604 0.105234
0.668938 0.396687 0.338050
0.487947 0.796637 0.195465
0.384183 0.166364 0.305453
0.435738 0.341921 0.724770
0.604239 0.637032 0.615145
0.296138 0.001714 0.117326
0.549913 0.075478 0.118382
0.570871 0.505967 0.510689
0.595245 0.879384 0.844511
0.555486 0.647473 0.024956
0.746489 0.440790 0.656441
0.517141 0.893702 0.137413
0.141899 0.473363 0.735170
0.792557 0.089223 0.452887
0.433414 0.494738 0.206498
0.166004 0.028805 0.336253
0.589084 0.554099 0.459284
0.793786 0.846224 0.979120
0.553957 0.378921 0.320585
0.263046 0.573500 0.536218
0.926979 0.209085 0.232434
0.760111 0.215861 0.647493
0.369680 0.765271 0.577113
0.799099 0.266826 0.545592
0.686620 0.103987 0.953830
0.211458 0.472833 0.688243
0.076872 0.782686 0.423228
0.527174 0.008310 0.588934
0.127644 0.538567 0.098411
0.242339 0.616275 0.502497
0.829572 0.517760 0.515702
0.296530 0.114631 0.638603
0.085100 0.615430 0.102167
0.866583 0.683516 0.645635
0.391865 0.795240 0.903513
0.516198 0.939534 0.038659
0.424498 0.217350 0.202455
0.373765 0.272753 0.572827
0.716572 0.006016 0.255444
0.114832 0.350734 0.804975
0.326525 0.356488 0.341854
0.290745 0.391944 0.064144
0.019021 0.728334 0.477010
0.635732 0.001767 0.648980
0.138070 0.143934 0.994053
0.304862 0.921416 0.410553
0.127528 0.308668 0.394435
0.228405 0.144748 0.612323
0.615782 0.523688 0.402208
0.030295 0.674565 0.181143
0.836482 0.553757 0.534031
0.622843 0.662281 0.063818
0.705495 0.943253 0.567627
0.494961 0.240489 0.531071
0.227991 0.086437 0.457644
0.896794 0.215192 0.871073
0.164426 0.786708 0.255719
0.417532 0.306171 0.654953
0.930046 0.543770 0.656665
0.164124 0.862935 0.377741
0.142102 0.744606 0.226667
0.401294 0.116408 0.478757
0.864483 0.101014 0.726541
0.097178 0.268570 0.327327
0.869257 0.129358 0.020840
0.262052 0.367906 0.471737
0.541227 0.383538 0.026358
0.628908 0.221297 0.749217
0.905667 0.746232 0.666366
0.162429 0.330408 0.166325
0.747019 0.234239 0.280278
0.863169 0.194872 0.700298
0.759748 0.391183 0.876405
0.657033 0.568890 0.627637
0.163938 0.478368 0.697881
0.712050 0.068171 0.875145
0.729529 0.977462 0.046009
0.719408 0.463708 0.271170
0.630354 0.300296 0.403088
0.964765 0.941740 0.813395
0.261877 0.961331 0.810155
0.709528 0.585130 0.092835
0.190429 0.510142 0.067989
0.044851 0.141564 0.294888
0.929745 0.688653 0.439561
0.050366 0.425730 0.290633
0.266269 0.393958 0.946129
0.936085 0.814664 0.950291
0.397424 0.331317 0.838061
0.513484 0.004879 0.760937
0.900534 0.937809 0.787721
0.049497 0.951800 0.721965
0.293108 0.247920 0.970552
0.448792 0.079677 0.688298
0.483968 0.842504 0.947094
0.011870 0.184865 0.643457
0.639276 0.058052 0.217354
0.147889 0.509808 0.490941
0.847075 0.107125 0.719986
0.472279 0.919089 0.958748
0.026007 0.452521 0.599987
0.347267 0.754518 0.177180
0.175353 0.265757 0.192544
0.089176 0.680033 0.616908
0.207857 0.766582 0.711585
0.492848 0.520263 0.932260
0.912005 0.712222 0.018999
0.344786 0.070813 0.648458
0.632292 0.887801 0.027979
0.326609 0.830198 0.976147
0.051590 0.942679 0.281723
0.410039 0.134721 0.530094
0.158790 0.350823 0.140762
0.065757 0.081898 0.878427
0.183191 0.931347 0.907469
0.507558 0.708660 0.093584
0.570655 0.293916 0.162575
0.181201 0.829030 0.206168
0.514524 0.901162 0.710104
0.248481 0.901848 0.967048
0.877390 0.102082 0.538431
0.729672 0.666083 0.982836
0.953941 0.812001 0.843961
0.007028 0.718010 0.678360
0.297610 0.082610 0.009823
0.864139 0.314452 0.401716
0.833156 0.992240 0.781331
0.567014 0.868740 0.753453
0.474517 0.599246 0.396543
0.004298 0.892270 0.114441
0.484991 0.327013 0.968668
0.950097 0.921553 0.661678
0.319507 0.981655 0.593399
0.174413 0.301503 0.912429
0.786278 0.957789 0.811998
0.492948 0.367976 0.924029
0.731319 0.497066 0.065183
0.529104 0.224461 0.223974
0.690994 0.779763 0.234405
0.719244 0.306839 0.410296
0.736028 0.377567 0.110536
0.804031 0.070208 0.776410
0.670177 0.834206 0.446758
0.307370 0.170822 0.882080
0.995891 0.735557 0.747757
0.376784 0.363350 0.647045
0.646443 0.362091 0.024040
0.021833 0.865737 0.671164
0.252414 0.128445 0.563136
0.805166 0.137887 0.940148
0.916331 0.891387 0.354885
0.067137 0.666147 0.504257
0.036565 0.581601 0.130158
0.383797 0.920291 0.555079
0.446567 0.184026 0.833434
0.098497 0.017811 0.140823
0.408901 0.142334 0.070669
0.178128 0.765004 0.308888
0.175017 0.641511 0.940988
0.170397 0.910092 0.261150
0.675224 0.637254 0.691396
0.391187 0.947834 0.698132
0.648175 0.209197 0.686738
0.290122 0.361738 0.661736
0.529745 0.316345 0.446489
0.677219 0.659761 0.776151
0.166136 0.009690 0.491090
0.803313 0.511929 0.632984
0.517951 0.932431 0.273462
0.534136 0.440794 0.828567
0.988929 0.040104 0.109782
0.931759 0.166615 0.195865
0.085087 0.142843 0.488062
0.688363 0.304103 0.119496
0.902359 0.611276 0.670059
0.617017 0.654602 0.594510
0.226550 0.355096 0.563703
0.798277 0.145690 0.878114
0.820888 0.169897 0.196913
0.521541 0.249984 0.266873
0.341537 0.310668 0.098481
0.150870 0.235782 0.551610
0.662389 0.146498 0.258715
0.695129 0.946874 0.438323
0.317802 0.375160 0.210894
0.156346 0.961609 0.567369
0.237073 0.912888 0.175406
0.299829 0.810763 0.372467
0.169175 0.986952 0.895360
0.942101 0.796686 0.211193
0.841075 0.993459 0.434281
0.283774 0.180901 0.785039
0.502508 0.859714 0.313574
0.336538 0.385634 0.467816
0.898804 0.019104 0.219607
0.880802 0.111333 0.270119
0.098209 0.396743 0.778425
0.260485 0.578222 0.683338
0.806378 0.197882 0.408399
0.389332 0.029886 0.525656
0.672629 0.257716 0.935563
0.612220 0.200755 0.489760
0.822382 0.558098 0.412193
0.085871 0.116439 0.677365
0.526790 0.795956 0.568485
0.190575 0.469863 0.606330
0.584863 0.309648 0.008854
0.132656 0.687951 0.824771
0.368596 0.451246 0.046388
0.912845 0.324236 0.065042
0.139668 0.761011 0.681461
0.660587 0.324677 0.528318
0.293610 0.856621 0.527935
0.694531 0.250547 0.789612
0.696246 0.477226 0.940080
0.687563 0.664366 0.962463
0.510969 0.160503 0.443253
0.018540 0.192211 0.789829
0.059452 0.705868 0.766769
0.012639 0.364331 0.515674
0.655459 0.469488 0.031127
0.018050 0.558752 0.471855
0.081916 0.684912 0.587998
0.502348 0.223686 0.666553
0.948831 0.097793 0.321088
0.917901 0.541483 0.123165
0.102969 0.957588 0.036292
0.858299 0.288047 0.330110
0.519206 0.024936 0.910897
0.091487 0.405670 0.767045
0.310323 0.121764 0.401785
0.911317 0.344723 0.863350
0.081110 0.457484 0.104660
0.518046 0.149116 0.032532
0.813351 0.358756 0.176550
0.328649 0.450261 0.835754
0.337546 0.695592 0.616299
0.888763 0.566732 0.111104
0.073815 0.924430 0.033932
0.033655 0.232302 0.223397
0.296250 0.377319 0.094943
0.424987 0.251861 0.093400
0.838515 0.312194 0.422209
0.165272 0.354332 0.128407
0.026748 0.780421 0.892151
0.621224 0.772218 0.285612
0.367651 0.475871 0.509433
0.069949 0.798812 0.678947
0.019782 0.358423 0.717945
0.875925 0.601624 0.938549
0.879164 0.770215 0.676174
0.432613 0.858223 0.989363
0.361603 0.047272 0.976126
0.028064 0.642528 0.263567
0.001498 0.816596 0.655561
0.576074 0.915926 0.992205
0.892130 0.464639 0.965246
0.468506 0.380201 0.143831
0.846053 0.919194 0.925011
0.719942 0.388096 0.248855
0.300137 0.055421 0.820081
0.234297 0.684534 0.343478
0.680782 0.338507 0.371878
0.494755 0.426084 0.655050
0.133028 0.566141 0.402666
0.188091 0.025324 0.133249
0.231670 0.477546 0.647822
0.441442 0.996932 0.197432
0.642210 0.056757 0.279897
0.116301 0.034980 0.479706
0.890006 0.822512 0.732636
0.639122 0.817566 0.941618
0.259591 0.548975 0.990959
0.787162 0.933781 0.788838
0.125167 0.807034 0.583596
0.878314 0.357991 0.140819
0.184417 0.982477 0.514778
0.987313 0.205388 0.708406
0.602920 0.501699 0.539777
0.428508 0.426564 0.815972
0.463535 0.983118 0.810380
0.315796 0.341226 0.049667
0.517732 0.012394 0.717688
0.164022 0.940145 0.072892
0.107458 0.235982 0.535105
0.790074 0.736076 0.482288
0.302981 0.249966 0.239282
0.964783 0.082655 0.654881
0.241934 0.102572 0.750113
0.368238 0.355257 0.575907
0.636049 0.716238 0.433134
0.189413 0.198247 0.254048
0.722958 0.522310 0.319171
0.728407 0.291634 0.925374
0.540446 0.342647 0.884631
0.586331 0.432668 0.381548
0.818282 0.999017 0.106646
0.840705 0.679554 0.996835
0.939574 0.030457 0.258729
0.859026 0.577794 0.378233
0.651596 0.721991 0.922074
0.681509 0.773469 0.628662
0.524270 0.911267 0.253835
0.423789 0.689867 0.093864
0.403896 0.009879 0.097628
0.622032 0.511957 0.066869
0.208866 0.313284 0.923692
0.558851 0.885567 0.542817
0.692897 0.374204 0.483121
0.936876 0.177176 0.675227
0.305528 0.698521 0.900883
0.335148 0.007645 0.217499
0.986169 0.228987 0.280197
0.564258 0.604862 0.507335
0.696618 0.909719 0.293254
0.193677 0.367585 0.250010
0.591321 0.812328 0.755289
0.658864 0.809245 0.164916
0.868203 0.833300 0.831555
0.525412 0.279499 0.862091
0.907369 0.904922 0.107902
0.864707 0.523092 0.226630
0.524603 0.357544 0.962385
0.460751 0.007576 0.190988
0.592790 0.993739 0.947489
0.532672 0.189220 0.585840
0.465564 0.670334 0.680756
0.125146 0.375705 0.965565
0.833461 0.339293 0.449751
0.050649 0.700246 0.433589
0.738686 0.542779 0.696274
0.003149 0.934751 0.640106
0.638097 0.611930 0.695819
0.334123 0.095303 0.381491
0.355317 0.294862 0.835968
0.009413 0.409505 0.709122
0.031006 0.978001 0.176676
0.911810 0.841552 0.640536
0.892844 0.469206 0.056515
0.989926 0.041964 0.095510
0.772403 0.799329 0.058149
0.024667 0.334095 0.370218
0.865326 0.381610 0.583145
0.235122 0.580579 0.674131
0.103012 0.139776 0.508680
0.207903 0.833877 0.098029
0.733476 0.764310 0.571314
0.709280 0.911260 0.213373
0.960041 0.654546 0.657524
0.743087 0.838925 0.849862
0.193301 0.757503 0.182054
0.464218 0.881114 0.041051
0.065180 0.953564 0.289496
0.592133 0.299181 0.770745
0.404809 0.489780 0.853319
0.137717 0.294204 0.320821
0.291402 0.272662 0.931885
0.169111 0.394582 0.215707
0.437778 0.474813 0.496272
0.888801 0.861840 0.393696
0.291676 0.487496 0.562686
0.949631 0.427775 0.869633
0.356615 0.641547 0.403720
0.560424 0.763590 0.948620
0.388742 0.532753 0.577371
0.146090 0.607472 0.432416
0.645388 0.864404 0.595369
0.843765 0.991761 0.566402
0.720279 0.961341 0.754528
0.168780 0.677545 0.694373
0.860360 0.206959 0.832951
0.285746 0.465921 0.124115
0.841373 0.292764 0.897940
0.930523 0.050680 0.947506
0.251971 0.235326 0.613963
0.848846 0.693718 0.480727
0.594092 0.167531 0.675799
0.478465 0.809191 0.876991
0.917629 0.036180 0.232380
0.386212 0.746436 0.623859
0.795495 0.105785 0.556062
0.101268 0.940547 0.403608
0.067292 0.009789 0.694755
0.668418 0.125528 0.001453
0.706560 0.736854 0.147265
0.674198 0.520700 0.562090
0.882678 0.702590 0.492637
0.558330 0.462126 0.178994
0.848638 0.676991 0.568264
0.871500 0.310473 0.851927
0.615918 0.062764 0.893226
0.358958 0.303834 0.647070
0.727154 0.252568 0.484165
0.943691 0.860161 0.047932
0.879021 0.881932 0.386453
0.057641 0.957703 0.237614
0.721053 0.043605 0.562550
0.094320 0.082450 0.535570
0.873471 0.834076 0.816712
0.469317 0.407901 0.107158
0.606512 0.623036 0.860017
0.143974 0.012469 0.464828
0.717354 0.941905 0.048145
0.556906 0.943495 0.162196
0.291738 0.943819 0.714207
0.356777 0.687589 0.283149
0.549053 0.352255 0.457812
0.884787 0.099708 0.298064
0.168755 0.167152 0.823039
0.587142 0.842773 0.944940
0.316083 0.834647 0.620891
0.725741 0.969818 0.207196
0.936035 0.404230 0.815870
0.052604 0.929322 0.940932
0.192829 0.109024 0.302649
0.160261 0.510527 0.799284
0.116249 0.990413 0.983526
0.804082 0.280064 0.862086
0.057868 0.017643 0.034583
0.433392 0.949149 0.966059
0.461730 0.139569 0.240368
0.679945 0.998675 0.024026
0.464654 0.303962 0.259266
0.478007 0.447296 0.621838
0.475844 0.109049 0.220875
0.453507 0.684655 0.511551
0.121668 0.893403 0.896170
0.942358 0.180129 0.870651
0.323756 0.356688 0.932382
0.782656 0.092248 0.046882
0.080391 0.834209 0.391861
0.264866 0.138114 0.562448
0.664589 0.051729 0.972547
0.268921 0.554920 0.741519
0.505627 0.183997 0.421840
0.588360 0.518608 0.148028
0.843392 0.673901 0.991214
0.877402 0.760260 0.637650
0.647410 0.555805 0.681390
0.526820 0.908612 0.557425
0.902148 0.655216 0.758101
0.123617 0.664482 0.982466
0.694372 0.981490 0.081109
0.314995 0.114601 0.535887
0.229195 0.385354 0.522687
0.263049 0.309910 0.654992
0.150755 0.040500 0.714584
0.889729 0.563930 0.900822
0.848710 0.109029 0.278839
0.644080 0.693672 0.160500
0.928203 0.222805 0.035378
0.800945 0.538089 0.883515
0.283780 0.686202 0.068784
0.406724 0.016798 0.699506
0.152329 0.602317 0.269696
0.026507 0.968922 0.537563
0.663040 0.045175 0.987424
0.501481 0.737096 0.346794
0.688890 0.413363 0.913555
0.604158 0.100519 0.173127
0.588993 0.800995 0.110800
0.508771 0.573275 0.449775
0.858752 0.941622 0.958212
0.581650 0.160490 0.944038
0.023035 0.998012 0.250975
0.928742 0.502098 0.462629
0.479411 0.213266 0.641690
0.143282 0.068736 0.144863
0.030304 0.621969 0.329092
0.484510 0.984283 0.747328
0.915147 0.207123 0.606871
0.892801 0.389581 0.428523
0.117379 0.371542 0.627050
0.267959 0.704109 0.864170
0.580287 0.782114 0.402115
0.092493 0.415678 0.118033
0.532656 0.094870 0.224372
0.386462 0.609430 0.110130
0.582428 0.727451 0.617183
0.499030 0.631732 0.041512
0.963659 0.861900 0.265371
0.400554 0.529849 0.043981
0.492931 0.550523 0.028682
0.540232 0.501774 0.417562
0.604852 0.795746 0.119344
0.736970 0.335962 0.473111
0.066319 0.984084 0.893415
0.553443 0.648357 0.166941
0.529473 0.414271 0.591309
0.809590 0.326918 0.141534
0.783362 0.659887 0.712999
0.520431 0.416083 0.488868
0.351228 0.074265 0.885167
0.994969 0.296364 0.575859
0.782612 0.458927 0.921874
0.347697 0.286155 0.086369
0.697276 0.828347 0.105678
0.680770 0.344448 0.371881
0.173603 0.608680 0.653019
0.701134 0.142982 0.240928
0.917752 0.194369 0.084961
0.028530 0.479281 0.831078
0.486851 0.759780 0.540893
0.924943 0.734210 0.280886
0.030382 0.943967 0.759344
0.230639 0.416704 0.326004
0.070485 0.493191 0.485271
0.827926 0.230698 0.203224
0.209010 0.033237 0.405234
0.732519 0.200974 0.775478
0.726785 0.089469 0.002801
0.030626 0.055268 0.789544
0.534302 0.358524 0.677024
0.312958 0.502233 0.447969
0.459856 0.131795 0.825945
0.104524 0.948823 0.053221
0.837826 0.841539 0.358166
0.462431 0.339987 0.916871
0.794612 0.231369 0.423410
0.749727 0.792185 0.853764
0.924978 0.303946 0.813172
0.044163 0.793071 0.915367
0.072744 0.100753 0.485630
0.481939 0.674121 0.225379
0.897965 0.201432 0.965513
0.530946 0.672574 0.100634
0.694074 0.305689 0.620989
0.944399 0.572674 0.224735
0.692865 0.318327 0.891546
0.838940 0.006104 0.073547
0.618134 0.054664 0.280760
0.221756 0.853609 0.175081
0.321817 0.230906 0.256699
0.872473 0.646231 0.344182
0.825376 0.864874 0.232278
0.832856 0.135558 0.792745
0.676147 0.203503 0.613286
0.823846 0.873218 0.856348
0.233759 0.689968 0.239039
0.032858 0.435009 0.157156
0.358464 0.224312 0.448315
0.283873 0.831099 0.608197
0.540518 0.759034 0.122804
0.573336 0.208165 0.318501
0.941216 0.838192 0.467076
0.251287 0.193483 0.840662
0.605408 0.809466 0.293065
0.830885 0.651753 0.201819
0.985900 0.840529 0.856708
0.478481 0.595847 0.298518
0.315529 0.524527 0.934230
0.633550 0.131248 0.861644
0.118507 0.537064 0.372959
0.834793 0.969791 0.787141
0.028897 0.893739 0.158288
0.906349 0.356797 0.962794
0.017050 0.510563 0.621033
0.997016 0.054862 0.404644
0.869656 0.653030 0.837678
0.306194 0.665505 0.813796
0.491969 0.637552 0.359095
0.876543 0.107784 0.118651
0.603630 0.063680 0.580631
0.516279 0.412349 0.464928
0.646200 0.060000 0.001584
0.719564 0.121348 0.577397
0.141688 0.833009 0.312827
0.290111 0.066260 0.368772
0.689755 0.598684 0.095742
0.142520 0.296216 0.510547
0.612114 0.021261 0.956456
0.092312 0.138174 0.574470
0.109603 0.842975 0.498479
0.310800 0.446527 0.932441
0.980473 0.141498 0.898909
0.603463 0.775627 0.798776
0.460921 0.602251 0.719852
0.498213 0.666983 0.002303
0.395959 0.901023 0.952958
0.595219 0.232244 0.348581
0.684076 0.835322 0.169997
0.293783 0.350377 0.098651
0.098422 0.754722 0.634775
0.259779 0.946746 0.785661
0.271735 0.455962 0.712657
0.766260 0.832419 0.175143
0.909934 0.840248 0.302862
0.907984 0.288418 0.406338
0.312871 0.781810 0.983923
0.798127 0.498187 0.250977
0.875447 0.625724 0.035686
0.679961 0.437684 0.148042
0.812260 0.793485 0.158878
0.094256 0.329894 0.664953
0.662281 0.585234 0.241266
0.346133 0.687850 0.554682
0.417196 0.941677 0.025794
0.378949 0.201918 0.082261
0.605431 0.272068 0.920343
0.852963 0.800009 0.912271
0.327001 0.296001 0.915302
0.916533 0.581765 0.721909
0.417862 0.244188 0.924739
0.787214 0.580923 0.081350
0.308028 0.477691 0.937321
0.584266 0.920913 0.693012
0.842607 0.569478 0.702676
0.740069 0.657171 0.329306
0.867330 0.409775 0.488218
0.183729 0.600720 0.741246
0.176193 0.913293 0.411166
0.743623 0.165875 0.048857
0.724427 0.440441 0.566060
0.329397 0.456369 0.998754
0.324586 0.079619 0.750057
0.237786 0.114594 0.923745
0.339616 0.927702 0.923304
0.124034 0.806495 0.196590
0.879439 0.858030 0.690184
0.646178 0.866309 0.167143
0.467006 0.243114 0.529162
0.131171 0.636008 0.491073
0.835718 0.387878 0.625151
0.760388 0.024458 0.972321
0.041584 0.591426 0.985511
0.645038 0.018625 0.339836
0.330997 0.054107 0.936092
0.915164 0.987073 0.463734
0.305473 0.780244 0.738284
0.032038 0.354977 0.971641
0.175853 0.720874 0.218778
0.147693 0.169827 0.977448
0.887300 0.252737 0.697188
0.077220 0.926304 0.439190
0.927987 0.150899 0.966993
0.530515 0.132718 0.112105
0.352159 0.537909 0.794600
0.113043 0.556392 0.936883
0.643307 0.195196 0.062195
0.144080 0.006829 0.226472
0.359944 0.676131 0.951658
0.395620 0.732364 0.004383
0.968830 0.333460 0.233488
0.796066 0.966557 0.331054
0.439473 0.674527 0.885265
0.639861 0.463894 0.345535
0.540566 0.352298 0.164101
0.101002 0.456943 0.295236
0.492738 0.142799 0.401086
0.728423 0.322421 0.596757
0.034769 0.773580 0.478245
0.236900 0.533021 0.687901
0.709180 0.848269 0.764246
0.691288 0.088370 0.441656
0.772210 0.036496 0.399641
0.869478 0.986891 0.622141
0.558059 0.737236 0.755612
0.910716 0.832981 0.272898
0.878183 0.652889 0.809624
0.458419 0.841058 0.288673
0.368061 0.805879 0.259623
0.496668 0.331512 0.085550
0.657672 0.251545 0.234722
0.376654 0.737982 0.713770
0.008747 0.623167 0.702073
0.952576 0.203095 0.432453
0.771735 0.623168 0.027971
0.843856 0.251936 0.404512
0.513126 0.034456 0.922897
0.764162 0.274720 0.712126
0.825488 0.093270 0.953678
0.746612 0.452455 0.889303
0.622666 0.790608 0.225003
0.792723 0.469945 0.405821
0.224039 0.714428 0.789480
0.869913 0.582494 0.029051
0.240861 0.593060 0.364704
0.127417 0.637729 0.471199
0.974195 0.635072 0.037036
0.287957 0.602987 0.670853
0.658740 0.412891 0.722713
0.327568 0.103685 0.508281
0.293327 0.706493 0.571394
0.587044 0.932871 0.409311
0.477502 0.221453 0.767339
0.320075 0.364688 0.604898
0.156887 0.477975 0.059038
0.171992 0.107816 0.735195
0.092703 0.393773 0.247580
0.269559 0.055611 0.586510
0.152905 0.420076 0.791834
0.335868 0.280726 0.896967
0.914568 0.223022 0.253311
0.403068 0.972699 0.520640
0.148595 0.239855 0.898402
0.345600 0.818750 0.352787
0.372385 0.363560 0.095769
0.448365 0.185360 0.880438
0.548340 0.884889 0.759169
0.038992 0.306539 0.433754
0.033180 0.938288 0.257611
0.633467 0.064545 0.429800
0.246136 0.134718 0.649031
0.693393 0.611133 0.478590
0.325540 0.557845 0.558424
0.729094 0.250559 0.650059
0.287891 0.284244 0.834773
0.560697 0.476215 0.862724
0.296055 0.890674 0.175418
0.944870 0.099055 0.090927
0.978656 0.559970 0.648535
0.165723 0.469919 0.087610
0.447825 0.740626 0.085356
0.568851 0.437156 0.958755
0.860921 0.817584 0.179742
0.966108 0.546022 0.300090
0.357270 0.164232 0.279373
0.501503 0.304491 0.646447
0.403128 0.574970 0.414903
0.774855 0.450116 0.244518
0.258969 0.813971 0.361899
0.558686 0.301907 0.515918
0.770667 0.696616 0.989198
0.844413 0.373041 0.530883
0.236709 0.271499 0.523646
0.787460 0.390148 0.208109
0.893772 0.079864 0.304172
0.599823 0.618272 0.416604
0.678728 0.220941 0.539741
0.088787 0.208547 0.539077
0.058114 0.088022 0.449994
0.496689 0.919138 0.248111
0.887051 0.278704 0.694659
0.821260 0.523497 0.064008
0.976527 0.121783 0.029591
0.425422 0.147009 0.877747
0.233113 0.162071 0.450914
0.766318 0.550487 0.327781
0.724068 0.491575 0.144814
0.462575 0.041149 0.521415
0.839164 0.586836 0.971999
0.612791 0.930090 0.845920
0.246219 0.714525 0.531642
0.983601 0.458662 0.356355
0.318739 0.415718 0.430737
0.038922 0.328119 0.217690
0.503152 0.085550 0.767877
0.747115 0.153815 0.688532
0.942209 0.580810 0.011185
0.704447 0.607745 0.907309
0.505519 0.731705 0.870889
0.859118 0.788692 0.510582
0.623696 0.271653 0.627489
0.358507 0.757256 0.230162
0.683710 0.404560 0.738788
0.121582 0.580080 0.196916
0.651007 0.534525 0.078465
0.925101 0.372036 0.849890
0.765574 0.859170 0.429757
0.683619 0.615854 0.494040
0.611655 0.413170 0.924491
0.310706 0.682837 0.003011
0.842147 0.971066 0.155259
0.476149 0.018042 0.998317
0.037976 0.097173 0.412719
0.835310 0.710203 0.628468
0.425945 0.647110 0.225964
0.313149 0.381348 0.790130
0.761202 0.740338 0.563630
0.146970 0.084608 0.717198
0.619034 0.977688 0.573351
0.048288 0.659711 0.646773
0.427674 0.704294 0.908450
0.294593 0.073011 0.171144
0.981322 0.910903 0.269537
0.610644 0.507273 0.663711
0.311070 0.117474 0.481966
0.752438 0.797402 0.662833
0.298567 0.804188 0.498020
0.026335 0.440319 0.250968
0.825454 0.891402 0.574519
0.968314 0.124674 0.384402
0.752570 0.024704 0.783698
0.856002 0.840620 0.406246
0.882006 0.193385 0.565544
0.268952 0.071986 0.999509
0.766362 0.757663 0.510677
0.086875 0.474456 0.031194
0.191018 0.348842 0.315841
0.396735 0.014354 0.551710
0.823017 0.805087 0.882073
0.198063 0.717110 0.069975
0.231718 0.622042 0.195021
0.029759 0.667825 0.056694
0.096542 0.813398 0.622831
0.582261 0.037866 0.332620
0.426401 0.447163 0.053459
0.276741 0.155160 0.412990
0.783813 0.950963 0.940973
0.788309 0.632697 0.407218
0.315583 0.413135 0.720579
0.927416 0.540883 0.766235
0.085437 0.334837 0.674700
0.433917 0.845866 0.990707
0.121996 0.220022 0.585648
0.105247 0.605363 0.306506
0.227891 0.886081 0.295274
0.939303 0.244822 0.762335
0.602863 0.307820 0.748340
0.736520 0.764412 0.977590
0.668901 0.756851 0.584776
0.429052 0.202988 0.143159
0.666181 0.751473 0.329619
0.338487 0.405791 0.847809
0.936570 0.745719 0.059928
0.574831 0.974677 0.035179
0.307578 0.685178 0.908672
0.083009 0.441914 0.483112
0.998945 0.334156 0.458821
0.344765 0.410647 0.892345
0.583163 0.908624 0.287404
0.854311 0.368236 0.739231
0.692232 0.466690 0.975544
0.350094 0.026978 0.473720
0.698432 0.435026 0.758408
0.272346 0.221841 0.370725
0.068278 0.017708 0.213938
0.355539 0.482326 0.103200
0.073609 0.295751 0.187814
0.059550 0.282810 0.905754
0.049179 0.501532 0.612240
0.485694 0.856141 0.487709
0.455154 0.108156 0.166334
0.918391 0.628096 0.376235
0.817161 0.791276 0.615459
0.440969 0.653858 0.893773
0.397631 0.858253 0.035961
0.959352 0.532883 0.057363
0.701838 0.058151 0.063020
0.611870 0.101338 0.604578
0.158067 0.231295 0.048842
0.413532 0.422871 0.266336
0.903414 0.888119 0.123178
0.340889 0.809240 0.751027
0.424562 0.632501 0.461663
0.357928 0.454674 0.851254
0.427889 0.993355 0.869008
0.494549 0.682416 0.607446
0.177864 0.959379 0.564125
0.387958 0.172501 0.811688
0.194271 0.103371 0.611748
0.644106 0.233113 0.414739
0.302813 0.925508 0.435250
0.605582 0.686958 0.560489
0.651323 0.713367 0.338150
0.645242 0.930961 0.869346
0.046881 0.160968 0.233384
0.432188 0.512188 0.856352
0.027512 0.140819 0.765938
0.011099 0.855746 0.126567
0.807689 0.337961 0.621246
0.156561 0.614970 0.543229
0.668609 0.967552 0.476238
0.226144 0.811101 0.430142
0.988685 0.469659 0.355405
0.326888 0.934477 0.584562
0.331076 0.959513 0.667777
0.356934 0.560892 0.476823
0.656068 0.158915 0.401749
0.493513 0.405665 0.849837
0.254976 0.981945 0.749274
0.149717 0.680793 0.551290
0.066455 0.377394 0.575407
0.681222 0.814596 0.609383
0.015806 0.312503 0.174970
0.868644 0.421503 0.961765
0.896058 0.176012 0.241808
0.221703 0.255451 0.787465
0.514132 0.050464 0.978737
0.130105 0.308239 0.979022
0.877488 0.475239 0.143989
0.368705 0.921723 0.602501
0.792045 0.452560 0.634676
0.276579 0.662084 0.839887
0.060463 0.577008 0.539084
0.418181 0.919565 0.169273
0.805233 0.836087 0.150603
0.780023 0.556390 0.379806
0.604555 0.047146 0.279230
0.503369 0.838861 0.170473
0.309223 0.972078 0.567104
0.451770 0.454423 0.303536
0.851000 0.898305 0.806040
0.659396 0.523963 0.483379
0.154847 0.264480 0.981660
0.714989 0.322017 0.139263
0.402933 0.738340 0.378456
0.131943 0.856244 0.636041
0.872352 0.034570 0.536616
0.427596 0.070928 0.223204
0.712642 0.724816 0.131704
0.387057 0.053804 0.002045
0.926866 0.524148 0.606736
0.352607 0.295700 0.359390
0.135794 0.220943 0.491193
0.073355 0.069866 0.946783
0.555717 0.780764 0.934230
0.652089 0.668792 0.931341
0.964737 0.616462 0.728990
0.835225 0.311348 0.150635
0.484815 0.509473 0.633390
0.286018 0.085211 0.203454
0.400152 0.816337 0.728677
0.061756 0.936916 0.077890
0.638234 0.149974 0.272954
0.161209 0.452861 0.404400
0.685320 0.033163 0.623477
0.971168 0.307166 0.865819
0.819391 0.680877 0.761211
0.731765 0.340297 0.911314
0.193399 0.065616 0.515915
0.087854 0.177136 0.285587
0.958635 0.046430 0.320237
0.319517 0.280592 0.685541
0.938067 0.789560 0.858131
0.162992 0.757885 0.266242
0.710134 0.579959 0.984374
0.086654 0.894645 0.581560
0.106978 0.970091 0.526684
0.618898 0.861871 0.242527
0.275615 0.643136 0.003940
0.071841 0.133580 0.288398
0.825071 0.374433 0.011989
0.107701 0.683920 0.313963
0.427556 0.358955 0.123148
0.667200 0.480677 0.442740
0.373287 0.775195 0.524130
0.035596 0.564115 0.210819
0.443032 0.309132 0.133305
0.258049 0.572415 0.408763
0.930159 0.509236 0.902595
0.776120 0.026486 0.026927
0.305003 0.142463 0.470862
0.549229 0.686956 0.765774
0.514295 0.972326 0.872578
0.031205 0.087501 0.797531
0.660139 0.008691 0.996236
0.161687 0.697512 0.673403
0.601368 0.745415 0.809047
0.040813 0.297198 0.398218
0.094150 0.883088 0.898886
0.645416 0.794184 0.358871
0.560097 0.415187 0.060964
0.782938 0.029675 0.298639
0.120241 0.419896 0.415463
0.896707 0.242842 0.117792
0.377866 0.326870 0.464671
0.918907 0.572774 0.445334
0.127067 0.499601 0.776601
0.509571 0.918333 0.192563
0.628278 0.090894 0.078032
0.253031 0.075121 0.664898
0.608532 0.528048 0.670551
0.326042 0.366721 0.650498
0.226191 0.002943 0.645945
0.594110 0.831174 0.418758
0.492071 0.119132 0.343096
0.401184 0.225180 0.902369
0.609020 0.889449 0.464777
0.970358 0.803605 0.228460
0.537738 0.353493 0.374161
0.871806 0.568987 0.926335
0.801674 0.370556 0.889740
0.859515 0.313854 0.635339
0.240934 0.818731 0.174545
0.589423 0.659294 0.413763
0.367182 0.380393 0.519151
0.308145 0.703658 0.355443
0.937363 0.478223 0.639417
0.409770 0.183526 0.444265
0.275466 0.792100 0.487433
0.289100 0.819507 0.540295
0.050284 0.648181 0.485100
0.877575 0.695719 0.953851
0.236849 0.662119 0.396741
0.319516 0.951104 0.500239
0.331059 0.239928 0.043330
0.818163 0.762895 0.812476
0.513967 0.702962 0.321429
0.044137 0.863155 0.472632
0.500950 0.856350 0.477445
0.300593 0.589449 0.564404
0.016165 0.979695 0.620563
0.903180 0.316468 0.407291
0.322048 0.185988 0.772222
0.349150 0.530609 0.667472
0.209357 0.542121 0.692844
0.043583 0.720090 0.625668
0.071615 0.668249 0.238130
0.215013 0.961303 0.156258
0.892405 0.942397 0.324900
0.706701 0.227616 0.534066
0.193366 0.104230 0.589519
0.412582 0.939294 0.094634
0.289146 0.018905 0.465137
0.976963 0.221159 0.482442
0.744084 0.564524 0.110745
0.587895 0.567591 0.988651
0.032688 0.935755 0.900391
0.190100 0.571429 0.471568
0.591563 0.109059 0.693278
0.007147 0.755912 0.510222
0.493219 0.721490 0.088287
0.231908 0.177502 0.696041
0.090159 0.781850 0.701936
0.488747 0.652210 0.098107
0.270969 0.887074 0.062427
0.928791 0.869749 0.863387
0.443537 0.793383 0.020155
0.207404 0.171293 0.791720
0.666464 0.585978 0.924334
0.320430 0.813879 0.389686
0.049618 0.341790 0.140314
0.247341 0.071796 0.880983
0.333208 0.573440 0.873906
0.197141 0.194210 0.037655
0.105992 0.140722 0.342715
0.997370 0.826297 0.135636
0.599355 0.218753 0.053216
0.172460 0.862327 0.328924
0.871767 0.054964 0.859741
0.569460 0.279762 0.143114
0.257755 0.897211 0.948579
0.173370 0.620216 0.401082
0.109961 0.341331 0.602854
0.286913 0.315014 0.053194
0.933845 0.032072 0.682755
0.210573 0.232806 0.848887
0.010285 0.635567 0.291460
0.907054 0.986979 0.015110
0.998952 0.042853 0.664275
0.241192 0.347470 0.678245
0.969157 0.881557 0.623202
0.483327 0.821800 0.126090
0.711264 0.313126 0.428430
0.394509 0.652013 0.932608
0.281427 0.221990 0.534960
0.639757 0.403527 0.587408
0.962212 0.612852 0.444385
0.622904 0.413939 0.384966
0.646174 0.371131 0.949930
0.018431 0.389679 0.316977
0.432457 0.256877 0.185942
0.649048 0.269867 0.422729
0.285418 0.782336 0.971914
0.313195 0.071548 0.992046
0.619703 0.580780 0.608322
0.153079 0.654008 0.100479
0.186800 0.424226 0.631181
0.544509 0.075531 0.857315
0.322704 0.670866 0.769172
0.849581 0.676127 0.452066
0.362027 0.722634 0.184639
0.574803 0.378252 0.995851
0.314282 0.897792 0.709927
0.236280 0.178586 0.214181
0.825348 0.665036 0.906009
0.141624 0.528983 0.085398
0.231764 0.568078 0.114723
0.190401 0.759454 0.167392
0.349924 0.024801 0.747535
0.776145 0.571923 0.490503
0.171875 0.203479 0.555802
0.196938 0.268083 0.656887
0.006083 0.174222 0.356197
0.118431 0.977172 0.059417
0.411722 0.531270 0.667776
0.809846 0.710508 0.981615
0.192064 0.694151 0.684796
0.715021 0.057113 0.710672
0.864832 0.274749 0.855735
0.829351 0.742899 0.028213
0.761853 0.747084 0.336693
0.142686 0.097420 0.664350
0.871994 0.719560 0.769344
0.740975 0.362095 0.812288
0.369335 0.562658 0.181885
0.103009 0.185382 0.768591
0.231562 0.174158 0.882683
0.940428 0.209430 0.517988
0.886787 0.545228 0.740693
0.660356 0.630566 0.662061
0.310025 0.423599 0.419801
0.923093 0.850612 0.262809
0.824420 0.997400 0.852203
0.025760 0.642187 0.178197
0.563609 0.987295 0.846102
0.731590 0.349912 0.460922
0.493529 0.245025 0.162917
0.684619 0.482173 0.589275
0.393754 0.423465 0.358274
0.771551 0.664151 0.038847
0.955173 0.405587 0.716202
0.015456 0.844758 0.984488
0.027561 0.793167 0.582992
0.886418 0.637334 0.764387
0.476453 0.618277 0.517320
0.106313 0.309538 0.623084
0.958553 0.342642 0.075876
0.203298 0.334240 0.651115
0.637192 0.204491 0.476367
0.289286 0.040749 0.495107
0.025780 0.963030 0.209294
0.311811 0.270781 0.620570
0.010776 0.278824 0.477466
0.914833 0.209190 0.599125
0.599186 0.534302 0.365573
0.537068 0.149251 0.121321
0.425505 0.017443 0.117185
0.896789 0.175696 0.469637
0.282925 0.948288 0.549422
0.377179 0.236778 0.048100
0.587516 0.128661 0.201621
0.211206 0.449394 0.791086
0.346360 0.531449 0.163997
0.047398 0.132893 0.860310
0.172963 0.136184 0.999103
0.881927 0.238326 0.769713
0.802726 0.088241 0.524466
0.131251 0.963094 0.298336
0.328696 0.726336 0.514559
0.623342 0.263298 0.249650
0.701636 0.685766 0.143555
0.381534 0.355828 0.729708
0.038832 0.216903 0.996063
0.715092 0.284551 0.895409
0.074048 0.865426 0.131475
0.779918 0.510509 0.019647
0.115533 0.430094 0.713457
0.182126 0.491473 0.652265
0.886937 0.759368 0.057794
0.572495 0.271339 0.895541
0.484455 0.595948 0.521628
0.809448 0.972715 0.491272
0.529971 0.416853 0.420511
0.208708 0.403857 0.496890
0.422184 0.470825 0.556988
0.038687 0.165704 0.483753
0.663297 0.158563 0.901163
0.082904 0.224176 0.406427
0.858002 0.584538 0.765472
0.664750 0.579810 0.276671
0.855151 0.127327 0.718554
0.830151 0.667815 0.919262
0.412124 0.132736 0.589829
0.248027 0.263664 0.205452
0.944812 0.947100 0.932021
0.309856 0.135178 0.173778
0.392141 0.802884 0.505887
0.828703 0.675321 0.257273
0.891626 0.003092 0.325179
0.780008 0.659675 0.820513
0.979083 0.490560 0.528202
0.257523 0.256968 0.888014
0.205593 0.763546 0.468859
0.166939 0.373852 0.874189
0.356298 0.206576 0.079336
0.343796 0.173621 0.727750
0.066374 0.974233 0.968544
0.594001 0.986487 0.509393
0.156690 0.099638 0.841418
0.333161 0.872758 0.528251
0.340104 0.410565 0.307897
0.658248 0.660410 0.305974
0.986381 0.010790 0.411024
0.865100 0.510374 0.381821
0.589229 0.489584 0.600302
0.713264 0.235060 0.932427
0.423696 0.706613 0.457181
0.518729 0.833779 0.859239
0.731510 0.085909 0.776028
0.734541 0.908725 0.381615
0.479278 0.824959 0.146594
0.566074 0.282177 0.764855
0.795802 0.685010 0.441069
0.021592 0.027659 0.330046
0.884256 0.403384 0.330558
0.092897 0.469046 0.738691
0.967263 0.000351 0.503027
0.870407 0.601469 0.011747
0.644295 0.731163 0.320301
0.512256 0.982971 0.071198
0.819540 0.649090 0.135013
0.170617 0.937399 0.191634
0.386292 0.373476 0.464846
0.146709 0.919335 0.086522
0.765761 0.142986 0.439468
0.234367 0.414135 0.158811
0.141493 0.745843 0.418184
0.872003 0.706368 0.566377
0.427036 0.371851 0.720337
0.902813 0.883367 0.179914
0.533469 0.134849 0.955853
0.391676 0.326250 0.981546
0.995325 0.400712 0.375877
0.394396 0.418856 0.096021
0.147602 0.109005 0.058172
0.250684 0.769420 0.256486
0.771428 0.879677 0.209322
0.588918 0.530644 0.527126
0.963222 0.129114 0.243281
0.115336 0.171566 0.137381
0.762191 0.635578 0.488736
0.394160 0.373946 0.406445
0.124070 0.669693 0.984293
0.798813 0.069167 0.496151
0.304208 0.346994 0.247961
0.972567 0.858954 0.780254
0.631104 0.638234 0.703010
0.156715 0.405718 0.911889
0.928807 0.511803 0.378212
0.189602 0.417528 0.398986
0.835677 0.619351 0.782023
0.975658 0.153701 0.365496
0.982567 0.385785 0.603500
0.534943 0.812380 0.790883
0.238879 0.139125 0.926109
0.431400 0.564345 0.999400
0.793080 0.785589 0.597442
0.160750 0.359734 0.938332
0.780266 0.454304 0.209132
0.770459 0.866415 0.170406
0.628265 0.786784 0.398054
0.976068 0.490479 0.098855
0.340787 0.836718 0.117680
0.979119 0.725822 0.341146
0.221162 0.116723 0.545110
0.736150 0.215269 0.532546
0.981335 0.585441 0.148622
0.783050 0.429839 0.329971
0.650975 0.686441 0.379571
0.486491 0.746948 0.762966
0.505964 0.281862 0.996524
0.896023 0.982691 0.792658
0.892848 0.046051 0.506260
0.013490 0.417313 0.703876
0.346518 0.187338 0.327733
0.416901 0.509509 0.788529
0.800168 0.498756 0.437835
0.277669 0.565034 0.932160
0.202921 0.133504 0.601714
0.826365 0.306468 0.795269
0.762676 0.527177 0.248274
0.276099 0.998041 0.683270
0.844473 0.042967 0.839078
0.609760 0.868665 0.832139
0.185449 0.380693 0.673700
0.282358 0.012890 0.426645
0.151658 0.771308 0.711097
0.672246 0.678138 0.516119
0.908441 0.009506 0.622114
0.236997 0.671187 0.909427
0.674443 0.610067 0.638213
0.398053 0.500191 0.627912
0.378161 0.882415 0.737812
0.069749 0.518114 0.400124
0.961716 0.297762 0.543669
0.901049 0.318691 0.948150
0.892117 0.732904 0.998882
0.436678 0.222838 0.959692
0.141427 0.246132 0.961433
0.717796 0.169828 0.927222
0.304358 0.118291 0.697674
0.650879 0.770760 0.552730
0.252301 0.814584 0.932219
0.061631 0.020710 0.465507
0.698136 0.723872 0.379960
0.728972 0.922908 0.556947
0.436833 0.018221 0.533653
0.889481 0.751746 0.942079
0.951686 0.642203 0.225146
0.311154 0.661769 0.227526
0.941595 0.200356 0.366888
0.224271 0.927107 0.831096
0.492391 0.336186 0.724652
0.217001 0.980324 0.496534
0.247079 0.550980 0.040371
0.879835 0.945007 0.418243
0.914838 0.008525 0.819028
0.945757 0.349836 0.036009
0.250556 0.524995 0.842543
0.528263 0.781711 0.708059
0.913286 0.133201 0.763904
0.442463 0.641815 0.188391
0.774630 0.033927 0.054243
0.047382 0.965014 0.341614
0.761084 0.612556 0.937885
0.818316 0.853371 0.725453
0.172222 0.062632 0.094015
0.000521 0.111570 0.466207
0.246221 0.723321 0.989590
0.127360 0.395856 0.018797
0.807247 0.043736 0.605111
0.846381 0.916349 0.122031
0.236383 0.855888 0.690895
0.456860 0.413597 0.141832
0.979307 0.046707 0.782580
0.612078 0.832934 0.490916
0.827397 0.307427 0.637193
0.395946 0.920673 0.151189
0.537053 0.929952 0.715105
0.105189 0.990420 0.701981
0.274003 0.061287 0.899105
0.853809 0.588810 0.682330
0.529577 0.222249 0.734857
0.822742 0.850943 0.258338
0.692252 0.925254 0.592739
0.709488 0.914062 0.559571
0.270847 0.160176 0.513006
0.450305 0.740597 0.478774
0.323062 0.099131 0.498719
0.742386 0.255457 0.761074
0.546491 0.180846 0.029986
0.236569 0.591556 0.348723
0.991651 0.114505 0.317588
0.299501 0.137843 0.631959
0.204383 0.263277 0.778639
0.011393 0.409544 0.558044
0.957386 0.971733 0.726734
0.280156 0.560351 0.588144
0.292437 0.020663 0.254486
0.860464 0.330943 0.677651
0.630393 0.326229 0.233406
0.873602 0.180870 0.217153
0.158988 0.082335 0.111598
0.269958 0.312556 0.028101
0.404864 0.909048 0.835663
0.052308 0.029704 0.278420
0.982188 0.544173 0.969816
0.125763 0.891469 0.694965
0.198450 0.596877 0.163553
0.748919 0.140586 0.408871
0.814414 0.500752 0.966128
0.858571 0.436256 0.244261
0.891304 0.940261 0.887762
0.462104 0.355162 0.856859
0.542842 0.921902 0.411811
0.480915 0.790883 0.045258
0.774685 0.171324 0.387600
0.743298 0.521077 0.503777
0.627740 0.098580 0.133595
0.204480 0.088254 0.430086
0.842009 0.680560 0.374051
0.274144 0.897717 0.999421
0.058391 0.359198 0.635992
0.899808 0.572768 0.578349
0.352201 0.447604 0.823687
0.402754 0.249887 0.414311
0.404927 0.266392 0.429672
0.299577 0.467726 0.013799
0.753847 0.694857 0.069984
0.615639 0.224492 0.166433
0.062977 0.093031 0.502522
0.450564 0.293143 0.083412
0.687281 0.234617 0.417614
0.309634 0.886956 0.025763
0.510790 0.885548 0.882739
0.515194 0.534371 0.103913
0.820915 0.567785 0.871154
0.064135 0.287917 0.856472
0.198439 0.183457 0.346359
0.166039 0.792499 0.267482
0.223863 0.710016 0.231669
0.490386 0.660915 0.694354
0.122653 0.276100 0.361192
0.855476 0.528401 0.412899
0.382829 0.423026 0.966813
0.709724 0.245609 0.482720
0.459363 0.630397 0.146663
0.978381 0.487098 0.260231
0.800280 0.166193 0.191041
0.381748 0.149104 0.282618
0.531338 0.050957 0.814838
0.374525 0.183215 0.497069
0.842491 0.808691 0.553785
0.908740 0.918309 0.473872
0.426320 0.692895 0.070992
0.714635 0.193565 0.845026
0.364954 0.459160 0.770687
0.116563 0.611674 0.970737
0.209039 0.387129 0.599625
0.898391 0.555919 0.198823
0.561570 0.270211 0.491835
0.648864 0.228258 0.613624
0.224077 0.225239 0.452417
0.695783 0.380398 0.471197
0.777187 0.495778 0.431189
0.469854 0.000385 0.743656
0.101888 0.101187 0.118929
0.381680 0.096494 0.960735
0.761131 0.824977 0.653625
0.109847 0.649646 0.897313
0.785757 0.818364 0.976880
0.637365 0.755369 0.582698
0.361273 0.376756 0.920346
0.268730 0.366666 0.019270
0.380683 0.269353 0.822912
0.221054 0.911004 0.307739
0.589889 0.730714 0.251738
0.786354 0.930536 0.914949
0.242281 0.124651 0.332300
0.423391 0.190394 0.562306
0.302004 0.335332 0.268684
0.526318 0.769998 0.806124
0.974704 0.535382 0.708397
0.063382 0.976456 0.393128
0.663686 0.201259 0.224304
0.430524 0.757671 0.014979
0.720893 0.673572 0.952038
0.453022 0.888220 0.475719
0.572363 0.086401 0.580451
0.718609 0.894384 0.380014
0.004311 0.659373 0.847743
0.025362 0.902593 0.340332
0.581541 0.050415 0.313421
0.109639 0.641471 0.267108
0.367380 0.307900 0.626220
0.764084 0.558432 0.188234
0.518479 0.963400 0.359121
0.374963 0.633187 0.928915
0.920089 0.641330 0.405863
0.702331 0.093572 0.481058
0.690028 0.750194 0.967776
0.458315 0.767269 0.714408
0.372409 0.602139 0.914163
0.908454 0.425888 0.270758
0.658632 0.003893 0.110751
0.809683 0.935639 0.859054
0.493143 0.001179 0.150972
0.678375 0.043414 0.544416
0.749400 0.389904 0.718987
0.718246 0.617921 0.926129
0.970524 0.530624 0.536269
0.664632 0.588409 0.728584
0.937056 0.681590 0.313958
0.265122 0.376275 0.327611
0.464002 0.260132 0.306462
0.136028 0.969079 0.684386
0.438288 0.405404 0.524745
0.849607 0.831286 0.018961
0.459805 0.221511 0.014343
0.103696 0.131292 0.390249
0.517512 0.147104 0.857507
0.792843 0.183151 0.011274
0.926178 0.557903 0.489029
0.769587 0.357844 0.815276
0.754463 0.151533 0.337587
0.719679 0.620105 0.135277
0.893035 0.083417 0.603690
0.897399 0.658863 0.731347
0.460845 0.978464 0.826939
0.838020 0.492472 0.523326
0.968139 0.291305 0.747905
0.007148 0.531548 0.039306
0.251593 0.490448 0.729003
0.279441 0.462019 0.555521
0.018820 0.715168 0.511684
0.394607 0.104513 0.061903
0.503114 0.581191 0.374802
0.542909 0.286008 0.053187
0.544939 0.768266 0.363111
0.525691 0.449440 0.609659
0.223353 0.045137 0.940285
0.933463 0.438787 0.681707
0.640313 0.238394 0.407687
0.064665 0.880708 0.157071
0.789737 0.477329 0.368951
0.963434 0.090961 0.875014
0.420514 0.676114 0.878709
0.566676 0.090534 0.605898
0.661635 0.537246 0.874844
0.540339 0.677080 0.288792
0.748043 0.806693 0.444334
0.293278 0.337672 0.346232
0.030402 0.316951 0.072290
0.260447 0.041595 0.798053
0.820910 0.769342 0.429846
0.973632 0.056633 0.366145
0.919035 0.488809 0.922507
0.123714 0.021109 0.113350
0.635525 0.616206 0.058160
0.584631 0.423729 0.933478
0.948965 0.209793 0.768013
0.020984 0.505481 0.840822
0.050274 0.434142 0.186565
0.616103 0.586721 0.259243
0.314484 0.969672 0.825327
0.936631 0.679107 0.446280
0.888122 0.817816 0.008894
0.094519 0.121822 0.622037
0.505765 0.202909 0.956114
0.571923 0.772987 0.821098
0.183865 0.897914 0.771352
0.142255 0.684301 0.832191
0.781479 0.327037 0.217575
0.666649 0.714779 0.392297
0.359705 0.885356 0.053743
0.203389 0.777719 0.535244
0.486462 0.473399 0.051899
0.245715 0.649546 0.896432
0.318174 0.898669 0.086811
0.047003 0.465414 0.799399
0.734086 0.793245 0.174028
0.999504 0.302438 0.150570
0.047774 0.477877 0.253079
0.308603 0.665005 0.458532
0.207209 0.985236 0.876297
0.781625 0.708194 0.021733
0.525649 0.760608 0.808570
0.759985 0.927308 0.485089
0.913325 0.710685 0.932120
0.525796 0.700548 0.024137
0.936324 0.339749 0.315985
0.744087 0.068085 0.302874
0.874666 0.755524 0.779833
0.997665 0.996404 0.481747
0.349113 0.023629 0.413897
0.126778 0.988207 0.218448
0.213135 0.467567 0.159210
0.735552 0.320376 0.327103
0.717484 0.413184 0.408475
0.359107 0.303186 0.525013
0.815140 0.613769 0.270961
0.899649 0.569830 0.368699
0.356727 0.069335 0.799081
0.293177 0.829459 0.416030
0.483506 0.672943 0.275013
0.437087 0.999056 0.990364
0.182570 0.807931 0.927742
0.110962 0.802244 0.538605
0.462618 0.692865 0.404942
0.287519 0.236740 0.899398
0.223020 0.189248 0.209121
0.454985 0.914127 0.944176
0.524121 0.823437 0.562960
0.617268 0.134440 0.329476
0.394472 0.699191 0.568538
0.583722 0.987992 0.263156
0.590500 0.456767 0.065168
0.506804 0.983471 0.922185
0.260521 0.267302 0.790232
0.975169 0.445756 0.220108
0.603290 0.282335 0.465484
0.837602 0.856833 0.085557
0.683171 0.065341 0.011696
0.116487 0.879230 0.610624
0.230908 0.707589 0.477233
0.902724 0.292222 0.301293
0.277021 0.721075 0.248134
0.563815 0.543617 0.924801
0.113463 0.951820 0.648008
0.999117 0.498191 0.845905
0.250699 0.385833 0.441965
0.561089 0.859138 0.829356
0.320836 0.333994 0.026064
0.423993 0.833575 0.764648
0.037009 0.699409 0.114016
0.054428 0.248798 0.470533
0.441664 0.232057 0.951339
0.346608 0.705898 0.757299
0.438513 0.906370 0.635091
0.881543 0.393832 0.564913
0.032694 0.498152 0.486738
0.941532 0.658144 0.124146
0.444014 0.167366 0.734663
0.799736 0.013856 0.532853
0.606462 0.960048 0.786969
0.730306 0.062074 0.233314
0.566813 0.003165 0.166555
0.623294 0.925050 0.454623
0.423263 0.953688 0.443716
0.423047 0.410358 0.283955
0.595537 0.661662 0.004340
0.493419 0.829837 0.740127
0.175163 0.873330 0.437602
0.878328 0.590497 0.683974
0.659971 0.082857 0.171888
0.088416 0.661207 0.467016
0.605488 0.580008 0.658613
0.579703 0.745252 0.564126
0.814940 0.308821 0.277202
0.434078 0.078414 0.619191
0.792384 0.249917 0.239563
0.006094 0.379880 0.880886
0.770548 0.710988 0.585033
0.393972 0.422939 0.584231
0.804010 0.988737 0.096779
0.787274 0.514106 0.871447
0.788138 0.530113 0.461985
0.039921 0.368845 0.462745
0.963748 0.391323 0.434403
0.378674 0.111621 0.902106
0.771051 0.752197 0.042926
0.793812 0.600353 0.965696
0.935169 0.981364 0.950229
0.444836 0.889190 0.222887
0.575984 0.871610 0.999685
0.947958 0.744145 0.413981
0.152217 0.566034 0.701799
0.304408 0.763801 0.700242
0.253316 0.564140 0.695555
0.388761 0.447162 0.177448
0.196032 0.804186 0.076355
0.574734 0.730922 0.850944
0.995692 0.053841 0.917090
0.093817 0.797696 0.587419
0.834396 0.989463 0.235460
0.458392 0.874284 0.514216
0.656143 0.835733 0.708147
0.005514 0.324646 0.109842
0.594452 0.503293 0.499522
0.546782 0.474627 0.007442
0.650594 0.954650 0.056327
0.591753 0.424838 0.100867
0.516831 0.829610 0.964034
0.076577 0.423788 0.090898
0.908667 0.366386 0.215626
0.886616 0.727437 0.910917
0.123563 0.061467 0.409400
0.401506 0.357817 0.119881
0.575636 0.538113 0.652765
0.688225 0.599837 0.846440
0.083357 0.444137 0.261185
0.418010 0.927912 0.723626
0.387281 0.862613 0.340397
0.088827 0.103973 0.030553
0.599397 0.673471 0.405409
0.111670 0.857673 0.296345
0.328438 0.086041 0.805515
0.780299 0.157385 0.976967
0.442474 0.184273 0.018602
0.976128 0.991314 0.848781
0.560485 0.892018 0.450254
0.357479 0.906355 0.528194
0.545315 0.646646 0.935272
0.494217 0.928702 0.051118
0.204511 0.496056 0.574215
0.502666 0.864723 0.757857
0.044520 0.525466 0.630443
0.346893 0.270210 0.360396
0.301010 0.406066 0.868720
0.153659 0.000349 0.954650
0.311765 0.018173 0.583929
0.429191 0.468281 0.756575
0.536411 0.501163 0.184974
0.369053 0.284354 0.074374
0.214258 0.343432 0.184473
0.640190 0.225913 0.617703
0.463272 0.491703 0.984693
0.493805 0.705712 0.817238
0.267218 0.331007 0.590088
0.155771 0.642289 0.306328
0.662000 0.250838 0.281874
0.363421 0.088774 0.310551
0.644507 0.988850 0.929008
0.821913 0.764886 0.430424
0.451522 0.510738 0.761345
0.668857 0.001563 0.432035
0.520784 0.304910 0.321752
0.642088 0.282338 0.711807
0.233463 0.908929 0.437518
0.512082 0.072621 0.511233
0.410828 0.950633 0.327692
0.992204 0.977736 0.101911
0.661451 0.778446 0.910920
0.861017 0.599137 0.888733
0.971442 0.497530 0.307542
0.596446 0.060924 0.433174
0.835784 0.037600 0.294394
0.154319 0.909203 0.940361
0.782361 0.106322 0.301444
0.342616 0.389030 0.954492
0.839959 0.566661 0.611002
0.179595 0.998635 0.013565
0.474086 0.405998 0.669706
0.650485 0.328663 0.148233
0.258588 0.574921 0.388275
0.642870 0.477800 0.090099
0.042248 0.086006 0.383925
0.242930 0.190653 0.667574
0.249122 0.768230 0.689274
0.697251 0.728216 0.072846
0.194253 0.664561 0.233664
0.152624 0.704616 0.237625
0.142851 0.499090 0.461427
0.015175 0.258772 0.511579
0.222486 0.151047 0.163953
0.640626 0.791356 0.174728
0.976766 0.534733 0.959184
0.258309 0.156465 0.577835
0.498636 0.839697 0.553782
0.654547 0.363970 0.318566
0.575394 0.635227 0.063467
0.062634 0.298600 0.856784
0.344582 0.235006 0.612675
0.966914 0.736777 0.043739
0.566154 0.632917 0.597678
0.068456 0.511613 0.456903
0.416939 0.828783 0.682495
0.671351 0.444354 0.140209
0.806059 0.874119 0.619390
0.446969 0.307754 0.465314
0.897598 0.619285 0.391728
0.157221 0.761674 0.647570
0.043322 0.627707 0.198655
0.156446 0.241815 0.597975
0.350478 0.710837 0.612683
0.618093 0.915383 0.340508
0.161437 0.459222 0.013750
0.530889 0.655468 0.702298
0.585572 0.376583 0.651887
0.678776 0.108492 0.371975
0.089525 0.878923 0.767731
0.367064 0.791146 0.205048
0.816207 0.893751 0.658260
0.679329 0.363469 0.607756
0.708085 0.573834 0.709415
0.789575 0.242158 0.101433
0.648005 0.425150 0.648248
0.661882 0.402056 0.775469
0.063654 0.851908 0.269429
0.803306 0.035289 0.393112
0.409122 0.524482 0.313878
0.174304 0.785413 0.218540
0.153888 0.961606 0.124966
0.808005 0.701670 0.203375
0.610697 0.343250 0.586922
0.954882 0.834222 0.484863
0.853397 0.542718 0.440126
0.202803 0.535284 0.715234
0.035655 0.278381 0.107974
0.475073 0.642686 0.192776
0.131625 0.342741 0.782294
0.514051 0.742732 0.283477
0.117346 0.736909 0.790494
0.113771 0.382883 0.010846
0.166646 0.810333 0.282660
0.108536 0.282771 0.610690
0.086237 0.726911 0.682356
0.374151 0.580944 0.614891
0.891112 0.931009 0.421813
0.289135 0.266115 0.426744
0.433868 0.660020 0.427824
0.586072 0.272243 0.115405
0.859661 0.522714 0.357556
0.398939 0.406042 0.827661
0.075485 0.900208 0.540239
0.792379 0.451027 0.298221
0.857751 0.804719 0.432348
0.115964 0.569692 0.014776
0.042449 0.810682 0.570939
0.422702 0.318015 0.205773
0.022470 0.589540 0.003021
0.958588 0.814783 0.400406
0.566813 0.330958 0.456247
0.037744 0.320740 0.979078
0.088934 0.401887 0.584584
0.889346 0.007762 0.909951
0.235307 0.837346 0.169163
0.372244 0.598154 0.239347
0.579149 0.045537 0.836579
0.738381 0.247353 0.807860
0.043556 0.297725 0.308855
0.661905 0.243167 0.249576
0.190772 0.913693 0.412279
0.725262 0.286493 0.702843
0.986327 0.651386 0.776979
0.926974 0.157971 0.425499
0.148152 0.305970 0.384889
0.266384 0.481385 0.575080
0.901280 0.727020 0.343125
0.758588 0.073191 0.288932
0.946711 0.782511 0.310425
0.604097 0.032076 0.496435
0.235910 0.601154 0.985144
0.568067 0.557415 0.103615
0.925868 0.712085 0.052076
0.810258 0.042662 0.248443
0.449466 0.677603 0.157269
0.960725 0.666042 0.411846
0.343627 0.323446 0.128156
0.509573 0.738182 0.008360
0.231555 0.584484 0.030013
0.663997 0.294863 0.969024
0.146108 0.842107 0.844255
0.243396 0.446163 0.782864
0.403647 0.564994 0.589757
0.468084 0.624967 0.586292
0.997121 0.798317 0.863670
0.350263 0.563792 0.284521
0.020143 0.754342 0.792849
0.964065 0.582225 0.874577
0.842730 0.213956 0.349807
0.947715 0.384687 0.386843
0.567116 0.805539 0.344046
0.660381 0.307715 0.802381
0.405668 0.428309 0.623365
0.609298 0.567610 0.059185
0.832072 0.319266 0.632604
0.965833 0.472615 0.797514
0.157921 0.110206 0.008905
0.504672 0.100765 0.452131
0.034780 0.839088 0.229901
0.547724 0.351217 0.732470
0.919963 0.380141 0.209059
0.832120 0.658110 0.918147
0.809399 0.668208 0.060490
0.956534 0.848271 0.998858
0.765624 0.523516 0.911646
0.952442 0.889364 0.431262
0.069595 0.129132 0.808859
0.870587 0.655057 0.330353
0.331208 0.774856 0.278267
0.182264 0.996342 0.087840
0.322068 0.476788 0.738505
0.905410 0.197745 0.566440
0.485184 0.956759 0.243432
0.190121 0.786114 0.481548
0.123558 0.874912 0.691049
0.025534 0.068157 0.405116
0.829716 0.467067 0.840657
0.935825 0.343677 0.413083
0.832971 0.203306 0.805563
0.152688 0.739756 0.367172
0.174873 0.889646 0.595745
0.904412 0.200449 0.177317
0.947103 0.419842 0.773547
0.151400 0.469378 0.748025
0.014289 0.969459 0.460623
0.166578 0.756168 0.669770
0.502147 0.593281 0.164262
0.365724 0.689658 0.124321
0.286132 0.299745 0.698564
0.629627 0.301197 0.070164
0.859048 0.893257 0.090880
0.697881 0.584605 0.156139
0.000789 0.215806 0.737785
0.399973 0.863530 0.214685
0.525038 0.042298 0.168074
0.841757 0.802031 0.487958
0.142218 0.546707 0.032918
0.862671 0.237284 0.592155
0.428406 0.190142 0.885002
0.907446 0.428694 0.891009
0.198103 0.966668 0.574722
0.247992 0.154488 0.008980
0.989502 0.280230 0.550593
0.416581 0.320392 0.736441
0.488942 0.663578 0.073474
0.042350 0.479538 0.966044
0.052601 0.509422 0.658549
0.439258 0.985889 0.024278
0.102387 0.440554 0.428939
0.891653 0.626258 0.030017
0.857124 0.902975 0.242744
0.876384 0.788207 0.588333
0.827912 0.233482 0.675333
0.668089 0.443929 0.189491
0.012670 0.078276 0.679194
0.171090 0.233521 0.444071
0.399970 0.567170 0.014371
0.481602 0.231074 0.051755
0.558993 0.074035 0.990588
0.845618 0.189847 0.580378
0.686874 0.562571 0.369444
0.800016 0.276566 0.991771
0.058508 0.479442 0.380510
0.874709 0.496505 0.925268
0.912335 0.172417 0.589829
0.453080 0.231757 0.113838
0.513853 0.689588 0.413700
0.504676 0.709513 0.750580
0.235141 0.219547 0.229502
0.115164 0.713847 0.519497
0.499570 0.485580 0.063841
0.060147 0.453691 0.933455
0.300999 0.737129 0.483617
0.377379 0.477913 0.072436
0.217298 0.637837 0.955026
0.567623 0.992259 0.543949
0.153059 0.579244 0.202999
0.073096 0.580560 0.706587
0.812963 0.176796 0.250996
0.600765 0.833431 0.738010
0.779708 0.082785 0.655368
0.231019 0.612044 0.181311
0.588109 0.293062 0.291489
0.253605 0.854505 0.776664
0.689742 0.221612 0.303363
0.806492 0.403307 0.270913
0.866398 0.979986 0.444680
0.536680 0.733177 0.830178
0.845443 0.174512 0.180916
0.619505 0.277307 0.525673
0.239059 0.599354 0.285946
0.284246 0.580821 0.721565
0.652796 0.028130 0.553715
0.293139 0.956034 0.296052
0.685035 0.326597 0.499599
0.102862 0.691399 0.963832
0.020229 0.537044 0.629192
0.536950 0.106781 0.005167
0.700382 0.116682 0.471484
0.597953 0.639704 0.354752
0.019428 0.451179 0.441459
0.436351 0.502978 0.999443
0.772115 0.621122 0.031791
0.186824 0.969785 0.569293
0.460113 0.715942 0.762208
0.927760 0.406248 0.009593
0.658545 0.678482 0.793468
0.772493 0.012655 0.325481
0.388752 0.142200 0.484986
0.547020 0.341397 0.714816
0.561016 0.059669 0.161197
0.273751 0.756943 0.556772
0.265202 0.058072 0.678990
0.945719 0.860895 0.778114
0.752040 0.016393 0.579792
0.085131 0.969088 0.884544
0.088736 0.623383 0.040053
0.901970 0.469204 0.215267
0.541333 0.673534 0.423456
0.412765 0.348583 0.290775
0.791704 0.257531 0.306901
0.338479 0.074711 0.712522
0.266080 0.276585 0.531465
0.007875 0.113903 0.742928
0.316838 0.430532 0.681416
0.367068 0.590421 0.531228
0.592195 0.663970 0.252098
0.519175 0.659488 0.332356
0.261350 0.018881 0.230947
0.897655 0.304177 0.864556
0.152827 0.604107 0.871614
0.829501 0.273006 0.572670
0.123825 0.795351 0.314495
0.564720 0.147868 0.755643
0.617709 0.125522 0.441162
0.031891 0.280308 0.459609
0.555433 0.500361 0.238693
0.986236 0.418172 0.783879
0.186301 0.218930 0.755147
0.435629 0.733665 0.611862
0.859151 0.526644 0.972872
0.530952 0.690147 0.516316
0.172570 0.902778 0.530457
0.686868 0.860389 0.061122
0.496134 0.814963 0.218809
0.527311 0.378972 0.663496
0.311384 0.128702 0.359154
0.673285 0.422341 0.093292
0.632082 0.190154 0.276740
0.415860 0.530123 0.375358
0.396466 0.695570 0.426132
0.463685 0.856926 0.008006
0.155364 0.127509 0.436742
0.105919 0.242484 0.191816
0.563879 0.170579 0.362969
0.551166 0.508298 0.563104
0.315962 0.521421 0.441117
0.938615 0.988268 0.374972
0.621527 0.205923 0.362029
0.398356 0.121946 0.655864
0.570518 0.025752 0.285494
0.753098 0.808850 0.875929
0.496482 0.351625 0.029542
0.450202 0.747884 0.526606
0.034790 0.638083 0.446377
0.893648 0.846418 0.718692
0.846000 0.615954 0.790237
0.809707 0.669107 0.981966
0.572611 0.798169 0.138518
0.810749 0.840797 0.532820
0.075625 0.492750 0.106738
0.084402 0.774361 0.915858
0.365672 0.524373 0.860368
0.134362 0.795465 0.139987
0.454323 0.310938 0.219497
0.653319 0.947074 0.331007
0.254351 0.546791 0.693529
0.839397 0.640231 0.075368
0.327578 0.949628 0.500493
0.597925 0.201106 0.289036
0.534340 0.902716 0.335896
0.483365 0.704532 0.501990
0.442975 0.254186 0.410186
0.087310 0.014316 0.764886
0.549515 0.903058 0.161536
0.366432 0.203185 0.657825
0.006015 0.008489 0.126558
0.408243 0.101139 0.245679
0.763773 0.224505 0.908693
0.916141 0.271123 0.336668
0.477210 0.360349 0.587792
0.763003 0.698072 0.165836
0.279844 0.024385 0.120457
0.192079 0.462627 0.761482
0.967938 0.453967 0.300462
0.224605 0.439951 0.746856
0.502838 0.716256 0.983780
0.860061 0.897375 0.283976
0.416903 0.050123 0.633865
0.414063 0.464834 0.974506
0.213884 0.137401 0.109296
0.526118 0.881088 0.405823
0.754540 0.133480 0.845243
0.636773 0.936151 0.621470
0.588215 0.657135 0.821000
0.000681 0.674462 0.097885
0.876467 0.075252 0.357336
0.456260 0.490315 0.159032
0.442033 0.196315 0.576326
0.629072 0.272342 0.009752
0.736708 0.739965 0.513179
0.251546 0.213835 0.158708
0.959576 0.349517 0.274897
0.780621 0.997551 0.124119
0.624497 0.438670 0.084067
0.084611 0.377294 0.122025
0.967252 0.286945 0.249528
0.699529 0.255945 0.829029
0.986330 0.751806 0.688270
0.463032 0.723934 0.172419
0.273706 0.217186 0.089567
0.015554 0.367597 0.780315
0.092637 0.761799 0.542507
0.359942 0.835911 0.327376
0.047459 0.808117 0.556882
0.231651 0.582234 0.307301
0.683796 0.423062 0.547763
0.789354 0.696685 0.480341
0.006061 0.474335 0.024312
0.548316 0.743753 0.509953
0.911006 0.925044 0.821588
0.095401 0.623677 0.627440
0.242151 0.708234 0.523751
0.443621 0.950482 0.560907
0.114296 0.402459 0.686221
0.609291 0.974706 0.720753
0.834723 0.419174 0.635780
0.947478 0.035134 0.094738
0.700677 0.320344 0.730948
0.937672 0.431983 0.388667
0.081758 0.024770 0.401260
0.864557 0.377769 0.095617
0.090210 0.995087 0.193844
0.778218 0.591341 0.610948
0.961092 0.863244 0.173694
0.417761 0.667444 0.673567
0.866207 0.124213 0.891170
0.116751 0.172436 0.522473
0.062752 0.652535 0.173646
0.764688 0.751288 0.969494
0.317881 0.175103 0.482856
0.565863 0.192649 0.045932
0.686043 0.746525 0.390699
0.125100 0.882989 0.886739
0.729355 0.350243 0.847730
0.934550 0.507116 0.609547
0.494128 0.491253 0.083157
0.601184 0.615350 0.667386
0.285951 0.122217 0.462114
0.196235 0.146063 0.158637
0.564475 0.281122 0.045181
0.231031 0.382626 0.426814
0.326708 0.424645 0.733523
0.800925 0.705934 0.735738
0.280895 0.530986 0.229214
0.334732 0.547837 0.468989
0.328208 0.863273 0.027119
0.090079 0.762101 0.912379
0.202304 0.988627 0.777503
0.713638 0.927606 0.337287
0.372437 0.325221 0.694949
0.375378 0.432056 0.280199
0.723549 0.731262 0.082070
0.871947 0.294390 0.064082
0.248678 0.093668 0.296108
0.972982 0.239551 0.069706
0.919675 0.495187 0.564273
0.027131 0.559807 0.020345
0.980764 0.634980 0.215943
0.559887 0.766989 0.328882
0.776053 0.341998 0.939736
0.760986 0.093984 0.475890
0.186642 0.050413 0.356322
0.488956 0.263135 0.699536
0.174185 0.626966 0.143169
0.218903 0.441577 0.033287
0.733097 0.880663 0.758433
0.785339 0.336081 0.381700
0.333085 0.141028 0.086252
0.784966 0.139867 0.099153
0.418217 0.679888 0.186393
0.514032 0.842648 0.244567
0.436610 0.609984 0.898289
0.789424 0.824216 0.028711
0.811839 0.643113 0.879050
0.433817 0.377708 0.676260
0.916866 0.093501 0.216528
0.358291 0.294637 0.080241
0.928901 0.881451 0.823922
0.394945 0.362208 0.865556
0.675074 0.213616 0.929466
0.747766 0.709274 0.317169
0.589550 0.982543 0.565752
0.301110 0.367930 0.243969
0.049397 0.597550 0.925647
0.526987 0.031086 0.822288
0.606159 0.120911 0.682687
0.554179 0.230306 0.134890
0.745450 0.145442 0.398419
0.182435 0.767745 0.176083
0.921586 0.212700 0.991679
0.708565 0.303829 0.618639
0.825566 0.527102 0.565712
0.632882 0.779726 0.514323
0.227550 0.992048 0.164253
0.521456 0.577662 0.361138
0.632275 0.948962 0.187462
0.301650 0.995715 0.687600
0.233997 0.900357 0.146426
0.491795 0.500257 0.525170
0.094653 0.047286 0.613816
0.707856 0.487386 0.448808
0.367394 0.687058 0.727128
0.564670 0.514432 0.714661
0.445317 0.581210 0.214366
0.369737 0.091360 0.955983
0.912192 0.510444 0.672503
0.758454 0.647901 0.994208
0.216421 0.943280 0.724540
0.245164 0.037011 0.987421
0.245020 0.303811 0.579221
0.434485 0.191962 0.459569
0.016234 0.745716 0.016317
0.588201 0.368497 0.184618
0.798523 0.259423 0.215517
0.047742 0.076438 0.165628
0.563243 0.780367 0.141995
0.515508 0.038194 0.073538
0.680077 0.652068 0.989454
0.340103 0.441241 0.021416
0.689505 0.143316 0.038010
0.070561 0.463673 0.021122
0.077108 0.044134 0.384677
0.806064 0.249719 0.394914
0.620351 0.947016 0.293951
0.849038 0.331436 0.026381
0.930952 0.067371 0.173377
0.088161 0.174324 0.862060
0.886609 0.025048 0.802523
0.924104 0.124754 0.211051
0.499610 0.574015 0.549504
0.150992 0.558386 0.556103
0.432273 0.616067 0.535358
0.663866 0.460827 0.068548
0.355018 0.222364 0.547986
0.924913 0.004067 0.199321
0.550831 0.378682 0.890479
0.579787 0.126698 0.175497
0.847407 0.975341 0.374875
0.552599 0.012348 0.934197
0.598394 0.894393 0.734030
0.726111 0.083684 0.493796
0.069509 0.927501 0.246636
0.435626 0.693861 0.931696
0.557844 0.487139 0.135703
0.371967 0.141542 0.314087
0.492117 0.132397 0.283131
0.549997 0.419724 0.644911
0.423848 0.813474 0.876824
0.359202 0.539760 0.715035
0.361267 0.573985 0.548912
0.386554 0.801708 0.179803
0.158406 0.158143 0.392947
0.058940 0.468324 0.326718
0.213022 0.605714 0.117217
0.457790 0.676971 0.224450
0.645975 0.779095 0.282507
0.241745 0.970936 0.184469
0.858298 0.068448 0.680653
0.773399 0.845929 0.947227
0.634956 0.117017 0.458537
0.709985 0.446801 0.998682
0.304882 0.329617 0.821182
0.509424 0.519938 0.535533
0.209455 0.006046 0.728984
0.386236 0.838895 0.002165
0.931409 0.435832 0.879831
0.916343 0.232290 0.718793
0.061812 0.981906 0.900781
0.858817 0.364294 0.383434
0.440529 0.716457 0.036112
0.708773 0.326377 0.950582
0.489737 0.363751 0.173336
0.782332 0.372924 0.005486
0.713385 0.487853 0.501518
0.465369 0.501987 0.817516
0.523600 0.471461 0.489935
0.902113 0.921380 0.028324
0.861198 0.433425 0.324808
0.053995 0.485411 0.492294
0.855425 0.197862 0.609590
0.337102 0.905716 0.538766
0.632651 0.953740 0.086049
0.260349 0.032361 0.696518
0.010860 0.841975 0.510990
0.682127 0.961812 0.640296
0.099861 0.448394 0.841675
0.622873 0.959599 0.173347
0.216739 0.450200 0.530505
0.000095 0.334992 0.501500
0.306061 0.278010 0.859725
0.500583 0.880179 0.975821
0.803335 0.572686 0.930734
0.841731 0.734809 0.475840
0.579820 0.110601 0.183464
0.186241 0.836332 0.897659
0.562413 0.134581 0.808707
0.421274 0.890971 0.926665
0.839501 0.763000 0.300898
0.019263 0.074184 0.119712
0.496303 0.636158 0.522757
0.749385 0.960427 0.701422
0.949834 0.695044 0.107960
0.103020 0.938227 0.296474
0.816642 0.617640 0.696851
0.112827 0.691642 0.341285
0.244661 0.476714 0.958442
0.899932 0.028887 0.606013
0.423627 0.247051 0.015353
0.624433 0.229936 0.634354
0.932893 0.409969 0.308511
0.795615 0.176144 0.907355
0.981174 0.810827 0.530127
0.452660 0.558405 0.656021
0.570092 0.538232 0.485525
0.468079 0.253433 0.030871
0.639414 0.882754 0.384271
0.817117 0.555698 0.893512
0.374575 0.637305 0.681830
0.385026 0.215087 0.030371
0.307928 0.890562 0.023608
0.511097 0.708048 0.659117
0.838559 0.172882 0.835965
0.874198 0.063640 0.056499
0.340617 0.016779 0.633170
0.645321 0.656441 0.513598
0.756793 0.674283 0.660590
0.872387 0.738584 0.215096
0.794427 0.328738 0.664208
0.474769 0.858655 0.849012
0.986776 0.201345 0.793115
0.416895 0.591024 0.976032
0.907128 0.629806 0.251713
0.102767 0.371382 0.062147
0.288119 0.340156 0.423387
0.491409 0.232136 0.146932
0.348825 0.539706 0.506996
0.700478 0.250219 0.090567
0.606257 0.524834 0.721724
0.256813 0.036454 0.868661
0.844257 0.704079 0.723767
0.975796 0.031085 0.963449
0.402833 0.308240 0.983748
0.331236 0.920511 0.220604
0.479691 0.748868 0.933869
0.657162 0.247894 0.430138
0.882279 0.253499 0.354402
0.110229 0.087840 0.618401
0.266154 0.273221 0.173402
0.430734 0.014683 0.480222
0.210525 0.411748 0.352313
0.704853 0.117529 0.413565
0.322803 0.768725 0.276662
0.698925 0.635925 0.641991
0.686761 0.667815 0.926540
0.357680 0.306619 0.778633
0.515776 0.514279 0.583904
0.174822 0.284442 0.540186
0.939327 0.695316 0.126827
0.229408 0.854966 0.932935
0.587909 0.990725 0.871340
0.386770 0.363752 0.128340
0.820877 0.191909 0.286172
0.657830 0.997885 0.603586
0.126490 0.236116 0.198471
0.177930 0.108558 0.229549
0.091810 0.268610 0.674772
0.083755 0.621639 0.537778
0.198084 0.846176 0.961166
0.646648 0.069285 0.317969
0.780656 0.909566 0.484106
0.251202 0.872584 0.493115
0.252521 0.991582 0.874093
0.116111 0.372317 0.776292
0.671895 0.200797 0.442268
0.206671 0.312517 0.983232
0.369331 0.977878 0.780517
0.929843 0.784254 0.594190
0.752455 0.069573 0.838237
0.586963 0.587016 0.009653
0.365068 0.918902 0.366184
0.777284 0.436334 0.426858
0.582277 0.715950 0.760363
0.377069 0.002986 0.212075
0.389077 0.069865 0.156369
0.886188 0.479317 0.545240
0.206962 0.450494 0.611174
0.367175 0.027680 0.618628
0.106396 0.278827 0.184283
0.258372 0.974693 0.878722
0.573474 0.058894 0.812579
0.421958 0.335376 0.436940
0.611565 0.130220 0.963158
0.186693 0.414939 0.586927
0.740369 0.719135 0.191564
0.636159 0.527082 0.419169
0.533373 0.027224 0.787785
0.135702 0.985777 0.462332
0.533456 0.252051 0.610356
0.876712 0.961482 0.481781
0.552735 0.991623 0.368965
0.294974 0.449270 0.609945
0.562685 0.835220 0.312401
0.959273 0.279458 0.589333
0.499071 0.717562 0.744830
0.917296 0.058183 0.376742
0.051632 0.554438 0.116085
0.825175 0.502494 0.410403
0.149713 0.732878 0.954974
0.707410 0.331411 0.705887
0.456982 0.481137 0.414633
0.625241 0.659208 0.846913
0.824055 0.616493 0.838983
0.344638 0.438378 0.021146
0.671925 0.185671 0.096298
0.258828 0.912715 0.902793
0.560135 0.926392 0.703375
0.976737 0.920628 0.805663
0.566862 0.735064 0.557997
0.843411 0.565596 0.268758
0.552223 0.065110 0.046190
0.984522 0.850583 0.456494
0.112525 0.772018 0.012913
0.571132 0.299707 0.173574
0.810669 0.176412 0.826973
0.433977 0.661995 0.363005
0.326284 0.116208 0.984918
0.871096 0.513944 0.431744
0.447175 0.377352 0.712798
0.707150 0.158358 0.256915
0.092660 0.683158 0.215908
0.376424 0.817862 0.760048
0.877203 0.650417 0.903281
0.646169 0.644724 0.933766
0.508352 0.010744 0.407868
0.345047 0.305226 0.481541
0.167839 0.982679 0.455636
0.938804 0.595757 0.602705
0.644772 0.601669 0.135751
0.047955 0.301714 0.615567
0.354657 0.306823 0.322920
0.276669 0.864784 0.838265
0.097115 0.968795 0.588148
0.094587 0.749770 0.945464
0.825263 0.480210 0.471627
0.169182 0.025239 0.107978
0.195728 0.069016 0.040124
0.283113 0.730985 0.632400
0.834746 0.437754 0.735960
0.418779 0.550124 0.511449
0.960680 0.826051 0.509912
0.921207 0.854883 0.061629
0.143677 0.933375 0.724385
0.173090 0.715017 0.116324
0.309215 0.594072 0.395902
0.959891 0.247775 0.494618
0.646520 0.717708 0.939893
0.122586 0.298404 0.194466
0.947943 0.840194 0.977550
0.214185 0.734813 0.038442
0.850189 0.138625 0.127724
0.799023 0.060756 0.691801
0.312816 0.712098 0.770460
0.494354 0.038927 0.665204
0.666707 0.777196 0.759152
0.703291 0.854856 0.554378
0.975089 0.728208 0.152513
0.955965 0.302483 0.882519
0.077509 0.395199 0.465017
0.962506 0.095953 0.433218
0.395901 0.610842 0.968841
0.956614 0.712603 0.611748
0.588285 0.017688 0.131108
0.074693 0.425252 0.251808
0.385856 0.593828 0.984441
0.303804 0.010974 0.991069
0.541441 0.110164 0.287949
0.508921 0.564152 0.965496
0.478903 0.994991 0.672740
0.165054 0.782844 0.366144
0.128769 0.853129 0.396065
0.264546 0.367514 0.725175
0.662378 0.194928 0.499699
0.622934 0.631347 0.362596
0.442812 0.859732 0.941985
0.870480 0.524816 0.157284
0.746165 0.039541 0.165544
0.797815 0.105340 0.793873
0.775158 0.742137 0.786607
0.357069 0.082608 0.924802
0.638483 0.065144 0.471794
0.486228 0.998476 0.848372
0.023150 0.726205 0.136198
0.885310 0.368132 0.170396
0.955204 0.058554 0.099085
0.579610 0.657826 0.217343
0.877802 0.156408 0.160066
0.788230 0.896915 0.922608
0.108884 0.548146 0.421655
0.660123 0.272827 0.892649
0.688948 0.569803 0.350808
0.367948 0.498115 0.568967
0.272955 0.024203 0.830014
0.864824 0.084177 0.068052
0.504228 0.264434 0.814015
0.163041 0.003107 0.759097
0.416693 0.946295 0.452380
0.730150 0.260291 0.933370
0.433781 0.040541 0.743947
0.661859 0.196576 0.792863
0.388007 0.519923 0.713753
0.076787 0.303297 0.009334
0.473705 0.326801 0.357113
0.326616 0.819083 0.801887
0.977412 0.653743 0.453723
0.662868 0.693210 0.620469
0.510946 0.350015 0.115704
0.628363 0.001711 0.406817
0.356970 0.109144 0.925214
0.717335 0.392301 0.383240
0.688442 0.204893 0.687699
0.873089 0.731488 0.872583
0.565032 0.604036 0.532704
0.880835 0.009726 0.909123
0.314339 0.648237 0.854246
0.150716 0.175004 0.262382
0.081895 0.941838 0.695842
0.159479 0.231423 0.593847
0.085605 0.803873 0.282545
0.781422 0.378168 0.859257
0.874847 0.962556 0.120272
0.148496 0.720029 0.793856
0.019595 0.772361 0.523579
0.025484 0.496662 0.586992
0.478474 0.747257 0.008530
0.338725 0.183565 0.695441
0.173937 0.663619 0.479199
0.557669 0.623208 0.986515
0.240098 0.135174 0.086523
0.543090 0.010321 0.069169
0.088036 0.408366 0.260837
0.912700 0.508607 0.949085
0.274760 0.568909 0.670691
0.300942 0.407422 0.218997
0.547293 0.584069 0.573450
0.306572 0.454750 0.488127
0.587617 0.106891 0.703265
0.545821 0.945453 0.239363
0.477038 0.432436 0.523644
0.081080 0.114406 0.432020
0.657721 0.179260 0.303428
0.970332 0.494195 0.299053
0.156312 0.002608 0.730931
0.204113 0.089438 0.761351
0.128402 0.262112 0.296386
0.712878 0.814655 0.646142
0.428623 0.589443 0.310914
0.320799 0.587244 0.135240
0.146588 0.710086 0.318498
0.767102 0.524759 0.692665
0.179749 0.152011 0.701798
0.167954 0.130425 0.856631
0.505253 0.292124 0.741298
0.775053 0.306697 0.109045
0.034834 0.986060 0.054818
0.470346 0.191920 0.838844
0.931838 0.280088 0.029838
0.196622 0.067501 0.523439
0.626159 0.981360 0.136793
0.875798 0.219877 0.799271
0.664004 0.211794 0.999185
0.691236 0.082992 0.725315
0.527112 0.706386 0.501636
0.595500 0.449918 0.960696
0.307888 0.305833 0.253838
0.466498 0.542270 0.628554
0.293870 0.101057 0.641431
0.303772 0.125395 0.198689
0.412463 0.526707 0.904544
0.850080 0.691026 0.913210
0.752434 0.793992 0.629487
0.398876 0.591904 0.084312
0.700967 0.255480 0.817221
0.173268 0.028354 0.555808
0.203481 0.177523 0.958728
0.447915 0.148326 0.020188
0.104796 0.757903 0.510845
0.572481 0.311793 0.592069
0.283924 0.715560 0.156283
0.078165 0.205729 0.981884
0.885866 0.406701 0.950469
0.797088 0.777643 0.894369
0.915434 0.314172 0.049543
0.754424 0.293381 0.176610
0.412220 0.943598 0.106640
0.175030 0.489804 0.610556
0.090257 0.249002 0.330197
0.363223 0.645524 0.529811
0.730286 0.805384 0.715396
0.001203 0.657215 0.663205
0.618463 0.970264 0.168265
0.181871 0.320956 0.224821
0.252606 0.765357 0.353139
0.546102 0.869167 0.324407
0.221529 0.687510 0.736384
0.706112 0.973947 0.194358
0.211089 0.703529 0.522897
0.646670 0.779482 0.053808
0.903274 0.367761 0.819606
0.585842 0.512572 0.334617
0.152435 0.571986 0.205101
0.419889 0.001853 0.846736
0.892796 0.412359 0.430679
0.129717 0.947779 0.035622
0.317921 0.511100 0.815344
0.663865 0.615016 0.823947
0.772313 0.417863 0.015824
0.510743 0.767233 0.102485
0.891180 0.617448 0.225330
0.464564 0.414279 0.340384
0.212578 0.627809 0.857609
0.631088 0.233343 0.806615
0.904440 0.242274 0.874934
0.825459 0.817315 0.861464
0.057749 0.589269 0.421644
0.187001 0.241940 0.533506
0.895904 0.594506 0.515562
0.843977 0.239112 0.629888
0.790941 0.167076 0.789678
0.848971 0.909414 0.461499
0.309198 0.749127 0.252731
0.309339 0.111957 0.736268
0.199254 0.212022 0.864496
0.287034 0.713490 0.929889
0.576164 0.860773 0.856438
0.526206 0.516957 0.160878
0.425475 0.986736 0.980604
0.016709 0.126290 0.270984
0.939494 0.298422 0.831600
0.140529 0.009925 0.842985
0.448800 0.218903 0.824826
0.441074 0.336741 0.137312
0.766200 0.180688 0.551009
0.846371 0.809927 0.900981
0.338287 0.297910 0.031394
0.612651 0.386652 0.418793
0.071970 0.471303 0.922161
0.801109 0.830011 0.084208
0.094325 0.832110 0.602606
0.127213 0.825932 0.918707
0.788141 0.820020 0.101931
0.403832 0.323199 0.746948
0.403477 0.129116 0.590962
0.626772 0.696816 0.343414
0.176637 0.109616 0.295593
0.789880 0.318523 0.986176
0.098323 0.289476 0.234198
0.385235 0.417692 0.223897
0.650850 0.290416 0.003083
0.378599 0.206511 0.778382
0.885292 0.147946 0.541868
0.652943 0.122679 0.492703
0.012986 0.865317 0.535525
0.306718 0.691242 0.406764
0.793167 0.810761 0.132289
0.868152 0.779691 0.049472
0.433284 0.291846 0.056129
0.590616 0.557178 0.755502
0.362403 0.406602 0.461125
0.308488 0.039262 0.704099
0.654671 0.674506 0.601854
0.939609 0.563994 0.850880
0.213801 0.039108 0.134465
0.952774 0.915760 0.804894
0.503183 0.686670 0.050699
0.409318 0.871515 0.087242
0.315918 0.085892 0.291031
0.476278 0.334183 0.829452
0.239301 0.834631 0.264980
0.745093 0.158434 0.208125
0.360039 0.187005 0.340020
0.595204 0.314253 0.012794
0.521634 0.592331 0.149956
0.755600 0.582111 0.339109
0.070985 0.437588 0.767994
0.795268 0.799632 0.702583
0.370461 0.849790 0.549494
0.774766 0.581317 0.932767
0.519798 0.386657 0.688985
0.891607 0.680140 0.614402
0.609960 0.167903 0.742412
0.759101 0.422580 0.872329
0.640979 0.727007 0.776475
0.100044 0.608726 0.159573
0.920883 0.211335 0.611465
0.802459 0.505329 0.112619
0.078867 0.941267 0.951324
0.478578 0.323879 0.375407
0.492536 0.333738 0.365022
0.893772 0.319795 0.842596
0.307577 0.198441 0.362039
0.954649 0.368161 0.643932
0.714588 0.835582 0.949650
0.410277 0.177140 0.296112
0.317018 0.059530 0.287621
0.328905 0.754559 0.726718
0.835956 0.144394 0.055978
0.748932 0.288482 0.389755
0.448342 0.681344 0.180578
0.515796 0.904728 0.630574
0.641331 0.864503 0.509302
0.312632 0.530905 0.304402
0.556288 0.379772 0.556572
0.051245 0.420303 0.261567
0.990465 0.009741 0.072121
0.217860 0.842654 0.160467
0.473081 0.216295 0.892511
0.632924 0.230018 0.045800
0.359894 0.998967 0.921537
0.506296 0.077971 0.018527
0.408884 0.991930 0.099413
0.475139 0.467085 0.846075
0.277535 0.150784 0.033669
0.726264 0.837455 0.780585
0.836415 0.826078 0.658039
0.402362 0.922919 0.249617
0.514622 0.488137 0.645482
0.003011 0.709829 0.532343
0.735169 0.366741 0.708195
0.564971 0.885491 0.683317
0.517753 0.614403 0.874593
0.343682 0.545003 0.551306
0.071747 0.717476 0.977194
0.881641 0.670738 0.141922
0.677627 0.719385 0.434445
0.508526 0.195834 0.795084
0.001879 0.925137 0.648372
0.191377 0.857976 0.237016
0.908002 0.387933 0.470897
0.258048 0.321943 0.901777
0.571564 0.089394 0.723660
0.228829 0.733909 0.920767
0.739718 0.950777 0.437145
0.740091 0.365143 0.188905
0.563100 0.581415 0.202275
0.500205 0.559571 0.046342
0.207621 0.348888 0.887122
0.306386 0.232982 0.625495
0.068353 0.676094 0.982873
0.239689 0.230775 0.759877
0.257166 0.557265 0.323362
0.377872 0.215243 0.660195
0.133996 0.976551 0.060901
0.914741 0.710313 0.299184
0.352551 0.147345 0.557807
0.458293 0.662790 0.137639
0.583153 0.211418 0.657594
0.588253 0.450459 0.907209
0.961212 0.924167 0.562742
0.047086 0.756654 0.025231
0.237815 0.461048 0.888069
0.226544 0.023765 0.825752
0.500705 0.910771 0.506812
0.109633 0.923916 0.640924
0.219509 0.128464 0.031808
0.651018 0.689050 0.019036
0.702228 0.577514 0.673494
0.642856 0.377888 0.106926
0.680412 0.174959 0.990047
0.954523 0.206148 0.532593
0.071838 0.618668 0.573809
0.905061 0.426662 0.259865
0.220433 0.867102 0.259763
0.642657 0.879640 0.235123
0.885843 0.466561 0.721983
0.773913 0.381399 0.593174
0.264733 0.352215 0.759261
0.533538 0.608886 0.927520
0.423852 0.757884 0.510281
0.549021 0.304071 0.990882
0.480675 0.740284 0.412070
0.814666 0.985252 0.667871
0.741250 0.081476 0.041911
0.901245 0.068812 0.972325
0.611304 0.753570 0.562165
0.552753 0.821297 0.279063
0.803741 0.134867 0.687381
0.709513 0.603858 0.718317
0.845317 0.345725 0.207060
0.747097 0.646298 0.559973
0.257354 0.815316 0.998214
0.507104 0.624077 0.891853
0.665877 0.625292 0.364027
0.497958 0.257426 0.530461
0.288644 0.111043 0.195474
0.716824 0.747858 0.680468
0.012724 0.374086 0.932183
0.800230 0.039465 0.869260
0.568022 0.428275 0.427353
0.802629 0.908142 0.852803
0.146904 0.420062 0.397136
0.030069 0.332660 0.628893
0.756367 0.629051 0.573599
0.886253 0.024188 0.529460
0.954078 0.558826 0.382731
0.284673 0.175326 0.376854
0.222255 0.162260 0.052818
0.829372 0.774436 0.534429
0.954299 0.142298 0.857130
0.647050 0.027347 0.415930
0.372077 0.510250 0.361314
0.925361 0.586464 0.033276
0.929110 0.094391 0.697918
0.954412 0.902852 0.004029
0.187862 0.081100 0.591090
0.740434 0.365881 0.488157
0.264425 0.782142 0.393247
0.954930 0.996694 0.725052
0.488276 0.290179 0.175253
0.346978 0.556402 0.570441
0.350905 0.616650 0.520657
0.405198 0.302541 0.704701
0.728729 0.372777 0.694463
0.339475 0.884009 0.940710
0.412027 0.879801 0.261101
0.671287 0.782386 0.307759
0.415844 0.819876 0.434629
0.460135 0.789017 0.226560
0.170783 0.495193 0.546810
0.974170 0.586268 0.640643
0.288100 0.063991 0.760213
0.816211 0.248956 0.973825
0.207152 0.405205 0.104015
0.631711 0.237912 0.278393
0.004983 0.154781 0.967461
0.222075 0.631870 0.670388
0.203351 0.603704 0.975816
0.971399 0.808512 0.826755
0.614389 0.338257 0.969832
0.017031 0.239791 0.718927
0.604327 0.913118 0.139240
0.286093 0.728041 0.767154
0.273053 0.625189 0.664133
0.881471 0.808974 0.628308
0.792385 0.853492 0.085021
0.428778 0.954014 0.130970
0.494346 0.593284 0.033799
0.488285 0.121721 0.090523
0.110611 0.904015 0.379025
0.238143 0.305874 0.480543
0.307571 0.827443 0.206182
0.387229 0.882973 0.586305
0.468919 0.429635 0.778504
0.622303 0.264781 0.249225
0.770053 0.477942 0.560849
0.011639 0.098552 0.195926
0.790350 0.771327 0.396625
0.641042 0.389905 0.091278
0.532396 0.658909 0.820258
0.626425 0.746936 0.366888
0.886126 0.916230 0.738661
0.127953 0.884086 0.598920
0.550417 0.363611 0.338650
0.562481 0.236127 0.627348
0.275311 0.001579 0.983017
0.421825 0.767241 0.471841
0.875144 0.616042 0.779789
0.494343 0.828897 0.481058
0.282765 0.540800 0.660179
0.673500 0.455563 0.727087
0.766859 0.010994 0.487220
0.951119 0.032617 0.757391
0.135540 0.173239 0.919642
0.438416 0.059293 0.949115
0.933758 0.362971 0.707653
0.049920 0.355856 0.461662
0.916574 0.782627 0.272763
0.780666 0.782583 0.993346
0.614776 0.359859 0.403432
0.287923 0.335893 0.700063
0.611837 0.035416 0.376408
0.096539 0.482253 0.448332
0.225276 0.007189 0.799409
0.113879 0.936239 0.743949
0.189304 0.322177 0.254838
0.758959 0.179549 0.273721
0.322720 0.174418 0.710443
0.278115 0.299868 0.743792
0.097338 0.008952 0.980138
0.049839 0.393904 0.459645
0.827405 0.437740 0.491283
0.154048 0.796383 0.217384
0.326860 0.823867 0.354754
0.298756 0.857820 0.665397
0.758860 0.638143 0.427910
0.783121 0.702307 0.159933
0.814415 0.390439 0.581159
0.213346 0.689112 0.880692
0.568074 0.423787 0.912013
0.809433 0.386564 0.368378
0.191683 0.494445 0.724404
0.854408 0.258961 0.764153
0.203755 0.417816 0.282661
0.278259 0.264422 0.212955
0.302395 0.761376 0.967185
0.763791 0.037877 0.887292
0.295503 0.166664 0.063068
0.635608 0.501624 0.495472
0.139644 0.360874 0.972564
0.446216 0.579428 0.413675
0.866614 0.533712 0.791391
0.048264 0.948971 0.119067
0.198204 0.232099 0.665771
0.457581 0.907541 0.963610
0.050232 0.370222 0.641145
0.874730 0.663670 0.525169
0.527883 0.499765 0.129827
0.310791 0.289662 0.762476
0.000819 0.500596 0.065217
0.771879 0.174511 0.411242
0.834568 0.035644 0.733787
0.496278 0.385985 0.675814
0.364154 0.389640 0.122601
0.912900 0.960620 0.878262
0.062843 0.679204 0.659918
0.004726 0.237781 0.124520
0.704862 0.263045 0.166009
0.977134 0.739659 0.454669
0.231539 0.967965 0.691781
0.044752 0.162244 0.387080
0.994603 0.242727 0.193887
0.704666 0.838745 0.711840
0.360953 0.599053 0.495344
0.601546 0.191345 0.130431
0.870288 0.792934 0.867359
0.397010 0.845786 0.810046
0.756190 0.724685 0.159259
0.859021 0.284354 0.131461
0.521225 0.196011 0.833833
0.166600 0.918640 0.065271
0.025535 0.692910 0.592991
0.087736 0.107053 0.624121
0.684343 0.458710 0.037495
0.035498 0.002278 0.892544
0.672121 0.747713 0.723859
0.030813 0.796428 0.651979
0.414370 0.087079 0.836439
0.849825 0.433567 0.511508
0.531394 0.220353 0.476078
0.595830 0.256135 0.469006
0.669974 0.437016 0.445211
0.946184 0.194107 0.408523
0.671425 0.433093 0.424076
0.696564 0.104984 0.793098
0.143022 0.218322 0.666605
0.882708 0.287189 0.366347
0.168652 0.296087 0.045799
0.301476 0.623887 0.752335
0.946517 0.315648 0.511156
0.629053 0.109370 0.321687
0.009424 0.571888 0.364548
0.563212 0.762126 0.169739
0.213138 0.973155 0.016701
0.074397 0.619648 0.233192
0.311706 0.029616 0.654568
0.085076 0.175165 0.928886
0.605556 0.478678 0.483806
0.897662 0.439938 0.847368
0.632558 0.308527 0.165984
0.800053 0.162538 0.277104
0.859771 0.894736 0.780361
0.345341 0.878663 0.433495
0.349720 0.033671 0.423167
0.654394 0.789392 0.102383
0.913681 0.501654 0.148549
0.073157 0.470725 0.788359
0.268169 0.842898 0.717913
0.152794 0.155230 0.424465
0.684724 0.185215 0.355681
0.185239 0.090955 0.475289
0.684058 0.353545 0.434913
0.629242 0.712981 0.449666
0.504437 0.225460 0.155764
0.459963 0.661748 0.882993
0.620944 0.621263 0.465699
0.975576 0.321272 0.255398
0.157908 0.140297 0.696776
0.807734 0.721746 0.987180
0.147202 0.216197 0.179755
0.249837 0.723218 0.353322
0.825966 0.464648 0.855446
0.720422 0.485322 0.843916
0.270613 0.988190 0.718183
0.610576 0.071476 0.116260
0.143642 0.004300 0.771638
0.708642 0.518075 0.263783
0.539909 0.182897 0.215191
0.487427 0.238288 0.824710
0.417614 0.332608 0.312338
0.517039 0.584122 0.355350
0.828772 0.317066 0.439801
0.259295 0.767660 0.421448
0.288359 0.904874 0.782075
0.248691 0.461778 0.885560
0.857912 0.991017 0.659243
0.929447 0.473113 0.940004
0.766915 0.391391 0.306547
0.597772 0.755248 0.626568
0.903859 0.444264 0.824031
0.452253 0.558820 0.527488
0.488526 0.372109 0.864061
0.514752 0.511692 0.126523
0.376210 0.088655 0.629519
0.869285 0.711734 0.971989
0.589600 0.646582 0.493428
0.514478 0.514337 0.071445
0.648689 0.720863 0.791855
0.353134 0.611864 0.583147
0.273559 0.820334 0.530940
0.309394 0.137982 0.943894
0.199810 0.694441 0.273365
0.507885 0.724473 0.219281
0.484455 0.676587 0.377091
0.376652 0.274934 0.447382
0.224608 0.224656 0.437807
0.995723 0.767471 0.662746
0.178238 0.439174 0.121406
0.280924 0.025540 0.121490
0.099910 0.844551 0.708179
0.502098 0.707412 0.623873
0.264452 0.163676 0.868241
0.059438 0.175479 0.366944
0.108962 0.344729 0.228392
0.912639 0.433500 0.748818
0.373923 0.149983 0.467983
0.890244 0.135078 0.277663
0.704846 0.064154 0.642464
0.633562 0.152997 0.398173
0.305403 0.777782 0.490588
0.704127 0.425037 0.105316
0.985821 0.488304 0.105749
0.930613 0.342621 0.248868
0.492547 0.068348 0.128505
0.880133 0.835464 0.356797
0.444094 0.975912 0.305181
0.218838 0.416393 0.887575
0.112325 0.986182 0.059608
0.886363 0.689384 0.226639
0.826994 0.124959 0.980979
0.126344 0.317543 0.155881
0.585459 0.171467 0.183792
0.684253 0.139047 0.906963
0.809746 0.865503 0.506456
0.890416 0.602015 0.711423
0.924190 0.463081 0.084455
0.512806 0.291340 0.023946
0.061200 0.137959 0.965169
0.935839 0.464210 0.139173
0.347224 0.328335 0.593528
0.963544 0.950199 0.662779
0.812217 0.522132 0.666037
0.453313 0.798883 0.781903
0.823526 0.092465 0.000309
0.164595 0.749761 0.025743
0.360431 0.713242 0.960692
0.050227 0.496512 0.766666
0.755015 0.090657 0.133317
0.432032 0.727044 0.057546
0.214778 0.017224 0.179328
0.510438 0.692012 0.219224
0.108814 0.250563 0.084939
0.800396 0.698573 0.797575
0.424287 0.506840 0.104350
0.322312 0.439484 0.026471
0.600797 0.361782 0.495376
0.919377 0.586111 0.210406
0.141068 0.798611 0.570011
0.196306 0.162478 0.573061
0.229309 0.466675 0.381457
0.042442 0.066721 0.078711
0.106571 0.764215 0.314250
0.729761 0.044666 0.057990
0.881879 0.501888 0.173789
0.232563 0.487315 0.916969
0.763483 0.684509 0.639604
0.408601 0.912047 0.667874
0.624435 0.275902 0.747245
0.033232 0.522381 0.763924
0.162615 0.287794 0.172619
0.414161 0.138968 0.146374
0.961385 0.925600 0.621059
0.556011 0.067690 0.512317
0.870914 0.181328 0.913966
0.081978 0.678465 0.144335
0.882720 0.079872 0.279850
0.822504 0.284050 0.504271
0.154572 0.751433 0.921724
0.596730 0.061410 0.349042
0.826837 0.815773 0.234539
0.052749 0.220982 0.896297
0.221022 0.470471 0.807293
0.985828 0.681527 0.514843
0.320385 0.404330 0.674319
0.739902 0.478104 0.074109
0.544524 0.434129 0.270126
0.316505 0.459960 0.411416
0.446302 0.156298 0.690581
0.978163 0.299819 0.782768
0.767533 0.832342 0.561964
0.377001 0.809641 0.078873
0.987685 0.781889 0.943555
0.590408 0.302768 0.619130
0.429220 0.679012 0.964076
0.598996 0.959676 0.630619
0.104414 0.705813 0.379731
0.472070 0.038710 0.503728
0.231706 0.489464 0.683120
0.890117 0.724167 0.475171
0.814998 0.524359 0.317882
0.297463 0.522071 0.542345
0.902769 0.009910 0.377352
0.314841 0.521341 0.170662
0.216025 0.256195 0.135733
0.058092 0.581756 0.871484
0.886087 0.601153 0.612723
0.472195 0.212037 0.631181
0.418470 0.422220 0.973383
0.826111 0.498962 0.981894
0.570795 0.229762 0.245841
0.193224 0.461256 0.230698
0.226250 0.944860 0.654778
0.987147 0.143726 0.496547
0.606446 0.991680 0.475702
0.204265 0.309419 0.968506
0.959172 0.942065 0.758127
0.201727 0.747834 0.074760
0.500215 0.445084 0.476290
0.050397 0.506652 0.976394
0.713130 0.981671 0.252403
0.919745 0.814711 0.448702
0.033359 0.066610 0.394323
0.768255 0.861374 0.851751
0.034015 0.036834 0.841331
0.945971 0.436065 0.608445
0.822351 0.771868 0.891575
0.384520 0.818519 0.842312
0.376276 0.993032 0.460296
0.566443 0.463197 0.599692
0.168204 0.007538 0.079762
0.538446 0.518865 0.121430
0.271641 0.885175 0.825891
0.694505 0.420956 0.761091
0.564071 0.436770 0.326434
0.313153 0.806375 0.232855
0.368336 0.165569 0.131863
0.209339 0.772375 0.327471
0.071145 0.185677 0.097109
0.473147 0.456094 0.009756
0.681105 0.212671 0.479917
0.567145 0.638329 0.075057
0.839983 0.431277 0.405402
0.106071 0.377570 0.119123
0.595725 0.356842 0.634427
0.936701 0.539778 0.104308
0.977607 0.675909 0.998367
0.537190 0.768283 0.920369
0.469666 0.132243 0.560878
0.367805 0.006490 0.750352
0.970673 0.903202 0.824965
0.177667 0.272825 0.451417
0.968369 0.957129 0.676760
0.547850 0.712548 0.553828
0.018730 0.255910 0.117391
0.830211 0.037245 0.177177
0.215915 0.064990 0.785658
0.412840 0.036799 0.249249
0.643043 0.411519 0.982569
0.268757 0.310303 0.721780
0.103101 0.354056 0.315387
0.920402 0.567676 0.699393
0.296769 0.051889 0.857037
0.923242 0.703224 0.208851
0.222962 0.082804 0.539986
0.069406 0.574657 0.038563
0.466703 0.640528 0.053854
0.226315 0.637754 0.480645
0.890134 0.392019 0.888589
0.791714 0.615949 0.119787
0.415353 0.310516 0.954511
0.050450 0.667372 0.478452
0.501294 0.859300 0.223160
0.179725 0.376185 0.613812
0.019566 0.698870 0.802226
0.486344 0.851275 0.772976
0.341010 0.089923 0.640328
0.315636 0.013913 0.247886
0.004992 0.515785 0.523190
0.484247 0.720325 0.215950
0.976670 0.993472 0.438452
0.371375 0.914896 0.607126
0.157940 0.581119 0.646588
0.701755 0.869624 0.976184
0.268567 0.611765 0.185876
0.665517 0.204134 0.323648
0.323650 0.554236 0.760403
0.722372 0.958242 0.842959
0.077236 0.719174 0.860603
0.266593 0.934515 0.124157
0.932083 0.241490 0.256683
0.288800 0.951113 0.299305
0.314070 0.046116 0.766030
0.766149 0.003556 0.092345
0.831900 0.949265 0.607035
0.065471 0.608828 0.914555
0.830904 0.725578 0.476241
0.668723 0.154090 0.481270
0.543688 0.612220 0.238738
0.985691 0.943502 0.718351
0.519229 0.664150 0.610704
0.745932 0.081612 0.853047
0.159628 0.963236 0.862950
0.997491 0.925618 0.103537
0.072681 0.253446 0.697076
0.241899 0.972252 0.262744
0.361956 0.818457 0.940325
0.151832 0.454771 0.513837
0.749236 0.158878 0.096216
0.304033 0.081082 0.463921
0.289229 0.036602 0.519032
0.072031 0.907845 0.904222
0.103272 0.651743 0.681322
0.739706 0.853892 0.483400
0.273457 0.883900 0.947919
0.673479 0.015379 0.374427
0.712779 0.443078 0.268438
0.270649 0.400870 0.755839
0.224168 0.596864 0.544133
0.406053 0.320534 0.540974
0.468881 0.232100 0.102643
0.585314 0.766021 0.892343
0.188934 0.442891 0.464707
0.821698 0.070314 0.115036
0.347843 0.432957 0.311119
0.103078 0.591715 0.985351
0.915428 0.267076 0.368046
0.899769 0.156514 0.439613
0.156930 0.471141 0.048846
0.811125 0.845839 0.850447
0.986215 0.646027 0.414356
0.589142 0.760527 0.239029
0.169405 0.551129 0.143820
0.982520 0.087950 0.321302
0.676255 0.263874 0.159947
0.460860 0.797595 0.863116
0.540034 0.296836 0.635998
0.694818 0.979315 0.396537
0.060170 0.866812 0.342049
0.102863 0.054729 0.410903
0.065574 0.194099 0.648926
0.903505 0.875288 0.635433
0.936516 0.442628 0.037857
0.420245 0.982058 0.999884
0.020195 0.963955 0.873481
0.429210 0.372003 0.575715
0.494895 0.204064 0.935634
0.377801 0.429150 0.756121
0.966198 0.873202 0.208645
0.954202 0.124551 0.938062
0.012232 0.068209 0.554116
0.566411 0.827180 0.395354
0.315911 0.475528 0.169795
0.357094 0.554268 0.115240
0.551861 0.109809 0.654205
0.360704 0.126783 0.522678
0.563328 0.190494 0.293333
0.124049 0.537934 0.005985
0.740155 0.672288 0.888684
0.121895 0.536953 0.149998
0.571174 0.693979 0.587798
0.834055 0.417546 0.514504
0.459362 0.079075 0.403962
0.635326 0.424641 0.335477
0.059583 0.363699 0.982311
0.203034 0.541626 0.955446
0.728900 0.205724 0.649107
0.615143 0.604527 0.695878
0.795224 0.130093 0.247931
0.806297 0.648201 0.016795
0.437509 0.611543 0.341985
0.360048 0.975115 0.730361
0.912952 0.344436 0.067489
0.137184 0.027717 0.163597
0.704129 0.160398 0.648195
0.754008 0.087981 0.118433
0.234841 0.577152 0.317214
0.938647 0.041274 0.163407
0.675768 0.705037 0.013828
0.841683 0.127915 0.805869
0.918047 0.761669 0.389166
0.581872 0.610491 0.696565
0.442459 0.300337 0.769644
0.098704 0.470028 0.978709
0.655125 0.021998 0.577368
0.159930 0.408599 0.536940
0.802466 0.416165 0.409317
0.081103 0.066696 0.575610
0.158259 0.937689 0.096366
0.946678 0.178018 0.662426
0.831757 0.194558 0.063354
0.977523 0.826971 0.277334
0.503678 0.221637 0.563459
0.596534 0.274008 0.547356
0.439622 0.010526 0.282228
0.567811 0.948793 0.963121
0.478604 0.717793 0.219279
0.787028 0.272960 0.859540
0.757392 0.456510 0.945130
0.607087 0.574123 0.104960
0.577496 0.271062 0.442419
0.339141 0.093018 0.377851
0.941057 0.213031 0.098105
0.940681 0.274344 0.315629
0.381047 0.943344 0.050721
0.472094 0.301100 0.597006
0.955364 0.309249 0.160327
0.224648 0.529689 0.752798
0.355164 0.277087 0.962392
0.319405 0.787049 0.595239
0.094725 0.362397 0.866362
0.459948 0.615996 0.920404
0.224129 0.051846 0.217377
0.120101 0.795263 0.252316
0.674376 0.800668 0.897668
0.380824 0.831810 0.613051
0.480063 0.970317 0.899794
0.796162 0.772380 0.789980
0.787055 0.864882 0.339576
0.111014 0.474129 0.663847
0.697244 0.583104 0.014607
0.308630 0.817778 0.259594
0.398602 0.083048 0.789963
0.080795 0.799057 0.292179
0.834978 0.898122 0.996073
0.505616 0.920187 0.503063
0.798166 0.247065 0.078830
0.319403 0.040456 0.464969
0.106341 0.058125 0.837442
0.497880 0.697575 0.332488
0.615421 0.437883 0.503783
0.110742 0.828484 0.824454
0.959707 0.845086 0.327849
0.262968 0.474830 0.658238
0.677674 0.574818 0.927017
0.745939 0.618389 0.034360
0.036113 0.747028 0.263846
0.861934 0.820802 0.692981
0.941679 0.481967 0.603981
0.836451 0.583628 0.873177
0.782770 0.564446 0.358534
0.557502 0.011983 0.048127
0.812507 0.137611 0.825428
0.931248 0.638111 0.561876
0.004736 0.854977 0.731118
0.611046 0.408904 0.478766
0.586444 0.364782 0.619547
0.780920 0.191749 0.169627
0.441785 0.345497 0.329247
0.083101 0.435635 0.617685
0.864765 0.954672 0.856942
0.945601 0.705098 0.045336
0.493349 0.274873 0.386603
0.484205 0.952132 0.375698
0.654102 0.793747 0.669726
0.891315 0.277291 0.904303
0.979640 0.382148 0.865974
0.332223 0.969003 0.299509
0.292668 0.287547 0.507370
0.116255 0.591829 0.567908
0.557386 0.732369 0.813491
0.252252 0.466225 0.825732
0.931515 0.093234 0.724589
0.214908 0.685269 0.929337
0.454054 0.213660 0.595467
0.577073 0.989258 0.730281
0.250446 0.432686 0.650623
0.685028 0.868932 0.605382
0.309387 0.322570 0.058294
0.780432 0.863214 0.222878
0.424818 0.755268 0.201406
0.115843 0.039192 0.862970
0.839851 0.259721 0.737377
0.314663 0.253381 0.978544
0.369711 0.689368 0.761678
0.067201 0.067917 0.919574
0.010577 0.345927 0.108505
0.720944 0.919981 0.851012
0.467422 0.101176 0.031055
0.078107 0.167887 0.839302
0.061945 0.848268 0.061913
0.698246 0.044712 0.404202
0.867814 0.178270 0.890473
0.511653 0.713029 0.328807
0.613643 0.391835 0.560581
0.092944 0.418294 0.335122
0.825858 0.860236 0.561224
0.749884 0.230538 0.773262
0.955010 0.954685 0.763220
0.522815 0.181082 0.864983
0.280045 0.741701 0.518595
0.501747 0.150255 0.004440
0.442379 0.679033 0.517644
0.563344 0.517223 0.537224
0.558034 0.870994 0.768728
0.599765 0.592009 0.988343
0.480189 0.111426 0.106617
0.199564 0.360817 0.432598
0.728983 0.081574 0.316283
0.796185 0.301026 0.470518
0.527099 0.157806 0.206688
0.643724 0.370512 0.904650
0.593917 0.081801 0.609385
0.193823 0.739818 0.626912
0.499476 0.268424 0.385588
0.116071 0.033182 0.946969
0.910201 0.276814 0.465369
0.282885 0.269048 0.856513
0.752725 0.637577 0.378386
0.511401 0.985312 0.179793
0.845989 0.457988 0.569747
0.667414 0.070099 0.208800
0.387800 0.451683 0.826362
0.397657 0.310515 0.090896
0.398621 0.222570 0.399517
0.070956 0.127456 0.033906
0.628662 0.040367 0.381349
0.481513 0.972228 0.658083
0.457916 0.911059 0.806211
0.580335 0.823836 0.186110
0.875280 0.709513 0.921892
0.597174 0.187338 0.668382
0.410790 0.725141 0.638263
0.124183 0.461124 0.085049
0.711441 0.075084 0.407601
0.169771 0.306158 0.754125
0.302563 0.161629 0.473953
0.988323 0.430714 0.014764
0.886691 0.082408 0.543344
0.362025 0.089673 0.159388
0.465000 0.134480 0.116066
0.693312 0.132859 0.402919
0.443487 0.827161 0.789657
0.370490 0.939763 0.677256
0.279862 0.998343 0.933163
0.922091 0.279752 0.164259
0.875838 0.497962 0.943549
0.277706 0.880341 0.657549
0.498769 0.356742 0.097794
0.339983 0.015037 0.089016
0.062144 0.741503 0.268994
0.110077 0.445817 0.382272
0.359546 0.563923 0.929386
0.321717 0.180156 0.544470
0.573702 0.186207 0.318288
0.967904 0.127938 0.594863
0.611440 0.450600 0.473141
0.670093 0.516003 0.612258
0.877900 0.856842 0.644872
0.735400 0.268866 0.392582
0.666407 0.989682 0.568315
0.288576 0.180379 0.203446
0.147697 0.320995 0.297680
0.897012 0.337635 0.137920
0.416671 0.352425 0.269236
0.793525 0.769052 0.612807
0.390876 0.231031 0.373337
0.844372 0.397651 0.510737
0.330855 0.699429 0.288484
0.211729 0.660413 0.687201
0.680219 0.586101 0.226652
0.641287 0.835175 0.004963
0.734576 0.942725 0.374226
0.820616 0.600082 0.524592
0.776275 0.261278 0.175144
0.522844 0.567617 0.646196
0.662389 0.722056 0.309826
0.274206 0.816222 0.103121
0.275709 0.208108 0.519298
0.352870 0.389013 0.938119
0.104337 0.446212 0.054578
0.655192 0.559882 0.471123
0.024904 0.883279 0.315644
0.997817 0.371237 0.476003
0.829375 0.044554 0.826859
0.292497 0.588877 0.608967
0.903942 0.135823 0.899484
0.824039 0.171892 0.621658
0.853350 0.913568 0.107198
0.899700 0.590738 0.738101
0.505900 0.958757 0.225042
0.237475 0.952759 0.260974
0.124612 0.146839 0.992656
0.935746 0.555768 0.712746
0.628960 0.637899 0.938700
0.932500 0.227979 0.650416
0.965742 0.873760 0.837060
0.580025 0.995199 0.463887
0.182609 0.797099 0.942297
0.218949 0.451354 0.092232
0.864201 0.668186 0.970491
0.416465 0.659752 0.967804
0.910620 0.959590 0.635595
0.726500 0.876545 0.234795
0.574223 0.294210 0.128684
0.331762 0.532200 0.640016
0.746097 0.733746 0.396141
0.108422 0.762592 0.616001
0.362570 0.982666 0.878199
0.947445 0.475858 0.251259
0.119913 0.105576 0.699549
0.611028 0.270812 0.826412
0.254494 0.528444 0.492801
0.735150 0.303527 0.960834
0.051766 0.321072 0.495712
0.153980 0.809475 0.662498
0.649148 0.981582 0.834717
0.002162 0.857995 0.347361
0.432948 0.527907 0.312482
0.729602 0.689423 0.782631
0.230508 0.013567 0.343113
0.475423 0.410270 0.822895
0.229227 0.367165 0.961859
0.655610 0.938606 0.338377
0.306458 0.432961 0.372727
0.143859 0.004182 0.016689
0.693672 0.880560 0.023032
0.529438 0.268929 0.386241
0.428965 0.094496 0.807424
0.876274 0.712248 0.928315
0.933814 0.206248 0.844565
0.961522 0.682511 0.160701
0.671909 0.408365 0.965900
0.977990 0.931275 0.180375
0.144725 0.589643 0.108523
0.117797 0.933991 0.093168
0.509666 0.194367 0.301900
0.102854 0.729506 0.500416
0.461196 0.663452 0.265306
0.869241 0.689936 0.882018
0.668602 0.637435 0.624450
0.373457 0.689923 0.766332
0.317434 0.817834 0.710647
0.418266 0.448784 0.473719
0.519985 0.033508 0.369372
0.955125 0.079693 0.724599
0.892200 0.230119 0.041658
0.394444 0.114633 0.954195
0.299691 0.332495 0.286860
0.968338 0.415497 0.161831
0.911444 0.346719 0.589136
0.322896 0.722642 0.052413
0.163563 0.303478 0.294957
0.776045 0.443680 0.155831
0.795147 0.993103 0.055684
0.486895 0.899506 0.911120
0.823120 0.835200 0.513156
0.823807 0.494924 0.109992
0.015450 0.259690 0.708324
0.597427 0.471628 0.714979
0.386563 0.976766 0.813427
0.072517 0.207576 0.922981
0.639479 0.148326 0.450700
0.480602 0.538125 0.594313
0.189152 0.762616 0.257370
0.330255 0.361756 0.381513
0.261410 0.326026 0.174679
0.695928 0.586778 0.602388
0.528544 0.529704 0.224299
0.162967 0.340958 0.835798
0.195937 0.575220 0.950169
0.925190 0.212334 0.986933
0.501885 0.349598 0.841033
0.656410 0.303348 0.815802
0.580510 0.248533 0.209920
0.422481 0.507827 0.785980
0.027083 0.816046 0.564128
0.444208 0.896428 0.027522
0.856178 0.590876 0.206278
0.434352 0.807283 0.491957
0.370715 0.874644 0.716236
0.604693 0.465904 0.813091
0.415149 0.913841 0.496997
0.553313 0.102113 0.155735
0.974749 0.605306 0.445755
0.656506 0.421360 0.860986
0.306489 0.006390 0.071071
0.180728 0.232761 0.982653
0.646156 0.090168 0.328385
0.930595 0.229517 0.762620
0.110007 0.399825 0.484121
0.444315 0.700536 0.576511
0.081907 0.692938 0.288451
0.163168 0.483485 0.366442
0.776513 0.423223 0.047120
0.805420 0.246534 0.068125
0.709827 0.472745 0.404294
0.747084 0.633902 0.740805
0.538556 0.969531 0.973615
0.640441 0.476700 0.365190
0.711261 0.954880 0.056729
0.272531 0.409405 0.659499
0.241746 0.924879 0.782594
0.148298 0.908354 0.591395
0.010767 0.590853 0.003606
0.873248 0.317627 0.130995
0.784151 0.536762 0.294880
0.305105 0.305853 0.176623
0.043841 0.633057 0.061534
0.568043 0.202107 0.033873
0.787207 0.043372 0.932863
0.612247 0.880828 0.960837
0.492380 0.875903 0.059417
0.484895 0.596669 0.283300
0.474810 0.132594 0.802441
0.336653 0.979782 0.863948
0.681284 0.497004 0.838087
0.275845 0.723892 0.264384
0.977620 0.831619 0.486017
0.571685 0.571467 0.102163
0.778557 0.600268 0.552016
0.734135 0.255302 0.160158
0.640101 0.012975 0.072881
0.628839 0.857549 0.409122
0.272636 0.385079 0.592462
0.829967 0.010203 0.111116
0.043912 0.094286 0.758837
0.670928 0.321881 0.394053
0.689717 0.928329 0.686422
0.395023 0.050127 0.257742
0.558086 0.957457 0.067068
0.580118 0.313613 0.846239
0.894243 0.286758 0.720562
0.018365 0.505819 0.379440
0.716541 0.422646 0.115202
0.932029 0.542292 0.448107
0.634710 0.960330 0.205374
0.123851 0.404724 0.013641
0.827110 0.233215 0.477024
0.719265 0.394337 0.400335
0.200209 0.333702 0.662667
0.206697 0.526011 0.542148
0.403120 0.188748 0.676532
0.956390 0.478197 0.974934
0.482220 0.318869 0.260925
0.917253 0.963339 0.918875
0.108439 0.130667 0.345115
0.767021 0.056633 0.329018
0.054506 0.054560 0.438648
0.316472 0.178579 0.931965
0.733259 0.605846 0.798132
0.900226 0.833012 0.731682
0.658022 0.758825 0.735715
0.281736 0.914058 0.699439
0.568607 0.226295 0.199412
0.519384 0.502257 0.272516
0.629304 0.923511 0.717805
0.371968 0.406664 0.592855
0.458012 0.889194 0.106341
0.380350 0.293931 0.666933
0.856582 0.392284 0.006259
0.948447 0.090700 0.273611
0.592410 0.767534 0.319209
0.158641 0.994368 0.957631
0.170007 0.292382 0.116310
0.520372 0.187968 0.089936
0.268096 0.037197 0.194313
0.249441 0.443720 0.587246
0.860561 0.956299 0.419184
0.467047 0.216656 0.307004
0.195748 0.306006 0.514145
0.846327 0.214948 0.535428
0.834676 0.102656 0.610420
0.844684 0.472051 0.012464
0.422573 0.793667 0.829406
0.551501 0.184402 0.256142
0.930154 0.449088 0.658990
0.841703 0.514429 0.463091
0.812504 0.117109 0.508719
0.620464 0.518848 0.227391
0.560114 0.820571 0.837200
0.199092 0.884852 0.017946
0.258817 0.029023 0.888979
0.060759 0.888248 0.509649
0.895362 0.762502 0.810639
0.887123 0.320672 0.722177
0.243395 0.260370 0.808225
0.464720 0.196172 0.669387
0.206575 0.246066 0.730034
0.658761 0.641764 0.059342
0.115036 0.530383 0.325868
0.387380 0.290570 0.419433
0.891358 0.340933 0.310835
0.184768 0.599918 0.843671
0.815384 0.863416 0.634114
0.374061 0.878491 0.596892
0.866002 0.680240 0.256510
0.811830 0.430628 0.575133
0.374777 0.711634 0.796966
0.686597 0.700852 0.545402
0.430191 0.643841 0.380121
0.718906 0.707021 0.295545
0.074357 0.532900 0.387667
0.166239 0.820350 0.223216
0.185414 0.917438 0.873009
0.804150 0.460015 0.123845
0.546253 0.838998 0.017341
0.851116 0.937463 0.906470
0.207972 0.489127 0.680047
0.505321 0.174951 0.861271
0.950627 0.931845 0.284962
0.827382 0.454655 0.529922
0.578436 0.339779 0.740732
0.916612 0.346616 0.902310
0.576338 0.581350 0.301280
0.569502 0.883072 0.325909
0.831547 0.951395 0.169468
0.509081 0.665418 0.496478
0.272327 0.590480 0.013977
0.860691 0.669722 0.179967
0.060078 0.756103 0.657834
0.529711 0.395215 0.178685
0.294912 0.736782 0.924500
0.649065 0.419149 0.811830
0.368737 0.309918 0.990588
0.820594 0.493399 0.565947
0.239281 0.792787 0.233277
0.245289 0.771080 0.924446
0.552959 0.087542 0.061001
0.579096 0.275294 0.073333
0.125152 0.778810 0.844870
0.740425 0.028983 0.058117
0.747558 0.054132 0.439807
0.243057 0.178780 0.513124
0.060153 0.679880 0.372351
0.936794 0.060718 0.478155
0.143088 0.587362 0.403851
0.010424 0.224341 0.589020
0.278991 0.031815 0.580404
0.354941 0.272690 0.136795
0.711095 0.481399 0.193769
0.962648 0.121874 0.280722
0.344099 0.763549 0.689425
0.859561 0.808709 0.018111
0.728263 0.018064 0.351342
0.648837 0.645974 0.752128
0.895601 0.965387 0.582276
0.879436 0.031103 0.801452
0.273688 0.085625 0.079452
0.787578 0.604944 0.124625
0.981532 0.960567 0.520707
0.015859 0.684796 0.578841
0.402695 0.575808 0.739756
0.602380 0.529581 0.641980
0.804765 0.555423 0.725863
0.463004 0.906109 0.102336
0.676679 0.263977 0.516342
0.558510 0.764743 0.506567
0.994945 0.284789 0.840246
0.791100 0.825965 0.060373
0.108741 0.775801 0.060489
0.468866 0.665752 0.052387
0.701150 0.161923 0.571912
0.097777 0.159332 0.467536
0.268879 0.103622 0.309081
0.223703 0.350502 0.783186
0.613033 0.064487 0.815480
0.811804 0.582324 0.126184
0.698762 0.274045 0.193188
0.901784 0.913623 0.512270
0.307357 0.019293 0.609509
0.150316 0.913145 0.265208
0.089451 0.986441 0.229070
0.416919 0.025355 0.032500
0.539507 0.262141 0.331018
0.770806 0.414151 0.876091
0.946120 0.764689 0.289469
0.501024 0.346097 0.061943
0.807634 0.474356 0.772373
0.167253 0.196806 0.789796
0.097395 0.654190 0.823952
0.841417 0.834322 0.299082
0.336828 0.445195 0.413445
0.652629 0.334981 0.264951
0.103878 0.001645 0.129325
0.936513 0.048388 0.879543
0.054705 0.064709 0.001772
0.321335 0.354414 0.398938
0.158098 0.355140 0.940518
0.137665 0.027050 0.843234
0.974456 0.416845 0.830116
0.432571 0.133365 0.133369
0.449193 0.074516 0.702440
0.971674 0.820305 0.753156
0.534549 0.297675 0.291901
0.795257 0.402465 0.624477
0.309396 0.298145 0.009800
0.091054 0.778061 0.956317
0.076879 0.878119 0.498919
0.794542 0.874020 0.910523
0.433532 0.204920 0.548600
0.497462 0.648084 0.637436
0.872627 0.638984 0.452531
0.321875 0.068237 0.146847
0.688967 0.876091 0.574836
0.630605 0.210186 0.019350
0.268479 0.794519 0.450966
0.095867 0.965572 0.758839
0.172306 0.722787 0.824319
0.874730 0.462671 0.966136
0.588134 0.724995 0.265540
0.286761 0.021897 0.040443
0.320296 0.345340 0.106660
0.796266 0.070973 0.340744
0.241951 0.235198 0.074263
0.053581 0.611790 0.182672
0.742549 0.827013 0.473349
0.117363 0.718327 0.740669
0.093901 0.480348 0.715886
0.989701 0.748832 0.551353
0.718264 0.655650 0.370576
0.687859 0.987705 0.659161
0.731218 0.149555 0.982982
0.503153 0.289936 0.412225
0.821242 0.705257 0.289692
0.805686 0.911062 0.136934
0.566627 0.889311 0.053178
0.276367 0.648606 0.606381
0.032707 0.413305 0.226094
0.815694 0.714141 0.627202
0.850863 0.488244 0.924801
0.586293 0.817726 0.201666
0.556098 0.642021 0.851802
0.512714 0.704694 0.107781
0.463539 0.862803 0.151704
0.959163 0.537478 0.756150
0.118219 0.342628 0.624266
0.213065 0.048839 0.487703
0.552505 0.988840 0.740203
0.885275 0.478297 0.434988
0.508066 0.339273 0.372123
0.539493 0.142615 0.849994
0.649039 0.999379 0.872059
0.089877 0.587595 0.556815
0.568163 0.208049 0.975998
0.126957 0.184393 0.290421
0.600482 0.452281 0.572001
0.884626 0.372333 0.946661
0.189479 0.641696 0.546884
0.343125 0.694391 0.519927
0.164671 0.561140 0.557416
0.193759 0.149716 0.940502
0.943857 0.936998 0.388052
0.007919 0.648209 0.721799
0.465826 0.123957 0.974941
0.007645 0.542402 0.676060
0.328169 0.565723 0.152771
0.629590 0.130799 0.721815
0.439622 0.264703 0.707952
0.420828 0.808495 0.962165
0.693194 0.621659 0.837037
0.283577 0.009787 0.882419
0.730461 0.217157 0.965333
0.345711 0.391364 0.086889
0.268397 0.491257 0.073630
0.876764 0.148577 0.808890
0.319858 0.246500 0.612403
0.526065 0.265314 0.755420
0.738512 0.569565 0.068642
0.318611 0.155792 0.195493
0.468052 0.965748 0.811520
0.357709 0.746059 0.358867
0.943898 0.694231 0.475878
0.665355 0.122253 0.491171
0.292202 0.626745 0.694488
0.005911 0.883998 0.612796
0.193719 0.292898 0.726914
0.320448 0.577223 0.737974
0.956292 0.152703 0.693232
0.371167 0.423089 0.548694
0.999225 0.010615 0.288553
0.626705 0.588899 0.747666
0.606048 0.489938 0.069820
0.890582 0.742300 0.730172
0.434026 0.419452 0.368852
0.654327 0.080612 0.088510
0.724930 0.369532 0.666644
0.658052 0.401264 0.905832
0.758696 0.343640 0.718270
0.741052 0.151015 0.802140
0.517584 0.156615 0.909060
0.052495 0.452036 0.843255
0.616477 0.623771 0.130847
0.966011 0.504789 0.382484
0.468622 0.565099 0.085964
0.593862 0.329978 0.629270
0.135608 0.217811 0.047377
0.189555 0.632550 0.496102
0.944909 0.487521 0.657429
0.288029 0.318258 0.067503
0.461777 0.492165 0.168810
0.856249 0.966720 0.061173
0.487015 0.412387 0.575517
0.457263 0.766981 0.700039
0.635640 0.457881 0.443755
0.976552 0.204657 0.978267
0.825262 0.009399 0.438818
0.671816 0.082255 0.983085
0.977109 0.565813 0.440870
0.651437 0.515355 0.236930
0.817829 0.931261 0.740064
0.547254 0.794323 0.730801
0.143797 0.480276 0.581111
0.671771 0.747988 0.622930
0.640587 0.639984 0.919409
0.727990 0.283805 0.575362
0.728248 0.761202 0.044050
0.175435 0.831284 0.265848
0.614576 0.897456 0.671423
0.457801 0.729441 0.151412
0.223813 0.967360 0.199668
0.572349 0.449140 0.949489
0.405034 0.274647 0.185354
0.337454 0.044113 0.007576
0.872227 0.643260 0.013606
0.210874 0.011986 0.404654
0.153448 0.030800 0.795875
0.220937 0.131932 0.529825
0.879129 0.177119 0.382837
0.466614 0.366089 0.128886
0.337939 0.191574 0.965249
0.291525 0.752106 0.902168
0.917343 0.235130 0.975192
0.817405 0.763108 0.537083
0.677775 0.515520 0.884951
0.020704 0.226633 0.717988
0.900897 0.676325 0.538581
0.909153 0.323277 0.183443
0.013020 0.659189 0.287759
0.365213 0.889599 0.449796
0.334060 0.090996 0.366239
0.437380 0.657868 0.369501
0.430675 0.935980 0.577453
0.492764 0.336667 0.904745
0.447442 0.330669 0.415821
0.370230 0.588361 0.531846
0.004176 0.326945 0.496497
0.077265 0.266368 0.154045
0.555314 0.925353 0.081889
0.743671 0.273510 0.701098
0.462989 0.451563 0.424108
0.720790 0.950710 0.194867
0.620748 0.400184 0.170018
0.650827 0.380881 0.458536
0.453155 0.233063 0.491836
0.982225 0.262641 0.108743
0.920095 0.987055 0.757544
0.112797 0.417421 0.874380
0.560061 0.064968 0.471002
0.383731 0.987780 0.760510
0.967806 0.286229 0.480689
0.867891 0.107122 0.312225
0.068005 0.604607 0.191246
0.304051 0.139886 0.889070
0.777272 0.656162 0.662133
0.585765 0.048806 0.010668
0.336928 0.012993 0.878231
0.062239 0.144278 0.825936
0.637672 0.446738 0.425905
0.890157 0.050789 0.437658
0.977299 0.432445 0.911202
0.305853 0.593047 0.569131
0.007634 0.634590 0.897939
0.413546 0.399883 0.214003
0.122297 0.968371 0.680240
0.307208 0.724578 0.433448
0.289860 0.509300 0.600257
0.155958 0.150087 0.489859
0.931806 0.901237 0.871490
0.585465 0.597309 0.155862
0.973607 0.846120 0.199926
0.319583 0.314898 0.433636
0.464303 0.262045 0.842547
0.424076 0.562836 0.901737
0.892460 0.439088 0.274587
0.169287 0.802052 0.371036
0.641005 0.584102 0.145064
0.259449 0.597903 0.244945
0.361267 0.489190 0.888379
0.351738 0.439353 0.888265
0.039407 0.261169 0.784314
0.201322 0.469148 0.155838
0.946353 0.638276 0.151652
0.589538 0.009028 0.659550
0.551918 0.817163 0.176983
0.522226 0.572360 0.504221
0.308768 0.881097 0.304601
0.183173 0.145457 0.103024
0.932331 0.045799 0.534809
0.575984 0.727584 0.649166
0.201960 0.436970 0.383078
0.311472 0.784347 0.333588
0.669203 0.773799 0.961154
0.860534 0.516529 0.465732
0.758965 0.377841 0.174659
0.660832 0.409228 0.638688
0.943018 0.671572 0.218198
0.431947 0.081259 0.994420
0.239721 0.067886 0.826378
0.115485 0.395387 0.325710
0.449432 0.924740 0.525785
0.301528 0.685102 0.903892
0.053244 0.148085 0.029420
0.626347 0.077419 0.309189
0.512065 0.780463 0.997478
0.192985 0.449242 0.149877
0.586327 0.956172 0.201468
0.509523 0.977928 0.335818
0.945084 0.023485 0.320068
0.721537 0.662009 0.632295
0.919669 0.941559 0.035509
0.293887 0.435222 0.512703
0.039857 0.319553 0.370864
0.376054 0.224010 0.023885
0.217957 0.171389 0.268129
0.593299 0.052261 0.364655
0.776798 0.786891 0.642848
0.271146 0.980772 0.199488
0.733128 0.463532 0.530623
0.320263 0.132947 0.922387
0.305012 0.415507 0.184191
0.688474 0.202078 0.917402
0.510987 0.738807 0.115878
0.435151 0.699371 0.234001
0.236009 0.180638 0.099958
0.449176 0.737107 0.455779
0.812745 0.001111 0.547687
0.295336 0.220137 0.587046
0.223460 0.341103 0.234105
0.900320 0.278326 0.442878
0.196533 0.316456 0.638940
0.512999 0.909475 0.413277
0.634190 0.758003 0.959332
0.885035 0.546780 0.619871
0.055740 0.970232 0.110609
0.429764 0.176126 0.239434
0.558334 0.523740 0.531634
0.243490 0.703407 0.722021
0.713268 0.355730 0.450188
0.746376 0.586286 0.983334
0.226420 0.734751 0.129223
0.650990 0.088537 0.567122
0.660482 0.397269 0.185453
0.979865 0.640641 0.625606
0.297691 0.832741 0.353469
0.151013 0.479383 0.979137
0.892924 0.328061 0.607675
0.753482 0.669824 0.034275
0.567133 0.784630 0.746272
0.068172 0.254399 0.674030
0.079383 0.486051 0.144170
0.120551 0.652445 0.573629
0.283359 0.699283 0.740198
0.072186 0.297611 0.738779
0.586359 0.846567 0.937976
0.888070 0.964775 0.496336
0.738192 0.204230 0.182462
0.896937 0.647461 0.227283
0.978538 0.683361 0.898670
0.755192 0.773740 0.873393
0.985248 0.820285 0.548123
0.090024 0.311269 0.985386
0.126363 0.722611 0.181638
0.393359 0.573999 0.449573
0.469014 0.576550 0.595365
0.425212 0.951272 0.510698
0.206080 0.958122 0.151891
0.033608 0.798636 0.981301
0.187272 0.289215 0.440973
0.624173 0.891071 0.027425
0.756441 0.186502 0.893673
0.889134 0.474717 0.521571
0.688593 0.789082 0.702735
0.131782 0.874146 0.841232
0.392982 0.081159 0.346715
0.271984 0.031331 0.400539
0.605683 0.919780 0.968303
0.262246 0.954860 0.692657
0.828082 0.820252 0.656479
0.189657 0.484361 0.562139
0.498088 0.018478 0.614439
0.673834 0.964824 0.664336
0.090132 0.231466 0.538675
0.926888 0.452426 0.806985
0.302891 0.177439 0.516154
0.066479 0.591803 0.208729
0.356519 0.272636 0.716591
0.936716 0.315743 0.354851
0.236392 0.638647 0.516800
0.175921 0.196215 0.054931
0.727990 0.099004 0.969391
0.541359 0.565353 0.061940
0.990540 0.244894 0.330270
0.026137 0.104502 0.805383
0.075388 0.025422 0.519847
0.367840 0.349398 0.315693
0.375597 0.035970 0.851115
0.984434 0.389160 0.801248
0.552911 0.869049 0.442057
0.732616 0.570967 0.130885
0.359706 0.754165 0.653424
0.063828 0.760880 0.230575
0.642286 0.802214 0.988149
0.978787 0.955899 0.357725
0.224239 0.966304 0.503573
0.192254 0.218150 0.626096
0.049261 0.042551 0.105492
0.255581 0.607870 0.604820
0.820447 0.189488 0.626680
0.326524 0.502631 0.524406
0.450200 0.462939 0.758972
0.362775 0.286056 0.321307
0.805600 0.550759 0.940574
0.469805 0.400979 0.158307
0.616646 0.910201 0.468999
0.487345 0.815425 0.194158
0.178695 0.482296 0.208213
0.955592 0.526018 0.085684
0.542377 0.327686 0.619881
0.260134 0.164722 0.237504
0.844617 0.337555 0.012989
0.353814 0.087742 0.562837
0.996805 0.464735 0.726533
0.600473 0.004701 0.375909
0.257612 0.761050 0.582421
0.074486 0.671196 0.829228
0.363121 0.045653 0.117741
0.070323 0.476186 0.578130
0.152877 0.041455 0.034785
0.191474 0.572710 0.033207
0.856593 0.222415 0.311810
0.308153 0.277076 0.430501
0.204641 0.773795 0.788337
0.689166 0.513184 0.164024
0.956130 0.207816 0.079334
0.352307 0.906286 0.656644
0.387516 0.046251 0.952724
0.683909 0.184209 0.284545
0.411847 0.498618 0.395777
0.460891 0.130633 0.217972
0.712508 0.462440 0.819533
0.386970 0.484848 0.068921
0.088840 0.420114 0.706416
0.784819 0.945262 0.588705
0.989450 0.951208 0.381804
0.992997 0.757755 0.670060
0.860147 0.124773 0.190958
0.993784 0.847643 0.262247
0.514570 0.213869 0.128712
0.108897 0.396160 0.587086
0.578875 0.174189 0.127784
0.284522 0.763781 0.313238
0.206645 0.070934 0.390264
0.057926 0.007456 0.961157
0.539375 0.754600 0.530098
0.907372 0.469751 0.928362
0.985731 0.195803 0.140361
0.351121 0.439454 0.482040
0.640966 0.817527 0.520998
0.431975 0.828784 0.716804
0.681029 0.358452 0.793102
0.568485 0.650023 0.116237
0.319873 0.135526 0.179097
0.745179 0.841162 0.563981
0.512623 0.413084 0.650883
0.500660 0.764718 0.049228
0.124950 0.007838 0.840863
0.010363 0.278846 0.313535
0.049161 0.979260 0.668684
0.648893 0.324793 0.815956
0.386686 0.764842 0.170802
0.561502 0.071426 0.392897
0.744451 0.586881 0.680971
0.703865 0.410601 0.471239
0.127922 0.810260 0.754520
0.005420 0.986875 0.099275
0.846410 0.526831 0.748636
0.830222 0.240740 0.126898
0.390457 0.910648 0.853733
0.536967 0.519060 0.453492
0.711301 0.686986 0.984646
0.627799 0.006945 0.523301
0.368378 0.584036 0.325253
0.906214 0.602913 0.529601
0.563232 0.940777 0.389791
0.959312 0.785020 0.885664
0.530453 0.957054 0.395241
0.716782 0.616782 0.637267
0.168329 0.658928 0.361440
0.870330 0.928041 0.859846
0.880008 0.994529 0.106141
0.311087 0.177509 0.125576
0.188136 0.502611 0.471043
0.700705 0.620395 0.911746
0.431154 0.866228 0.383768
0.852525 0.238339 0.022144
0.969678 0.380164 0.256113
0.278667 0.549602 0.835042
0.825247 0.515070 0.731676
0.500205 0.914957 0.614963
0.473144 0.461649 0.521359
0.180869 0.558425 0.002229
0.685160 0.040663 0.823335
0.364194 0.042253 0.059184
0.656883 0.152615 0.594080
0.570031 0.091371 0.592734
0.564088 0.056040 0.009214
0.865018 0.768101 0.482381
0.202560 0.965269 0.060400
0.164540 0.978457 0.406102
0.657738 0.692713 0.236434
0.717028 0.020118 0.497989
0.549590 0.644782 0.592940
0.757919 0.289578 0.882339
0.629639 0.351275 0.598970
0.139669 0.300651 0.391536
0.463211 0.127121 0.252655
0.436559 0.772160 0.904133
0.618648 0.884581 0.529529
0.240620 0.053021 0.386691
0.352252 0.524354 0.744810
0.516937 0.499589 0.530525
0.727924 0.941057 0.484126
0.490381 0.019557 0.784336
0.374631 0.646906 0.616571
0.387088 0.649413 0.661102
0.065243 0.994167 0.095673
0.494738 0.644721 0.115405
0.980436 0.706069 0.116978
0.987700 0.527546 0.312035
0.431754 0.385527 0.774988
0.511423 0.448328 0.711702
0.380659 0.795893 0.930002
0.026093 0.539908 0.016123
0.717317 0.982099 0.271757
0.579420 0.850452 0.682765
0.731662 0.819740 0.597246
0.643568 0.271917 0.715716
0.539788 0.015303 0.138714
0.409118 0.558906 0.626916
0.030161 0.033553 0.815679
0.705749 0.614646 0.213312
0.165861 0.267873 0.433034
0.129639 0.533560 0.475261
0.608522 0.428164 0.886421
0.744301 0.683181 0.392305
0.735117 0.648105 0.337536
0.682170 0.650384 0.199855
0.620791 0.248894 0.862212
0.368908 0.654289 0.543045
0.465042 0.896558 0.566683
0.887509 0.746442 0.703898
0.807938 0.300532 0.899708
0.451697 0.602548 0.523657
0.484065 0.862774 0.540165
0.822488 0.742078 0.278860
0.328540 0.462703 0.690007
0.686885 0.715588 0.322312
0.353412 0.812696 0.369326
0.666251 0.087955 0.887929
0.044450 0.067001 0.597220
0.317199 0.757425 0.746395
0.024075 0.071249 0.934162
0.780417 0.115844 0.392145
0.729238 0.181647 0.836024
0.448705 0.876605 0.813771
0.020065 0.299903 0.582536
0.141516 0.948912 0.275916
0.927588 0.134339 0.789282
0.731138 0.418473 0.451000
0.066463 0.462637 0.890877
0.946848 0.838219 0.311883
0.921599 0.312369 0.549650
0.650802 0.468907 0.126490
0.581035 0.903553 0.317034
0.116918 0.117983 0.362614
0.377394 0.717599 0.777890
0.882426 0.195105 0.555199
0.589916 0.152430 0.796470
0.312021 0.633217 0.639893
0.194846 0.447149 0.200372
0.000843 0.939884 0.375732
0.888833 0.854506 0.103928
0.215199 0.801826 0.006145
0.454388 0.287317 0.114981
0.310817 0.086370 0.719276
0.514599 0.270670 0.704504
0.954095 0.856742 0.213652
0.052744 0.929795 0.290254
0.268565 0.069821 0.171597
0.019673 0.849070 0.398632
0.753513 0.212895 0.602258
0.393896 0.910078 0.831742
0.141557 0.594911 0.021641
0.528154 0.207005 0.470908
0.355988 0.547226 0.249457
0.533134 0.819219 0.406758
0.336356 0.134302 0.764714
0.562350 0.041617 0.609418
0.696034 0.311039 0.661160
0.499437 0.541980 0.020870
0.168965 0.033774 0.996670
0.358690 0.965415 0.984591
0.361083 0.283048 0.069982
0.989036 0.690568 0.185825
0.023160 0.539122 0.435329
0.994354 0.460388 0.733307
0.582127 0.373782 0.620990
0.339661 0.808649 0.530561
0.207123 0.803423 0.668948
0.860956 0.115743 0.869746
0.974393 0.001898 0.195375
0.706274 0.631995 0.600876
0.029840 0.814763 0.164565
0.846441 0.965411 0.620725
0.975733 0.960886 0.217089
0.798165 0.239675 0.538698
0.332500 0.146248 0.791560
0.615109 0.626759 0.759407
0.003930 0.050114 0.489469
0.103639 0.107229 0.603292
0.564558 0.433947 0.720988
0.694850 0.911740 0.386316
0.610893 0.860114 0.043833
0.610145 0.546555 0.242732
0.929375 0.819951 0.601487
0.237849 0.086107 0.318416
0.165739 0.931345 0.030933
0.544254 0.905133 0.191118
0.931697 0.322615 0.728145
0.719308 0.455655 0.950502
0.074685 0.019124 0.993842
0.190050 0.136523 0.534734
0.775103 0.125587 0.886520
0.836023 0.616586 0.434476
0.709533 0.800105 0.204100
0.438530 0.087133 0.657812
0.863180 0.301182 0.101189
0.796384 0.505262 0.642221
0.519210 0.394226 0.144715
0.859316 0.064084 0.893415
0.168841 0.403825 0.286109
0.388680 0.214616 0.707325
0.721478 0.520255 0.469425
0.080744 0.165255 0.591906
0.607123 0.282345 0.110042
0.361174 0.017766 0.798066
0.506726 0.196418 0.084986
0.533228 0.293715 0.125119
0.333904 0.145092 0.721821
0.806986 0.383969 0.724229
0.255274 0.334569 0.565608
0.908931 0.156822 0.372533
0.551742 0.183122 0.267079
0.461938 0.396625 0.078628
0.354485 0.519061 0.244649
0.411526 0.264115 0.623433
0.990134 0.989003 0.143740
0.453296 0.793959 0.159070
0.277598 0.192263 0.808710
0.816367 0.285187 0.079238
0.353761 0.140552 0.201423
0.613598 0.843662 0.673395
0.636768 0.490300 0.682799
0.286099 0.484402 0.464005
0.955689 0.974422 0.145527
0.679635 0.466278 0.866553
0.930644 0.443955 0.451855
0.155378 0.140988 0.815267
0.022220 0.407301 0.101962
0.852666 0.917262 0.399536
0.737446 0.278608 0.218568
0.452214 0.434513 0.849753
0.152900 0.899570 0.877969
0.609751 0.164980 0.147702
0.795014 0.873015 0.315400
0.061803 0.122075 0.724406
0.802764 0.080307 0.377105
0.118663 0.634965 0.390131
0.721008 0.038312 0.664028
0.555174 0.332541 0.958837
0.042509 0.307229 0.258532
0.235810 0.539422 0.436020
0.563478 0.818216 0.837282
0.084158 0.003813 0.602830
0.430797 0.957328 0.942849
0.370650 0.595831 0.009142
0.117675 0.094486 0.256824
0.549428 0.787022 0.526783
0.749566 0.295714 0.610435
0.253568 0.778410 0.526805
0.671476 0.037966 0.793265
0.435542 0.530363 0.488727
0.765650 0.981647 0.773749
0.669990 0.182428 0.516277
0.610427 0.411418 0.739080
0.121274 0.242107 0.151377
0.565206 0.925562 0.217550
0.314445 0.822143 0.953461
0.689347 0.038514 0.714250
0.792116 0.140256 0.088681
0.635638 0.078195 0.156645
0.245634 0.089044 0.591300
0.337693 0.990238 0.310255
0.201053 0.455188 0.583456
0.399838 0.943248 0.441754
0.548126 0.340010 0.734240
0.223520 0.260163 0.220470
0.735368 0.827351 0.428858
0.754547 0.463807 0.776333
0.862400 0.950992 0.858793
0.559444 0.492327 0.082400
0.643083 0.931718 0.378323
0.376510 0.695843 0.720598
0.998749 0.077842 0.087014
0.575075 0.453373 0.845132
0.888146 0.955291 0.046048
0.720790 0.705521 0.580740
0.638647 0.306813 0.272475
0.719242 0.097737 0.921797
0.306971 0.401821 0.980872
0.708020 0.352668 0.307673
0.476389 0.873772 0.688269
0.793480 0.718540 0.306401
0.051476 0.618906 0.286355
0.542787 0.663327 0.585888
0.292706 0.643669 0.423339
0.651295 0.907993 0.598358
0.538314 0.339291 0.339050
0.689018 0.255819 0.412909
0.373637 0.662178 0.728289
0.586709 0.975015 0.387062
0.356700 0.042892 0.026086
0.224000 0.465729 0.502632
0.412321 0.990748 0.005495
0.931911 0.585109 0.171952
0.467726 0.145993 0.076953
0.474064 0.689340 0.214813
0.408721 0.725689 0.155537
0.710473 0.074806 0.181424
0.753708 0.518018 0.212472
0.912506 0.261994 0.525314
0.497704 0.845134 0.249384
0.015608 0.492480 0.352704
0.633563 0.870010 0.900849
0.526795 0.548637 0.041476
0.034533 0.768240 0.632681
0.494703 0.636674 0.807998
0.155048 0.589965 0.451986
0.231377 0.207915 0.771611
0.393048 0.528427 0.062662
0.012528 0.438852 0.597259
0.108451 0.950275 0.553881
0.064186 0.882004 0.838901
0.995932 0.668237 0.921239
0.558103 0.634118 0.734007
0.435788 0.902996 0.605512
0.853157 0.698446 0.761330
0.477712 0.519909 0.044414
0.501881 0.748204 0.907252
0.449573 0.794353 0.719111
0.857526 0.042881 0.832338
0.647649 0.854134 0.695457
0.971766 0.281588 0.020268
0.271404 0.041989 0.841042
0.562223 0.377930 0.637850
0.063430 0.796476 0.867930
0.734177 0.881364 0.856708
0.674318 0.496278 0.366676
0.401347 0.879396 0.439797
0.727385 0.888671 0.472386
0.695726 0.330825 0.566642
0.363172 0.690166 0.623684
0.916241 0.731290 0.377578
0.998804 0.563192 0.776895
0.320216 0.420201 0.458829
0.873461 0.209759 0.931165
0.090282 0.932763 0.335398
0.846605 0.707857 0.346248
0.677456 0.699489 0.493223
0.910194 0.601868 0.514275
0.221988 0.911274 0.413123
0.641502 0.189127 0.905973
0.964911 0.386168 0.390843
0.897913 0.441694 0.298280
0.684511 0.101290 0.485365
0.205442 0.046984 0.686673
0.340370 0.779798 0.964063
0.289359 0.714956 0.629225
0.325382 0.762501 0.024242
0.550428 0.432806 0.597174
0.970673 0.021064 0.345563
0.699715 0.335712 0.613943
0.953857 0.654055 0.114636
0.628466 0.786133 0.489052
0.945690 0.089506 0.018574
0.588016 0.117576 0.460010
0.701243 0.450009 0.753118
0.889788 0.952589 0.562879
0.925899 0.162242 0.520792
0.609029 0.573410 0.427532
0.171306 0.946966 0.758123
0.368403 0.338642 0.342228
0.438422 0.409213 0.864067
0.860521 0.564847 0.936106
0.693622 0.344325 0.455359
0.992873 0.575928 0.852428
0.429959 0.324867 0.890224
0.126527 0.041726 0.013363
0.170423 0.458455 0.680997
0.022848 0.704105 0.625121
0.681817 0.499568 0.294419
0.993021 0.877792 0.187059
0.208779 0.446109 0.863238
0.028878 0.521602 0.081324
0.876864 0.942328 0.212738
0.966293 0.935693 0.315582
0.700189 0.912274 0.782679
0.097094 0.122143 0.497677
0.619958 0.122656 0.474231
0.931992 0.317639 0.406811
0.112372 0.753273 0.282838
0.660680 0.168056 0.982808
0.595925 0.970328 0.328210
0.998978 0.663214 0.257459
0.677762 0.795039 0.932687
0.742953 0.490197 0.567539
0.866497 0.089747 0.692353
0.937306 0.613952 0.974037
0.516238 0.329180 0.695862
0.919253 0.110561 0.060385
0.323461 0.064101 0.360655
0.175996 0.138004 0.625504
0.787200 0.620921 0.731158
0.631399 0.059908 0.279238
0.577270 0.828405 0.689363
0.520009 0.953432 0.143873
0.106204 0.692077 0.632434
0.109799 0.583186 0.282190
0.583508 0.785906 0.720370
0.455864 0.422459 0.552639
0.224891 0.876651 0.082937
0.021665 0.958297 0.574355
0.997703 0.645849 0.363330
0.819314 0.194140 0.040131
0.570252 0.475002 0.469589
0.584460 0.976967 0.990472
0.255427 0.787728 0.856451
0.205893 0.680416 0.445947
0.593082 0.669399 0.054610
0.052875 0.386550 0.225498
0.575026 0.168672 0.825422
0.909074 0.104065 0.031915
0.863419 0.023084 0.382097
0.096899 0.471540 0.250408
0.377347 0.747018 0.821239
0.453580 0.982352 0.828745
0.540113 0.223828 0.907162
0.957988 0.145911 0.206026
0.392572 0.016102 0.505868
0.487149 0.309870 0.164978
0.755583 0.625173 0.599706
0.915368 0.350580 0.454539
0.470804 0.866371 0.681255
0.801078 0.284892 0.888876
0.619398 0.328215 0.328784
0.945393 0.679380 0.497417
0.805588 0.540637 0.584520
0.296901 0.358952 0.586854
0.491115 0.930126 0.043684
0.429385 0.497772 0.819355
0.993769 0.157096 0.387153
0.932703 0.060577 0.451718
0.314579 0.515070 0.973704
0.910449 0.553975 0.540681
0.866539 0.241139 0.518653
0.127838 0.753804 0.191981
0.191907 0.653555 0.146951
0.286030 0.263563 0.628345
0.674620 0.250035 0.344028
0.381537 0.571178 0.409128
0.876783 0.363933 0.346031
0.853023 0.081623 0.268025
0.561368 0.971885 0.762386
0.871339 0.583112 0.124253
0.502828 0.690295 0.764784
0.570309 0.599578 0.079154
0.189604 0.705772 0.950137
0.546706 0.182094 0.953965
0.790557 0.481373 0.783883
0.243038 0.571081 0.736578
0.178637 0.742228 0.311969
0.013879 0.022701 0.716475
0.535283 0.015948 0.087379
0.350780 0.425943 0.338807
0.358338 0.584685 0.930187
0.496948 0.561709 0.321201
0.815197 0.563311 0.778018
0.496685 0.485583 0.647549
0.139496 0.442390 0.639435
0.159909 0.148087 0.494223
0.324118 0.037522 0.112729
0.043668 0.992783 0.508175
0.232953 0.699865 0.555987
0.159507 0.198628 0.082420
0.718767 0.270039 0.524628
0.585423 0.414432 0.182649
0.337395 0.742419 0.761163
0.163114 0.260027 0.759075
0.718901 0.053881 0.350745
0.912137 0.723832 0.433533
0.104015 0.055700 0.773465
0.441984 0.897583 0.262904
0.745293 0.438146 0.922200
0.995687 0.935350 0.669217
0.848429 0.652228 0.458069
0.786096 0.569157 0.932503
0.641679 0.597284 0.576280
0.654675 0.601748 0.464838
0.843560 0.723533 0.023218
0.903748 0.262356 0.821938
0.967900 0.003036 0.628615
0.977232 0.398371 0.233869
0.091030 0.842302 0.096354
0.767548 0.392176 0.191191
0.429118 0.365443 0.516897
0.312558 0.254047 0.240803
0.431162 0.489527 0.185175
0.795813 0.033224 0.635019
0.949514 0.692786 0.728353
0.499879 0.223756 0.673464
0.968290 0.946283 0.589683
0.362223 0.174442 0.191338
0.185634 0.512499 0.844555
0.037792 0.522739 0.757198
0.355962 0.177047 0.049491
0.366591 0.199900 0.929466
0.129705 0.775253 0.441734
0.671535 0.466737 0.731795
0.216959 0.146050 0.767424
0.330377 0.627140 0.494609
0.582743 0.346603 0.023302
0.142099 0.848539 0.340049
0.706368 0.194004 0.313041
0.974149 0.977309 0.183575
0.059399 0.958950 0.401127
0.422325 0.782567 0.846742
0.455591 0.991911 0.501206
0.177512 0.098522 0.933262
0.513131 0.664617 0.261106
0.982419 0.104630 0.147505
0.751749 0.398142 0.817644
0.846262 0.151084 0.104546
0.469565 0.708655 0.327935
0.904446 0.244405 0.904994
0.578843 0.095168 0.481178
0.389114 0.410912 0.060736
0.472482 0.854078 0.537894
0.111114 0.947657 0.293692
0.480886 0.644276 0.674199
0.897388 0.933018 0.526983
0.751918 0.539661 0.553549
0.022046 0.313592 0.326521
0.334780 0.428614 0.132745
0.500386 0.758303 0.455838
0.638601 0.342330 0.429091
0.632340 0.024867 0.329115
0.531179 0.161450 0.600705
0.062667 0.650252 0.778875
0.993024 0.300202 0.500606
0.387245 0.174091 0.144307
0.430122 0.407421 0.781942
0.084195 0.589559 0.883347
0.202616 0.643347 0.816633
0.797873 0.122057 0.558500
0.272173 0.692702 0.421037
0.505219 0.732898 0.727285
0.528662 0.931044 0.942696
0.833972 0.216278 0.774046
0.358793 0.129667 0.280530
0.502111 0.967068 0.950920
0.953344 0.028399 0.338811
0.667598 0.829155 0.384898
0.932969 0.775201 0.134168
0.851388 0.133930 0.316032
0.576278 0.420605 0.695965
0.980287 0.725875 0.635249
0.461638 0.439971 0.110157
0.135713 0.774139 0.955105
0.422161 0.951150 0.885373
0.071716 0.913486 0.380772
0.568448 0.538928 0.881712
0.481578 0.415677 0.640732
0.390283 0.816957 0.010244
0.412141 0.955171 0.149525
0.323193 0.176638 0.066790
0.827094 0.765502 0.620565
0.335656 0.025727 0.294913
0.983210 0.150971 0.434385
0.944856 0.937986 0.604920
0.837087 0.444581 0.713804
0.686895 0.831031 0.533879
0.222649 0.820113 0.820914
0.394623 0.069110 0.216770
0.619033 0.095746 0.085234
0.859113 0.290513 0.970138
0.686678 0.756962 0.808844
0.875460 0.052987 0.566605
0.027366 0.187961 0.402141
0.992573 0.588601 0.843088
0.721310 0.745010 0.503917
0.842494 0.828898 0.002815
0.988281 0.519800 0.811852
0.537628 0.162436 0.730194
0.802474 0.122196 0.115758
0.619571 0.701634 0.659210
0.288626 0.852593 0.011059
0.062327 0.317313 0.887608
0.352470 0.604941 0.050619
0.604276 0.449932 0.378168
0.661299 0.454625 0.149293
0.456035 0.901158 0.172307
0.228635 0.795105 0.050709
0.391383 0.774401 0.140375
0.607186 0.791531 0.602871
0.183010 0.323268 0.303689
0.537531 0.022122 0.632610
0.299087 0.069251 0.456302
0.748690 0.943082 0.317454
0.328404 0.340810 0.075202
0.745349 0.298907 0.100405
0.120696 0.999758 0.610391
0.208473 0.282765 0.596831
0.910055 0.533201 0.222558
0.565901 0.671196 0.621382
0.553392 0.850800 0.039534
0.697414 0.831573 0.804174
0.346172 0.714186 0.449119
0.174042 0.352322 0.813258
0.790580 0.245080 0.580693
0.212861 0.204906 0.993616
0.235141 0.753567 0.817470
0.899339 0.993688 0.402017
0.193944 0.621590 0.570958
0.750531 0.131365 0.720247
0.333240 0.361561 0.525257
0.254271 0.503228 0.704188
0.583214 0.014344 0.527710
0.053463 0.987672 0.801924
0.748386 0.124263 0.201758
0.286707 0.272470 0.808426
0.440257 0.309878 0.853877
0.065559 0.771247 0.454935
0.700329 0.574962 0.791719
0.310002 0.106334 0.032097
0.217879 0.287382 0.348040
0.286753 0.500697 0.767656
0.405986 0.224811 0.711486
0.826811 0.832261 0.679336
0.125871 0.983337 0.155824
0.485687 0.802147 0.639097
0.956571 0.568592 0.597243
0.397003 0.561112 0.489145
0.415274 0.358921 0.976666
0.635810 0.349777 0.729680
0.131714 0.901419 0.942620
0.007244 0.639034 0.899926
0.366339 0.813831 0.568342
0.227830 0.923584 0.009913
0.813015 0.839456 0.072471
0.037711 0.466633 0.898856
0.822236 0.886960 0.093026
0.839683 0.358025 0.580456
0.155367 0.034534 0.824869
0.684936 0.469451 0.354784
0.355752 0.946049 0.810336
0.300410 0.571856 0.800722
0.983405 0.746475 0.479755
0.573230 0.915478 0.180026
0.027797 0.630105 0.555823
0.422398 0.492879 0.110152
0.843156 0.548803 0.593878
0.645898 0.403452 0.741196
0.794572 0.503278 0.391293
0.684465 0.494664 0.486394
0.706438 0.512928 0.361960
0.297069 0.350398 0.201033
0.119516 0.649935 0.439167
0.199801 0.261140 0.144939
0.605525 0.145140 0.667269
0.264525 0.786335 0.521205
0.278775 0.646054 0.044184
0.606058 0.270563 0.789760
0.079533 0.427096 0.814252
0.874479 0.353894 0.892769
0.397413 0.473939 0.126185
0.035092 0.362282 0.109710
0.539865 0.349183 0.923400
0.281233 0.352048 0.637860
0.663315 0.238212 0.701590
0.944962 0.808372 0.611286
0.527185 0.302838 0.445826
0.452008 0.356698 0.645927
0.085676 0.143897 0.076683
0.844919 0.724914 0.737489
0.459034 0.508988 0.565641
0.447321 0.726769 0.790411
0.384041 0.694816 0.290869
0.585560 0.380481 0.520568
0.555676 0.709440 0.777807
0.206578 0.557166 0.643890
0.660745 0.419206 0.676689
0.649142 0.509698 0.029166
0.542596 0.517377 0.770285
0.251000 0.472291 0.485054
0.336114 0.860377 0.023651
0.444314 0.802722 0.519843
0.676255 0.340814 0.436761
0.335881 0.503238 0.305370
0.113081 0.410582 0.545634
0.084219 0.448819 0.794489
0.838866 0.052942 0.680093
0.384153 0.214165 0.878775
0.424919 0.263681 0.371735
0.498266 0.595695 0.467654
0.348228 0.408712 0.927366
0.483436 0.614586 0.346981
0.931966 0.929018 0.759689
0.934383 0.975342 0.737879
0.756853 0.490751 0.122772
0.875073 0.103495 0.295275
0.402678 0.734319 0.229790
0.804717 0.913672 0.102883
0.491607 0.228174 0.588851
0.371661 0.261998 0.918745
0.864869 0.329706 0.712732
0.971868 0.991822 0.244788
0.462833 0.565967 0.988389
0.727317 0.823157 0.438308
0.143685 0.465504 0.341558
0.145347 0.072331 0.862210
0.841421 0.725749 0.046495
0.983079 0.256799 0.242542
0.584645 0.192522 0.948917
0.737134 0.545202 0.565526
0.935200 0.673515 0.876103
0.255069 0.601127 0.456425
0.672151 0.714216 0.604225
0.350411 0.363416 0.060211
0.489338 0.440254 0.256527
0.352392 0.897529 0.493106
0.751391 0.349160 0.584149
0.656200 0.517982 0.132438
0.477233 0.314721 0.236933
0.397071 0.273720 0.121665
0.187311 0.143650 0.343609
0.456070 0.010920 0.800735
0.395430 0.250728 0.543707
0.210918 0.146400 0.053121
0.721562 0.209181 0.699590
0.230087 0.705069 0.271457
0.338077 0.656700 0.072941
0.737625 0.710991 0.958138
0.058225 0.647394 0.179884
0.633777 0.677139 0.383405
0.161552 0.140187 0.009449
0.821139 0.590537 0.472618
0.383194 0.641303 0.475924
0.854899 0.437171 0.748961
0.148003 0.805526 0.955012
0.472040 0.327612 0.962629
0.565480 0.989678 0.467138
0.995323 0.633759 0.705868
0.376326 0.462049 0.564187
0.302150 0.908447 0.638566
0.961832 0.216434 0.633295
0.820131 0.203967 0.407878
0.325768 0.223057 0.963022
0.618293 0.320910 0.380455
0.306646 0.465973 0.494599
0.314817 0.841411 0.841642
0.966464 0.495230 0.254794
0.232240 0.596716 0.193799
0.029463 0.814473 0.072758
0.183248 0.594712 0.076280
0.566802 0.310264 0.481120
0.312803 0.512713 0.627814
0.542520 0.825995 0.087623
0.766335 0.718784 0.095366
0.215445 0.388106 0.608345
0.533588 0.594255 0.058754
0.603679 0.851676 0.807490
0.479887 0.244087 0.469470
0.471527 0.840222 0.790273
0.126326 0.968878 0.976620
0.355057 0.172549 0.501334
0.433503 0.584700 0.758121
0.165134 0.540511 0.128517
0.911647 0.720947 0.298992
0.499019 0.133385 0.904664
0.444363 0.020107 0.169886
0.616594 0.960655 0.087200
0.111711 0.927818 0.910729
0.994778 0.683447 0.146955
0.031293 0.590023 0.324296
0.276669 0.248944 0.454381
0.977627 0.116992 0.290826
0.582794 0.106636 0.322312
0.763380 0.018397 0.941870
0.618542 0.567470 0.215299
0.483965 0.681376 0.428372
0.840401 0.234495 0.667405
0.140937 0.948685 0.096211
0.905666 0.962425 0.424489
0.890921 0.563912 0.104386
0.361817 0.832404 0.262801
0.136455 0.280193 0.698158
0.740652 0.584972 0.093660
0.541119 0.473164 0.172304
0.807131 0.671666 0.968252
0.940417 0.581341 0.641064
0.556184 0.131187 0.252154
0.756261 0.507435 0.379156
0.874576 0.122072 0.538619
0.961442 0.063925 0.038687
0.576628 0.426198 0.527912
0.063909 0.116476 0.598374
0.824170 0.878625 0.329758
0.857654 0.076670 0.433077
0.550537 0.393242 0.365570
0.470908 0.505049 0.477199
0.032117 0.871132 0.992589
0.247633 0.888851 0.779539
0.965437 0.553169 0.631485
0.275151 0.678778 0.134508
0.278106 0.019852 0.957313
0.338560 0.900832 0.641763
0.528301 0.645539 0.983809
0.719150 0.026192 0.251872
0.213362 0.356655 0.055881
0.545302 0.919371 0.257261
0.605813 0.064516 0.361223
0.341065 0.951997 0.339229
0.382082 0.518952 0.404787
0.645614 0.946262 0.663714
0.656961 0.924246 0.524932
0.466144 0.606490 0.248954
0.043834 0.548422 0.857451
0.946778 0.738796 0.640452
0.562302 0.909169 0.230364
0.824537 0.035423 0.118315
0.808047 0.980276 0.903327
0.259625 0.551867 0.428088
0.412206 0.239227 0.536107
0.227010 0.125176 0.186438
0.459159 0.554404 0.138411
0.855254 0.589814 0.503386
0.116277 0.462518 0.734099
0.829396 0.608359 0.073062
0.134646 0.709680 0.930262
0.230711 0.471367 0.715782
0.620149 0.651977 0.214739
0.172210 0.614444 0.873975
0.839192 0.695220 0.687213
0.724455 0.377949 0.705059
0.249162 0.569022 0.507242
0.051293 0.811554 0.284329
0.744708 0.247171 0.759136
0.421903 0.787373 0.036251
0.104710 0.508094 0.485716
0.295957 0.973768 0.909711
0.050435 0.224470 0.611383
0.844084 0.059354 0.392484
0.858998 0.444684 0.143272
0.256474 0.701238 0.951081
0.034157 0.642321 0.752211
0.663816 0.701188 0.299844
0.341562 0.177207 0.361224
0.010365 0.806563 0.782981
0.511164 0.651545 0.295874
0.136308 0.731789 0.123545
0.321942 0.160624 0.211157
0.626122 0.475025 0.680704
0.317264 0.284671 0.524751
0.393027 0.301390 0.744027
0.581278 0.369655 0.388814
0.479911 0.254229 0.891062
0.686708 0.972658 0.599848
0.569683 0.629923 0.313244
0.218495 0.907894 0.978690
0.933577 0.778048 0.714306
0.119277 0.545432 0.891140
0.139391 0.228075 0.446912
0.348995 0.845992 0.871989
0.389912 0.556088 0.513623
0.643798 0.618040 0.406665
0.584720 0.639312 0.724228
0.825933 0.550127 0.832231
0.649791 0.616931 0.644006
0.866758 0.651729 0.424457
0.506465 0.497514 0.341705
0.463757 0.627104 0.929585
0.920141 0.696062 0.333712
0.216833 0.812877 0.164067
0.485064 0.305214 0.024205
0.198390 0.347003 0.637660
0.382190 0.540301 0.428337
0.086995 0.507608 0.101362
0.938268 0.369234 0.633821
0.707983 0.920841 0.279506
0.981872 0.843052 0.964349
0.917739 0.012091 0.416450
0.736786 0.744229 0.825388
0.672844 0.282051 0.510445
0.711517 0.508293 0.889181
0.482673 0.067340 0.479113
0.197814 0.041666 0.202740
0.279283 0.499053 0.333115
0.003170 0.904886 0.608814
0.272517 0.704561 0.662270
0.551619 0.727196 0.829709
0.511874 0.893637 0.669286
0.395381 0.410457 0.340175
0.627058 0.242288 0.089781
0.454712 0.734138 0.604662
0.662557 0.420147 0.788131
0.305922 0.144920 0.589633
0.001925 0.475220 0.877753
0.725808 0.095375 0.845779
0.158996 0.778062 0.817361
0.063769 0.918338 0.760293
0.821399 0.416730 0.480569
0.894470 0.497592 0.338632
0.219432 0.083403 0.153481
0.566321 0.968818 0.573081
0.948414 0.864509 0.543523
0.686081 0.585788 0.129891
0.724411 0.658463 0.026989
0.654869 0.288385 0.717030
0.340415 0.749945 0.715473
0.698109 0.892415 0.136772
0.974137 0.983785 0.791500
0.011646 0.242168 0.561403
0.850828 0.259055 0.636748
0.644240 0.399280 0.661598
0.235402 0.393903 0.905781
0.075044 0.371857 0.278851
0.145197 0.512221 0.332790
0.778750 0.271974 0.803190
0.846787 0.483280 0.094093
0.836008 0.215086 0.679948
0.259707 0.368047 0.250550
0.068772 0.001841 0.269946
0.733712 0.538119 0.035880
0.019072 0.682429 0.080167
0.919100 0.709039 0.495047
0.291819 0.927095 0.829800
0.993293 0.291409 0.885234
0.621710 0.490073 0.429017
0.037181 0.473411 0.454090
0.963750 0.636855 0.786519
0.606172 0.642841 0.208055
0.367048 0.533035 0.047355
0.919411 0.756605 0.810085
0.463676 0.711435 0.261048
0.629780 0.233087 0.623074
0.260657 0.507570 0.456618
0.054899 0.142945 0.920275
0.700561 0.145942 0.632153
0.532289 0.828953 0.001158
0.417087 0.165261 0.110183
0.548612 0.743583 0.048658
0.101869 0.537991 0.961242
0.246587 0.147814 0.214700
0.808866 0.182980 0.614454
0.728886 0.582071 0.815335
0.776993 0.786688 0.670594
0.825300 0.632869 0.095114
0.543893 0.372636 0.269399
0.525914 0.616396 0.611637
0.828216 0.684883 0.776125
0.858176 0.836833 0.516734
0.528466 0.501457 0.638214
0.037422 0.890736 0.186446
0.392826 0.167575 0.634629
0.054856 0.551122 0.111274
0.437470 0.225484 0.407168
0.475424 0.070768 0.307065
0.924830 0.635029 0.672816
0.999533 0.583458 0.166260
0.345876 0.484100 0.197568
0.063546 0.552018 0.653684
0.773795 0.071699 0.142402
0.094334 0.629297 0.612958
0.124435 0.711006 0.163643
0.486535 0.964158 0.034400
0.809638 0.832655 0.075416
0.662288 0.135990 0.089387
0.184959 0.081873 0.885551
0.889197 0.570225 0.292334
0.904696 0.408882 0.479138
0.576644 0.858286 0.311877
0.123288 0.341911 0.944441
0.551520 0.405524 0.169249
0.238816 0.416221 0.805887
0.470288 0.172654 0.451860
0.607968 0.973035 0.074942
0.060419 0.466289 0.744202
0.296407 0.654122 0.535911
0.971541 0.767535 0.462293
0.489734 0.734051 0.094884
0.195957 0.757436 0.508013
0.686571 0.530598 0.544864
0.068351 0.343691 0.850135
0.813479 0.687274 0.208640
0.038711 0.916271 0.273974
0.694418 0.824516 0.726224
0.721781 0.230808 0.344774
0.625228 0.615284 0.027757
0.427145 0.172655 0.401468
0.639883 0.580778 0.886722
0.641251 0.040486 0.592211
0.001262 0.206863 0.913684
0.864781 0.863775 0.745721
0.034111 0.843554 0.945071
0.433592 0.312422 0.606835
0.491231 0.138956 0.033681
0.185484 0.997806 0.082420
0.127325 0.927334 0.812235
0.466442 0.463517 0.928712
0.272986 0.483881 0.564438
0.217263 0.137310 0.234012
0.565012 0.438986 0.656248
0.934024 0.428919 0.454183
0.694566 0.693040 0.813249
0.650857 0.067150 0.798087
0.243936 0.387126 0.447526
0.134556 0.382868 0.372336
0.915527 0.314009 0.325143
0.922523 0.158379 0.478055
0.067793 0.202161 0.000472
0.412599 0.786586 0.047749
0.864252 0.368136 0.661968
0.976719 0.831346 0.252215
0.060597 0.735229 0.386913
0.080996 0.499189 0.381769
0.986037 0.980314 0.546427
0.789347 0.375064 0.569285
0.074188 0.370713 0.980023
0.534615 0.357179 0.754878
0.611014 0.755826 0.952452
0.524296 0.878395 0.974331
0.718044 0.433677 0.179670
0.749146 0.941197 0.188086
0.314318 0.623285 0.836675
0.190287 0.626015 0.102007
0.787317 0.463150 0.192529
0.999291 0.825511 0.647069
0.041154 0.519979 0.076040
0.190505 0.417271 0.231054
0.587010 0.654956 0.106015
0.759202 0.910375 0.355573
0.008224 0.349953 0.656420
0.178090 0.856806 0.343276
0.354355 0.880898 0.993616
0.099221 0.728426 0.421174
0.699200 0.518337 0.684383
0.998101 0.322459 0.556894
0.891353 0.573936 0.962582
0.022064 0.114338 0.369612
0.453109 0.587689 0.087500
0.042386 0.415221 0.754348
0.447492 0.910976 0.406020
0.293497 0.957264 0.347446
0.510051 0.294293 0.542640
0.683150 0.578823 0.427685
0.572778 0.931150 0.237938
0.628997 0.347073 0.936613
0.960096 0.105169 0.047513
0.171615 0.745262 0.076568
0.878818 0.010102 0.682036
0.240091 0.760763 0.628538
0.506861 0.086119 0.251982
0.465748 0.014726 0.977714
0.050662 0.274540 0.529218
0.536177 0.472662 0.990397
0.908276 0.121239 0.333172
0.109020 0.395740 0.327294
0.321258 0.831786 0.379594
0.698354 0.313429 0.666110
0.613405 0.107614 0.265588
0.009935 0.693477 0.122231
0.461609 0.363504 0.182720
0.996501 0.461603 0.495099
0.039237 0.210971 0.905015
0.023575 0.217217 0.621848
0.760357 0.580131 0.149771
0.975077 0.429161 0.826971
0.239591 0.602775 0.897430
0.701510 0.191707 0.114920
0.790127 0.402439 0.066232
0.954016 0.449917 0.816149
0.991074 0.084403 0.570745
0.360638 0.610542 0.953262
0.267929 0.288299 0.381545
0.750644 0.456524 0.752239
0.638823 0.740534 0.727394
0.674394 0.221902 0.377297
0.166603 0.575554 0.214632
0.233610 0.182037 0.087988
0.953734 0.878883 0.830633
0.626429 0.131767 0.310349
0.135832 0.282106 0.229862
0.606680 0.250458 0.085800
0.323679 0.902003 0.879326
0.626860 0.562915 0.198266
0.475943 0.581490 0.671848
0.691447 0.418050 0.099200
0.985426 0.792587 0.927646
0.178300 0.202271 0.982997
0.345797 0.291842 0.220769
0.056945 0.539345 0.991718
0.071849 0.085290 0.250810
0.618509 0.931603 0.836369
0.116806 0.122022 0.945838
0.307704 0.011832 0.588842
0.236378 0.633545 0.892337
0.063985 0.295337 0.361016
0.442906 0.282378 0.450422
0.644995 0.461413 0.540469
0.912010 0.658417 0.450176
0.971047 0.631632 0.623178
0.756565 0.516467 0.294745
0.923801 0.041801 0.714512
0.735397 0.691562 0.361455
0.032711 0.235043 0.692500
0.394589 0.187233 0.860446
0.202514 0.904230 0.168129
0.289659 0.363045 0.074445
0.328742 0.501136 0.876240
0.690628 0.906175 0.300854
0.785007 0.524313 0.307652
0.190313 0.937224 0.009794
0.377730 0.245639 0.853336
0.004112 0.510658 0.404078
0.321886 0.988297 0.234768
0.420448 0.276727 0.133742
0.509963 0.561375 0.300098
0.401903 0.993230 0.051728
0.386902 0.881648 0.436697
0.925992 0.339759 0.229886
0.031909 0.501182 0.420923
0.195906 0.659685 0.592133
0.054744 0.237844 0.873808
0.561243 0.349028 0.003276
0.882447 0.455645 0.028636
0.139036 0.251788 0.639406
0.474994 0.539117 0.601542
0.467819 0.978569 0.063753
0.337837 0.926483 0.321834
0.684254 0.226488 0.455330
0.783637 0.758504 0.147819
0.587705 0.577703 0.781838
0.621233 0.659478 0.407769
0.708911 0.336495 0.318633
0.578143 0.110357 0.576692
0.169923 0.573793 0.376612
0.289871 0.153038 0.975261
0.174686 0.963080 0.714460
0.226408 0.201736 0.610282
0.950160 0.521687 0.894995
0.139023 0.160767 0.172358
0.899698 0.881695 0.493175
0.421325 0.605234 0.670741
0.569910 0.623809 0.812050
0.089457 0.376339 0.973048
0.180577 0.917318 0.584506
0.388269 0.366496 0.642942
0.785418 0.044566 0.077074
0.732623 0.025583 0.857501
0.390073 0.443456 0.569241
0.937365 0.062803 0.871456
0.163545 0.732113 0.328649
0.674900 0.170441 0.588509
0.546373 0.773963 0.892765
0.563176 0.414255 0.629404
0.846025 0.694035 0.087575
0.564014 0.626277 0.500967
0.120588 0.042094 0.618139
0.578016 0.263571 0.277811
0.555338 0.649410 0.352769
0.952318 0.586370 0.045042
0.333224 0.469892 0.503992
0.636232 0.641048 0.143633
0.368352 0.830181 0.154573
0.269929 0.439811 0.302033
0.347254 0.589373 0.581023
0.241960 0.397655 0.173723
0.234681 0.185062 0.526513
0.607697 0.836170 0.915213
0.879995 0.386904 0.584164
0.624387 0.192195 0.976459
0.208973 0.907027 0.267414
0.459012 0.332900 0.206321
0.934286 0.776758 0.504782
0.320926 0.388593 0.918953
0.350558 0.121571 0.674389
0.931828 0.977506 0.614006
0.469483 0.097004 0.094975
0.059867 0.213544 0.729174
0.943658 0.248923 0.903167
0.840956 0.690209 0.240822
0.821347 0.136790 0.499360
0.380724 0.975344 0.676997
0.010505 0.399783 0.434096
0.219822 0.036741 0.886702
0.049986 0.354861 0.038744
0.817845 0.236007 0.353743
0.296331 0.628003 0.791679
0.985801 0.590436 0.736918
0.135961 0.637198 0.894666
0.139451 0.840136 0.988092
0.543671 0.218612 0.925984
0.522417 0.844429 0.214862
0.275200 0.243702 0.800639
0.453396 0.501356 0.826180
0.829258 0.295411 0.387802
0.107933 0.805814 0.248524
0.022165 0.430290 0.654943
0.758879 0.790482 0.161297
0.367184 0.252318 0.409322
0.125690 0.781611 0.332362
0.933926 0.080144 0.237581
0.068223 0.359088 0.838398
0.291902 0.126932 0.637784
0.500776 0.084143 0.697047
0.628732 0.519663 0.864055
0.002216 0.745825 0.603985
0.451005 0.854531 0.173760
0.946675 0.501199 0.886530
0.709740 0.125989 0.089268
0.030276 0.033284 0.559490
0.838824 0.692689 0.448905
0.244269 0.202028 0.322886
0.366715 0.925730 0.284214
0.388247 0.501831 0.054074
0.865897 0.794228 0.229413
0.075136 0.741527 0.687924
0.534176 0.567277 0.599919
0.387411 0.049495 0.385167
0.796891 0.286364 0.178060
0.602123 0.549921 0.573407
0.477411 0.193578 0.955565
0.743653 0.445413 0.697112
0.434460 0.935837 0.743862
0.167209 0.086808 0.749874
0.567992 0.755111 0.490451
0.136337 0.874645 0.348496
0.633915 0.362638 0.125029
0.600242 0.014293 0.661063
0.485976 0.765912 0.017254
0.961172 0.838697 0.768922
0.060364 0.155125 0.578147
0.611763 0.531001 0.047122
0.143458 0.136983 0.543031
0.722650 0.350542 0.980288
0.902480 0.781521 0.363992
0.719279 0.573088 0.093081
0.525630 0.630696 0.708168
0.414164 0.739938 0.019674
0.849629 0.126774 0.655639
0.294752 0.407416 0.255229
0.820420 0.178071 0.367123
0.198472 0.569124 0.838201
0.620252 0.461274 0.472265
0.527523 0.841324 0.291950
0.972007 0.468624 0.881651
0.428462 0.716622 0.353889
0.503567 0.376373 0.779784
0.050496 0.672101 0.083941
0.286453 0.951027 0.166385
0.700517 0.921615 0.633482
0.244020 0.441915 0.785157
0.913629 0.712508 0.519353
0.439719 0.109291 0.764569
0.992103 0.704939 0.010165
0.411863 0.232650 0.345030
0.849686 0.451083 0.153881
0.242184 0.850159 0.275370
0.584767 0.887562 0.437868
0.493809 0.407807 0.183699
0.485612 0.733096 0.536751
0.064101 0.256819 0.053990
0.068745 0.088005 0.269449
0.728065 0.369057 0.324672
0.764307 0.123542 0.514660
0.959964 0.162939 0.182448
0.276342 0.887386 0.663161
0.660384 0.416624 0.193257
0.059059 0.190742 0.812563
0.513350 0.078863 0.062223
0.500059 0.423864 0.557448
0.057140 0.033576 0.618249
0.366893 0.795416 0.984072
0.014277 0.080061 0.651143
0.138997 0.231369 0.050719
0.339207 0.889775 0.424452
0.906835 0.176670 0.384916
0.720006 0.122372 0.873677
0.737732 0.715369 0.002054
0.245894 0.049016 0.141729
0.076620 0.445193 0.648062
0.010720 0.995963 0.345560
0.484819 0.630683 0.049803
0.745367 0.780789 0.816035
0.013567 0.546183 0.960098
0.636234 0.385322 0.300677
0.197362 0.815104 0.090647
0.224685 0.736378 0.516228
0.099545 0.113909 0.638801
0.075051 0.795707 0.730437
0.051025 0.633214 0.007956
0.378884 0.076252 0.580208
0.872177 0.946792 0.295361
0.447705 0.389808 0.577493
0.631552 0.953160 0.710724
0.157102 0.897269 0.292344
0.034952 0.514258 0.020542
0.793497 0.422538 0.117934
0.288767 0.306673 0.059273
0.686195 0.534655 0.968161
0.641632 0.330176 0.352909
0.216715 0.976396 0.045954
0.898259 0.626604 0.709289
0.340583 0.353608 0.381886
0.198151 0.789354 0.093034
0.466972 0.145448 0.382328
0.279999 0.789844 0.152443
0.116771 0.353115 0.199597
0.103795 0.598853 0.863999
0.393134 0.827969 0.161605
0.693644 0.225788 0.684540
0.852700 0.908028 0.002504
0.894750 0.581961 0.730519
0.285078 0.701217 0.638492
0.172327 0.696760 0.618358
0.842980 0.743277 0.237833
0.981044 0.738179 0.478115
0.231481 0.456902 0.097597
0.907506 0.742861 0.573055
0.980795 0.431410 0.330806
0.929452 0.108547 0.624003
0.705574 0.692043 0.233813
0.544625 0.100671 0.876062
0.820345 0.781184 0.594517
0.140784 0.920361 0.459892
0.434036 0.505640 0.827154
0.764830 0.576338 0.720636
0.939384 0.488376 0.879301
0.610979 0.390546 0.542204
0.774226 0.665732 0.045298
0.175821 0.182529 0.402869
0.864486 0.158995 0.862465
0.639191 0.904618 0.279616
0.717005 0.458774 0.632194
0.313237 0.547879 0.017501
0.288165 0.489325 0.000640
0.121868 0.897229 0.006037
0.067026 0.768830 0.549957
0.642565 0.140940 0.743833
0.462889 0.440991 0.240374
0.287917 0.248897 0.431785
0.324853 0.546189 0.371870
0.577204 0.578026 0.563382
0.997954 0.210495 0.211804
0.216512 0.284646 0.665746
0.132343 0.917847 0.071457
0.915822 0.612477 0.833257
0.099423 0.918633 0.160080
0.618731 0.698800 0.499757
0.502180 0.842508 0.480564
0.899839 0.008683 0.474970
0.569802 0.984258 0.800847
0.608929 0.299501 0.257468
0.818690 0.018765 0.434086
0.513888 0.954360 0.533252
0.827976 0.800973 0.513481
0.025734 0.044494 0.148059
0.132091 0.325480 0.940886
0.888764 0.102621 0.631572
0.216436 0.187401 0.768136
0.671416 0.936335 0.230781
0.055119 0.767812 0.554594
0.825491 0.292847 0.610945
0.246384 0.452489 0.900575
0.914818 0.553640 0.901661
0.856704 0.688031 0.499303
0.650147 0.783531 0.645794
0.303961 0.482608 0.686837
0.550559 0.195009 0.639135
0.303247 0.085969 0.182781
0.540162 0.976660 0.934818
0.070193 0.463723 0.077145
0.079767 0.825305 0.984186
0.094597 0.011703 0.659675
0.608033 0.984380 0.330958
0.913979 0.683404 0.712172
0.180371 0.477267 0.423611
0.910235 0.759988 0.067257
0.510307 0.331265 0.213241
0.648784 0.041963 0.640012
0.608067 0.493462 0.005808
0.199550 0.558375 0.408111
0.199450 0.993294 0.215198
0.065689 0.524345 0.326759
0.517488 0.449701 0.099781
0.201252 0.461364 0.808835
0.399796 0.931818 0.688321
0.091291 0.454107 0.407228
0.774459 0.637563 0.181314
0.430558 0.018059 0.470177
0.939198 0.967986 0.117464
0.844775 0.842245 0.551325
0.749543 0.419768 0.873848
0.034967 0.466750 0.174406
0.690807 0.311038 0.204686
0.465777 0.386325 0.437149
0.125457 0.432015 0.589710
0.663226 0.666840 0.290455
0.052808 0.079326 0.392217
0.219889 0.555801 0.557699
0.985772 0.029892 0.802057
0.616507 0.066304 0.035522
0.376092 0.009581 0.036262
0.666175 0.487187 0.141348
0.412918 0.220627 0.207575
0.916102 0.707892 0.104476
0.261958 0.516185 0.401586
0.234997 0.668392 0.814363
0.497200 0.482049 0.980550
0.864843 0.027087 0.417085
0.555550 0.982732 0.799871
0.849804 0.200119 0.989658
0.277675 0.303791 0.608893
0.898487 0.440597 0.505202
0.342762 0.702598 0.378395
0.613168 0.508362 0.615352
0.228046 0.239447 0.819264
0.291934 0.249466 0.301826
0.374008 0.302679 0.298580
0.600343 0.823678 0.114127
0.309607 0.218088 0.527392
0.913395 0.112376 0.039488
0.687564 0.846960 0.744608
0.112073 0.211501 0.569047
0.855830 0.413533 0.846326
0.002893 0.611704 0.659700
0.842057 0.607179 0.286471
0.298432 0.291267 0.466359
0.047155 0.470687 0.055912
0.198773 0.832804 0.820047
0.309184 0.575339 0.059331
0.964069 0.637592 0.711583
0.248255 0.886708 0.111558
0.008169 0.313434 0.933077
0.340031 0.515831 0.608630
0.864497 0.987932 0.100224
0.728021 0.440453 0.708108
0.101596 0.687565 0.229153
0.567470 0.332688 0.232424
0.199168 0.038172 0.057546
0.049858 0.748012 0.268271
0.421674 0.831836 0.621756
0.452679 0.931458 0.264311
0.055313 0.884170 0.836470
0.737156 0.003278 0.205903
0.920524 0.343558 0.308718
0.590023 0.622261 0.766933
0.019527 0.334822 0.134906
0.137546 0.675391 0.117021
0.323955 0.164962 0.984358
0.949611 0.596766 0.328173
0.536908 0.378113 0.383681
0.359959 0.765859 0.894058
0.305684 0.983091 0.325654
0.037038 0.296678 0.165384
0.915473 0.099918 0.119423
0.758219 0.499761 0.071623
0.157029 0.141694 0.842466
0.810117 0.367124 0.606313
0.359068 0.282040 0.998204
0.253592 0.429710 0.181200
0.918477 0.195233 0.964025
0.467778 0.861222 0.977241
0.120021 0.371477 0.699887
0.130710 0.565329 0.366301
0.908989 0.278596 0.499732
0.853143 0.697669 0.106983
0.126128 0.430233 0.391925
0.318183 0.242176 0.305467
0.493841 0.814030 0.809996
0.066746 0.541467 0.720875
0.812511 0.060457 0.536927
0.576805 0.955109 0.187024
0.767032 0.626799 0.903361
0.803799 0.782107 0.823620
0.252790 0.277222 0.691778
0.431263 0.099169 0.779456
0.818718 0.535083 0.987694
0.077396 0.139681 0.896628
0.178906 0.949331 0.843805
0.121033 0.385128 0.727452
0.675734 0.904514 0.425483
0.917922 0.750669 0.471887
0.384502 0.653131 0.519166
0.992572 0.420958 0.223150
0.097304 0.791010 0.694874
0.443665 0.137267 0.516525
0.264624 0.137585 0.515874
0.492493 0.866547 0.662569
0.966010 0.497293 0.205003
0.450142 0.218312 0.017231
0.430635 0.877852 0.276093
0.392861 0.455628 0.208709
0.768714 0.750262 0.018544
0.747785 0.639865 0.371175
0.242662 0.734188 0.655383
0.789883 0.594831 0.954427
0.635969 0.485899 0.626273
0.549704 0.343045 0.703275
0.578242 0.236751 0.557563
0.513264 0.308416 0.688700
0.717641 0.985091 0.630478
0.293444 0.177836 0.830639
0.404367 0.107888 0.078797
0.246901 0.004667 0.739415
0.177856 0.416416 0.733576
0.987824 0.959950 0.375153
0.295594 0.901616 0.275802
0.634287 0.526443 0.935003
0.497330 0.066780 0.225885
0.942834 0.561638 0.933009
0.103408 0.310396 0.339693
0.900354 0.714573 0.564438
0.340643 0.683942 0.149471
0.414092 0.565251 0.225967
0.327335 0.868933 0.225384
0.631312 0.287685 0.941814
0.036562 0.528874 0.602736
0.644568 0.506195 0.756492
0.886904 0.268740 0.583267
0.150662 0.851614 0.436841
0.683203 0.733066 0.061052
0.783960 0.392351 0.667061
0.692205 0.275099 0.373533
0.345026 0.397992 0.937877
0.426056 0.666307 0.802469
0.358818 0.680397 0.730018
0.332453 0.564020 0.467668
0.841739 0.110837 0.214624
0.037820 0.979246 0.141471
0.194541 0.378006 0.510558
0.244569 0.749112 0.659542
0.315092 0.999137 0.627530
0.316743 0.685622 0.867791
0.527933 0.008554 0.469911
0.637428 0.241876 0.283525
0.489195 0.378565 0.209286
0.838944 0.928053 0.699025
0.330706 0.339313 0.422090
0.361152 0.839394 0.233220
0.417144 0.213637 0.374540
0.138990 0.287477 0.213621
0.008652 0.485827 0.439070
0.630642 0.287884 0.120108
0.921161 0.741526 0.124074
0.250715 0.377215 0.851452
0.024572 0.704581 0.567190
0.541631 0.068870 0.825889
0.575748 0.083624 0.441287
0.183962 0.952019 0.908892
0.315632 0.855817 0.071129
0.119675 0.784965 0.351553
0.659575 0.726487 0.226864
0.337919 0.632550 0.340850
0.730881 0.095050 0.140689
0.079814 0.967050 0.796975
0.816085 0.904207 0.516751
0.441957 0.365934 0.419592
0.268263 0.609136 0.364016
0.692194 0.418012 0.530335
0.175701 0.176214 0.717178
0.085265 0.058413 0.390279
0.021566 0.459284 0.791851
0.778836 0.271464 0.872218
0.201883 0.496356 0.875231
0.242728 0.155769 0.783343
0.274419 0.469329 0.253575
0.241402 0.272055 0.804848
0.169359 0.326690 0.735320
0.664617 0.329155 0.886642
0.566081 0.735012 0.298636
0.147628 0.284072 0.621073
0.185699 0.835080 0.775570
0.209158 0.795111 0.960552
0.268281 0.499326 0.630395
0.707768 0.940629 0.477659
0.727625 0.721483 0.297642
0.814422 0.622629 0.902289
0.869757 0.329327 0.228357
0.570608 0.015347 0.274332
0.547980 0.355871 0.678631
0.181798 0.654054 0.057818
0.706603 0.633991 0.172744
0.607557 0.546019 0.482915
0.918006 0.174630 0.135718
0.075991 0.184614 0.690975
0.519447 0.289635 0.517683
0.157614 0.093214 0.945817
0.710321 0.263609 0.080663
0.918460 0.167292 0.928401
0.673038 0.117082 0.416752
0.677805 0.170064 0.169045
0.707972 0.831156 0.226254
0.367099 0.010680 0.164841
0.128061 0.405469 0.759107
0.306157 0.932113 0.656967
0.791500 0.180073 0.933300
0.672006 0.345310 0.065606
0.406894 0.542231 0.525636
0.609121 0.308547 0.040582
0.069670 0.088178 0.394207
0.658711 0.381444 0.868214
0.211550 0.758267 0.723552
0.769205 0.745598 0.207459
0.067689 0.624542 0.334343
0.758150 0.308659 0.629906
0.661167 0.470432 0.537857
0.051950 0.367891 0.586177
0.544282 0.423827 0.374464
0.904182 0.899110 0.993952
0.974760 0.757393 0.293134
0.576905 0.946521 0.563362
0.150239 0.123873 0.084783
0.564006 0.740071 0.664716
0.801651 0.288098 0.162926
0.500796 0.349564 0.860324
0.788526 0.730554 0.815844
0.731595 0.391462 0.869377
0.216413 0.772005 0.147516
0.790762 0.397495 0.921307
0.510152 0.725751 0.322093
0.428125 0.099755 0.687836
0.548135 0.734307 0.117257
0.555952 0.620730 0.842904
0.382426 0.695809 0.686153
0.462865 0.731249 0.877998
0.661427 0.716443 0.894795
0.761613 0.996663 0.343960
0.820329 0.128554 0.137278
0.102756 0.929681 0.638842
0.558595 0.627627 0.624567
0.221517 0.806625 0.223881
0.780270 0.180585 0.723405
0.175696 0.625454 0.326538
0.584669 0.038188 0.598670
0.005495 0.326798 0.450625
0.307793 0.180001 0.044691
0.773924 0.597106 0.406059
0.749624 0.260542 0.627004
0.951279 0.665922 0.700866
0.756942 0.579597 0.784259
0.298608 0.124180 0.102051
0.073158 0.018804 0.933258
0.964665 0.031227 0.055584
0.407900 0.451866 0.016175
0.829025 0.458686 0.967162
0.299927 0.117148 0.676553
0.438377 0.147815 0.411864
0.866119 0.018617 0.452047
0.818807 0.637318 0.867786
0.250615 0.685831 0.636646
0.494368 0.239807 0.829011
0.624475 0.633940 0.852018
0.986780 0.176400 0.441383
0.018249 0.323276 0.527877
0.461483 0.297328 0.822812
0.036445 0.014944 0.694089
0.765067 0.259644 0.861673
0.421081 0.771611 0.868210
0.015064 0.896255 0.812783
0.201878 0.953190 0.407242
0.427250 0.290649 0.032455
0.467026 0.305374 0.792438
0.704616 0.706599 0.825245
0.238705 0.139055 0.954842
0.755161 0.284467 0.262815
0.472997 0.864174 0.032538
0.101917 0.882879 0.267693
0.880630 0.805921 0.924912
0.509665 0.234971 0.550205
0.223820 0.653296 0.955613
0.684217 0.351042 0.592280
0.304739 0.338965 0.676193
0.600422 0.904279 0.584230
0.493279 0.735865 0.427491
0.874478 0.232241 0.353275
0.973064 0.378562 0.250652
0.912119 0.195311 0.210791
0.798969 0.196222 0.385820
0.744975 0.323454 0.313002
0.827609 0.817967 0.014849
0.112465 0.135725 0.285207
0.052461 0.753674 0.698883
0.613661 0.943354 0.093040
0.559446 0.814180 0.980513
0.571362 0.073257 0.543993
0.771271 0.924267 0.568941
0.585092 0.144789 0.566248
0.550414 0.733084 0.483234
0.407122 0.290188 0.420983
0.115178 0.584059 0.169211
0.844901 0.191908 0.712641
0.982718 0.997195 0.703293
0.868660 0.167290 0.161302
0.179621 0.486170 0.502042
0.298610 0.121395 0.339087
0.400314 0.654552 0.480593
0.122255 0.343213 0.245068
0.899965 0.397768 0.830027
0.066631 0.497203 0.969277
0.358618 0.999033 0.276747
0.686906 0.981069 0.808602
0.887124 0.556396 0.452798
0.940933 0.713699 0.484948
0.155077 0.160132 0.728215
0.639672 0.983058 0.701334
0.796517 0.232307 0.200266
0.924013 0.128325 0.240691
0.482380 0.273707 0.048229
0.491877 0.031751 0.496683
0.390094 0.692121 0.495134
0.091550 0.489722 0.301066
0.838393 0.475845 0.503727
0.603340 0.429749 0.116763
0.192118 0.377356 0.828313
0.843399 0.467177 0.950758
0.387873 0.329066 0.881394
0.417471 0.534690 0.057221
0.829473 0.944185 0.349962
0.219619 0.117294 0.831834
0.998649 0.307457 0.457810
0.413170 0.105981 0.636379
0.625852 0.743497 0.201131
0.033298 0.992751 0.352876
0.062512 0.806994 0.000882
0.082271 0.383429 0.218769
0.142331 0.881337 0.189588
0.008547 0.226109 0.185435
0.928549 0.568257 0.599220
0.013961 0.299408 0.106603
0.098541 0.266740 0.928462
0.766647 0.413084 0.728517
0.817851 0.421745 0.710646
0.887581 0.896664 0.904131
0.420484 0.779973 0.735981
0.427367 0.238321 0.640142
0.218456 0.546007 0.469143
0.664554 0.306592 0.466956
0.461018 0.798592 0.775849
0.604037 0.949094 0.687767
0.691116 0.441110 0.219633
0.816664 0.241047 0.610414
0.914306 0.960620 0.217496
0.208461 0.074390 0.877071
0.177909 0.676768 0.854844
0.993919 0.116894 0.842545
0.259561 0.853440 0.111927
0.482869 0.152898 0.691236
0.485600 0.772655 0.880853
0.829630 0.627136 0.265564
0.337704 0.935129 0.153450
0.392359 0.794580 0.274079
0.122281 0.620984 0.920448
0.536709 0.189981 0.752483
0.944771 0.872897 0.125528
0.737150 0.922989 0.987128
0.358614 0.355554 0.717568
0.120082 0.116905 0.287509
0.788847 0.381568 0.102704
0.375748 0.062013 0.826814
0.029851 0.273612 0.004870
0.229525 0.452184 0.886295
0.858200 0.947048 0.325589
0.851008 0.411917 0.308106
0.761419 0.351937 0.338232
0.475431 0.557109 0.534492
0.345679 0.985573 0.928832
0.989537 0.805933 0.785017
0.887046 0.181185 0.610883
0.992976 0.844951 0.546779
0.715581 0.717005 0.329012
0.146675 0.493312 0.881286
0.311928 0.473071 0.112295
0.189785 0.746969 0.411096
0.122809 0.992838 0.928752
0.742750 0.722337 0.737725
0.011525 0.290277 0.323966
0.342698 0.272086 0.074311
0.972739 0.500837 0.123527
0.855979 0.470483 0.247656
0.983743 0.264766 0.108039
0.882596 0.923656 0.063533
0.242214 0.143752 0.456419
0.101398 0.980538 0.869295
0.087099 0.720106 0.992917
0.912289 0.303930 0.592878
0.064625 0.034447 0.043920
0.478547 0.749015 0.056724
0.381476 0.232086 0.137458
0.534655 0.949125 0.302666
0.464157 0.052782 0.930325
0.476126 0.084589 0.913114
0.070643 0.803201 0.162216
0.906157 0.016080 0.214727
0.681769 0.295878 0.590177
0.102257 0.689517 0.198323
0.495228 0.106143 0.305623
0.433105 0.923426 0.167522
0.560348 0.588709 0.105063
0.610196 0.725403 0.461645
0.893692 0.973198 0.245916
0.762658 0.747012 0.004815
0.992639 0.746745 0.506034
0.375443 0.785428 0.177238
0.993502 0.685886 0.943850
0.414617 0.963779 0.779125
0.858772 0.578755 0.860438
0.454731 0.203936 0.609888
0.057015 0.863320 0.145161
0.908305 0.719222 0.497484
0.774115 0.959281 0.325690
0.670450 0.170260 0.900611
0.817395 0.109481 0.931589
0.960966 0.258511 0.748350
0.656433 0.427493 0.042759
0.310274 0.516165 0.952798
0.321675 0.660664 0.535293
0.891142 0.023692 0.856826
0.650069 0.153694 0.519854
0.782413 0.356434 0.329148
0.690004 0.672020 0.992994
0.309561 0.832160 0.627993
0.570474 0.374018 0.157046
0.158034 0.789062 0.454712
0.330832 0.441480 0.921482
0.753275 0.318172 0.845119
0.266986 0.852156 0.937041
0.249043 0.374922 0.105630
0.756013 0.095942 0.584170
0.145187 0.632399 0.336601
0.482157 0.385121 0.800797
0.974789 0.938255 0.765935
0.547720 0.342627 0.110446
0.128720 0.530611 0.205527
0.293658 0.638197 0.544681
0.427140 0.893009 0.944088
0.819615 0.945846 0.465671
0.192627 0.145781 0.207139
0.877973 0.486727 0.817116
0.258802 0.285007 0.604562
0.166557 0.244821 0.133735
0.061449 0.853976 0.859164
0.909827 0.065023 0.212234
0.131399 0.657442 0.980593
0.605124 0.978082 0.062085
0.770274 0.791453 0.054466
0.664823 0.017462 0.028430
0.242161 0.404533 0.071011
0.956486 0.423704 0.386703
0.971681 0.312546 0.101324
0.819944 0.249808 0.873789
0.479661 0.723773 0.145736
0.373566 0.104194 0.571014
0.681403 0.800937 0.476652
0.140244 0.631777 0.228072
0.997876 0.108704 0.505898
0.760247 0.313700 0.316397
0.551846 0.875159 0.601893
0.748453 0.713086 0.295022
0.021202 0.581601 0.067825
0.929140 0.723758 0.612112
0.665348 0.065748 0.179326
0.002296 0.775428 0.763925
0.415311 0.987870 0.929852
0.149782 0.176411 0.603224
0.236410 0.301637 0.642025
0.769132 0.414747 0.231771
0.641790 0.322175 0.004357
0.058249 0.541342 0.266282
0.084013 0.238447 0.828210
0.140526 0.153637 0.669995
0.626885 0.154151 0.375218
0.440830 0.558181 0.454781
0.360779 0.789031 0.037824
0.334469 0.229784 0.083977
0.466373 0.875859 0.218385
0.543041 0.342002 0.005138
0.785764 0.632132 0.233957
0.903890 0.112251 0.964951
0.270515 0.281793 0.168473
0.402647 0.553489 0.331434
0.307131 0.668793 0.193259
0.175791 0.069955 0.122247
0.410019 0.753176 0.560799
0.706979 0.099177 0.927119
0.048837 0.639688 0.926812
0.127041 0.269831 0.369671
0.339096 0.087871 0.471344
0.794932 0.331228 0.093639
0.575979 0.465804 0.568310
0.145542 0.954006 0.050342
0.517440 0.582195 0.669658
0.391851 0.960736 0.626314
0.549428 0.148230 0.556021
0.848483 0.599915 0.693689
0.200385 0.239056 0.203727
0.341609 0.087808 0.478709
0.417473 0.423100 0.594031
0.483704 0.248393 0.601724
0.079576 0.177546 0.181055
0.185688 0.790877 0.968458
0.972715 0.667893 0.103463
0.017515 0.736592 0.482235
0.433630 0.410417 0.900650
0.806886 0.417313 0.612299
0.990813 0.506274 0.825783
0.210188 0.209648 0.942449
0.612647 0.013462 0.493747
0.666150 0.682254 0.788499
0.790133 0.973990 0.297903
0.575418 0.778215 0.370501
0.147408 0.181109 0.267516
0.256529 0.789406 0.401163
0.213045 0.976355 0.768026
0.774395 0.529702 0.734323
0.570956 0.495262 0.852684
0.504743 0.524423 0.392763
0.993714 0.180117 0.280235
0.064259 0.388004 0.690867
0.580404 0.479513 0.789057
0.844937 0.461540 0.748309
0.143421 0.280413 0.143635
0.996378 0.363445 0.808559
0.851337 0.315373 0.434147
0.648877 0.347586 0.091123
0.247304 0.625944 0.988300
0.542614 0.384123 0.751370
0.552812 0.269903 0.547720
0.751497 0.367066 0.672793
0.371794 0.314439 0.374708
0.072319 0.155396 0.185034
0.254782 0.998156 0.816317
0.160502 0.513373 0.980343
0.361994 0.588015 0.644108
0.151513 0.822660 0.296078
0.464923 0.908375 0.110408
0.971278 0.222434 0.042046
0.689501 0.617438 0.916721
0.383336 0.440409 0.413121
0.819833 0.780405 0.776891
0.564740 0.188532 0.439296
0.697478 0.027382 0.564289
0.416243 0.924900 0.233281
0.721610 0.032280 0.583906
0.675616 0.274520 0.478991
0.300762 0.542888 0.290842
0.494560 0.282993 0.944710
0.047691 0.372635 0.067204
0.232734 0.862237 0.814338
0.106608 0.637249 0.000657
0.391871 0.478742 0.252809
0.897866 0.980807 0.758855
0.572926 0.512180 0.036068
0.714727 0.676676 0.816386
0.963069 0.142481 0.724551
0.591939 0.021843 0.009134
0.343754 0.944843 0.732578
0.141065 0.812770 0.019967
0.018100 0.264021 0.397726
0.250028 0.108330 0.670460
0.783267 0.230701 0.647887
0.801750 0.876563 0.388765
0.634590 0.456944 0.528570
0.889636 0.941102 0.208317
0.393478 0.331425 0.139637
0.267200 0.384826 0.655763
0.089664 0.291020 0.432455
0.976127 0.668228 0.066730
0.959181 0.676151 0.648147
0.260602 0.080341 0.648677
0.445436 0.884447 0.870546
0.664080 0.181810 0.677357
0.766802 0.172153 0.701227
0.755864 0.627818 0.301664
0.676376 0.499191 0.015686
0.161456 0.535223 0.469100
0.323587 0.589597 0.027657
0.692266 0.028669 0.028606
0.956520 0.886149 0.272984
0.157385 0.285678 0.580648
0.897091 0.266141 0.056864
0.243223 0.786640 0.604172
0.813996 0.827588 0.943366
0.154109 0.437622 0.958040
0.163766 0.641398 0.547739
0.525957 0.930907 0.816361
0.939272 0.682691 0.854865
0.329580 0.853486 0.830989
0.895797 0.239241 0.481318
0.934867 0.238260 0.643595
0.201094 0.812809 0.491069
0.401045 0.136532 0.642124
0.610724 0.295246 0.435590
0.702958 0.107860 0.646257
0.955990 0.336094 0.531471
0.959196 0.168507 0.680444
0.720899 0.969781 0.534278
0.549335 0.726532 0.205659
0.638081 0.498179 0.637402
0.655788 0.742738 0.050058
0.032804 0.963879 0.939616
0.545361 0.609553 0.314133
0.835597 0.847248 0.436160
0.269793 0.159131 0.678009
0.318290 0.616570 0.437540
0.489453 0.456852 0.637081
0.306644 0.419937 0.535691
0.120792 0.719713 0.901212
0.313198 0.006862 0.145254
0.285570 0.465305 0.990083
0.591176 0.426145 0.997420
0.358016 0.231027 0.072550
0.076283 0.680018 0.360851
0.636299 0.032431 0.747685
0.457215 0.220025 0.787860
0.679344 0.059795 0.294462
0.500278 0.378161 0.017536
0.864609 0.275804 0.113300
0.687597 0.037378 0.930547
0.735908 0.224744 0.800474
0.829337 0.593438 0.839678
0.389491 0.594624 0.051321
0.609194 0.718962 0.765091
0.677997 0.529609 0.385623
0.734437 0.680731 0.390955
0.179436 0.586814 0.607278
0.820946 0.212152 0.914576
0.117430 0.613135 0.857147
0.994179 0.601981 0.398302
0.034326 0.209080 0.237462
0.509256 0.516964 0.693961
0.329961 0.742420 0.730663
0.111971 0.602006 0.071225
0.877113 0.058828 0.695778
0.018051 0.461538 0.063878
0.057599 0.041812 0.357741
0.070738 0.213184 0.916950
0.707548 0.670555 0.249390
0.841289 0.732617 0.432434
0.297904 0.219525 0.119287
0.414352 0.568237 0.304928
0.686543 0.081044 0.116097
0.500163 0.922364 0.381157
0.926935 0.095842 0.526939
0.773172 0.664217 0.039827
0.678998 0.313397 0.860465
0.976126 0.259655 0.151978
0.686220 0.343632 0.317447
0.650956 0.473202 0.984123
0.336181 0.498341 0.698403
0.684602 0.217836 0.403172
0.536246 0.023066 0.789324
0.975927 0.795114 0.686264
0.121214 0.134285 0.115992
0.590628 0.814071 0.072747
0.001234 0.191639 0.564587
0.897343 0.085074 0.827346
0.294327 0.847068 0.278038
0.231234 0.708025 0.793417
0.665591 0.414016 0.109745
0.002199 0.054744 0.608621
0.331821 0.377082 0.068797
0.749615 0.644481 0.348510
0.525012 0.284979 0.175233
0.912428 0.467608 0.313563
0.725634 0.378719 0.464745
0.027618 0.148010 0.577053
0.801324 0.965722 0.768605
0.829340 0.983862 0.392599
0.142755 0.529066 0.238169
0.336781 0.672862 0.575727
0.922110 0.376152 0.166849
0.576672 0.647658 0.885299
0.694196 0.025483 0.930330
0.020521 0.253488 0.950055
0.048951 0.956788 0.345582
0.323018 0.813871 0.445020
0.264185 0.797699 0.914982
0.381776 0.414961 0.466300
0.496538 0.693266 0.925755
0.782803 0.526084 0.913289
0.550094 0.988324 0.772254
0.987756 0.112369 0.872646
0.834978 0.511109 0.391175
0.324020 0.847914 0.294156
0.363993 0.508466 0.969141
0.791572 0.635949 0.255620
0.087905 0.903079 0.069328
0.518941 0.369200 0.544471
0.760738 0.615745 0.091720
0.485108 0.238301 0.416826
0.882863 0.094371 0.081685
0.648448 0.580912 0.708216
0.806783 0.045639 0.798945
0.562609 0.167529 0.508539
0.717379 0.383789 0.740083
0.416225 0.721839 0.548902
0.688625 0.389312 0.824985
0.218389 0.174010 0.662663
0.247066 0.595984 0.964991
0.415244 0.948450 0.711047
0.097678 0.146330 0.308809
0.201346 0.804071 0.369186
0.593809 0.183094 0.947431
0.065278 0.458510 0.324246
0.535716 0.223854 0.973851
0.904604 0.141815 0.217624
0.434593 0.701748 0.113209
0.244761 0.538869 0.881846
0.158880 0.239508 0.422541
0.209301 0.014750 0.386822
0.737102 0.562672 0.969593
0.856290 0.814450 0.864050
0.459411 0.758221 0.545711
0.280759 0.494942 0.262330
0.377084 0.649725 0.138308
0.125594 0.157286 0.386382
0.355104 0.091357 0.527287
0.136389 0.703007 0.427606
0.398301 0.157990 0.775374
0.419992 0.588801 0.629894
0.759749 0.749141 0.275043
0.000978 0.171958 0.393560
0.038957 0.400837 0.863074
0.502879 0.892843 0.058197
0.631442 0.284413 0.141249
0.483332 0.857359 0.552761
0.488484 0.274255 0.921528
0.151758 0.781403 0.793484
0.561189 0.363197 0.204750
0.046970 0.022816 0.134841
0.460918 0.367685 0.423323
0.864861 0.532527 0.001324
0.985596 0.040039 0.951247
0.885936 0.647384 0.032357
0.244146 0.482830 0.102117
0.238083 0.504258 0.636949
0.460293 0.433646 0.912873
0.335604 0.089317 0.578831
0.150236 0.860839 0.970153
0.635485 0.775870 0.761395
0.712661 0.086221 0.364346
0.062928 0.099731 0.743961
0.253507 0.851252 0.187902
0.842481 0.124813 0.091678
0.950940 0.914532 0.152299
0.308718 0.416861 0.924445
0.591907 0.475767 0.168788
0.490244 0.399711 0.336744
0.651094 0.346848 0.428550
0.402753 0.678638 0.653991
0.958216 0.957832 0.132128
0.683044 0.241283 0.683765
0.690703 0.576216 0.661213
0.174993 0.020877 0.540613
0.161243 0.025356 0.504434
0.327265 0.970748 0.394108
0.326554 0.363851 0.859205
0.561361 0.506690 0.346336
0.366205 0.992982 0.254036
0.332287 0.005437 0.039395
0.591675 0.682251 0.438779
0.889655 0.042845 0.182985
0.792895 0.425902 0.164237
0.437069 0.489128 0.876554
0.082410 0.911114 0.345349
0.621057 0.270673 0.348944
0.586334 0.427727 0.061744
0.992805 0.577820 0.908062
0.080602 0.653500 0.915090
0.934860 0.146009 0.393444
0.318649 0.109980 0.592626
0.086777 0.511085 0.736400
0.012408 0.043277 0.400612
0.169632 0.309558 0.640225
0.984055 0.162842 0.592767
0.341202 0.956428 0.663713
0.644196 0.455545 0.074770
0.237362 0.869228 0.025736
0.679875 0.738495 0.479625
0.978470 0.113893 0.141754
0.021774 0.064730 0.693496
0.833984 0.592102 0.077459
0.086019 0.660168 0.703423
0.690509 0.689257 0.883016
0.471666 0.805531 0.669112
0.351748 0.055772 0.623570
0.740464 0.238671 0.279575
0.684333 0.211017 0.090312
0.011500 0.783611 0.729401
0.934452 0.926252 0.238449
0.544267 0.025867 0.498327
0.172471 0.667294 0.222956
0.858844 0.093197 0.543219
0.993374 0.710582 0.907963
0.247305 0.079412 0.228680
0.702708 0.243793 0.434848
0.638173 0.416626 0.634836
0.711392 0.544190 0.910559
0.069692 0.789184 0.428334
0.361626 0.175305 0.400409
0.784891 0.572135 0.340992
0.741207 0.887955 0.754118
0.197516 0.305219 0.154663
0.857317 0.732501 0.208075
0.388442 0.627125 0.161300
0.437586 0.556043 0.199103
0.709635 0.966142 0.523394
0.099571 0.403707 0.468097
0.410903 0.347408 0.689860
0.858794 0.587181 0.333476
0.267926 0.290776 0.371618
0.337135 0.559705 0.305627
0.924951 0.882160 0.205492
0.549251 0.134631 0.170070
0.252407 0.638910 0.683602
0.887527 0.596406 0.057167
0.562338 0.007417 0.548513
0.939354 0.540692 0.727424
0.629813 0.709709 0.596647
0.426635 0.844341 0.307690
0.232145 0.115102 0.040611
0.071727 0.753659 0.617862
0.600580 0.863285 0.782271
0.949133 0.772986 0.420762
0.106643 0.438328 0.378542
0.972336 0.421227 0.278528
0.669650 0.167521 0.008911
0.493434 0.397238 0.137302
0.362845 0.046792 0.018403
0.318344 0.220817 0.561213
0.548943 0.776461 0.746988
0.369408 0.483360 0.608374
0.454656 0.341339 0.204902
0.090617 0.274336 0.008445
0.265439 0.280878 0.124161
0.544141 0.526945 0.532589
0.593310 0.065773 0.785692
0.614371 0.978208 0.287592
0.322519 0.368870 0.022637
0.728163 0.396818 0.556060
0.941962 0.741500 0.478819
0.463566 0.330089 0.335157
0.958680 0.445847 0.898928
0.653341 0.371334 0.003822
0.848627 0.233884 0.390464
0.459660 0.522946 0.678001
0.741933 0.799707 0.208450
0.532294 0.487430 0.176974
0.996785 0.838257 0.836470
0.333557 0.593374 0.628104
0.903781 0.436576 0.224067
0.276951 0.253320 0.393014
0.954575 0.114556 0.324351
0.786114 0.189381 0.207969
0.636832 0.256028 0.360914
0.254560 0.278064 0.499122
0.451767 0.230547 0.890425
0.059014 0.601492 0.502849
0.593463 0.324906 0.902322
0.504619 0.128067 0.431571
0.458414 0.789647 0.686246
0.000843 0.580990 0.964490
0.661565 0.207886 0.897694
0.580011 0.969103 0.877184
0.864996 0.963503 0.529163
0.800988 0.042002 0.652320
0.896014 0.869344 0.383930
0.436447 0.792651 0.184749
0.981726 0.220163 0.181068
0.677740 0.329261 0.079149
0.554123 0.013277 0.780158
0.471469 0.216212 0.871817
0.360248 0.953558 0.609550
0.761501 0.375332 0.255836
0.374927 0.938297 0.968598
0.676388 0.709639 0.007050
0.813998 0.882261 0.249587
0.291772 0.462646 0.857308
0.345611 0.101622 0.321285
0.229159 0.906866 0.916589
0.045228 0.492352 0.075913
0.397884 0.970544 0.184089
0.366262 0.990946 0.698346
0.570034 0.900834 0.249584
0.225845 0.214446 0.363215
0.266047 0.195109 0.161590
0.033854 0.100361 0.571879
0.541008 0.971419 0.526678
0.057665 0.276583 0.170698
0.666233 0.168685 0.699890
0.237452 0.843368 0.780845
0.530486 0.628831 0.532608
0.843924 0.063309 0.464336
0.668184 0.550708 0.137485
0.280220 0.701929 0.794363
0.776937 0.915823 0.230192
0.230661 0.868463 0.130727
0.520318 0.496651 0.066204
0.384082 0.668125 0.163294
0.327973 0.538021 0.625044
0.370976 0.111311 0.635106
0.020160 0.103344 0.079142
0.356595 0.836140 0.377624
0.135337 0.249328 0.910232
0.877192 0.426863 0.845243
0.524242 0.278002 0.163182
0.823381 0.178508 0.648282
0.568482 0.161752 0.773185
0.227202 0.226051 0.250247
0.133617 0.499254 0.393678
0.399582 0.381725 0.273424
0.239463 0.121260 0.838246
0.087563 0.637241 0.363642
0.288801 0.767909 0.836989
0.404130 0.888934 0.384387
0.016506 0.828801 0.204997
0.921003 0.273062 0.846186
0.071142 0.874586 0.114267
0.193255 0.962209 0.444111
0.168653 0.807778 0.004550
0.930374 0.660945 0.757608
0.900844 0.949639 0.332206
0.467208 0.313896 0.516169
0.264195 0.427269 0.602571
0.916615 0.689939 0.599373
0.548869 0.061435 0.554126
0.146245 0.396337 0.178880
0.266003 0.400336 0.615242
0.516699 0.002573 0.869510
0.055138 0.984486 0.614347
0.162532 0.961947 0.616817
0.673390 0.579148 0.617309
0.637064 0.977648 0.408604
0.629574 0.041431 0.594281
0.065290 0.767403 0.690041
0.946456 0.680847 0.176203
0.971378 0.751067 0.373103
0.162610 0.538945 0.057401
0.638184 0.461044 0.561775
0.177068 0.747958 0.757795
0.498515 0.450619 0.010858
0.658473 0.725602 0.654715
0.621730 0.342134 0.124708
0.659227 0.328203 0.251692
0.344313 0.614413 0.478855
0.569621 0.822344 0.524018
0.859775 0.362913 0.397378
0.422878 0.681078 0.683880
0.309149 0.336979 0.522836
0.770580 0.230324 0.549111
0.848154 0.300960 0.488593
0.329967 0.301425 0.293691
0.899427 0.127900 0.614212
0.374303 0.987738 0.553481
0.260762 0.491477 0.842048
0.928458 0.765861 0.689543
0.211371 0.797557 0.139862
0.844826 0.395283 0.780056
0.560936 0.236226 0.143818
0.184510 0.985565 0.559247
0.705062 0.288712 0.277565
0.458520 0.504171 0.848230
0.269643 0.510148 0.590215
0.519125 0.476318 0.458112
0.149853 0.993742 0.675982
0.921994 0.970625 0.720481
0.593069 0.507153 0.436774
0.290424 0.211322 0.863269
0.779632 0.094096 0.875076
0.258750 0.485957 0.807126
0.698609 0.370361 0.875380
0.481654 0.437372 0.904988
0.921269 0.785240 0.128134
0.417994 0.149281 0.115251
0.986081 0.183095 0.470368
0.485402 0.429174 0.452307
0.416255 0.821250 0.162306
0.035551 0.235183 0.016449
0.861487 0.424197 0.006452
0.899468 0.216170 0.937996
0.963694 0.244513 0.360223
0.261660 0.149069 0.771886
0.493241 0.614282 0.468818
0.131907 0.291861 0.570844
0.725202 0.805505 0.655909
0.585119 0.567865 0.045920
0.396636 0.546958 0.428781
0.194264 0.569170 0.616180
0.564244 0.796079 0.102238
0.159436 0.989844 0.976825
0.390169 0.725795 0.990299
0.638610 0.360266 0.584730
0.716756 0.497421 0.500121
0.347094 0.020803 0.242718
0.221019 0.293516 0.634329
0.760713 0.134474 0.483432
0.604710 0.235941 0.284341
0.064169 0.355953 0.446290
0.820820 0.696778 0.407580
0.580201 0.068215 0.168025
0.679675 0.445431 0.472567
0.813356 0.799385 0.765390
0.197105 0.338072 0.472905
0.205585 0.244126 0.639613
0.765861 0.058452 0.296218
0.709773 0.650789 0.696067
0.657622 0.153109 0.401335
0.383008 0.206126 0.477151
0.014128 0.369908 0.566637
0.891903 0.436068 0.343266
0.392511 0.480133 0.559554
0.705936 0.896020 0.052615
0.462174 0.931756 0.900006
0.791845 0.541685 0.750818
0.222346 0.379936 0.228372
0.454047 0.853306 0.679699
0.079002 0.668826 0.745035
0.538200 0.973444 0.214030
0.274356 0.636894 0.369251
0.268574 0.341453 0.530011
0.951051 0.592407 0.634847
0.292121 0.900841 0.773383
0.966722 0.814036 0.764451
0.520305 0.842721 0.913012
0.536801 0.146206 0.051005
0.799164 0.233208 0.787693
0.350098 0.411189 0.149054
0.408512 0.077927 0.950127
0.311492 0.324802 0.691496
0.839967 0.009415 0.792516
0.221329 0.357707 0.932025
0.766864 0.117317 0.329927
0.477904 0.318830 0.895236
0.739960 0.064086 0.195710
0.138752 0.370239 0.647076
0.840734 0.602188 0.624680
0.937320 0.191201 0.392390
0.431877 0.031260 0.674344
0.310455 0.959026 0.307930
0.250114 0.027822 0.796177
0.263172 0.643224 0.834337
0.691399 0.142824 0.436289
0.747625 0.588794 0.216035
0.314686 0.794397 0.043121
0.633696 0.623355 0.546265
0.578603 0.263882 0.466593
0.149528 0.806306 0.436547
0.194762 0.121586 0.197361
0.053501 0.158699 0.426403
0.330865 0.571535 0.461255
0.535293 0.627433 0.051076
0.757215 0.987412 0.792258
0.167958 0.248734 0.776381
0.199135 0.678872 0.925537
0.091918 0.382684 0.185627
0.394269 0.122923 0.547767
0.438674 0.727645 0.823348
0.307482 0.589178 0.763631
0.497408 0.718642 0.325075
0.670148 0.410756 0.163422
0.909519 0.533192 0.630121
0.026519 0.287050 0.502077
0.055278 0.940487 0.004571
0.438213 0.572972 0.442127
0.750840 0.890369 0.722033
0.424563 0.904679 0.542792
0.382931 0.287116 0.999487
0.969759 0.337117 0.538559
0.589618 0.417949 0.606771
0.858197 0.493452 0.064769
0.623775 0.160605 0.414306
0.335638 0.910674 0.272447
0.698176 0.428255 0.191764
0.392767 0.460220 0.235146
0.796628 0.577217 0.106898
0.636873 0.371490 0.663761
0.509382 0.284490 0.290602
0.708006 0.569571 0.638529
0.308691 0.887105 0.228571
0.991147 0.742708 0.957005
0.424983 0.571356 0.271170
0.111639 0.041676 0.340728
0.958334 0.652309 0.015784
0.698116 0.037470 0.184111
0.263449 0.686015 0.894269
0.323269 0.296826 0.188185
0.350377 0.948440 0.727835
0.890715 0.315347 0.348533
0.746091 0.213537 0.371107
0.513417 0.614090 0.375375
0.561133 0.459265 0.869712
0.073172 0.504743 0.287082
0.323464 0.480430 0.096150
0.718900 0.340921 0.723280
0.678275 0.418666 0.578061
0.812147 0.475940 0.775054
0.154036 0.042532 0.912507
0.383754 0.915975 0.036040
0.227921 0.753082 0.325137
0.527164 0.781541 0.986628
0.249390 0.671062 0.314636
0.671898 0.337961 0.158508
0.886728 0.576339 0.713370
0.715049 0.594103 0.048028
0.720915 0.009739 0.442573
0.764802 0.738431 0.173532
0.793828 0.605137 0.280349
0.359380 0.723769 0.189017
0.879257 0.617949 0.995160
0.294748 0.906302 0.205800
0.134611 0.367478 0.411253
0.954261 0.682365 0.898152
0.136253 0.036373 0.871168
0.865019 0.907681 0.849480
0.128144 0.035817 0.919168
0.753307 0.697650 0.623976
0.400791 0.017692 0.395224
0.836001 0.081915 0.167073
0.360891 0.903068 0.452939
0.307614 0.548098 0.272416
0.350575 0.535223 0.875573
0.281153 0.585538 0.987025
0.737228 0.657906 0.677217
0.852973 0.321976 0.785266
0.551258 0.144858 0.655245
0.727520 0.818740 0.302133
0.468294 0.015939 0.016630
0.165970 0.999846 0.396581
0.246336 0.713397 0.056983
0.615609 0.143558 0.643316
0.748978 0.479562 0.021446
0.120130 0.020051 0.793822
0.689521 0.387489 0.502991
0.970001 0.262917 0.588768
0.035764 0.181277 0.384381
0.376342 0.289469 0.686015
0.051515 0.395506 0.958388
0.514886 0.403850 0.332822
0.056614 0.258824 0.622593
0.182294 0.373466 0.847802
0.992795 0.327298 0.553785
0.953595 0.486054 0.911497
0.438296 0.723444 0.532692
0.685688 0.670557 0.317749
0.067391 0.146962 0.730303
0.911932 0.751957 0.565057
0.781556 0.763583 0.844511
0.905256 0.371655 0.850697
0.770875 0.506262 0.643499
0.301120 0.775604 0.563797
0.084933 0.724195 0.987098
0.308052 0.184237 0.468046
0.574748 0.064935 0.811430
0.217696 0.600930 0.994847
0.293887 0.537966 0.723668
0.937962 0.529424 0.186678
0.147963 0.805184 0.398627
0.562489 0.729559 0.055156
0.146818 0.911900 0.510946
0.877306 0.543929 0.958194
0.618266 0.711416 0.733199
0.443538 0.565583 0.230822
0.605372 0.592302 0.284923
0.421095 0.738527 0.909758
0.716080 0.130856 0.622427
0.317940 0.714551 0.496809
0.138306 0.542762 0.341783
0.185611 0.576038 0.835657
0.303097 0.225324 0.115421
0.224725 0.920750 0.317641
0.444571 0.687947 0.174736
0.830540 0.614859 0.707323
0.991868 0.434440 0.958891
0.946481 0.972438 0.425663
0.332230 0.573719 0.099057
0.440284 0.031971 0.189342
0.717765 0.000550 0.897589
0.156888 0.373943 0.818621
0.023807 0.182865 0.819662
0.177498 0.872781 0.412745
0.932727 0.922205 0.859844
0.931222 0.697692 0.908320
0.381288 0.884180 0.964732
0.834347 0.732842 0.297876
0.204524 0.369878 0.700499
0.902399 0.075953 0.348764
0.219563 0.613740 0.010516
0.287955 0.345760 0.159224
0.877744 0.240723 0.370315
0.756452 0.295613 0.359206
0.776578 0.909045 0.889517
0.075226 0.692674 0.448321
0.464019 0.932438 0.219642
0.836396 0.156290 0.430562
0.207173 0.599280 0.935183
0.766618 0.376618 0.668184
0.423828 0.835845 0.529468
0.360297 0.532007 0.860433
0.805416 0.979394 0.963379
0.970077 0.318976 0.125164
0.403591 0.891057 0.593340
0.783130 0.302093 0.711405
0.812975 0.266206 0.221742
0.693715 0.646910 0.932450
0.062419 0.977235 0.474798
0.451376 0.099316 0.331553
0.867392 0.566022 0.612456
0.453286 0.126627 0.168207
0.319021 0.676286 0.600556
0.843964 0.911105 0.497754
0.966923 0.490005 0.398715
0.485178 0.362513 0.329922
0.963902 0.250444 0.590920
0.493870 0.802837 0.651837
0.385510 0.339521 0.415924
0.000719 0.857548 0.323456
0.678626 0.378971 0.050915
0.230064 0.365498 0.051644
0.462089 0.279080 0.612564
0.417977 0.718032 0.959850
0.781767 0.515673 0.890983
0.317444 0.276725 0.029049
0.885917 0.804592 0.197097
0.649463 0.806749 0.615404
0.813084 0.808963 0.665034
0.446416 0.765011 0.686441
0.710975 0.670852 0.204615
0.913500 0.686386 0.253811
0.278646 0.202560 0.733823
0.404006 0.914468 0.634205
0.865380 0.227881 0.146031
0.872174 0.065258 0.453442
0.115305 0.135005 0.436626
0.253232 0.735352 0.888181
0.656770 0.750144 0.364483
0.821948 0.792136 0.971561
0.625561 0.227152 0.647436
0.115642 0.514977 0.574002
0.992461 0.750626 0.827452
0.745279 0.920296 0.946301
0.835018 0.753143 0.289634
0.729397 0.926921 0.145954
0.034886 0.137218 0.456937
0.732883 0.773325 0.141842
0.989740 0.974145 0.611821
0.080463 0.640689 0.630506
0.223285 0.094774 0.718425
0.568202 0.492535 0.583323
0.209739 0.068561 0.910768
0.316288 0.363146 0.605308
0.091312 0.029839 0.968156
0.312137 0.399317 0.046946
0.957548 0.417993 0.220573
0.532940 0.075057 0.012733
0.702546 0.595480 0.356226
0.025421 0.359138 0.782213
0.684500 0.912002 0.959256
0.010671 0.550022 0.209999
0.441883 0.146343 0.301641
0.345805 0.764613 0.441823
0.319751 0.622913 0.706316
0.562582 0.772372 0.729296
0.357014 0.250908 0.809083
0.812478 0.652931 0.899223
0.471431 0.770261 0.199264
0.601045 0.645436 0.999696
0.181965 0.599607 0.049420
0.197266 0.759258 0.801272
0.745904 0.969977 0.172047
0.733095 0.195294 0.289324
0.964279 0.858438 0.274858
0.285174 0.119019 0.904964
0.521079 0.727265 0.505108
0.798768 0.634970 0.122788
0.291861 0.768053 0.955139
0.886636 0.727457 0.510453
0.588708 0.104062 0.217327
0.305779 0.741583 0.031213
0.520010 0.120689 0.226602
0.806441 0.450746 0.779431
0.035882 0.849645 0.031598
0.781509 0.136005 0.659873
0.539966 0.547555 0.138299
0.350227 0.501570 0.187535
0.885760 0.390591 0.740821
0.744395 0.499326 0.769265
0.754817 0.057993 0.857818
0.179695 0.709662 0.019721
0.933303 0.335249 0.581385
0.677317 0.314181 0.271170
0.787620 0.921907 0.842786
0.864045 0.973005 0.091845
0.111127 0.587347 0.835194
0.894796 0.752582 0.664481
0.819625 0.969740 0.850086
0.652716 0.974414 0.981931
0.492828 0.107390 0.188804
0.848029 0.669286 0.242352
0.457784 0.971558 0.076529
0.597272 0.154993 0.288330
0.505588 0.203192 0.322984
0.598110 0.502202 0.883052
0.680673 0.003611 0.979190
0.933194 0.000249 0.772162
0.794211 0.654195 0.872774
0.971145 0.241197 0.685614
0.444077 0.320468 0.907046
0.182859 0.780183 0.152731
0.928868 0.113300 0.100309
0.009344 0.266505 0.385684
0.393817 0.381343 0.353347
0.041324 0.680804 0.288527
0.468979 0.358043 0.439538
0.879765 0.202818 0.372179
0.968052 0.631808 0.201917
0.232728 0.274001 0.793128
0.973808 0.734024 0.503058
0.799846 0.573694 0.784305
0.626978 0.390096 0.599346
0.594613 0.876945 0.550300
0.280279 0.847127 0.065004
0.348060 0.547367 0.653739
0.666661 0.776178 0.157785
